record_id,log_date,equipment_id,technician_id,customer_id,erp_order_id,maintenance_type,maintenance_status,log_description,summarized_log,failure_rate,maintenance_cost,downtime_hours,summarization_time_saved
MTN-00001,2026-02-21,EQ-0001,TECH-001,ECUST-0001,ERP-00001,Preventive Maintenance,Cancelled,Technician note for EQ-0001 on 2026-02-21.,AI summary: Preventive Maintenance on EQ-0001.,0.9588,3900.39,131,7
MTN-00002,2025-07-25,EQ-0002,TECH-002,ECUST-0002,ERP-00002,Predictive Maintenance,In Progress,Technician note for EQ-0002 on 2025-07-25.,AI summary: Predictive Maintenance on EQ-0002.,0.085,983.45,149,8
MTN-00003,2026-01-15,EQ-0003,TECH-003,ECUST-0003,ERP-00003,Corrective Maintenance,Scheduled,Technician note for EQ-0003 on 2026-01-15.,AI summary: Corrective Maintenance on EQ-0003.,0.3001,12405.84,52,2
MTN-00004,2025-01-09,EQ-0004,TECH-004,ECUST-0004,ERP-00004,Condition-Based Maintenance,Scheduled,Technician note for EQ-0004 on 2025-01-09.,AI summary: Condition-Based Maintenance on EQ-0004.,0.5118,3439.98,59,5
MTN-00005,2024-07-13,EQ-0005,TECH-005,ECUST-0005,ERP-00005,Reliability-Centered Maintenance,Cancelled,Technician note for EQ-0005 on 2024-07-13.,AI summary: Reliability-Centered Maintenance on EQ-0005.,0.9146,5832.03,184,4
MTN-00006,2026-06-04,EQ-0006,TECH-006,ECUST-0006,ERP-00006,Preventive Maintenance,Completed,Technician note for EQ-0006 on 2026-06-04.,AI summary: Preventive Maintenance on EQ-0006.,0.7209,4573.58,145,8
MTN-00007,2025-07-20,EQ-0007,TECH-007,ECUST-0007,ERP-00007,Predictive Maintenance,Completed,Technician note for EQ-0007 on 2025-07-20.,AI summary: Predictive Maintenance on EQ-0007.,0.2366,11803.04,188,2
MTN-00008,2025-09-07,EQ-0008,TECH-008,ECUST-0008,ERP-00008,Corrective Maintenance,Delayed,Technician note for EQ-0008 on 2025-09-07.,AI summary: Corrective Maintenance on EQ-0008.,0.0057,9913.2,10,1
MTN-00009,2026-05-06,EQ-0009,TECH-009,ECUST-0009,ERP-00009,Condition-Based Maintenance,Cancelled,Technician note for EQ-0009 on 2026-05-06.,AI summary: Condition-Based Maintenance on EQ-0009.,0.6759,4994.85,162,7
MTN-00010,2025-10-14,EQ-0010,TECH-010,ECUST-0010,ERP-00010,Reliability-Centered Maintenance,Completed,Technician note for EQ-0010 on 2025-10-14.,AI summary: Reliability-Centered Maintenance on EQ-0010.,0.3083,13523.72,177,1
MTN-00011,2024-07-29,EQ-0011,TECH-011,ECUST-0011,ERP-00011,Preventive Maintenance,In Progress,Technician note for EQ-0011 on 2024-07-29.,AI summary: Preventive Maintenance on EQ-0011.,0.3191,12034.25,189,1
MTN-00012,2026-01-04,EQ-0012,TECH-012,ECUST-0012,ERP-00012,Predictive Maintenance,In Progress,Technician note for EQ-0012 on 2026-01-04.,AI summary: Predictive Maintenance on EQ-0012.,0.49,4620.07,143,6
MTN-00013,2026-03-06,EQ-0013,TECH-013,ECUST-0013,ERP-00013,Corrective Maintenance,Cancelled,Technician note for EQ-0013 on 2026-03-06.,AI summary: Corrective Maintenance on EQ-0013.,0.4851,1731.29,50,8
MTN-00014,2024-07-26,EQ-0014,TECH-014,ECUST-0014,ERP-00014,Condition-Based Maintenance,In Progress,Technician note for EQ-0014 on 2024-07-26.,AI summary: Condition-Based Maintenance on EQ-0014.,0.6574,5382.48,176,7
MTN-00015,2025-11-08,EQ-0015,TECH-015,ECUST-0015,ERP-00015,Reliability-Centered Maintenance,Scheduled,Technician note for EQ-0015 on 2025-11-08.,AI summary: Reliability-Centered Maintenance on EQ-0015.,0.2663,4893.77,27,8
MTN-00016,2025-02-27,EQ-0016,TECH-016,ECUST-0016,ERP-00016,Preventive Maintenance,Scheduled,Technician note for EQ-0016 on 2025-02-27.,AI summary: Preventive Maintenance on EQ-0016.,0.6603,8980.08,135,5
MTN-00017,2024-12-02,EQ-0017,TECH-017,ECUST-0017,ERP-00017,Predictive Maintenance,Cancelled,Technician note for EQ-0017 on 2024-12-02.,AI summary: Predictive Maintenance on EQ-0017.,0.3571,13968.2,4,5
MTN-00018,2025-06-26,EQ-0018,TECH-018,ECUST-0018,ERP-00018,Corrective Maintenance,Delayed,Technician note for EQ-0018 on 2025-06-26.,AI summary: Corrective Maintenance on EQ-0018.,0.9726,3724.53,80,6
MTN-00019,2024-07-07,EQ-0019,TECH-019,ECUST-0019,ERP-00019,Condition-Based Maintenance,In Progress,Technician note for EQ-0019 on 2024-07-07.,AI summary: Condition-Based Maintenance on EQ-0019.,0.1236,7225.14,179,7
MTN-00020,2025-06-25,EQ-0020,TECH-020,ECUST-0020,ERP-00020,Reliability-Centered Maintenance,Completed,Technician note for EQ-0020 on 2025-06-25.,AI summary: Reliability-Centered Maintenance on EQ-0020.,0.3727,12806.7,102,8
MTN-00021,2025-08-07,EQ-0021,TECH-021,ECUST-0021,ERP-00021,Preventive Maintenance,Cancelled,Technician note for EQ-0021 on 2025-08-07.,AI summary: Preventive Maintenance on EQ-0021.,0.5124,10635.14,4,3
MTN-00022,2024-07-17,EQ-0022,TECH-022,ECUST-0022,ERP-00022,Predictive Maintenance,In Progress,Technician note for EQ-0022 on 2024-07-17.,AI summary: Predictive Maintenance on EQ-0022.,0.7424,6647.28,108,3
MTN-00023,2025-01-09,EQ-0023,TECH-023,ECUST-0023,ERP-00023,Corrective Maintenance,Completed,Technician note for EQ-0023 on 2025-01-09.,AI summary: Corrective Maintenance on EQ-0023.,0.2381,5964.94,110,3
MTN-00024,2026-02-09,EQ-0024,TECH-024,ECUST-0024,ERP-00024,Condition-Based Maintenance,Delayed,Technician note for EQ-0024 on 2026-02-09.,AI summary: Condition-Based Maintenance on EQ-0024.,0.2895,399.49,45,3
MTN-00025,2026-04-21,EQ-0025,TECH-025,ECUST-0025,ERP-00025,Reliability-Centered Maintenance,Cancelled,Technician note for EQ-0025 on 2026-04-21.,AI summary: Reliability-Centered Maintenance on EQ-0025.,0.3481,12835.04,77,3
MTN-00026,2025-04-28,EQ-0026,TECH-026,ECUST-0026,ERP-00026,Preventive Maintenance,In Progress,Technician note for EQ-0026 on 2025-04-28.,AI summary: Preventive Maintenance on EQ-0026.,0.1582,1272.1,192,5
MTN-00027,2026-04-05,EQ-0027,TECH-027,ECUST-0027,ERP-00027,Predictive Maintenance,Scheduled,Technician note for EQ-0027 on 2026-04-05.,AI summary: Predictive Maintenance on EQ-0027.,0.1656,6892.48,55,5
MTN-00028,2025-05-03,EQ-0028,TECH-028,ECUST-0028,ERP-00028,Corrective Maintenance,In Progress,Technician note for EQ-0028 on 2025-05-03.,AI summary: Corrective Maintenance on EQ-0028.,0.2014,12386.44,33,3
MTN-00029,2025-04-12,EQ-0029,TECH-029,ECUST-0029,ERP-00029,Condition-Based Maintenance,Cancelled,Technician note for EQ-0029 on 2025-04-12.,AI summary: Condition-Based Maintenance on EQ-0029.,0.9681,6679.4,166,6
MTN-00030,2025-05-16,EQ-0030,TECH-030,ECUST-0030,ERP-00030,Reliability-Centered Maintenance,Scheduled,Technician note for EQ-0030 on 2025-05-16.,AI summary: Reliability-Centered Maintenance on EQ-0030.,0.2364,4793.5,120,4
MTN-00031,2025-09-12,EQ-0031,TECH-031,ECUST-0031,ERP-00031,Preventive Maintenance,Completed,Technician note for EQ-0031 on 2025-09-12.,AI summary: Preventive Maintenance on EQ-0031.,0.351,12467.19,9,4
MTN-00032,2025-04-21,EQ-0032,TECH-032,ECUST-0032,ERP-00032,Predictive Maintenance,In Progress,Technician note for EQ-0032 on 2025-04-21.,AI summary: Predictive Maintenance on EQ-0032.,0.2188,7523.88,19,7
MTN-00033,2025-05-29,EQ-0033,TECH-033,ECUST-0033,ERP-00033,Corrective Maintenance,Cancelled,Technician note for EQ-0033 on 2025-05-29.,AI summary: Corrective Maintenance on EQ-0033.,0.3191,930.49,34,6
MTN-00034,2025-10-08,EQ-0034,TECH-034,ECUST-0034,ERP-00034,Condition-Based Maintenance,Scheduled,Technician note for EQ-0034 on 2025-10-08.,AI summary: Condition-Based Maintenance on EQ-0034.,0.9397,3170.32,13,2
MTN-00035,2026-05-12,EQ-0035,TECH-035,ECUST-0035,ERP-00035,Reliability-Centered Maintenance,Completed,Technician note for EQ-0035 on 2026-05-12.,AI summary: Reliability-Centered Maintenance on EQ-0035.,0.3095,5388.01,133,7
MTN-00036,2024-11-26,EQ-0036,TECH-036,ECUST-0036,ERP-00036,Preventive Maintenance,Delayed,Technician note for EQ-0036 on 2024-11-26.,AI summary: Preventive Maintenance on EQ-0036.,0.0932,14495.0,34,0
MTN-00037,2025-04-21,EQ-0037,TECH-037,ECUST-0037,ERP-00037,Predictive Maintenance,Cancelled,Technician note for EQ-0037 on 2025-04-21.,AI summary: Predictive Maintenance on EQ-0037.,0.024,11923.04,150,4
MTN-00038,2025-10-07,EQ-0038,TECH-038,ECUST-0038,ERP-00038,Corrective Maintenance,In Progress,Technician note for EQ-0038 on 2025-10-07.,AI summary: Corrective Maintenance on EQ-0038.,0.6698,2381.08,27,0
MTN-00039,2024-11-24,EQ-0039,TECH-039,ECUST-0039,ERP-00039,Condition-Based Maintenance,Scheduled,Technician note for EQ-0039 on 2024-11-24.,AI summary: Condition-Based Maintenance on EQ-0039.,0.8204,8605.09,169,7
MTN-00040,2024-08-23,EQ-0040,TECH-040,ECUST-0040,ERP-00040,Reliability-Centered Maintenance,Delayed,Technician note for EQ-0040 on 2024-08-23.,AI summary: Reliability-Centered Maintenance on EQ-0040.,0.9156,11244.15,176,2
MTN-00041,2025-08-02,EQ-0041,TECH-001,ECUST-0041,ERP-00041,Preventive Maintenance,Cancelled,Technician note for EQ-0041 on 2025-08-02.,AI summary: Preventive Maintenance on EQ-0041.,0.7018,10696.19,166,8
MTN-00042,2024-11-18,EQ-0042,TECH-002,ECUST-0042,ERP-00042,Predictive Maintenance,Delayed,Technician note for EQ-0042 on 2024-11-18.,AI summary: Predictive Maintenance on EQ-0042.,0.2874,6252.99,23,1
MTN-00043,2024-09-01,EQ-0043,TECH-003,ECUST-0043,ERP-00043,Corrective Maintenance,Delayed,Technician note for EQ-0043 on 2024-09-01.,AI summary: Corrective Maintenance on EQ-0043.,0.3257,3682.53,50,3
MTN-00044,2026-06-19,EQ-0044,TECH-004,ECUST-0044,ERP-00044,Condition-Based Maintenance,Completed,Technician note for EQ-0044 on 2026-06-19.,AI summary: Condition-Based Maintenance on EQ-0044.,0.1753,12939.74,6,6
MTN-00045,2024-07-07,EQ-0045,TECH-005,ECUST-0045,ERP-00045,Reliability-Centered Maintenance,Cancelled,Technician note for EQ-0045 on 2024-07-07.,AI summary: Reliability-Centered Maintenance on EQ-0045.,0.0955,2474.22,198,4
MTN-00046,2025-06-10,EQ-0046,TECH-006,ECUST-0046,ERP-00046,Preventive Maintenance,Scheduled,Technician note for EQ-0046 on 2025-06-10.,AI summary: Preventive Maintenance on EQ-0046.,0.3836,10178.95,123,8
MTN-00047,2025-03-29,EQ-0047,TECH-007,ECUST-0047,ERP-00047,Predictive Maintenance,Delayed,Technician note for EQ-0047 on 2025-03-29.,AI summary: Predictive Maintenance on EQ-0047.,0.6863,13375.21,118,3
MTN-00048,2025-11-21,EQ-0048,TECH-008,ECUST-0048,ERP-00048,Corrective Maintenance,Scheduled,Technician note for EQ-0048 on 2025-11-21.,AI summary: Corrective Maintenance on EQ-0048.,0.8697,9857.38,198,8
MTN-00049,2026-03-03,EQ-0049,TECH-009,ECUST-0049,ERP-00049,Condition-Based Maintenance,Cancelled,Technician note for EQ-0049 on 2026-03-03.,AI summary: Condition-Based Maintenance on EQ-0049.,0.0563,8240.34,81,1
MTN-00050,2025-03-08,EQ-0050,TECH-010,ECUST-0050,ERP-00050,Reliability-Centered Maintenance,Completed,Technician note for EQ-0050 on 2025-03-08.,AI summary: Reliability-Centered Maintenance on EQ-0050.,0.4551,4977.58,59,1
MTN-00051,2025-06-23,EQ-0051,TECH-011,ECUST-0051,ERP-00051,Preventive Maintenance,In Progress,Technician note for EQ-0051 on 2025-06-23.,AI summary: Preventive Maintenance on EQ-0051.,0.9069,8487.37,115,2
MTN-00052,2025-02-09,EQ-0052,TECH-012,ECUST-0052,ERP-00052,Predictive Maintenance,Scheduled,Technician note for EQ-0052 on 2025-02-09.,AI summary: Predictive Maintenance on EQ-0052.,0.3882,687.99,13,4
MTN-00053,2024-07-22,EQ-0053,TECH-013,ECUST-0053,ERP-00053,Corrective Maintenance,Cancelled,Technician note for EQ-0053 on 2024-07-22.,AI summary: Corrective Maintenance on EQ-0053.,0.9025,387.56,38,7
MTN-00054,2026-03-30,EQ-0054,TECH-014,ECUST-0054,ERP-00054,Condition-Based Maintenance,Delayed,Technician note for EQ-0054 on 2026-03-30.,AI summary: Condition-Based Maintenance on EQ-0054.,0.2562,14379.04,30,6
MTN-00055,2025-05-29,EQ-0055,TECH-015,ECUST-0055,ERP-00055,Reliability-Centered Maintenance,Completed,Technician note for EQ-0055 on 2025-05-29.,AI summary: Reliability-Centered Maintenance on EQ-0055.,0.3039,9340.22,43,4
MTN-00056,2026-06-15,EQ-0056,TECH-016,ECUST-0056,ERP-00056,Preventive Maintenance,In Progress,Technician note for EQ-0056 on 2026-06-15.,AI summary: Preventive Maintenance on EQ-0056.,0.2694,5926.91,32,1
MTN-00057,2024-12-31,EQ-0057,TECH-017,ECUST-0057,ERP-00057,Predictive Maintenance,Cancelled,Technician note for EQ-0057 on 2024-12-31.,AI summary: Predictive Maintenance on EQ-0057.,0.3285,6554.78,81,2
MTN-00058,2025-08-14,EQ-0058,TECH-018,ECUST-0058,ERP-00058,Corrective Maintenance,Delayed,Technician note for EQ-0058 on 2025-08-14.,AI summary: Corrective Maintenance on EQ-0058.,0.2833,6007.88,102,5
MTN-00059,2026-02-22,EQ-0059,TECH-019,ECUST-0059,ERP-00059,Condition-Based Maintenance,Completed,Technician note for EQ-0059 on 2026-02-22.,AI summary: Condition-Based Maintenance on EQ-0059.,0.7204,10788.47,31,6
MTN-00060,2024-10-19,EQ-0060,TECH-020,ECUST-0060,ERP-00060,Reliability-Centered Maintenance,Completed,Technician note for EQ-0060 on 2024-10-19.,AI summary: Reliability-Centered Maintenance on EQ-0060.,0.2174,11513.87,79,6
MTN-00061,2025-11-23,EQ-0061,TECH-021,ECUST-0061,ERP-00061,Preventive Maintenance,Cancelled,Technician note for EQ-0061 on 2025-11-23.,AI summary: Preventive Maintenance on EQ-0061.,0.9548,5414.01,169,6
MTN-00062,2026-01-27,EQ-0062,TECH-022,ECUST-0062,ERP-00062,Predictive Maintenance,Scheduled,Technician note for EQ-0062 on 2026-01-27.,AI summary: Predictive Maintenance on EQ-0062.,0.7707,11564.49,149,8
MTN-00063,2024-08-23,EQ-0063,TECH-023,ECUST-0063,ERP-00063,Corrective Maintenance,Delayed,Technician note for EQ-0063 on 2024-08-23.,AI summary: Corrective Maintenance on EQ-0063.,0.0984,5873.86,178,2
MTN-00064,2025-08-22,EQ-0064,TECH-024,ECUST-0064,ERP-00064,Condition-Based Maintenance,Scheduled,Technician note for EQ-0064 on 2025-08-22.,AI summary: Condition-Based Maintenance on EQ-0064.,0.9048,9729.61,136,3
MTN-00065,2025-02-01,EQ-0065,TECH-025,ECUST-0065,ERP-00065,Reliability-Centered Maintenance,Cancelled,Technician note for EQ-0065 on 2025-02-01.,AI summary: Reliability-Centered Maintenance on EQ-0065.,0.954,9716.59,73,2
MTN-00066,2025-06-28,EQ-0066,TECH-026,ECUST-0066,ERP-00066,Preventive Maintenance,Completed,Technician note for EQ-0066 on 2025-06-28.,AI summary: Preventive Maintenance on EQ-0066.,0.3328,4110.4,124,0
MTN-00067,2026-01-17,EQ-0067,TECH-027,ECUST-0067,ERP-00067,Predictive Maintenance,Scheduled,Technician note for EQ-0067 on 2026-01-17.,AI summary: Predictive Maintenance on EQ-0067.,0.6189,8153.58,8,1
MTN-00068,2026-05-27,EQ-0068,TECH-028,ECUST-0068,ERP-00068,Corrective Maintenance,In Progress,Technician note for EQ-0068 on 2026-05-27.,AI summary: Corrective Maintenance on EQ-0068.,0.6172,1338.51,170,7
MTN-00069,2025-03-07,EQ-0069,TECH-029,ECUST-0069,ERP-00069,Condition-Based Maintenance,Cancelled,Technician note for EQ-0069 on 2025-03-07.,AI summary: Condition-Based Maintenance on EQ-0069.,0.8631,1661.7,3,5
MTN-00070,2025-08-07,EQ-0070,TECH-030,ECUST-0070,ERP-00070,Reliability-Centered Maintenance,Scheduled,Technician note for EQ-0070 on 2025-08-07.,AI summary: Reliability-Centered Maintenance on EQ-0070.,0.5924,13210.29,39,7
MTN-00071,2024-12-06,EQ-0071,TECH-031,ECUST-0071,ERP-00071,Preventive Maintenance,Scheduled,Technician note for EQ-0071 on 2024-12-06.,AI summary: Preventive Maintenance on EQ-0071.,0.4634,3581.37,71,2
MTN-00072,2026-05-23,EQ-0072,TECH-032,ECUST-0072,ERP-00072,Predictive Maintenance,Scheduled,Technician note for EQ-0072 on 2026-05-23.,AI summary: Predictive Maintenance on EQ-0072.,0.8999,8819.46,53,0
MTN-00073,2024-07-23,EQ-0073,TECH-033,ECUST-0073,ERP-00073,Corrective Maintenance,Cancelled,Technician note for EQ-0073 on 2024-07-23.,AI summary: Corrective Maintenance on EQ-0073.,0.5875,9955.01,116,6
MTN-00074,2025-09-30,EQ-0074,TECH-034,ECUST-0074,ERP-00074,Condition-Based Maintenance,Completed,Technician note for EQ-0074 on 2025-09-30.,AI summary: Condition-Based Maintenance on EQ-0074.,0.2739,14085.89,168,5
MTN-00075,2025-08-17,EQ-0075,TECH-035,ECUST-0075,ERP-00075,Reliability-Centered Maintenance,In Progress,Technician note for EQ-0075 on 2025-08-17.,AI summary: Reliability-Centered Maintenance on EQ-0075.,0.1562,12897.7,182,7
MTN-00076,2025-06-29,EQ-0076,TECH-036,ECUST-0076,ERP-00076,Preventive Maintenance,Completed,Technician note for EQ-0076 on 2025-06-29.,AI summary: Preventive Maintenance on EQ-0076.,0.1419,4298.81,60,3
MTN-00077,2025-01-02,EQ-0077,TECH-037,ECUST-0077,ERP-00077,Predictive Maintenance,Cancelled,Technician note for EQ-0077 on 2025-01-02.,AI summary: Predictive Maintenance on EQ-0077.,0.2281,13170.8,79,4
MTN-00078,2026-05-18,EQ-0078,TECH-038,ECUST-0078,ERP-00078,Corrective Maintenance,Scheduled,Technician note for EQ-0078 on 2026-05-18.,AI summary: Corrective Maintenance on EQ-0078.,0.2884,11530.17,176,2
MTN-00079,2025-07-20,EQ-0079,TECH-039,ECUST-0079,ERP-00079,Condition-Based Maintenance,Scheduled,Technician note for EQ-0079 on 2025-07-20.,AI summary: Condition-Based Maintenance on EQ-0079.,0.0356,7820.47,129,1
MTN-00080,2024-11-17,EQ-0080,TECH-040,ECUST-0080,ERP-00080,Reliability-Centered Maintenance,Delayed,Technician note for EQ-0080 on 2024-11-17.,AI summary: Reliability-Centered Maintenance on EQ-0080.,0.3799,2682.76,163,2
MTN-00081,2025-09-27,EQ-0081,TECH-001,ECUST-0081,ERP-00081,Preventive Maintenance,Cancelled,Technician note for EQ-0081 on 2025-09-27.,AI summary: Preventive Maintenance on EQ-0081.,0.0794,1430.07,104,5
MTN-00082,2024-09-25,EQ-0082,TECH-002,ECUST-0082,ERP-00082,Predictive Maintenance,Scheduled,Technician note for EQ-0082 on 2024-09-25.,AI summary: Predictive Maintenance on EQ-0082.,0.8014,13554.21,178,4
MTN-00083,2024-07-20,EQ-0083,TECH-003,ECUST-0083,ERP-00083,Corrective Maintenance,Delayed,Technician note for EQ-0083 on 2024-07-20.,AI summary: Corrective Maintenance on EQ-0083.,0.5249,8004.13,4,4
MTN-00084,2024-10-06,EQ-0084,TECH-004,ECUST-0084,ERP-00084,Condition-Based Maintenance,Completed,Technician note for EQ-0084 on 2024-10-06.,AI summary: Condition-Based Maintenance on EQ-0084.,0.7446,136.91,63,4
MTN-00085,2024-08-16,EQ-0085,TECH-005,ECUST-0085,ERP-00085,Reliability-Centered Maintenance,Cancelled,Technician note for EQ-0085 on 2024-08-16.,AI summary: Reliability-Centered Maintenance on EQ-0085.,0.1377,7703.52,96,2
MTN-00086,2025-05-16,EQ-0086,TECH-006,ECUST-0086,ERP-00086,Preventive Maintenance,Delayed,Technician note for EQ-0086 on 2025-05-16.,AI summary: Preventive Maintenance on EQ-0086.,0.3895,6675.44,194,8
MTN-00087,2025-02-20,EQ-0087,TECH-007,ECUST-0087,ERP-00087,Predictive Maintenance,Completed,Technician note for EQ-0087 on 2025-02-20.,AI summary: Predictive Maintenance on EQ-0087.,0.2441,5896.72,76,8
MTN-00088,2026-01-25,EQ-0088,TECH-008,ECUST-0088,ERP-00088,Corrective Maintenance,Completed,Technician note for EQ-0088 on 2026-01-25.,AI summary: Corrective Maintenance on EQ-0088.,0.8357,12164.94,144,3
MTN-00089,2026-02-10,EQ-0089,TECH-009,ECUST-0089,ERP-00089,Condition-Based Maintenance,Cancelled,Technician note for EQ-0089 on 2026-02-10.,AI summary: Condition-Based Maintenance on EQ-0089.,0.3535,8274.44,123,3
MTN-00090,2025-07-10,EQ-0090,TECH-010,ECUST-0090,ERP-00090,Reliability-Centered Maintenance,Scheduled,Technician note for EQ-0090 on 2025-07-10.,AI summary: Reliability-Centered Maintenance on EQ-0090.,0.0583,3011.36,109,0
MTN-00091,2025-05-06,EQ-0091,TECH-011,ECUST-0091,ERP-00091,Preventive Maintenance,Scheduled,Technician note for EQ-0091 on 2025-05-06.,AI summary: Preventive Maintenance on EQ-0091.,0.3732,13245.68,191,4
MTN-00092,2025-10-07,EQ-0092,TECH-012,ECUST-0092,ERP-00092,Predictive Maintenance,Scheduled,Technician note for EQ-0092 on 2025-10-07.,AI summary: Predictive Maintenance on EQ-0092.,0.0904,8844.46,167,1
MTN-00093,2025-06-26,EQ-0093,TECH-013,ECUST-0093,ERP-00093,Corrective Maintenance,Cancelled,Technician note for EQ-0093 on 2025-06-26.,AI summary: Corrective Maintenance on EQ-0093.,0.2635,160.18,129,2
MTN-00094,2026-07-11,EQ-0094,TECH-014,ECUST-0094,ERP-00094,Condition-Based Maintenance,In Progress,Technician note for EQ-0094 on 2026-07-11.,AI summary: Condition-Based Maintenance on EQ-0094.,0.0734,4655.34,171,5
MTN-00095,2025-10-31,EQ-0095,TECH-015,ECUST-0095,ERP-00095,Reliability-Centered Maintenance,Delayed,Technician note for EQ-0095 on 2025-10-31.,AI summary: Reliability-Centered Maintenance on EQ-0095.,0.4207,7914.72,106,7
MTN-00096,2025-04-30,EQ-0096,TECH-016,ECUST-0096,ERP-00096,Preventive Maintenance,In Progress,Technician note for EQ-0096 on 2025-04-30.,AI summary: Preventive Maintenance on EQ-0096.,0.9047,4944.96,12,8
MTN-00097,2026-07-11,EQ-0097,TECH-017,ECUST-0097,ERP-00097,Predictive Maintenance,Cancelled,Technician note for EQ-0097 on 2026-07-11.,AI summary: Predictive Maintenance on EQ-0097.,0.5317,2694.46,9,1
MTN-00098,2025-12-24,EQ-0098,TECH-018,ECUST-0098,ERP-00098,Corrective Maintenance,Delayed,Technician note for EQ-0098 on 2025-12-24.,AI summary: Corrective Maintenance on EQ-0098.,0.8464,8042.19,135,7
MTN-00099,2025-02-16,EQ-0099,TECH-019,ECUST-0099,ERP-00099,Condition-Based Maintenance,Completed,Technician note for EQ-0099 on 2025-02-16.,AI summary: Condition-Based Maintenance on EQ-0099.,0.8089,4523.49,158,5
MTN-00100,2026-05-12,EQ-0100,TECH-020,ECUST-0100,ERP-00100,Reliability-Centered Maintenance,In Progress,Technician note for EQ-0100 on 2026-05-12.,AI summary: Reliability-Centered Maintenance on EQ-0100.,0.7405,13512.3,180,4
MTN-00101,2024-07-10,EQ-0101,TECH-021,ECUST-0101,ERP-00101,Preventive Maintenance,Cancelled,Technician note for EQ-0101 on 2024-07-10.,AI summary: Preventive Maintenance on EQ-0101.,0.5569,8798.21,163,3
MTN-00102,2026-01-28,EQ-0102,TECH-022,ECUST-0102,ERP-00102,Predictive Maintenance,Scheduled,Technician note for EQ-0102 on 2026-01-28.,AI summary: Predictive Maintenance on EQ-0102.,0.7086,14725.88,148,1
MTN-00103,2026-03-29,EQ-0103,TECH-023,ECUST-0103,ERP-00103,Corrective Maintenance,Completed,Technician note for EQ-0103 on 2026-03-29.,AI summary: Corrective Maintenance on EQ-0103.,0.8433,6161.69,86,2
MTN-00104,2026-05-12,EQ-0104,TECH-024,ECUST-0104,ERP-00104,Condition-Based Maintenance,Scheduled,Technician note for EQ-0104 on 2026-05-12.,AI summary: Condition-Based Maintenance on EQ-0104.,0.3621,10689.73,166,0
MTN-00105,2026-01-25,EQ-0105,TECH-025,ECUST-0105,ERP-00105,Reliability-Centered Maintenance,Cancelled,Technician note for EQ-0105 on 2026-01-25.,AI summary: Reliability-Centered Maintenance on EQ-0105.,0.3993,2987.34,12,1
MTN-00106,2025-07-23,EQ-0106,TECH-026,ECUST-0106,ERP-00106,Preventive Maintenance,In Progress,Technician note for EQ-0106 on 2025-07-23.,AI summary: Preventive Maintenance on EQ-0106.,0.7675,12169.47,46,5
MTN-00107,2025-02-04,EQ-0107,TECH-027,ECUST-0107,ERP-00107,Predictive Maintenance,In Progress,Technician note for EQ-0107 on 2025-02-04.,AI summary: Predictive Maintenance on EQ-0107.,0.7287,7157.53,69,5
MTN-00108,2024-11-27,EQ-0108,TECH-028,ECUST-0108,ERP-00108,Corrective Maintenance,Scheduled,Technician note for EQ-0108 on 2024-11-27.,AI summary: Corrective Maintenance on EQ-0108.,0.2437,6225.06,75,8
MTN-00109,2024-07-29,EQ-0109,TECH-029,ECUST-0109,ERP-00109,Condition-Based Maintenance,Cancelled,Technician note for EQ-0109 on 2024-07-29.,AI summary: Condition-Based Maintenance on EQ-0109.,0.8537,146.19,90,5
MTN-00110,2025-07-25,EQ-0110,TECH-030,ECUST-0110,ERP-00110,Reliability-Centered Maintenance,Completed,Technician note for EQ-0110 on 2025-07-25.,AI summary: Reliability-Centered Maintenance on EQ-0110.,0.3481,5831.12,92,3
MTN-00111,2024-08-01,EQ-0111,TECH-031,ECUST-0111,ERP-00111,Preventive Maintenance,Delayed,Technician note for EQ-0111 on 2024-08-01.,AI summary: Preventive Maintenance on EQ-0111.,0.6692,10263.32,66,1
MTN-00112,2024-08-20,EQ-0112,TECH-032,ECUST-0112,ERP-00112,Predictive Maintenance,Delayed,Technician note for EQ-0112 on 2024-08-20.,AI summary: Predictive Maintenance on EQ-0112.,0.3833,9211.05,86,0
MTN-00113,2026-04-19,EQ-0113,TECH-033,ECUST-0113,ERP-00113,Corrective Maintenance,Cancelled,Technician note for EQ-0113 on 2026-04-19.,AI summary: Corrective Maintenance on EQ-0113.,0.5003,12370.0,150,1
MTN-00114,2024-08-10,EQ-0114,TECH-034,ECUST-0114,ERP-00114,Condition-Based Maintenance,In Progress,Technician note for EQ-0114 on 2024-08-10.,AI summary: Condition-Based Maintenance on EQ-0114.,0.0762,10636.68,94,1
MTN-00115,2025-12-29,EQ-0115,TECH-035,ECUST-0115,ERP-00115,Reliability-Centered Maintenance,Completed,Technician note for EQ-0115 on 2025-12-29.,AI summary: Reliability-Centered Maintenance on EQ-0115.,0.8489,5139.16,199,4
MTN-00116,2026-03-09,EQ-0116,TECH-036,ECUST-0116,ERP-00116,Preventive Maintenance,Scheduled,Technician note for EQ-0116 on 2026-03-09.,AI summary: Preventive Maintenance on EQ-0116.,0.3105,2362.69,147,1
MTN-00117,2026-07-06,EQ-0117,TECH-037,ECUST-0117,ERP-00117,Predictive Maintenance,Cancelled,Technician note for EQ-0117 on 2026-07-06.,AI summary: Predictive Maintenance on EQ-0117.,0.3179,5062.65,58,4
MTN-00118,2025-10-05,EQ-0118,TECH-038,ECUST-0118,ERP-00118,Corrective Maintenance,Completed,Technician note for EQ-0118 on 2025-10-05.,AI summary: Corrective Maintenance on EQ-0118.,0.7311,9486.9,84,4
MTN-00119,2026-02-13,EQ-0119,TECH-039,ECUST-0119,ERP-00119,Condition-Based Maintenance,Delayed,Technician note for EQ-0119 on 2026-02-13.,AI summary: Condition-Based Maintenance on EQ-0119.,0.6975,8975.87,75,7
MTN-00120,2026-05-19,EQ-0120,TECH-040,ECUST-0120,ERP-00120,Reliability-Centered Maintenance,Delayed,Technician note for EQ-0120 on 2026-05-19.,AI summary: Reliability-Centered Maintenance on EQ-0120.,0.4412,13454.99,135,0
MTN-00121,2025-07-05,EQ-0121,TECH-001,ECUST-0121,ERP-00121,Preventive Maintenance,Cancelled,Technician note for EQ-0121 on 2025-07-05.,AI summary: Preventive Maintenance on EQ-0121.,0.1985,7696.99,131,5
MTN-00122,2025-06-27,EQ-0122,TECH-002,ECUST-0122,ERP-00122,Predictive Maintenance,Delayed,Technician note for EQ-0122 on 2025-06-27.,AI summary: Predictive Maintenance on EQ-0122.,0.2905,13946.33,131,8
MTN-00123,2024-11-25,EQ-0123,TECH-003,ECUST-0123,ERP-00123,Corrective Maintenance,Delayed,Technician note for EQ-0123 on 2024-11-25.,AI summary: Corrective Maintenance on EQ-0123.,0.6669,3757.63,67,2
MTN-00124,2025-04-18,EQ-0124,TECH-004,ECUST-0124,ERP-00124,Condition-Based Maintenance,In Progress,Technician note for EQ-0124 on 2025-04-18.,AI summary: Condition-Based Maintenance on EQ-0124.,0.0746,13205.58,157,8
MTN-00125,2025-10-11,EQ-0125,TECH-005,ECUST-0125,ERP-00125,Reliability-Centered Maintenance,Cancelled,Technician note for EQ-0125 on 2025-10-11.,AI summary: Reliability-Centered Maintenance on EQ-0125.,0.077,8391.39,103,8
MTN-00126,2024-07-23,EQ-0126,TECH-006,ECUST-0126,ERP-00126,Preventive Maintenance,Delayed,Technician note for EQ-0126 on 2024-07-23.,AI summary: Preventive Maintenance on EQ-0126.,0.3039,12625.68,118,5
MTN-00127,2024-12-26,EQ-0127,TECH-007,ECUST-0127,ERP-00127,Predictive Maintenance,In Progress,Technician note for EQ-0127 on 2024-12-26.,AI summary: Predictive Maintenance on EQ-0127.,0.9865,13235.59,98,6
MTN-00128,2024-11-10,EQ-0128,TECH-008,ECUST-0128,ERP-00128,Corrective Maintenance,Delayed,Technician note for EQ-0128 on 2024-11-10.,AI summary: Corrective Maintenance on EQ-0128.,0.4731,8488.93,73,3
MTN-00129,2025-04-30,EQ-0129,TECH-009,ECUST-0129,ERP-00129,Condition-Based Maintenance,Cancelled,Technician note for EQ-0129 on 2025-04-30.,AI summary: Condition-Based Maintenance on EQ-0129.,0.5748,14455.38,64,5
MTN-00130,2025-04-29,EQ-0130,TECH-010,ECUST-0130,ERP-00130,Reliability-Centered Maintenance,Completed,Technician note for EQ-0130 on 2025-04-29.,AI summary: Reliability-Centered Maintenance on EQ-0130.,0.6767,2561.5,9,8
MTN-00131,2025-06-28,EQ-0131,TECH-011,ECUST-0131,ERP-00131,Preventive Maintenance,Scheduled,Technician note for EQ-0131 on 2025-06-28.,AI summary: Preventive Maintenance on EQ-0131.,0.6665,4413.39,124,5
MTN-00132,2024-09-19,EQ-0132,TECH-012,ECUST-0132,ERP-00132,Predictive Maintenance,In Progress,Technician note for EQ-0132 on 2024-09-19.,AI summary: Predictive Maintenance on EQ-0132.,0.5177,3491.17,78,3
MTN-00133,2026-03-11,EQ-0133,TECH-013,ECUST-0133,ERP-00133,Corrective Maintenance,Cancelled,Technician note for EQ-0133 on 2026-03-11.,AI summary: Corrective Maintenance on EQ-0133.,0.4368,882.15,145,0
MTN-00134,2024-07-05,EQ-0134,TECH-014,ECUST-0134,ERP-00134,Condition-Based Maintenance,Delayed,Technician note for EQ-0134 on 2024-07-05.,AI summary: Condition-Based Maintenance on EQ-0134.,0.7603,14831.92,127,6
MTN-00135,2025-09-25,EQ-0135,TECH-015,ECUST-0135,ERP-00135,Reliability-Centered Maintenance,In Progress,Technician note for EQ-0135 on 2025-09-25.,AI summary: Reliability-Centered Maintenance on EQ-0135.,0.8295,10059.81,197,3
MTN-00136,2025-06-03,EQ-0136,TECH-016,ECUST-0136,ERP-00136,Preventive Maintenance,In Progress,Technician note for EQ-0136 on 2025-06-03.,AI summary: Preventive Maintenance on EQ-0136.,0.5964,14791.48,1,8
MTN-00137,2024-09-19,EQ-0137,TECH-017,ECUST-0137,ERP-00137,Predictive Maintenance,Cancelled,Technician note for EQ-0137 on 2024-09-19.,AI summary: Predictive Maintenance on EQ-0137.,0.7151,5415.31,8,7
MTN-00138,2026-06-21,EQ-0138,TECH-018,ECUST-0138,ERP-00138,Corrective Maintenance,Delayed,Technician note for EQ-0138 on 2026-06-21.,AI summary: Corrective Maintenance on EQ-0138.,0.6231,1826.24,197,6
MTN-00139,2025-03-08,EQ-0139,TECH-019,ECUST-0139,ERP-00139,Condition-Based Maintenance,Scheduled,Technician note for EQ-0139 on 2025-03-08.,AI summary: Condition-Based Maintenance on EQ-0139.,0.5314,4939.09,147,3
MTN-00140,2025-10-24,EQ-0140,TECH-020,ECUST-0140,ERP-00140,Reliability-Centered Maintenance,Scheduled,Technician note for EQ-0140 on 2025-10-24.,AI summary: Reliability-Centered Maintenance on EQ-0140.,0.3401,6463.7,102,7
MTN-00141,2025-05-07,EQ-0141,TECH-021,ECUST-0141,ERP-00141,Preventive Maintenance,Cancelled,Technician note for EQ-0141 on 2025-05-07.,AI summary: Preventive Maintenance on EQ-0141.,0.1789,12890.91,96,5
MTN-00142,2025-05-03,EQ-0142,TECH-022,ECUST-0142,ERP-00142,Predictive Maintenance,Completed,Technician note for EQ-0142 on 2025-05-03.,AI summary: Predictive Maintenance on EQ-0142.,0.3913,1652.41,94,8
MTN-00143,2025-06-10,EQ-0143,TECH-023,ECUST-0143,ERP-00143,Corrective Maintenance,In Progress,Technician note for EQ-0143 on 2025-06-10.,AI summary: Corrective Maintenance on EQ-0143.,0.4391,1294.64,131,1
MTN-00144,2026-05-14,EQ-0144,TECH-024,ECUST-0144,ERP-00144,Condition-Based Maintenance,Completed,Technician note for EQ-0144 on 2026-05-14.,AI summary: Condition-Based Maintenance on EQ-0144.,0.7051,7446.68,187,6
MTN-00145,2026-04-14,EQ-0145,TECH-025,ECUST-0145,ERP-00145,Reliability-Centered Maintenance,Cancelled,Technician note for EQ-0145 on 2026-04-14.,AI summary: Reliability-Centered Maintenance on EQ-0145.,0.9827,626.27,156,2
MTN-00146,2025-07-10,EQ-0146,TECH-026,ECUST-0146,ERP-00146,Preventive Maintenance,In Progress,Technician note for EQ-0146 on 2025-07-10.,AI summary: Preventive Maintenance on EQ-0146.,0.8053,13442.5,83,0
MTN-00147,2024-09-13,EQ-0147,TECH-027,ECUST-0147,ERP-00147,Predictive Maintenance,Completed,Technician note for EQ-0147 on 2024-09-13.,AI summary: Predictive Maintenance on EQ-0147.,0.5943,4775.75,182,5
MTN-00148,2024-07-29,EQ-0148,TECH-028,ECUST-0148,ERP-00148,Corrective Maintenance,Delayed,Technician note for EQ-0148 on 2024-07-29.,AI summary: Corrective Maintenance on EQ-0148.,0.1355,7000.81,8,0
MTN-00149,2025-11-04,EQ-0149,TECH-029,ECUST-0149,ERP-00149,Condition-Based Maintenance,Cancelled,Technician note for EQ-0149 on 2025-11-04.,AI summary: Condition-Based Maintenance on EQ-0149.,0.6535,5636.39,7,6
MTN-00150,2025-03-18,EQ-0150,TECH-030,ECUST-0150,ERP-00150,Reliability-Centered Maintenance,Scheduled,Technician note for EQ-0150 on 2025-03-18.,AI summary: Reliability-Centered Maintenance on EQ-0150.,0.2946,13345.64,90,4
MTN-00151,2025-09-10,EQ-0001,TECH-031,ECUST-0151,ERP-00151,Preventive Maintenance,Scheduled,Technician note for EQ-0001 on 2025-09-10.,AI summary: Preventive Maintenance on EQ-0001.,0.311,8773.98,171,6
MTN-00152,2025-07-19,EQ-0002,TECH-032,ECUST-0152,ERP-00152,Predictive Maintenance,In Progress,Technician note for EQ-0002 on 2025-07-19.,AI summary: Predictive Maintenance on EQ-0002.,0.5111,4571.14,153,1
MTN-00153,2025-05-01,EQ-0003,TECH-033,ECUST-0153,ERP-00153,Corrective Maintenance,Cancelled,Technician note for EQ-0003 on 2025-05-01.,AI summary: Corrective Maintenance on EQ-0003.,0.8721,14083.97,180,1
MTN-00154,2024-12-27,EQ-0004,TECH-034,ECUST-0154,ERP-00154,Condition-Based Maintenance,Delayed,Technician note for EQ-0004 on 2024-12-27.,AI summary: Condition-Based Maintenance on EQ-0004.,0.7662,203.73,190,2
MTN-00155,2026-06-10,EQ-0005,TECH-035,ECUST-0155,ERP-00155,Reliability-Centered Maintenance,In Progress,Technician note for EQ-0005 on 2026-06-10.,AI summary: Reliability-Centered Maintenance on EQ-0005.,0.5228,14685.75,104,7
MTN-00156,2025-08-07,EQ-0006,TECH-036,ECUST-0156,ERP-00156,Preventive Maintenance,In Progress,Technician note for EQ-0006 on 2025-08-07.,AI summary: Preventive Maintenance on EQ-0006.,0.3993,433.79,35,2
MTN-00157,2026-03-29,EQ-0007,TECH-037,ECUST-0157,ERP-00157,Predictive Maintenance,Cancelled,Technician note for EQ-0007 on 2026-03-29.,AI summary: Predictive Maintenance on EQ-0007.,0.5925,10377.96,167,0
MTN-00158,2025-04-14,EQ-0008,TECH-038,ECUST-0158,ERP-00158,Corrective Maintenance,Completed,Technician note for EQ-0008 on 2025-04-14.,AI summary: Corrective Maintenance on EQ-0008.,0.178,2791.07,27,5
MTN-00159,2026-01-04,EQ-0009,TECH-039,ECUST-0159,ERP-00159,Condition-Based Maintenance,Delayed,Technician note for EQ-0009 on 2026-01-04.,AI summary: Condition-Based Maintenance on EQ-0009.,0.4155,4233.15,35,6
MTN-00160,2025-06-10,EQ-0010,TECH-040,ECUST-0160,ERP-00160,Reliability-Centered Maintenance,Scheduled,Technician note for EQ-0010 on 2025-06-10.,AI summary: Reliability-Centered Maintenance on EQ-0010.,0.2117,7634.74,13,3
MTN-00161,2024-12-07,EQ-0011,TECH-001,ECUST-0161,ERP-00161,Preventive Maintenance,Cancelled,Technician note for EQ-0011 on 2024-12-07.,AI summary: Preventive Maintenance on EQ-0011.,0.6063,5109.71,127,8
MTN-00162,2026-05-11,EQ-0012,TECH-002,ECUST-0162,ERP-00162,Predictive Maintenance,In Progress,Technician note for EQ-0012 on 2026-05-11.,AI summary: Predictive Maintenance on EQ-0012.,0.4024,6222.78,113,3
MTN-00163,2024-08-27,EQ-0013,TECH-003,ECUST-0163,ERP-00163,Corrective Maintenance,Delayed,Technician note for EQ-0013 on 2024-08-27.,AI summary: Corrective Maintenance on EQ-0013.,0.1504,5454.71,173,7
MTN-00164,2025-07-31,EQ-0014,TECH-004,ECUST-0164,ERP-00164,Condition-Based Maintenance,In Progress,Technician note for EQ-0014 on 2025-07-31.,AI summary: Condition-Based Maintenance on EQ-0014.,0.6439,9154.38,119,4
MTN-00165,2024-12-01,EQ-0015,TECH-005,ECUST-0165,ERP-00165,Reliability-Centered Maintenance,Cancelled,Technician note for EQ-0015 on 2024-12-01.,AI summary: Reliability-Centered Maintenance on EQ-0015.,0.8117,11382.04,95,0
MTN-00166,2024-06-30,EQ-0016,TECH-006,ECUST-0166,ERP-00166,Preventive Maintenance,In Progress,Technician note for EQ-0016 on 2024-06-30.,AI summary: Preventive Maintenance on EQ-0016.,0.811,4689.52,93,0
MTN-00167,2026-03-08,EQ-0017,TECH-007,ECUST-0167,ERP-00167,Predictive Maintenance,Completed,Technician note for EQ-0017 on 2026-03-08.,AI summary: Predictive Maintenance on EQ-0017.,0.5309,12544.51,92,1
MTN-00168,2024-12-29,EQ-0018,TECH-008,ECUST-0168,ERP-00168,Corrective Maintenance,In Progress,Technician note for EQ-0018 on 2024-12-29.,AI summary: Corrective Maintenance on EQ-0018.,0.8973,836.28,1,0
MTN-00169,2025-02-17,EQ-0019,TECH-009,ECUST-0169,ERP-00169,Condition-Based Maintenance,Cancelled,Technician note for EQ-0019 on 2025-02-17.,AI summary: Condition-Based Maintenance on EQ-0019.,0.9548,11771.22,38,4
MTN-00170,2024-07-27,EQ-0020,TECH-010,ECUST-0170,ERP-00170,Reliability-Centered Maintenance,Completed,Technician note for EQ-0020 on 2024-07-27.,AI summary: Reliability-Centered Maintenance on EQ-0020.,0.7994,12845.03,73,5
MTN-00171,2025-02-17,EQ-0021,TECH-011,ECUST-0171,ERP-00171,Preventive Maintenance,Scheduled,Technician note for EQ-0021 on 2025-02-17.,AI summary: Preventive Maintenance on EQ-0021.,0.2188,3526.81,41,6
MTN-00172,2026-02-15,EQ-0022,TECH-012,ECUST-0172,ERP-00172,Predictive Maintenance,In Progress,Technician note for EQ-0022 on 2026-02-15.,AI summary: Predictive Maintenance on EQ-0022.,0.7388,10984.37,85,2
MTN-00173,2024-06-30,EQ-0023,TECH-013,ECUST-0173,ERP-00173,Corrective Maintenance,Cancelled,Technician note for EQ-0023 on 2024-06-30.,AI summary: Corrective Maintenance on EQ-0023.,0.7732,10729.85,169,1
MTN-00174,2024-11-27,EQ-0024,TECH-014,ECUST-0174,ERP-00174,Condition-Based Maintenance,Completed,Technician note for EQ-0024 on 2024-11-27.,AI summary: Condition-Based Maintenance on EQ-0024.,0.6452,622.93,14,7
MTN-00175,2025-01-16,EQ-0025,TECH-015,ECUST-0175,ERP-00175,Reliability-Centered Maintenance,Completed,Technician note for EQ-0025 on 2025-01-16.,AI summary: Reliability-Centered Maintenance on EQ-0025.,0.4189,14304.76,191,1
MTN-00176,2024-08-12,EQ-0026,TECH-016,ECUST-0176,ERP-00176,Preventive Maintenance,In Progress,Technician note for EQ-0026 on 2024-08-12.,AI summary: Preventive Maintenance on EQ-0026.,0.2321,7481.96,22,0
MTN-00177,2026-04-14,EQ-0027,TECH-017,ECUST-0177,ERP-00177,Predictive Maintenance,Cancelled,Technician note for EQ-0027 on 2026-04-14.,AI summary: Predictive Maintenance on EQ-0027.,0.5454,13577.22,182,7
MTN-00178,2025-10-01,EQ-0028,TECH-018,ECUST-0178,ERP-00178,Corrective Maintenance,Scheduled,Technician note for EQ-0028 on 2025-10-01.,AI summary: Corrective Maintenance on EQ-0028.,0.5144,8410.65,111,3
MTN-00179,2024-12-29,EQ-0029,TECH-019,ECUST-0179,ERP-00179,Condition-Based Maintenance,In Progress,Technician note for EQ-0029 on 2024-12-29.,AI summary: Condition-Based Maintenance on EQ-0029.,0.6812,8322.93,187,1
MTN-00180,2024-11-03,EQ-0030,TECH-020,ECUST-0180,ERP-00180,Reliability-Centered Maintenance,In Progress,Technician note for EQ-0030 on 2024-11-03.,AI summary: Reliability-Centered Maintenance on EQ-0030.,0.1188,1753.53,130,5
MTN-00181,2025-04-28,EQ-0031,TECH-021,ECUST-0181,ERP-00181,Preventive Maintenance,Cancelled,Technician note for EQ-0031 on 2025-04-28.,AI summary: Preventive Maintenance on EQ-0031.,0.1423,7043.61,155,6
MTN-00182,2026-03-28,EQ-0032,TECH-022,ECUST-0182,ERP-00182,Predictive Maintenance,Delayed,Technician note for EQ-0032 on 2026-03-28.,AI summary: Predictive Maintenance on EQ-0032.,0.8382,13684.35,181,4
MTN-00183,2024-12-05,EQ-0033,TECH-023,ECUST-0183,ERP-00183,Corrective Maintenance,Completed,Technician note for EQ-0033 on 2024-12-05.,AI summary: Corrective Maintenance on EQ-0033.,0.7074,1238.92,99,8
MTN-00184,2025-01-22,EQ-0034,TECH-024,ECUST-0184,ERP-00184,Condition-Based Maintenance,In Progress,Technician note for EQ-0034 on 2025-01-22.,AI summary: Condition-Based Maintenance on EQ-0034.,0.2526,650.71,102,8
MTN-00185,2024-10-29,EQ-0035,TECH-025,ECUST-0185,ERP-00185,Reliability-Centered Maintenance,Cancelled,Technician note for EQ-0035 on 2024-10-29.,AI summary: Reliability-Centered Maintenance on EQ-0035.,0.0281,3642.39,177,4
MTN-00186,2025-05-10,EQ-0036,TECH-026,ECUST-0186,ERP-00186,Preventive Maintenance,Completed,Technician note for EQ-0036 on 2025-05-10.,AI summary: Preventive Maintenance on EQ-0036.,0.0503,2122.42,18,1
MTN-00187,2025-01-02,EQ-0037,TECH-027,ECUST-0187,ERP-00187,Predictive Maintenance,Scheduled,Technician note for EQ-0037 on 2025-01-02.,AI summary: Predictive Maintenance on EQ-0037.,0.462,7195.94,138,7
MTN-00188,2024-11-21,EQ-0038,TECH-028,ECUST-0188,ERP-00188,Corrective Maintenance,Scheduled,Technician note for EQ-0038 on 2024-11-21.,AI summary: Corrective Maintenance on EQ-0038.,0.0102,9687.9,24,2
MTN-00189,2026-05-31,EQ-0039,TECH-029,ECUST-0189,ERP-00189,Condition-Based Maintenance,Cancelled,Technician note for EQ-0039 on 2026-05-31.,AI summary: Condition-Based Maintenance on EQ-0039.,0.5124,8724.06,56,4
MTN-00190,2026-03-02,EQ-0040,TECH-030,ECUST-0190,ERP-00190,Reliability-Centered Maintenance,In Progress,Technician note for EQ-0040 on 2026-03-02.,AI summary: Reliability-Centered Maintenance on EQ-0040.,0.3851,1312.88,26,3
MTN-00191,2025-12-19,EQ-0041,TECH-031,ECUST-0191,ERP-00191,Preventive Maintenance,Completed,Technician note for EQ-0041 on 2025-12-19.,AI summary: Preventive Maintenance on EQ-0041.,0.3138,7954.11,63,5
MTN-00192,2024-06-29,EQ-0042,TECH-032,ECUST-0192,ERP-00192,Predictive Maintenance,Delayed,Technician note for EQ-0042 on 2024-06-29.,AI summary: Predictive Maintenance on EQ-0042.,0.4565,2755.93,92,1
MTN-00193,2026-03-22,EQ-0043,TECH-033,ECUST-0193,ERP-00193,Corrective Maintenance,Cancelled,Technician note for EQ-0043 on 2026-03-22.,AI summary: Corrective Maintenance on EQ-0043.,0.5215,4099.01,15,0
MTN-00194,2025-12-29,EQ-0044,TECH-034,ECUST-0194,ERP-00194,Condition-Based Maintenance,Completed,Technician note for EQ-0044 on 2025-12-29.,AI summary: Condition-Based Maintenance on EQ-0044.,0.4065,9090.81,190,2
MTN-00195,2026-07-01,EQ-0045,TECH-035,ECUST-0195,ERP-00195,Reliability-Centered Maintenance,Completed,Technician note for EQ-0045 on 2026-07-01.,AI summary: Reliability-Centered Maintenance on EQ-0045.,0.4742,13138.91,46,7
MTN-00196,2025-09-30,EQ-0046,TECH-036,ECUST-0196,ERP-00196,Preventive Maintenance,Completed,Technician note for EQ-0046 on 2025-09-30.,AI summary: Preventive Maintenance on EQ-0046.,0.3858,905.83,125,8
MTN-00197,2025-09-27,EQ-0047,TECH-037,ECUST-0197,ERP-00197,Predictive Maintenance,Cancelled,Technician note for EQ-0047 on 2025-09-27.,AI summary: Predictive Maintenance on EQ-0047.,0.8586,1735.66,152,6
MTN-00198,2026-07-07,EQ-0048,TECH-038,ECUST-0198,ERP-00198,Corrective Maintenance,Scheduled,Technician note for EQ-0048 on 2026-07-07.,AI summary: Corrective Maintenance on EQ-0048.,0.4645,3494.62,81,8
MTN-00199,2024-11-18,EQ-0049,TECH-039,ECUST-0199,ERP-00199,Condition-Based Maintenance,Scheduled,Technician note for EQ-0049 on 2024-11-18.,AI summary: Condition-Based Maintenance on EQ-0049.,0.7706,1616.18,125,2
MTN-00200,2026-01-21,EQ-0050,TECH-040,ECUST-0200,ERP-00200,Reliability-Centered Maintenance,Delayed,Technician note for EQ-0050 on 2026-01-21.,AI summary: Reliability-Centered Maintenance on EQ-0050.,0.02,316.46,18,6
MTN-00201,2025-02-03,EQ-0051,TECH-001,ECUST-0201,ERP-00201,Preventive Maintenance,Cancelled,Technician note for EQ-0051 on 2025-02-03.,AI summary: Preventive Maintenance on EQ-0051.,0.2589,9076.4,115,3
MTN-00202,2024-07-30,EQ-0052,TECH-002,ECUST-0202,ERP-00202,Predictive Maintenance,Scheduled,Technician note for EQ-0052 on 2024-07-30.,AI summary: Predictive Maintenance on EQ-0052.,0.4783,5380.03,189,0
MTN-00203,2025-10-23,EQ-0053,TECH-003,ECUST-0203,ERP-00203,Corrective Maintenance,Scheduled,Technician note for EQ-0053 on 2025-10-23.,AI summary: Corrective Maintenance on EQ-0053.,0.6874,9525.62,121,3
MTN-00204,2025-07-26,EQ-0054,TECH-004,ECUST-0204,ERP-00204,Condition-Based Maintenance,In Progress,Technician note for EQ-0054 on 2025-07-26.,AI summary: Condition-Based Maintenance on EQ-0054.,0.1857,3694.43,71,4
MTN-00205,2026-05-11,EQ-0055,TECH-005,ECUST-0205,ERP-00205,Reliability-Centered Maintenance,Cancelled,Technician note for EQ-0055 on 2026-05-11.,AI summary: Reliability-Centered Maintenance on EQ-0055.,0.2362,8285.37,169,5
MTN-00206,2024-09-05,EQ-0056,TECH-006,ECUST-0206,ERP-00206,Preventive Maintenance,In Progress,Technician note for EQ-0056 on 2024-09-05.,AI summary: Preventive Maintenance on EQ-0056.,0.9658,4228.1,108,8
MTN-00207,2025-11-07,EQ-0057,TECH-007,ECUST-0207,ERP-00207,Predictive Maintenance,Completed,Technician note for EQ-0057 on 2025-11-07.,AI summary: Predictive Maintenance on EQ-0057.,0.1364,9297.38,52,7
MTN-00208,2024-07-24,EQ-0058,TECH-008,ECUST-0208,ERP-00208,Corrective Maintenance,In Progress,Technician note for EQ-0058 on 2024-07-24.,AI summary: Corrective Maintenance on EQ-0058.,0.4339,5264.73,43,4
MTN-00209,2026-05-09,EQ-0059,TECH-009,ECUST-0209,ERP-00209,Condition-Based Maintenance,Cancelled,Technician note for EQ-0059 on 2026-05-09.,AI summary: Condition-Based Maintenance on EQ-0059.,0.4697,2051.52,106,8
MTN-00210,2026-04-10,EQ-0060,TECH-010,ECUST-0210,ERP-00210,Reliability-Centered Maintenance,Completed,Technician note for EQ-0060 on 2026-04-10.,AI summary: Reliability-Centered Maintenance on EQ-0060.,0.0364,9387.06,143,0
MTN-00211,2024-07-09,EQ-0061,TECH-011,ECUST-0211,ERP-00211,Preventive Maintenance,Delayed,Technician note for EQ-0061 on 2024-07-09.,AI summary: Preventive Maintenance on EQ-0061.,0.4139,5205.4,31,7
MTN-00212,2025-11-03,EQ-0062,TECH-012,ECUST-0212,ERP-00212,Predictive Maintenance,Scheduled,Technician note for EQ-0062 on 2025-11-03.,AI summary: Predictive Maintenance on EQ-0062.,0.3641,14846.46,89,3
MTN-00213,2024-09-05,EQ-0063,TECH-013,ECUST-0213,ERP-00213,Corrective Maintenance,Cancelled,Technician note for EQ-0063 on 2024-09-05.,AI summary: Corrective Maintenance on EQ-0063.,0.951,7481.32,173,0
MTN-00214,2024-08-12,EQ-0064,TECH-014,ECUST-0214,ERP-00214,Condition-Based Maintenance,In Progress,Technician note for EQ-0064 on 2024-08-12.,AI summary: Condition-Based Maintenance on EQ-0064.,0.1605,4838.24,32,3
MTN-00215,2026-01-22,EQ-0065,TECH-015,ECUST-0215,ERP-00215,Reliability-Centered Maintenance,Completed,Technician note for EQ-0065 on 2026-01-22.,AI summary: Reliability-Centered Maintenance on EQ-0065.,0.6582,9352.16,36,2
MTN-00216,2026-03-20,EQ-0066,TECH-016,ECUST-0216,ERP-00216,Preventive Maintenance,Completed,Technician note for EQ-0066 on 2026-03-20.,AI summary: Preventive Maintenance on EQ-0066.,0.2405,11931.11,92,3
MTN-00217,2025-01-19,EQ-0067,TECH-017,ECUST-0217,ERP-00217,Predictive Maintenance,Cancelled,Technician note for EQ-0067 on 2025-01-19.,AI summary: Predictive Maintenance on EQ-0067.,0.3062,256.02,141,5
MTN-00218,2024-09-24,EQ-0068,TECH-018,ECUST-0218,ERP-00218,Corrective Maintenance,Completed,Technician note for EQ-0068 on 2024-09-24.,AI summary: Corrective Maintenance on EQ-0068.,0.6042,5569.18,73,5
MTN-00219,2024-10-28,EQ-0069,TECH-019,ECUST-0219,ERP-00219,Condition-Based Maintenance,In Progress,Technician note for EQ-0069 on 2024-10-28.,AI summary: Condition-Based Maintenance on EQ-0069.,0.2666,14155.32,134,7
MTN-00220,2024-11-03,EQ-0070,TECH-020,ECUST-0220,ERP-00220,Reliability-Centered Maintenance,Delayed,Technician note for EQ-0070 on 2024-11-03.,AI summary: Reliability-Centered Maintenance on EQ-0070.,0.8233,8926.95,156,4
MTN-00221,2025-02-12,EQ-0071,TECH-021,ECUST-0221,ERP-00221,Preventive Maintenance,Cancelled,Technician note for EQ-0071 on 2025-02-12.,AI summary: Preventive Maintenance on EQ-0071.,0.3524,5870.96,36,2
MTN-00222,2025-11-15,EQ-0072,TECH-022,ECUST-0222,ERP-00222,Predictive Maintenance,Completed,Technician note for EQ-0072 on 2025-11-15.,AI summary: Predictive Maintenance on EQ-0072.,0.0211,12789.06,161,8
MTN-00223,2026-06-07,EQ-0073,TECH-023,ECUST-0223,ERP-00223,Corrective Maintenance,Delayed,Technician note for EQ-0073 on 2026-06-07.,AI summary: Corrective Maintenance on EQ-0073.,0.1904,7917.4,124,2
MTN-00224,2025-03-31,EQ-0074,TECH-024,ECUST-0224,ERP-00224,Condition-Based Maintenance,Scheduled,Technician note for EQ-0074 on 2025-03-31.,AI summary: Condition-Based Maintenance on EQ-0074.,0.9907,14246.98,91,3
MTN-00225,2025-09-28,EQ-0075,TECH-025,ECUST-0225,ERP-00225,Reliability-Centered Maintenance,Cancelled,Technician note for EQ-0075 on 2025-09-28.,AI summary: Reliability-Centered Maintenance on EQ-0075.,0.6082,11816.62,109,1
MTN-00226,2024-08-13,EQ-0076,TECH-026,ECUST-0226,ERP-00226,Preventive Maintenance,Scheduled,Technician note for EQ-0076 on 2024-08-13.,AI summary: Preventive Maintenance on EQ-0076.,0.0496,14013.16,63,2
MTN-00227,2025-06-25,EQ-0077,TECH-027,ECUST-0227,ERP-00227,Predictive Maintenance,In Progress,Technician note for EQ-0077 on 2025-06-25.,AI summary: Predictive Maintenance on EQ-0077.,0.1153,10601.61,144,6
MTN-00228,2024-08-09,EQ-0078,TECH-028,ECUST-0228,ERP-00228,Corrective Maintenance,Completed,Technician note for EQ-0078 on 2024-08-09.,AI summary: Corrective Maintenance on EQ-0078.,0.8721,11073.0,14,4
MTN-00229,2026-03-19,EQ-0079,TECH-029,ECUST-0229,ERP-00229,Condition-Based Maintenance,Cancelled,Technician note for EQ-0079 on 2026-03-19.,AI summary: Condition-Based Maintenance on EQ-0079.,0.6903,8355.76,107,0
MTN-00230,2026-01-07,EQ-0080,TECH-030,ECUST-0230,ERP-00230,Reliability-Centered Maintenance,Completed,Technician note for EQ-0080 on 2026-01-07.,AI summary: Reliability-Centered Maintenance on EQ-0080.,0.182,12163.85,76,7
MTN-00231,2026-01-06,EQ-0081,TECH-031,ECUST-0231,ERP-00231,Preventive Maintenance,Delayed,Technician note for EQ-0081 on 2026-01-06.,AI summary: Preventive Maintenance on EQ-0081.,0.548,9189.5,38,7
MTN-00232,2025-05-12,EQ-0082,TECH-032,ECUST-0232,ERP-00232,Predictive Maintenance,Completed,Technician note for EQ-0082 on 2025-05-12.,AI summary: Predictive Maintenance on EQ-0082.,0.2132,6476.6,111,3
MTN-00233,2026-02-10,EQ-0083,TECH-033,ECUST-0233,ERP-00233,Corrective Maintenance,Cancelled,Technician note for EQ-0083 on 2026-02-10.,AI summary: Corrective Maintenance on EQ-0083.,0.593,974.03,194,3
MTN-00234,2025-06-19,EQ-0084,TECH-034,ECUST-0234,ERP-00234,Condition-Based Maintenance,Delayed,Technician note for EQ-0084 on 2025-06-19.,AI summary: Condition-Based Maintenance on EQ-0084.,0.8218,7980.39,83,0
MTN-00235,2025-06-27,EQ-0085,TECH-035,ECUST-0235,ERP-00235,Reliability-Centered Maintenance,Delayed,Technician note for EQ-0085 on 2025-06-27.,AI summary: Reliability-Centered Maintenance on EQ-0085.,0.8411,11413.64,109,3
MTN-00236,2024-08-16,EQ-0086,TECH-036,ECUST-0236,ERP-00236,Preventive Maintenance,In Progress,Technician note for EQ-0086 on 2024-08-16.,AI summary: Preventive Maintenance on EQ-0086.,0.227,13702.68,79,2
MTN-00237,2025-02-22,EQ-0087,TECH-037,ECUST-0237,ERP-00237,Predictive Maintenance,Cancelled,Technician note for EQ-0087 on 2025-02-22.,AI summary: Predictive Maintenance on EQ-0087.,0.1252,174.3,96,6
MTN-00238,2025-10-09,EQ-0088,TECH-038,ECUST-0238,ERP-00238,Corrective Maintenance,Delayed,Technician note for EQ-0088 on 2025-10-09.,AI summary: Corrective Maintenance on EQ-0088.,0.5864,10347.97,156,1
MTN-00239,2025-06-04,EQ-0089,TECH-039,ECUST-0239,ERP-00239,Condition-Based Maintenance,Scheduled,Technician note for EQ-0089 on 2025-06-04.,AI summary: Condition-Based Maintenance on EQ-0089.,0.7511,13428.09,83,4
MTN-00240,2026-04-22,EQ-0090,TECH-040,ECUST-0240,ERP-00240,Reliability-Centered Maintenance,Delayed,Technician note for EQ-0090 on 2026-04-22.,AI summary: Reliability-Centered Maintenance on EQ-0090.,0.625,1596.74,2,6
MTN-00241,2025-06-29,EQ-0091,TECH-001,ECUST-0241,ERP-00241,Preventive Maintenance,Cancelled,Technician note for EQ-0091 on 2025-06-29.,AI summary: Preventive Maintenance on EQ-0091.,0.1969,13615.66,184,4
MTN-00242,2026-06-06,EQ-0092,TECH-002,ECUST-0242,ERP-00242,Predictive Maintenance,In Progress,Technician note for EQ-0092 on 2026-06-06.,AI summary: Predictive Maintenance on EQ-0092.,0.1198,5102.08,188,0
MTN-00243,2025-09-03,EQ-0093,TECH-003,ECUST-0243,ERP-00243,Corrective Maintenance,Scheduled,Technician note for EQ-0093 on 2025-09-03.,AI summary: Corrective Maintenance on EQ-0093.,0.3763,10599.08,162,5
MTN-00244,2025-08-08,EQ-0094,TECH-004,ECUST-0244,ERP-00244,Condition-Based Maintenance,Completed,Technician note for EQ-0094 on 2025-08-08.,AI summary: Condition-Based Maintenance on EQ-0094.,0.7663,13968.54,162,0
MTN-00245,2025-02-09,EQ-0095,TECH-005,ECUST-0245,ERP-00245,Reliability-Centered Maintenance,Cancelled,Technician note for EQ-0095 on 2025-02-09.,AI summary: Reliability-Centered Maintenance on EQ-0095.,0.9897,10610.33,168,1
MTN-00246,2024-11-02,EQ-0096,TECH-006,ECUST-0246,ERP-00246,Preventive Maintenance,Delayed,Technician note for EQ-0096 on 2024-11-02.,AI summary: Preventive Maintenance on EQ-0096.,0.949,7310.01,118,5
MTN-00247,2026-02-12,EQ-0097,TECH-007,ECUST-0247,ERP-00247,Predictive Maintenance,In Progress,Technician note for EQ-0097 on 2026-02-12.,AI summary: Predictive Maintenance on EQ-0097.,0.4923,120.84,35,0
MTN-00248,2026-03-29,EQ-0098,TECH-008,ECUST-0248,ERP-00248,Corrective Maintenance,Delayed,Technician note for EQ-0098 on 2026-03-29.,AI summary: Corrective Maintenance on EQ-0098.,0.6275,13169.7,110,1
MTN-00249,2025-09-11,EQ-0099,TECH-009,ECUST-0249,ERP-00249,Condition-Based Maintenance,Cancelled,Technician note for EQ-0099 on 2025-09-11.,AI summary: Condition-Based Maintenance on EQ-0099.,0.8073,1789.17,164,6
MTN-00250,2026-01-19,EQ-0100,TECH-010,ECUST-0250,ERP-00250,Reliability-Centered Maintenance,Scheduled,Technician note for EQ-0100 on 2026-01-19.,AI summary: Reliability-Centered Maintenance on EQ-0100.,0.865,3472.26,59,2
MTN-00251,2025-10-07,EQ-0101,TECH-011,ECUST-0251,ERP-00251,Preventive Maintenance,Delayed,Technician note for EQ-0101 on 2025-10-07.,AI summary: Preventive Maintenance on EQ-0101.,0.8818,3242.96,125,0
MTN-00252,2025-02-06,EQ-0102,TECH-012,ECUST-0252,ERP-00252,Predictive Maintenance,Completed,Technician note for EQ-0102 on 2025-02-06.,AI summary: Predictive Maintenance on EQ-0102.,0.9952,13323.53,79,4
MTN-00253,2024-11-05,EQ-0103,TECH-013,ECUST-0253,ERP-00253,Corrective Maintenance,Cancelled,Technician note for EQ-0103 on 2024-11-05.,AI summary: Corrective Maintenance on EQ-0103.,0.0714,9661.81,49,0
MTN-00254,2026-04-14,EQ-0104,TECH-014,ECUST-0254,ERP-00254,Condition-Based Maintenance,In Progress,Technician note for EQ-0104 on 2026-04-14.,AI summary: Condition-Based Maintenance on EQ-0104.,0.798,2436.85,148,4
MTN-00255,2024-07-10,EQ-0105,TECH-015,ECUST-0255,ERP-00255,Reliability-Centered Maintenance,Completed,Technician note for EQ-0105 on 2024-07-10.,AI summary: Reliability-Centered Maintenance on EQ-0105.,0.9352,2509.59,99,8
MTN-00256,2026-04-02,EQ-0106,TECH-016,ECUST-0256,ERP-00256,Preventive Maintenance,Completed,Technician note for EQ-0106 on 2026-04-02.,AI summary: Preventive Maintenance on EQ-0106.,0.2428,10490.86,167,1
MTN-00257,2025-12-19,EQ-0107,TECH-017,ECUST-0257,ERP-00257,Predictive Maintenance,Cancelled,Technician note for EQ-0107 on 2025-12-19.,AI summary: Predictive Maintenance on EQ-0107.,0.2882,3155.77,7,5
MTN-00258,2025-12-14,EQ-0108,TECH-018,ECUST-0258,ERP-00258,Corrective Maintenance,Delayed,Technician note for EQ-0108 on 2025-12-14.,AI summary: Corrective Maintenance on EQ-0108.,0.5572,368.29,130,5
MTN-00259,2025-06-24,EQ-0109,TECH-019,ECUST-0259,ERP-00259,Condition-Based Maintenance,Delayed,Technician note for EQ-0109 on 2025-06-24.,AI summary: Condition-Based Maintenance on EQ-0109.,0.4114,5205.85,95,5
MTN-00260,2025-03-24,EQ-0110,TECH-020,ECUST-0260,ERP-00260,Reliability-Centered Maintenance,Scheduled,Technician note for EQ-0110 on 2025-03-24.,AI summary: Reliability-Centered Maintenance on EQ-0110.,0.4335,10247.28,99,3
MTN-00261,2025-04-06,EQ-0111,TECH-021,ECUST-0261,ERP-00261,Preventive Maintenance,Cancelled,Technician note for EQ-0111 on 2025-04-06.,AI summary: Preventive Maintenance on EQ-0111.,0.1313,2017.33,12,3
MTN-00262,2025-11-07,EQ-0112,TECH-022,ECUST-0262,ERP-00262,Predictive Maintenance,In Progress,Technician note for EQ-0112 on 2025-11-07.,AI summary: Predictive Maintenance on EQ-0112.,0.6546,13998.38,171,3
MTN-00263,2025-03-20,EQ-0113,TECH-023,ECUST-0263,ERP-00263,Corrective Maintenance,In Progress,Technician note for EQ-0113 on 2025-03-20.,AI summary: Corrective Maintenance on EQ-0113.,0.9571,4447.11,26,3
MTN-00264,2026-03-19,EQ-0114,TECH-024,ECUST-0264,ERP-00264,Condition-Based Maintenance,In Progress,Technician note for EQ-0114 on 2026-03-19.,AI summary: Condition-Based Maintenance on EQ-0114.,0.1424,909.72,104,7
MTN-00265,2024-12-01,EQ-0115,TECH-025,ECUST-0265,ERP-00265,Reliability-Centered Maintenance,Cancelled,Technician note for EQ-0115 on 2024-12-01.,AI summary: Reliability-Centered Maintenance on EQ-0115.,0.3975,13799.99,90,3
MTN-00266,2024-12-05,EQ-0116,TECH-026,ECUST-0266,ERP-00266,Preventive Maintenance,In Progress,Technician note for EQ-0116 on 2024-12-05.,AI summary: Preventive Maintenance on EQ-0116.,0.5558,14477.43,131,8
MTN-00267,2024-12-14,EQ-0117,TECH-027,ECUST-0267,ERP-00267,Predictive Maintenance,Completed,Technician note for EQ-0117 on 2024-12-14.,AI summary: Predictive Maintenance on EQ-0117.,0.0098,514.79,125,2
MTN-00268,2024-11-21,EQ-0118,TECH-028,ECUST-0268,ERP-00268,Corrective Maintenance,In Progress,Technician note for EQ-0118 on 2024-11-21.,AI summary: Corrective Maintenance on EQ-0118.,0.8773,659.86,152,7
MTN-00269,2025-12-21,EQ-0119,TECH-029,ECUST-0269,ERP-00269,Condition-Based Maintenance,Cancelled,Technician note for EQ-0119 on 2025-12-21.,AI summary: Condition-Based Maintenance on EQ-0119.,0.752,6269.04,113,8
MTN-00270,2026-04-13,EQ-0120,TECH-030,ECUST-0270,ERP-00270,Reliability-Centered Maintenance,Completed,Technician note for EQ-0120 on 2026-04-13.,AI summary: Reliability-Centered Maintenance on EQ-0120.,0.5568,3509.92,24,6
MTN-00271,2026-03-21,EQ-0121,TECH-031,ECUST-0271,ERP-00271,Preventive Maintenance,Completed,Technician note for EQ-0121 on 2026-03-21.,AI summary: Preventive Maintenance on EQ-0121.,0.8234,3766.86,134,3
MTN-00272,2024-09-07,EQ-0122,TECH-032,ECUST-0272,ERP-00272,Predictive Maintenance,Completed,Technician note for EQ-0122 on 2024-09-07.,AI summary: Predictive Maintenance on EQ-0122.,0.4618,5241.94,172,5
MTN-00273,2025-05-03,EQ-0123,TECH-033,ECUST-0273,ERP-00273,Corrective Maintenance,Cancelled,Technician note for EQ-0123 on 2025-05-03.,AI summary: Corrective Maintenance on EQ-0123.,0.1377,14441.71,94,5
MTN-00274,2025-10-13,EQ-0124,TECH-034,ECUST-0274,ERP-00274,Condition-Based Maintenance,In Progress,Technician note for EQ-0124 on 2025-10-13.,AI summary: Condition-Based Maintenance on EQ-0124.,0.67,9349.12,180,2
MTN-00275,2024-10-19,EQ-0125,TECH-035,ECUST-0275,ERP-00275,Reliability-Centered Maintenance,Scheduled,Technician note for EQ-0125 on 2024-10-19.,AI summary: Reliability-Centered Maintenance on EQ-0125.,0.3067,12654.75,14,0
MTN-00276,2025-10-22,EQ-0126,TECH-036,ECUST-0276,ERP-00276,Preventive Maintenance,Scheduled,Technician note for EQ-0126 on 2025-10-22.,AI summary: Preventive Maintenance on EQ-0126.,0.7756,2433.61,130,6
MTN-00277,2024-09-02,EQ-0127,TECH-037,ECUST-0277,ERP-00277,Predictive Maintenance,Cancelled,Technician note for EQ-0127 on 2024-09-02.,AI summary: Predictive Maintenance on EQ-0127.,0.2879,4819.92,37,6
MTN-00278,2026-05-05,EQ-0128,TECH-038,ECUST-0278,ERP-00278,Corrective Maintenance,Scheduled,Technician note for EQ-0128 on 2026-05-05.,AI summary: Corrective Maintenance on EQ-0128.,0.7031,4706.93,58,6
MTN-00279,2024-08-09,EQ-0129,TECH-039,ECUST-0279,ERP-00279,Condition-Based Maintenance,Scheduled,Technician note for EQ-0129 on 2024-08-09.,AI summary: Condition-Based Maintenance on EQ-0129.,0.064,14666.71,66,4
MTN-00280,2025-06-14,EQ-0130,TECH-040,ECUST-0280,ERP-00280,Reliability-Centered Maintenance,Completed,Technician note for EQ-0130 on 2025-06-14.,AI summary: Reliability-Centered Maintenance on EQ-0130.,0.7602,14902.67,151,4
MTN-00281,2024-11-23,EQ-0131,TECH-001,ECUST-0281,ERP-00281,Preventive Maintenance,Cancelled,Technician note for EQ-0131 on 2024-11-23.,AI summary: Preventive Maintenance on EQ-0131.,0.4857,4478.14,15,4
MTN-00282,2026-05-31,EQ-0132,TECH-002,ECUST-0282,ERP-00282,Predictive Maintenance,Scheduled,Technician note for EQ-0132 on 2026-05-31.,AI summary: Predictive Maintenance on EQ-0132.,0.0413,2820.79,157,3
MTN-00283,2025-05-07,EQ-0133,TECH-003,ECUST-0283,ERP-00283,Corrective Maintenance,Delayed,Technician note for EQ-0133 on 2025-05-07.,AI summary: Corrective Maintenance on EQ-0133.,0.0616,12509.46,70,6
MTN-00284,2025-08-10,EQ-0134,TECH-004,ECUST-0284,ERP-00284,Condition-Based Maintenance,Delayed,Technician note for EQ-0134 on 2025-08-10.,AI summary: Condition-Based Maintenance on EQ-0134.,0.8119,12935.35,30,7
MTN-00285,2025-05-11,EQ-0135,TECH-005,ECUST-0285,ERP-00285,Reliability-Centered Maintenance,Cancelled,Technician note for EQ-0135 on 2025-05-11.,AI summary: Reliability-Centered Maintenance on EQ-0135.,0.9435,5069.41,8,4
MTN-00286,2026-01-05,EQ-0136,TECH-006,ECUST-0286,ERP-00286,Preventive Maintenance,Completed,Technician note for EQ-0136 on 2026-01-05.,AI summary: Preventive Maintenance on EQ-0136.,0.7705,2968.16,156,4
MTN-00287,2025-08-06,EQ-0137,TECH-007,ECUST-0287,ERP-00287,Predictive Maintenance,In Progress,Technician note for EQ-0137 on 2025-08-06.,AI summary: Predictive Maintenance on EQ-0137.,0.3598,9462.27,169,0
MTN-00288,2025-06-30,EQ-0138,TECH-008,ECUST-0288,ERP-00288,Corrective Maintenance,Completed,Technician note for EQ-0138 on 2025-06-30.,AI summary: Corrective Maintenance on EQ-0138.,0.7071,6397.27,106,4
MTN-00289,2024-11-18,EQ-0139,TECH-009,ECUST-0289,ERP-00289,Condition-Based Maintenance,Cancelled,Technician note for EQ-0139 on 2024-11-18.,AI summary: Condition-Based Maintenance on EQ-0139.,0.841,5157.72,70,1
MTN-00290,2024-10-06,EQ-0140,TECH-010,ECUST-0290,ERP-00290,Reliability-Centered Maintenance,Delayed,Technician note for EQ-0140 on 2024-10-06.,AI summary: Reliability-Centered Maintenance on EQ-0140.,0.3612,12971.56,41,5
MTN-00291,2025-06-17,EQ-0141,TECH-011,ECUST-0291,ERP-00291,Preventive Maintenance,Scheduled,Technician note for EQ-0141 on 2025-06-17.,AI summary: Preventive Maintenance on EQ-0141.,0.0984,10819.18,113,3
MTN-00292,2026-07-10,EQ-0142,TECH-012,ECUST-0292,ERP-00292,Predictive Maintenance,Completed,Technician note for EQ-0142 on 2026-07-10.,AI summary: Predictive Maintenance on EQ-0142.,0.4999,13691.47,86,4
MTN-00293,2026-04-02,EQ-0143,TECH-013,ECUST-0293,ERP-00293,Corrective Maintenance,Cancelled,Technician note for EQ-0143 on 2026-04-02.,AI summary: Corrective Maintenance on EQ-0143.,0.2499,13838.79,152,0
MTN-00294,2025-05-07,EQ-0144,TECH-014,ECUST-0294,ERP-00294,Condition-Based Maintenance,Delayed,Technician note for EQ-0144 on 2025-05-07.,AI summary: Condition-Based Maintenance on EQ-0144.,0.1151,7606.76,90,8
MTN-00295,2025-10-03,EQ-0145,TECH-015,ECUST-0295,ERP-00295,Reliability-Centered Maintenance,In Progress,Technician note for EQ-0145 on 2025-10-03.,AI summary: Reliability-Centered Maintenance on EQ-0145.,0.8044,8149.69,134,0
MTN-00296,2025-10-08,EQ-0146,TECH-016,ECUST-0296,ERP-00296,Preventive Maintenance,Delayed,Technician note for EQ-0146 on 2025-10-08.,AI summary: Preventive Maintenance on EQ-0146.,0.3383,1456.71,122,0
MTN-00297,2024-08-01,EQ-0147,TECH-017,ECUST-0297,ERP-00297,Predictive Maintenance,Cancelled,Technician note for EQ-0147 on 2024-08-01.,AI summary: Predictive Maintenance on EQ-0147.,0.882,10991.07,13,6
MTN-00298,2025-07-11,EQ-0148,TECH-018,ECUST-0298,ERP-00298,Corrective Maintenance,In Progress,Technician note for EQ-0148 on 2025-07-11.,AI summary: Corrective Maintenance on EQ-0148.,0.4001,1034.02,147,0
MTN-00299,2024-11-01,EQ-0149,TECH-019,ECUST-0299,ERP-00299,Condition-Based Maintenance,Delayed,Technician note for EQ-0149 on 2024-11-01.,AI summary: Condition-Based Maintenance on EQ-0149.,0.4188,9931.38,22,5
MTN-00300,2025-06-08,EQ-0150,TECH-020,ECUST-0300,ERP-00300,Reliability-Centered Maintenance,Delayed,Technician note for EQ-0150 on 2025-06-08.,AI summary: Reliability-Centered Maintenance on EQ-0150.,0.0815,1150.77,188,6
MTN-00301,2025-03-25,EQ-0001,TECH-021,ECUST-0001,ERP-00301,Preventive Maintenance,Cancelled,Technician note for EQ-0001 on 2025-03-25.,AI summary: Preventive Maintenance on EQ-0001.,0.3419,7494.93,41,5
MTN-00302,2025-10-21,EQ-0002,TECH-022,ECUST-0002,ERP-00302,Predictive Maintenance,Completed,Technician note for EQ-0002 on 2025-10-21.,AI summary: Predictive Maintenance on EQ-0002.,0.9961,2432.71,97,1
MTN-00303,2025-01-24,EQ-0003,TECH-023,ECUST-0003,ERP-00303,Corrective Maintenance,Scheduled,Technician note for EQ-0003 on 2025-01-24.,AI summary: Corrective Maintenance on EQ-0003.,0.5009,9338.29,70,4
MTN-00304,2025-09-05,EQ-0004,TECH-024,ECUST-0004,ERP-00304,Condition-Based Maintenance,Completed,Technician note for EQ-0004 on 2025-09-05.,AI summary: Condition-Based Maintenance on EQ-0004.,0.2304,8481.8,127,6
MTN-00305,2026-06-07,EQ-0005,TECH-025,ECUST-0005,ERP-00305,Reliability-Centered Maintenance,Cancelled,Technician note for EQ-0005 on 2026-06-07.,AI summary: Reliability-Centered Maintenance on EQ-0005.,0.2823,3817.43,194,0
MTN-00306,2025-10-26,EQ-0006,TECH-026,ECUST-0006,ERP-00306,Preventive Maintenance,Completed,Technician note for EQ-0006 on 2025-10-26.,AI summary: Preventive Maintenance on EQ-0006.,0.2024,7785.03,23,5
MTN-00307,2025-07-25,EQ-0007,TECH-027,ECUST-0007,ERP-00307,Predictive Maintenance,Delayed,Technician note for EQ-0007 on 2025-07-25.,AI summary: Predictive Maintenance on EQ-0007.,0.1737,5197.3,167,6
MTN-00308,2024-10-01,EQ-0008,TECH-028,ECUST-0008,ERP-00308,Corrective Maintenance,In Progress,Technician note for EQ-0008 on 2024-10-01.,AI summary: Corrective Maintenance on EQ-0008.,0.3379,9568.45,35,7
MTN-00309,2024-08-13,EQ-0009,TECH-029,ECUST-0009,ERP-00309,Condition-Based Maintenance,Cancelled,Technician note for EQ-0009 on 2024-08-13.,AI summary: Condition-Based Maintenance on EQ-0009.,0.6728,6213.33,38,1
MTN-00310,2025-10-14,EQ-0010,TECH-030,ECUST-0010,ERP-00310,Reliability-Centered Maintenance,Completed,Technician note for EQ-0010 on 2025-10-14.,AI summary: Reliability-Centered Maintenance on EQ-0010.,0.4674,10152.06,60,7
MTN-00311,2025-03-01,EQ-0011,TECH-031,ECUST-0011,ERP-00311,Preventive Maintenance,Completed,Technician note for EQ-0011 on 2025-03-01.,AI summary: Preventive Maintenance on EQ-0011.,0.7601,5966.17,172,6
MTN-00312,2025-06-08,EQ-0012,TECH-032,ECUST-0012,ERP-00312,Predictive Maintenance,Scheduled,Technician note for EQ-0012 on 2025-06-08.,AI summary: Predictive Maintenance on EQ-0012.,0.175,7581.8,53,2
MTN-00313,2025-01-10,EQ-0013,TECH-033,ECUST-0013,ERP-00313,Corrective Maintenance,Cancelled,Technician note for EQ-0013 on 2025-01-10.,AI summary: Corrective Maintenance on EQ-0013.,0.8785,3525.56,27,6
MTN-00314,2026-04-26,EQ-0014,TECH-034,ECUST-0014,ERP-00314,Condition-Based Maintenance,Scheduled,Technician note for EQ-0014 on 2026-04-26.,AI summary: Condition-Based Maintenance on EQ-0014.,0.9596,8340.14,196,0
MTN-00315,2025-06-15,EQ-0015,TECH-035,ECUST-0015,ERP-00315,Reliability-Centered Maintenance,In Progress,Technician note for EQ-0015 on 2025-06-15.,AI summary: Reliability-Centered Maintenance on EQ-0015.,0.8667,6229.56,49,0
MTN-00316,2026-05-14,EQ-0016,TECH-036,ECUST-0016,ERP-00316,Preventive Maintenance,Scheduled,Technician note for EQ-0016 on 2026-05-14.,AI summary: Preventive Maintenance on EQ-0016.,0.9834,6008.33,54,2
MTN-00317,2024-09-17,EQ-0017,TECH-037,ECUST-0017,ERP-00317,Predictive Maintenance,Cancelled,Technician note for EQ-0017 on 2024-09-17.,AI summary: Predictive Maintenance on EQ-0017.,0.5832,959.37,74,0
MTN-00318,2025-04-05,EQ-0018,TECH-038,ECUST-0018,ERP-00318,Corrective Maintenance,Scheduled,Technician note for EQ-0018 on 2025-04-05.,AI summary: Corrective Maintenance on EQ-0018.,0.7515,9438.01,31,4
MTN-00319,2025-10-27,EQ-0019,TECH-039,ECUST-0019,ERP-00319,Condition-Based Maintenance,Scheduled,Technician note for EQ-0019 on 2025-10-27.,AI summary: Condition-Based Maintenance on EQ-0019.,0.2796,12911.86,4,6
MTN-00320,2025-03-31,EQ-0020,TECH-040,ECUST-0020,ERP-00320,Reliability-Centered Maintenance,Completed,Technician note for EQ-0020 on 2025-03-31.,AI summary: Reliability-Centered Maintenance on EQ-0020.,0.8898,2475.45,185,6
MTN-00321,2025-01-02,EQ-0021,TECH-001,ECUST-0021,ERP-00321,Preventive Maintenance,Cancelled,Technician note for EQ-0021 on 2025-01-02.,AI summary: Preventive Maintenance on EQ-0021.,0.4314,14623.38,99,6
MTN-00322,2024-06-27,EQ-0022,TECH-002,ECUST-0022,ERP-00322,Predictive Maintenance,In Progress,Technician note for EQ-0022 on 2024-06-27.,AI summary: Predictive Maintenance on EQ-0022.,0.0079,5658.24,78,8
MTN-00323,2025-12-12,EQ-0023,TECH-003,ECUST-0023,ERP-00323,Corrective Maintenance,Completed,Technician note for EQ-0023 on 2025-12-12.,AI summary: Corrective Maintenance on EQ-0023.,0.8215,723.33,54,1
MTN-00324,2024-08-18,EQ-0024,TECH-004,ECUST-0024,ERP-00324,Condition-Based Maintenance,Scheduled,Technician note for EQ-0024 on 2024-08-18.,AI summary: Condition-Based Maintenance on EQ-0024.,0.1273,8445.78,118,0
MTN-00325,2025-09-09,EQ-0025,TECH-005,ECUST-0025,ERP-00325,Reliability-Centered Maintenance,Cancelled,Technician note for EQ-0025 on 2025-09-09.,AI summary: Reliability-Centered Maintenance on EQ-0025.,0.6083,9424.22,73,1
MTN-00326,2026-01-14,EQ-0026,TECH-006,ECUST-0026,ERP-00326,Preventive Maintenance,Completed,Technician note for EQ-0026 on 2026-01-14.,AI summary: Preventive Maintenance on EQ-0026.,0.0637,2855.4,157,0
MTN-00327,2026-01-15,EQ-0027,TECH-007,ECUST-0027,ERP-00327,Predictive Maintenance,Completed,Technician note for EQ-0027 on 2026-01-15.,AI summary: Predictive Maintenance on EQ-0027.,0.1288,3063.88,108,4
MTN-00328,2026-01-20,EQ-0028,TECH-008,ECUST-0028,ERP-00328,Corrective Maintenance,Scheduled,Technician note for EQ-0028 on 2026-01-20.,AI summary: Corrective Maintenance on EQ-0028.,0.9412,253.43,177,1
MTN-00329,2025-01-18,EQ-0029,TECH-009,ECUST-0029,ERP-00329,Condition-Based Maintenance,Cancelled,Technician note for EQ-0029 on 2025-01-18.,AI summary: Condition-Based Maintenance on EQ-0029.,0.3765,8950.14,95,3
MTN-00330,2025-12-23,EQ-0030,TECH-010,ECUST-0030,ERP-00330,Reliability-Centered Maintenance,Delayed,Technician note for EQ-0030 on 2025-12-23.,AI summary: Reliability-Centered Maintenance on EQ-0030.,0.7833,7010.1,38,8
MTN-00331,2025-10-04,EQ-0031,TECH-011,ECUST-0031,ERP-00331,Preventive Maintenance,In Progress,Technician note for EQ-0031 on 2025-10-04.,AI summary: Preventive Maintenance on EQ-0031.,0.8434,1201.8,95,6
MTN-00332,2025-11-12,EQ-0032,TECH-012,ECUST-0032,ERP-00332,Predictive Maintenance,In Progress,Technician note for EQ-0032 on 2025-11-12.,AI summary: Predictive Maintenance on EQ-0032.,0.5744,6834.53,132,1
MTN-00333,2024-12-19,EQ-0033,TECH-013,ECUST-0033,ERP-00333,Corrective Maintenance,Cancelled,Technician note for EQ-0033 on 2024-12-19.,AI summary: Corrective Maintenance on EQ-0033.,0.1501,1584.66,92,8
MTN-00334,2026-05-24,EQ-0034,TECH-014,ECUST-0034,ERP-00334,Condition-Based Maintenance,In Progress,Technician note for EQ-0034 on 2026-05-24.,AI summary: Condition-Based Maintenance on EQ-0034.,0.3329,11859.32,97,8
MTN-00335,2026-01-30,EQ-0035,TECH-015,ECUST-0035,ERP-00335,Reliability-Centered Maintenance,Scheduled,Technician note for EQ-0035 on 2026-01-30.,AI summary: Reliability-Centered Maintenance on EQ-0035.,0.7846,3599.28,138,1
MTN-00336,2026-04-12,EQ-0036,TECH-016,ECUST-0036,ERP-00336,Preventive Maintenance,Scheduled,Technician note for EQ-0036 on 2026-04-12.,AI summary: Preventive Maintenance on EQ-0036.,0.9814,12449.51,113,2
MTN-00337,2024-12-11,EQ-0037,TECH-017,ECUST-0037,ERP-00337,Predictive Maintenance,Cancelled,Technician note for EQ-0037 on 2024-12-11.,AI summary: Predictive Maintenance on EQ-0037.,0.0335,5580.76,111,4
MTN-00338,2025-04-04,EQ-0038,TECH-018,ECUST-0038,ERP-00338,Corrective Maintenance,In Progress,Technician note for EQ-0038 on 2025-04-04.,AI summary: Corrective Maintenance on EQ-0038.,0.7437,10025.08,150,7
MTN-00339,2025-02-05,EQ-0039,TECH-019,ECUST-0039,ERP-00339,Condition-Based Maintenance,Delayed,Technician note for EQ-0039 on 2025-02-05.,AI summary: Condition-Based Maintenance on EQ-0039.,0.6849,11313.14,93,1
MTN-00340,2026-06-20,EQ-0040,TECH-020,ECUST-0040,ERP-00340,Reliability-Centered Maintenance,Completed,Technician note for EQ-0040 on 2026-06-20.,AI summary: Reliability-Centered Maintenance on EQ-0040.,0.0737,9579.44,152,3
MTN-00341,2025-06-12,EQ-0041,TECH-021,ECUST-0041,ERP-00341,Preventive Maintenance,Cancelled,Technician note for EQ-0041 on 2025-06-12.,AI summary: Preventive Maintenance on EQ-0041.,0.0471,8330.07,194,2
MTN-00342,2025-06-20,EQ-0042,TECH-022,ECUST-0042,ERP-00342,Predictive Maintenance,Delayed,Technician note for EQ-0042 on 2025-06-20.,AI summary: Predictive Maintenance on EQ-0042.,0.9069,5010.98,101,3
MTN-00343,2024-10-19,EQ-0043,TECH-023,ECUST-0043,ERP-00343,Corrective Maintenance,Scheduled,Technician note for EQ-0043 on 2024-10-19.,AI summary: Corrective Maintenance on EQ-0043.,0.2384,6323.29,64,0
MTN-00344,2025-11-24,EQ-0044,TECH-024,ECUST-0044,ERP-00344,Condition-Based Maintenance,Delayed,Technician note for EQ-0044 on 2025-11-24.,AI summary: Condition-Based Maintenance on EQ-0044.,0.2289,6459.77,64,5
MTN-00345,2024-07-11,EQ-0045,TECH-025,ECUST-0045,ERP-00345,Reliability-Centered Maintenance,Cancelled,Technician note for EQ-0045 on 2024-07-11.,AI summary: Reliability-Centered Maintenance on EQ-0045.,0.8767,1916.19,109,6
MTN-00346,2025-06-14,EQ-0046,TECH-026,ECUST-0046,ERP-00346,Preventive Maintenance,Scheduled,Technician note for EQ-0046 on 2025-06-14.,AI summary: Preventive Maintenance on EQ-0046.,0.2602,12853.02,129,1
MTN-00347,2025-04-08,EQ-0047,TECH-027,ECUST-0047,ERP-00347,Predictive Maintenance,Delayed,Technician note for EQ-0047 on 2025-04-08.,AI summary: Predictive Maintenance on EQ-0047.,0.4302,3205.88,33,1
MTN-00348,2025-10-24,EQ-0048,TECH-028,ECUST-0048,ERP-00348,Corrective Maintenance,Completed,Technician note for EQ-0048 on 2025-10-24.,AI summary: Corrective Maintenance on EQ-0048.,0.0987,10883.89,152,2
MTN-00349,2025-09-20,EQ-0049,TECH-029,ECUST-0049,ERP-00349,Condition-Based Maintenance,Cancelled,Technician note for EQ-0049 on 2025-09-20.,AI summary: Condition-Based Maintenance on EQ-0049.,0.5406,672.86,96,0
MTN-00350,2025-12-31,EQ-0050,TECH-030,ECUST-0050,ERP-00350,Reliability-Centered Maintenance,Scheduled,Technician note for EQ-0050 on 2025-12-31.,AI summary: Reliability-Centered Maintenance on EQ-0050.,0.5344,3749.14,128,6
MTN-00351,2025-06-18,EQ-0051,TECH-031,ECUST-0051,ERP-00351,Preventive Maintenance,Delayed,Technician note for EQ-0051 on 2025-06-18.,AI summary: Preventive Maintenance on EQ-0051.,0.4923,1917.04,13,7
MTN-00352,2024-09-22,EQ-0052,TECH-032,ECUST-0052,ERP-00352,Predictive Maintenance,Completed,Technician note for EQ-0052 on 2024-09-22.,AI summary: Predictive Maintenance on EQ-0052.,0.7561,3666.37,167,3
MTN-00353,2025-04-28,EQ-0053,TECH-033,ECUST-0053,ERP-00353,Corrective Maintenance,Cancelled,Technician note for EQ-0053 on 2025-04-28.,AI summary: Corrective Maintenance on EQ-0053.,0.3544,13517.61,29,7
MTN-00354,2025-05-04,EQ-0054,TECH-034,ECUST-0054,ERP-00354,Condition-Based Maintenance,Delayed,Technician note for EQ-0054 on 2025-05-04.,AI summary: Condition-Based Maintenance on EQ-0054.,0.8752,8983.88,60,8
MTN-00355,2026-01-25,EQ-0055,TECH-035,ECUST-0055,ERP-00355,Reliability-Centered Maintenance,Completed,Technician note for EQ-0055 on 2026-01-25.,AI summary: Reliability-Centered Maintenance on EQ-0055.,0.5274,13095.87,118,6
MTN-00356,2025-11-12,EQ-0056,TECH-036,ECUST-0056,ERP-00356,Preventive Maintenance,Completed,Technician note for EQ-0056 on 2025-11-12.,AI summary: Preventive Maintenance on EQ-0056.,0.8071,679.34,105,2
MTN-00357,2025-09-21,EQ-0057,TECH-037,ECUST-0057,ERP-00357,Predictive Maintenance,Cancelled,Technician note for EQ-0057 on 2025-09-21.,AI summary: Predictive Maintenance on EQ-0057.,0.1408,11783.41,107,4
MTN-00358,2025-03-03,EQ-0058,TECH-038,ECUST-0058,ERP-00358,Corrective Maintenance,Scheduled,Technician note for EQ-0058 on 2025-03-03.,AI summary: Corrective Maintenance on EQ-0058.,0.507,8564.9,111,3
MTN-00359,2024-12-03,EQ-0059,TECH-039,ECUST-0059,ERP-00359,Condition-Based Maintenance,In Progress,Technician note for EQ-0059 on 2024-12-03.,AI summary: Condition-Based Maintenance on EQ-0059.,0.7002,4225.85,92,2
MTN-00360,2024-12-18,EQ-0060,TECH-040,ECUST-0060,ERP-00360,Reliability-Centered Maintenance,Delayed,Technician note for EQ-0060 on 2024-12-18.,AI summary: Reliability-Centered Maintenance on EQ-0060.,0.0221,14400.27,89,7
MTN-00361,2025-03-20,EQ-0061,TECH-001,ECUST-0061,ERP-00361,Preventive Maintenance,Cancelled,Technician note for EQ-0061 on 2025-03-20.,AI summary: Preventive Maintenance on EQ-0061.,0.7172,6496.32,170,2
MTN-00362,2025-03-12,EQ-0062,TECH-002,ECUST-0062,ERP-00362,Predictive Maintenance,In Progress,Technician note for EQ-0062 on 2025-03-12.,AI summary: Predictive Maintenance on EQ-0062.,0.5339,4318.26,8,0
MTN-00363,2025-08-02,EQ-0063,TECH-003,ECUST-0063,ERP-00363,Corrective Maintenance,Delayed,Technician note for EQ-0063 on 2025-08-02.,AI summary: Corrective Maintenance on EQ-0063.,0.8692,12069.28,135,4
MTN-00364,2025-11-21,EQ-0064,TECH-004,ECUST-0064,ERP-00364,Condition-Based Maintenance,Delayed,Technician note for EQ-0064 on 2025-11-21.,AI summary: Condition-Based Maintenance on EQ-0064.,0.2297,13690.96,149,3
MTN-00365,2026-01-11,EQ-0065,TECH-005,ECUST-0065,ERP-00365,Reliability-Centered Maintenance,Cancelled,Technician note for EQ-0065 on 2026-01-11.,AI summary: Reliability-Centered Maintenance on EQ-0065.,0.5643,7862.01,178,5
MTN-00366,2024-12-07,EQ-0066,TECH-006,ECUST-0066,ERP-00366,Preventive Maintenance,Scheduled,Technician note for EQ-0066 on 2024-12-07.,AI summary: Preventive Maintenance on EQ-0066.,0.4949,3528.48,23,8
MTN-00367,2025-11-30,EQ-0067,TECH-007,ECUST-0067,ERP-00367,Predictive Maintenance,Completed,Technician note for EQ-0067 on 2025-11-30.,AI summary: Predictive Maintenance on EQ-0067.,0.2029,11457.1,121,1
MTN-00368,2026-03-18,EQ-0068,TECH-008,ECUST-0068,ERP-00368,Corrective Maintenance,Delayed,Technician note for EQ-0068 on 2026-03-18.,AI summary: Corrective Maintenance on EQ-0068.,0.0385,7340.51,97,3
MTN-00369,2024-11-20,EQ-0069,TECH-009,ECUST-0069,ERP-00369,Condition-Based Maintenance,Cancelled,Technician note for EQ-0069 on 2024-11-20.,AI summary: Condition-Based Maintenance on EQ-0069.,0.2508,6508.84,139,7
MTN-00370,2026-04-16,EQ-0070,TECH-010,ECUST-0070,ERP-00370,Reliability-Centered Maintenance,Delayed,Technician note for EQ-0070 on 2026-04-16.,AI summary: Reliability-Centered Maintenance on EQ-0070.,0.6482,12165.72,18,8
MTN-00371,2025-10-09,EQ-0071,TECH-011,ECUST-0071,ERP-00371,Preventive Maintenance,Delayed,Technician note for EQ-0071 on 2025-10-09.,AI summary: Preventive Maintenance on EQ-0071.,0.5589,10306.77,192,2
MTN-00372,2025-06-29,EQ-0072,TECH-012,ECUST-0072,ERP-00372,Predictive Maintenance,Completed,Technician note for EQ-0072 on 2025-06-29.,AI summary: Predictive Maintenance on EQ-0072.,0.0669,9337.69,161,1
MTN-00373,2025-09-26,EQ-0073,TECH-013,ECUST-0073,ERP-00373,Corrective Maintenance,Cancelled,Technician note for EQ-0073 on 2025-09-26.,AI summary: Corrective Maintenance on EQ-0073.,0.3863,12572.58,13,4
MTN-00374,2025-12-22,EQ-0074,TECH-014,ECUST-0074,ERP-00374,Condition-Based Maintenance,Scheduled,Technician note for EQ-0074 on 2025-12-22.,AI summary: Condition-Based Maintenance on EQ-0074.,0.804,14673.28,8,6
MTN-00375,2025-11-25,EQ-0075,TECH-015,ECUST-0075,ERP-00375,Reliability-Centered Maintenance,Scheduled,Technician note for EQ-0075 on 2025-11-25.,AI summary: Reliability-Centered Maintenance on EQ-0075.,0.3133,5238.06,116,3
MTN-00376,2024-07-23,EQ-0076,TECH-016,ECUST-0076,ERP-00376,Preventive Maintenance,Scheduled,Technician note for EQ-0076 on 2024-07-23.,AI summary: Preventive Maintenance on EQ-0076.,0.6843,7534.77,95,7
MTN-00377,2025-05-11,EQ-0077,TECH-017,ECUST-0077,ERP-00377,Predictive Maintenance,Cancelled,Technician note for EQ-0077 on 2025-05-11.,AI summary: Predictive Maintenance on EQ-0077.,0.1452,12240.24,94,5
MTN-00378,2024-08-25,EQ-0078,TECH-018,ECUST-0078,ERP-00378,Corrective Maintenance,Delayed,Technician note for EQ-0078 on 2024-08-25.,AI summary: Corrective Maintenance on EQ-0078.,0.1537,2356.07,68,5
MTN-00379,2025-05-05,EQ-0079,TECH-019,ECUST-0079,ERP-00379,Condition-Based Maintenance,Scheduled,Technician note for EQ-0079 on 2025-05-05.,AI summary: Condition-Based Maintenance on EQ-0079.,0.2054,6794.89,141,0
MTN-00380,2025-01-10,EQ-0080,TECH-020,ECUST-0080,ERP-00380,Reliability-Centered Maintenance,Delayed,Technician note for EQ-0080 on 2025-01-10.,AI summary: Reliability-Centered Maintenance on EQ-0080.,0.1335,4617.56,73,7
MTN-00381,2026-03-28,EQ-0081,TECH-021,ECUST-0081,ERP-00381,Preventive Maintenance,Cancelled,Technician note for EQ-0081 on 2026-03-28.,AI summary: Preventive Maintenance on EQ-0081.,0.8813,13795.55,29,5
MTN-00382,2025-05-30,EQ-0082,TECH-022,ECUST-0082,ERP-00382,Predictive Maintenance,In Progress,Technician note for EQ-0082 on 2025-05-30.,AI summary: Predictive Maintenance on EQ-0082.,0.7753,6476.35,13,6
MTN-00383,2025-11-04,EQ-0083,TECH-023,ECUST-0083,ERP-00383,Corrective Maintenance,Scheduled,Technician note for EQ-0083 on 2025-11-04.,AI summary: Corrective Maintenance on EQ-0083.,0.2917,8063.96,171,6
MTN-00384,2025-10-26,EQ-0084,TECH-024,ECUST-0084,ERP-00384,Condition-Based Maintenance,Scheduled,Technician note for EQ-0084 on 2025-10-26.,AI summary: Condition-Based Maintenance on EQ-0084.,0.002,7175.23,1,2
MTN-00385,2025-12-30,EQ-0085,TECH-025,ECUST-0085,ERP-00385,Reliability-Centered Maintenance,Cancelled,Technician note for EQ-0085 on 2025-12-30.,AI summary: Reliability-Centered Maintenance on EQ-0085.,0.8867,13206.81,149,6
MTN-00386,2025-12-17,EQ-0086,TECH-026,ECUST-0086,ERP-00386,Preventive Maintenance,Scheduled,Technician note for EQ-0086 on 2025-12-17.,AI summary: Preventive Maintenance on EQ-0086.,0.7791,8486.62,20,0
MTN-00387,2025-03-12,EQ-0087,TECH-027,ECUST-0087,ERP-00387,Predictive Maintenance,Delayed,Technician note for EQ-0087 on 2025-03-12.,AI summary: Predictive Maintenance on EQ-0087.,0.3377,11691.89,93,7
MTN-00388,2026-01-18,EQ-0088,TECH-028,ECUST-0088,ERP-00388,Corrective Maintenance,In Progress,Technician note for EQ-0088 on 2026-01-18.,AI summary: Corrective Maintenance on EQ-0088.,0.6809,14477.14,134,1
MTN-00389,2026-03-09,EQ-0089,TECH-029,ECUST-0089,ERP-00389,Condition-Based Maintenance,Cancelled,Technician note for EQ-0089 on 2026-03-09.,AI summary: Condition-Based Maintenance on EQ-0089.,0.6734,2718.55,47,8
MTN-00390,2024-07-29,EQ-0090,TECH-030,ECUST-0090,ERP-00390,Reliability-Centered Maintenance,Completed,Technician note for EQ-0090 on 2024-07-29.,AI summary: Reliability-Centered Maintenance on EQ-0090.,0.7691,12680.85,181,3
MTN-00391,2025-06-03,EQ-0091,TECH-031,ECUST-0091,ERP-00391,Preventive Maintenance,Scheduled,Technician note for EQ-0091 on 2025-06-03.,AI summary: Preventive Maintenance on EQ-0091.,0.6973,3349.47,42,2
MTN-00392,2025-03-10,EQ-0092,TECH-032,ECUST-0092,ERP-00392,Predictive Maintenance,Completed,Technician note for EQ-0092 on 2025-03-10.,AI summary: Predictive Maintenance on EQ-0092.,0.7112,5644.49,21,6
MTN-00393,2026-06-18,EQ-0093,TECH-033,ECUST-0093,ERP-00393,Corrective Maintenance,Cancelled,Technician note for EQ-0093 on 2026-06-18.,AI summary: Corrective Maintenance on EQ-0093.,0.9467,2589.04,76,6
MTN-00394,2025-01-15,EQ-0094,TECH-034,ECUST-0094,ERP-00394,Condition-Based Maintenance,Completed,Technician note for EQ-0094 on 2025-01-15.,AI summary: Condition-Based Maintenance on EQ-0094.,0.2707,8843.63,28,3
MTN-00395,2025-03-28,EQ-0095,TECH-035,ECUST-0095,ERP-00395,Reliability-Centered Maintenance,Completed,Technician note for EQ-0095 on 2025-03-28.,AI summary: Reliability-Centered Maintenance on EQ-0095.,0.997,7448.3,71,4
MTN-00396,2024-11-21,EQ-0096,TECH-036,ECUST-0096,ERP-00396,Preventive Maintenance,Scheduled,Technician note for EQ-0096 on 2024-11-21.,AI summary: Preventive Maintenance on EQ-0096.,0.4039,9437.66,89,0
MTN-00397,2025-05-09,EQ-0097,TECH-037,ECUST-0097,ERP-00397,Predictive Maintenance,Cancelled,Technician note for EQ-0097 on 2025-05-09.,AI summary: Predictive Maintenance on EQ-0097.,0.0405,8955.03,123,4
MTN-00398,2025-05-17,EQ-0098,TECH-038,ECUST-0098,ERP-00398,Corrective Maintenance,In Progress,Technician note for EQ-0098 on 2025-05-17.,AI summary: Corrective Maintenance on EQ-0098.,0.0933,7763.78,119,3
MTN-00399,2024-11-06,EQ-0099,TECH-039,ECUST-0099,ERP-00399,Condition-Based Maintenance,Delayed,Technician note for EQ-0099 on 2024-11-06.,AI summary: Condition-Based Maintenance on EQ-0099.,0.1353,11617.44,60,2
MTN-00400,2026-05-08,EQ-0100,TECH-040,ECUST-0100,ERP-00400,Reliability-Centered Maintenance,Completed,Technician note for EQ-0100 on 2026-05-08.,AI summary: Reliability-Centered Maintenance on EQ-0100.,0.8875,4021.75,154,8
MTN-00401,2025-12-14,EQ-0101,TECH-001,ECUST-0101,ERP-00401,Preventive Maintenance,Cancelled,Technician note for EQ-0101 on 2025-12-14.,AI summary: Preventive Maintenance on EQ-0101.,0.0382,8310.53,125,4
MTN-00402,2024-07-21,EQ-0102,TECH-002,ECUST-0102,ERP-00402,Predictive Maintenance,Delayed,Technician note for EQ-0102 on 2024-07-21.,AI summary: Predictive Maintenance on EQ-0102.,0.0943,2685.38,159,4
MTN-00403,2026-05-12,EQ-0103,TECH-003,ECUST-0103,ERP-00403,Corrective Maintenance,Scheduled,Technician note for EQ-0103 on 2026-05-12.,AI summary: Corrective Maintenance on EQ-0103.,0.605,9054.43,12,0
MTN-00404,2026-05-23,EQ-0104,TECH-004,ECUST-0104,ERP-00404,Condition-Based Maintenance,Scheduled,Technician note for EQ-0104 on 2026-05-23.,AI summary: Condition-Based Maintenance on EQ-0104.,0.7495,2571.6,101,0
MTN-00405,2025-01-31,EQ-0105,TECH-005,ECUST-0105,ERP-00405,Reliability-Centered Maintenance,Cancelled,Technician note for EQ-0105 on 2025-01-31.,AI summary: Reliability-Centered Maintenance on EQ-0105.,0.0231,4773.93,9,1
MTN-00406,2026-01-23,EQ-0106,TECH-006,ECUST-0106,ERP-00406,Preventive Maintenance,Delayed,Technician note for EQ-0106 on 2026-01-23.,AI summary: Preventive Maintenance on EQ-0106.,0.2736,14996.54,67,6
MTN-00407,2024-08-08,EQ-0107,TECH-007,ECUST-0107,ERP-00407,Predictive Maintenance,Delayed,Technician note for EQ-0107 on 2024-08-08.,AI summary: Predictive Maintenance on EQ-0107.,0.4101,7782.26,153,1
MTN-00408,2025-08-22,EQ-0108,TECH-008,ECUST-0108,ERP-00408,Corrective Maintenance,Completed,Technician note for EQ-0108 on 2025-08-22.,AI summary: Corrective Maintenance on EQ-0108.,0.9949,10016.04,69,6
MTN-00409,2026-01-26,EQ-0109,TECH-009,ECUST-0109,ERP-00409,Condition-Based Maintenance,Cancelled,Technician note for EQ-0109 on 2026-01-26.,AI summary: Condition-Based Maintenance on EQ-0109.,0.3985,13825.65,162,4
MTN-00410,2026-04-02,EQ-0110,TECH-010,ECUST-0110,ERP-00410,Reliability-Centered Maintenance,Scheduled,Technician note for EQ-0110 on 2026-04-02.,AI summary: Reliability-Centered Maintenance on EQ-0110.,0.5873,8773.75,106,2
MTN-00411,2025-12-13,EQ-0111,TECH-011,ECUST-0111,ERP-00411,Preventive Maintenance,Completed,Technician note for EQ-0111 on 2025-12-13.,AI summary: Preventive Maintenance on EQ-0111.,0.9332,9730.8,21,1
MTN-00412,2025-09-03,EQ-0112,TECH-012,ECUST-0112,ERP-00412,Predictive Maintenance,In Progress,Technician note for EQ-0112 on 2025-09-03.,AI summary: Predictive Maintenance on EQ-0112.,0.2816,6813.43,105,3
MTN-00413,2026-06-05,EQ-0113,TECH-013,ECUST-0113,ERP-00413,Corrective Maintenance,Cancelled,Technician note for EQ-0113 on 2026-06-05.,AI summary: Corrective Maintenance on EQ-0113.,0.8401,858.33,64,1
MTN-00414,2026-06-22,EQ-0114,TECH-014,ECUST-0114,ERP-00414,Condition-Based Maintenance,Scheduled,Technician note for EQ-0114 on 2026-06-22.,AI summary: Condition-Based Maintenance on EQ-0114.,0.9501,8076.29,92,6
MTN-00415,2026-04-14,EQ-0115,TECH-015,ECUST-0115,ERP-00415,Reliability-Centered Maintenance,Scheduled,Technician note for EQ-0115 on 2026-04-14.,AI summary: Reliability-Centered Maintenance on EQ-0115.,0.2179,1329.41,80,4
MTN-00416,2026-01-19,EQ-0116,TECH-016,ECUST-0116,ERP-00416,Preventive Maintenance,In Progress,Technician note for EQ-0116 on 2026-01-19.,AI summary: Preventive Maintenance on EQ-0116.,0.2069,736.09,72,3
MTN-00417,2025-12-15,EQ-0117,TECH-017,ECUST-0117,ERP-00417,Predictive Maintenance,Cancelled,Technician note for EQ-0117 on 2025-12-15.,AI summary: Predictive Maintenance on EQ-0117.,0.6806,11678.92,176,3
MTN-00418,2026-04-06,EQ-0118,TECH-018,ECUST-0118,ERP-00418,Corrective Maintenance,Scheduled,Technician note for EQ-0118 on 2026-04-06.,AI summary: Corrective Maintenance on EQ-0118.,0.4741,11605.63,72,2
MTN-00419,2024-12-02,EQ-0119,TECH-019,ECUST-0119,ERP-00419,Condition-Based Maintenance,Scheduled,Technician note for EQ-0119 on 2024-12-02.,AI summary: Condition-Based Maintenance on EQ-0119.,0.7705,5756.25,145,2
MTN-00420,2025-06-08,EQ-0120,TECH-020,ECUST-0120,ERP-00420,Reliability-Centered Maintenance,Completed,Technician note for EQ-0120 on 2025-06-08.,AI summary: Reliability-Centered Maintenance on EQ-0120.,0.0029,8223.8,33,0
MTN-00421,2026-07-09,EQ-0121,TECH-021,ECUST-0121,ERP-00421,Preventive Maintenance,Cancelled,Technician note for EQ-0121 on 2026-07-09.,AI summary: Preventive Maintenance on EQ-0121.,0.0101,9014.45,50,2
MTN-00422,2026-01-30,EQ-0122,TECH-022,ECUST-0122,ERP-00422,Predictive Maintenance,Scheduled,Technician note for EQ-0122 on 2026-01-30.,AI summary: Predictive Maintenance on EQ-0122.,0.2221,10773.98,160,6
MTN-00423,2026-06-05,EQ-0123,TECH-023,ECUST-0123,ERP-00423,Corrective Maintenance,In Progress,Technician note for EQ-0123 on 2026-06-05.,AI summary: Corrective Maintenance on EQ-0123.,0.8582,1219.91,165,3
MTN-00424,2025-08-12,EQ-0124,TECH-024,ECUST-0124,ERP-00424,Condition-Based Maintenance,Completed,Technician note for EQ-0124 on 2025-08-12.,AI summary: Condition-Based Maintenance on EQ-0124.,0.7278,7971.3,163,7
MTN-00425,2026-03-12,EQ-0125,TECH-025,ECUST-0125,ERP-00425,Reliability-Centered Maintenance,Cancelled,Technician note for EQ-0125 on 2026-03-12.,AI summary: Reliability-Centered Maintenance on EQ-0125.,0.9579,14446.84,147,2
MTN-00426,2025-07-21,EQ-0126,TECH-026,ECUST-0126,ERP-00426,Preventive Maintenance,Delayed,Technician note for EQ-0126 on 2025-07-21.,AI summary: Preventive Maintenance on EQ-0126.,0.9204,4213.41,53,5
MTN-00427,2025-11-14,EQ-0127,TECH-027,ECUST-0127,ERP-00427,Predictive Maintenance,Delayed,Technician note for EQ-0127 on 2025-11-14.,AI summary: Predictive Maintenance on EQ-0127.,0.0643,13534.22,85,0
MTN-00428,2025-04-27,EQ-0128,TECH-028,ECUST-0128,ERP-00428,Corrective Maintenance,Scheduled,Technician note for EQ-0128 on 2025-04-27.,AI summary: Corrective Maintenance on EQ-0128.,0.9338,1770.26,143,5
MTN-00429,2024-09-09,EQ-0129,TECH-029,ECUST-0129,ERP-00429,Condition-Based Maintenance,Cancelled,Technician note for EQ-0129 on 2024-09-09.,AI summary: Condition-Based Maintenance on EQ-0129.,0.1982,7858.76,48,7
MTN-00430,2025-11-19,EQ-0130,TECH-030,ECUST-0130,ERP-00430,Reliability-Centered Maintenance,Scheduled,Technician note for EQ-0130 on 2025-11-19.,AI summary: Reliability-Centered Maintenance on EQ-0130.,0.8041,13836.92,40,5
MTN-00431,2024-11-30,EQ-0131,TECH-031,ECUST-0131,ERP-00431,Preventive Maintenance,Completed,Technician note for EQ-0131 on 2024-11-30.,AI summary: Preventive Maintenance on EQ-0131.,0.1897,12820.74,20,8
MTN-00432,2026-03-11,EQ-0132,TECH-032,ECUST-0132,ERP-00432,Predictive Maintenance,Scheduled,Technician note for EQ-0132 on 2026-03-11.,AI summary: Predictive Maintenance on EQ-0132.,0.593,12857.97,123,7
MTN-00433,2024-09-03,EQ-0133,TECH-033,ECUST-0133,ERP-00433,Corrective Maintenance,Cancelled,Technician note for EQ-0133 on 2024-09-03.,AI summary: Corrective Maintenance on EQ-0133.,0.0632,14051.71,88,5
MTN-00434,2024-09-04,EQ-0134,TECH-034,ECUST-0134,ERP-00434,Condition-Based Maintenance,Completed,Technician note for EQ-0134 on 2024-09-04.,AI summary: Condition-Based Maintenance on EQ-0134.,0.9833,12736.51,66,5
MTN-00435,2025-02-06,EQ-0135,TECH-035,ECUST-0135,ERP-00435,Reliability-Centered Maintenance,In Progress,Technician note for EQ-0135 on 2025-02-06.,AI summary: Reliability-Centered Maintenance on EQ-0135.,0.3175,11302.78,132,0
MTN-00436,2026-03-19,EQ-0136,TECH-036,ECUST-0136,ERP-00436,Preventive Maintenance,Scheduled,Technician note for EQ-0136 on 2026-03-19.,AI summary: Preventive Maintenance on EQ-0136.,0.1458,12669.99,179,6
MTN-00437,2024-09-04,EQ-0137,TECH-037,ECUST-0137,ERP-00437,Predictive Maintenance,Cancelled,Technician note for EQ-0137 on 2024-09-04.,AI summary: Predictive Maintenance on EQ-0137.,0.0397,2839.99,50,4
MTN-00438,2024-11-10,EQ-0138,TECH-038,ECUST-0138,ERP-00438,Corrective Maintenance,Scheduled,Technician note for EQ-0138 on 2024-11-10.,AI summary: Corrective Maintenance on EQ-0138.,0.6292,1908.63,136,1
MTN-00439,2024-11-08,EQ-0139,TECH-039,ECUST-0139,ERP-00439,Condition-Based Maintenance,Scheduled,Technician note for EQ-0139 on 2024-11-08.,AI summary: Condition-Based Maintenance on EQ-0139.,0.5104,14819.98,74,0
MTN-00440,2024-09-29,EQ-0140,TECH-040,ECUST-0140,ERP-00440,Reliability-Centered Maintenance,In Progress,Technician note for EQ-0140 on 2024-09-29.,AI summary: Reliability-Centered Maintenance on EQ-0140.,0.5394,13386.61,115,6
MTN-00441,2026-07-13,EQ-0141,TECH-001,ECUST-0141,ERP-00441,Preventive Maintenance,Cancelled,Technician note for EQ-0141 on 2026-07-13.,AI summary: Preventive Maintenance on EQ-0141.,0.0749,6166.15,105,6
MTN-00442,2025-09-06,EQ-0142,TECH-002,ECUST-0142,ERP-00442,Predictive Maintenance,Scheduled,Technician note for EQ-0142 on 2025-09-06.,AI summary: Predictive Maintenance on EQ-0142.,0.6983,9951.1,174,1
MTN-00443,2024-12-03,EQ-0143,TECH-003,ECUST-0143,ERP-00443,Corrective Maintenance,Delayed,Technician note for EQ-0143 on 2024-12-03.,AI summary: Corrective Maintenance on EQ-0143.,0.3991,9676.9,17,4
MTN-00444,2025-05-28,EQ-0144,TECH-004,ECUST-0144,ERP-00444,Condition-Based Maintenance,Completed,Technician note for EQ-0144 on 2025-05-28.,AI summary: Condition-Based Maintenance on EQ-0144.,0.2505,5088.93,48,5
MTN-00445,2026-01-18,EQ-0145,TECH-005,ECUST-0145,ERP-00445,Reliability-Centered Maintenance,Cancelled,Technician note for EQ-0145 on 2026-01-18.,AI summary: Reliability-Centered Maintenance on EQ-0145.,0.3309,3694.74,143,2
MTN-00446,2024-10-06,EQ-0146,TECH-006,ECUST-0146,ERP-00446,Preventive Maintenance,Completed,Technician note for EQ-0146 on 2024-10-06.,AI summary: Preventive Maintenance on EQ-0146.,0.9419,5615.71,168,6
MTN-00447,2024-08-19,EQ-0147,TECH-007,ECUST-0147,ERP-00447,Predictive Maintenance,In Progress,Technician note for EQ-0147 on 2024-08-19.,AI summary: Predictive Maintenance on EQ-0147.,0.5909,1813.34,78,2
MTN-00448,2025-03-22,EQ-0148,TECH-008,ECUST-0148,ERP-00448,Corrective Maintenance,Scheduled,Technician note for EQ-0148 on 2025-03-22.,AI summary: Corrective Maintenance on EQ-0148.,0.4456,3921.69,83,5
MTN-00449,2024-11-07,EQ-0149,TECH-009,ECUST-0149,ERP-00449,Condition-Based Maintenance,Cancelled,Technician note for EQ-0149 on 2024-11-07.,AI summary: Condition-Based Maintenance on EQ-0149.,0.7483,11570.0,2,3
MTN-00450,2025-07-03,EQ-0150,TECH-010,ECUST-0150,ERP-00450,Reliability-Centered Maintenance,Completed,Technician note for EQ-0150 on 2025-07-03.,AI summary: Reliability-Centered Maintenance on EQ-0150.,0.1331,14904.14,41,0
MTN-00451,2026-03-09,EQ-0001,TECH-011,ECUST-0151,ERP-00451,Preventive Maintenance,In Progress,Technician note for EQ-0001 on 2026-03-09.,AI summary: Preventive Maintenance on EQ-0001.,0.5151,3654.85,119,0
MTN-00452,2025-01-09,EQ-0002,TECH-012,ECUST-0152,ERP-00452,Predictive Maintenance,Delayed,Technician note for EQ-0002 on 2025-01-09.,AI summary: Predictive Maintenance on EQ-0002.,0.8867,442.34,161,2
MTN-00453,2025-01-18,EQ-0003,TECH-013,ECUST-0153,ERP-00453,Corrective Maintenance,Cancelled,Technician note for EQ-0003 on 2025-01-18.,AI summary: Corrective Maintenance on EQ-0003.,0.9329,2451.05,156,0
MTN-00454,2024-11-09,EQ-0004,TECH-014,ECUST-0154,ERP-00454,Condition-Based Maintenance,Delayed,Technician note for EQ-0004 on 2024-11-09.,AI summary: Condition-Based Maintenance on EQ-0004.,0.8735,2516.48,134,1
MTN-00455,2025-01-08,EQ-0005,TECH-015,ECUST-0155,ERP-00455,Reliability-Centered Maintenance,Completed,Technician note for EQ-0005 on 2025-01-08.,AI summary: Reliability-Centered Maintenance on EQ-0005.,0.4728,2061.21,170,4
MTN-00456,2025-04-08,EQ-0006,TECH-016,ECUST-0156,ERP-00456,Preventive Maintenance,Delayed,Technician note for EQ-0006 on 2025-04-08.,AI summary: Preventive Maintenance on EQ-0006.,0.4888,12519.77,126,6
MTN-00457,2026-06-10,EQ-0007,TECH-017,ECUST-0157,ERP-00457,Predictive Maintenance,Cancelled,Technician note for EQ-0007 on 2026-06-10.,AI summary: Predictive Maintenance on EQ-0007.,0.3436,3295.37,160,2
MTN-00458,2025-03-02,EQ-0008,TECH-018,ECUST-0158,ERP-00458,Corrective Maintenance,Scheduled,Technician note for EQ-0008 on 2025-03-02.,AI summary: Corrective Maintenance on EQ-0008.,0.5259,2188.94,51,0
MTN-00459,2026-06-22,EQ-0009,TECH-019,ECUST-0159,ERP-00459,Condition-Based Maintenance,Delayed,Technician note for EQ-0009 on 2026-06-22.,AI summary: Condition-Based Maintenance on EQ-0009.,0.378,4161.96,98,8
MTN-00460,2026-07-16,EQ-0010,TECH-020,ECUST-0160,ERP-00460,Reliability-Centered Maintenance,Scheduled,Technician note for EQ-0010 on 2026-07-16.,AI summary: Reliability-Centered Maintenance on EQ-0010.,0.3658,12216.01,47,8
MTN-00461,2025-07-07,EQ-0011,TECH-021,ECUST-0161,ERP-00461,Preventive Maintenance,Cancelled,Technician note for EQ-0011 on 2025-07-07.,AI summary: Preventive Maintenance on EQ-0011.,0.781,9197.43,101,2
MTN-00462,2026-06-24,EQ-0012,TECH-022,ECUST-0162,ERP-00462,Predictive Maintenance,Delayed,Technician note for EQ-0012 on 2026-06-24.,AI summary: Predictive Maintenance on EQ-0012.,0.9496,328.31,56,7
MTN-00463,2025-06-04,EQ-0013,TECH-023,ECUST-0163,ERP-00463,Corrective Maintenance,Scheduled,Technician note for EQ-0013 on 2025-06-04.,AI summary: Corrective Maintenance on EQ-0013.,0.5215,118.1,103,3
MTN-00464,2026-06-21,EQ-0014,TECH-024,ECUST-0164,ERP-00464,Condition-Based Maintenance,In Progress,Technician note for EQ-0014 on 2026-06-21.,AI summary: Condition-Based Maintenance on EQ-0014.,0.5528,13851.84,48,1
MTN-00465,2026-02-16,EQ-0015,TECH-025,ECUST-0165,ERP-00465,Reliability-Centered Maintenance,Cancelled,Technician note for EQ-0015 on 2026-02-16.,AI summary: Reliability-Centered Maintenance on EQ-0015.,0.7151,13156.62,188,5
MTN-00466,2025-05-13,EQ-0016,TECH-026,ECUST-0166,ERP-00466,Preventive Maintenance,Delayed,Technician note for EQ-0016 on 2025-05-13.,AI summary: Preventive Maintenance on EQ-0016.,0.8165,7098.35,37,2
MTN-00467,2025-05-03,EQ-0017,TECH-027,ECUST-0167,ERP-00467,Predictive Maintenance,Delayed,Technician note for EQ-0017 on 2025-05-03.,AI summary: Predictive Maintenance on EQ-0017.,0.975,6903.36,95,3
MTN-00468,2026-03-13,EQ-0018,TECH-028,ECUST-0168,ERP-00468,Corrective Maintenance,Delayed,Technician note for EQ-0018 on 2026-03-13.,AI summary: Corrective Maintenance on EQ-0018.,0.3522,9004.36,187,1
MTN-00469,2025-06-28,EQ-0019,TECH-029,ECUST-0169,ERP-00469,Condition-Based Maintenance,Cancelled,Technician note for EQ-0019 on 2025-06-28.,AI summary: Condition-Based Maintenance on EQ-0019.,0.2084,1339.53,139,0
MTN-00470,2026-05-23,EQ-0020,TECH-030,ECUST-0170,ERP-00470,Reliability-Centered Maintenance,Completed,Technician note for EQ-0020 on 2026-05-23.,AI summary: Reliability-Centered Maintenance on EQ-0020.,0.4351,12611.72,8,7
MTN-00471,2025-04-23,EQ-0021,TECH-031,ECUST-0171,ERP-00471,Preventive Maintenance,In Progress,Technician note for EQ-0021 on 2025-04-23.,AI summary: Preventive Maintenance on EQ-0021.,0.3116,882.39,23,1
MTN-00472,2026-04-01,EQ-0022,TECH-032,ECUST-0172,ERP-00472,Predictive Maintenance,Scheduled,Technician note for EQ-0022 on 2026-04-01.,AI summary: Predictive Maintenance on EQ-0022.,0.6844,7012.38,102,3
MTN-00473,2026-05-04,EQ-0023,TECH-033,ECUST-0173,ERP-00473,Corrective Maintenance,Cancelled,Technician note for EQ-0023 on 2026-05-04.,AI summary: Corrective Maintenance on EQ-0023.,0.5717,12819.84,86,6
MTN-00474,2025-12-04,EQ-0024,TECH-034,ECUST-0174,ERP-00474,Condition-Based Maintenance,In Progress,Technician note for EQ-0024 on 2025-12-04.,AI summary: Condition-Based Maintenance on EQ-0024.,0.7624,9238.76,91,7
MTN-00475,2025-02-03,EQ-0025,TECH-035,ECUST-0175,ERP-00475,Reliability-Centered Maintenance,Scheduled,Technician note for EQ-0025 on 2025-02-03.,AI summary: Reliability-Centered Maintenance on EQ-0025.,0.0697,9303.5,1,0
MTN-00476,2025-06-05,EQ-0026,TECH-036,ECUST-0176,ERP-00476,Preventive Maintenance,Delayed,Technician note for EQ-0026 on 2025-06-05.,AI summary: Preventive Maintenance on EQ-0026.,0.2338,6585.75,146,6
MTN-00477,2026-04-25,EQ-0027,TECH-037,ECUST-0177,ERP-00477,Predictive Maintenance,Cancelled,Technician note for EQ-0027 on 2026-04-25.,AI summary: Predictive Maintenance on EQ-0027.,0.3587,1986.59,64,3
MTN-00478,2024-08-16,EQ-0028,TECH-038,ECUST-0178,ERP-00478,Corrective Maintenance,Completed,Technician note for EQ-0028 on 2024-08-16.,AI summary: Corrective Maintenance on EQ-0028.,0.1147,481.72,36,7
MTN-00479,2025-12-08,EQ-0029,TECH-039,ECUST-0179,ERP-00479,Condition-Based Maintenance,Delayed,Technician note for EQ-0029 on 2025-12-08.,AI summary: Condition-Based Maintenance on EQ-0029.,0.6354,7165.93,155,8
MTN-00480,2025-11-19,EQ-0030,TECH-040,ECUST-0180,ERP-00480,Reliability-Centered Maintenance,In Progress,Technician note for EQ-0030 on 2025-11-19.,AI summary: Reliability-Centered Maintenance on EQ-0030.,0.9902,434.9,179,6
MTN-00481,2024-07-28,EQ-0031,TECH-001,ECUST-0181,ERP-00481,Preventive Maintenance,Cancelled,Technician note for EQ-0031 on 2024-07-28.,AI summary: Preventive Maintenance on EQ-0031.,0.6408,736.5,129,5
MTN-00482,2026-07-14,EQ-0032,TECH-002,ECUST-0182,ERP-00482,Predictive Maintenance,Delayed,Technician note for EQ-0032 on 2026-07-14.,AI summary: Predictive Maintenance on EQ-0032.,0.0174,4088.29,114,6
MTN-00483,2025-11-09,EQ-0033,TECH-003,ECUST-0183,ERP-00483,Corrective Maintenance,In Progress,Technician note for EQ-0033 on 2025-11-09.,AI summary: Corrective Maintenance on EQ-0033.,0.992,6074.27,17,6
MTN-00484,2025-09-26,EQ-0034,TECH-004,ECUST-0184,ERP-00484,Condition-Based Maintenance,Completed,Technician note for EQ-0034 on 2025-09-26.,AI summary: Condition-Based Maintenance on EQ-0034.,0.4553,4355.7,181,1
MTN-00485,2025-10-06,EQ-0035,TECH-005,ECUST-0185,ERP-00485,Reliability-Centered Maintenance,Cancelled,Technician note for EQ-0035 on 2025-10-06.,AI summary: Reliability-Centered Maintenance on EQ-0035.,0.1166,5174.36,191,4
MTN-00486,2024-07-21,EQ-0036,TECH-006,ECUST-0186,ERP-00486,Preventive Maintenance,Scheduled,Technician note for EQ-0036 on 2024-07-21.,AI summary: Preventive Maintenance on EQ-0036.,0.2354,13515.57,139,7
MTN-00487,2025-09-15,EQ-0037,TECH-007,ECUST-0187,ERP-00487,Predictive Maintenance,Scheduled,Technician note for EQ-0037 on 2025-09-15.,AI summary: Predictive Maintenance on EQ-0037.,0.2232,5462.2,175,3
MTN-00488,2025-09-20,EQ-0038,TECH-008,ECUST-0188,ERP-00488,Corrective Maintenance,In Progress,Technician note for EQ-0038 on 2025-09-20.,AI summary: Corrective Maintenance on EQ-0038.,0.4129,12863.95,35,0
MTN-00489,2025-12-08,EQ-0039,TECH-009,ECUST-0189,ERP-00489,Condition-Based Maintenance,Cancelled,Technician note for EQ-0039 on 2025-12-08.,AI summary: Condition-Based Maintenance on EQ-0039.,0.498,13721.82,45,6
MTN-00490,2025-12-01,EQ-0040,TECH-010,ECUST-0190,ERP-00490,Reliability-Centered Maintenance,Scheduled,Technician note for EQ-0040 on 2025-12-01.,AI summary: Reliability-Centered Maintenance on EQ-0040.,0.7941,163.02,46,4
MTN-00491,2026-06-12,EQ-0041,TECH-011,ECUST-0191,ERP-00491,Preventive Maintenance,Scheduled,Technician note for EQ-0041 on 2026-06-12.,AI summary: Preventive Maintenance on EQ-0041.,0.9246,2866.29,197,4
MTN-00492,2026-01-22,EQ-0042,TECH-012,ECUST-0192,ERP-00492,Predictive Maintenance,Delayed,Technician note for EQ-0042 on 2026-01-22.,AI summary: Predictive Maintenance on EQ-0042.,0.0876,10792.15,125,0
MTN-00493,2025-01-20,EQ-0043,TECH-013,ECUST-0193,ERP-00493,Corrective Maintenance,Cancelled,Technician note for EQ-0043 on 2025-01-20.,AI summary: Corrective Maintenance on EQ-0043.,0.3569,6105.18,167,5
MTN-00494,2025-09-25,EQ-0044,TECH-014,ECUST-0194,ERP-00494,Condition-Based Maintenance,Completed,Technician note for EQ-0044 on 2025-09-25.,AI summary: Condition-Based Maintenance on EQ-0044.,0.9307,899.95,117,8
MTN-00495,2025-08-24,EQ-0045,TECH-015,ECUST-0195,ERP-00495,Reliability-Centered Maintenance,Scheduled,Technician note for EQ-0045 on 2025-08-24.,AI summary: Reliability-Centered Maintenance on EQ-0045.,0.3359,759.69,55,6
MTN-00496,2025-07-24,EQ-0046,TECH-016,ECUST-0196,ERP-00496,Preventive Maintenance,Scheduled,Technician note for EQ-0046 on 2025-07-24.,AI summary: Preventive Maintenance on EQ-0046.,0.0703,243.5,130,5
MTN-00497,2025-08-17,EQ-0047,TECH-017,ECUST-0197,ERP-00497,Predictive Maintenance,Cancelled,Technician note for EQ-0047 on 2025-08-17.,AI summary: Predictive Maintenance on EQ-0047.,0.5754,594.39,134,0
MTN-00498,2025-08-17,EQ-0048,TECH-018,ECUST-0198,ERP-00498,Corrective Maintenance,Delayed,Technician note for EQ-0048 on 2025-08-17.,AI summary: Corrective Maintenance on EQ-0048.,0.8605,2921.94,122,7
MTN-00499,2025-07-07,EQ-0049,TECH-019,ECUST-0199,ERP-00499,Condition-Based Maintenance,Scheduled,Technician note for EQ-0049 on 2025-07-07.,AI summary: Condition-Based Maintenance on EQ-0049.,0.8097,3833.64,101,8
MTN-00500,2025-11-24,EQ-0050,TECH-020,ECUST-0200,ERP-00500,Reliability-Centered Maintenance,Delayed,Technician note for EQ-0050 on 2025-11-24.,AI summary: Reliability-Centered Maintenance on EQ-0050.,0.6612,7856.27,111,7
MTN-00501,2026-06-19,EQ-0051,TECH-021,ECUST-0201,ERP-00501,Preventive Maintenance,Cancelled,Technician note for EQ-0051 on 2026-06-19.,AI summary: Preventive Maintenance on EQ-0051.,0.912,14804.38,96,8
MTN-00502,2025-01-07,EQ-0052,TECH-022,ECUST-0202,ERP-00502,Predictive Maintenance,Scheduled,Technician note for EQ-0052 on 2025-01-07.,AI summary: Predictive Maintenance on EQ-0052.,0.5435,6042.7,80,8
MTN-00503,2026-04-09,EQ-0053,TECH-023,ECUST-0203,ERP-00503,Corrective Maintenance,Completed,Technician note for EQ-0053 on 2026-04-09.,AI summary: Corrective Maintenance on EQ-0053.,0.0172,10524.31,18,0
MTN-00504,2025-02-17,EQ-0054,TECH-024,ECUST-0204,ERP-00504,Condition-Based Maintenance,Scheduled,Technician note for EQ-0054 on 2025-02-17.,AI summary: Condition-Based Maintenance on EQ-0054.,0.3839,11933.35,192,7
MTN-00505,2025-10-10,EQ-0055,TECH-025,ECUST-0205,ERP-00505,Reliability-Centered Maintenance,Cancelled,Technician note for EQ-0055 on 2025-10-10.,AI summary: Reliability-Centered Maintenance on EQ-0055.,0.2046,11465.53,160,2
MTN-00506,2025-02-02,EQ-0056,TECH-026,ECUST-0206,ERP-00506,Preventive Maintenance,Completed,Technician note for EQ-0056 on 2025-02-02.,AI summary: Preventive Maintenance on EQ-0056.,0.4566,901.89,189,4
MTN-00507,2025-03-30,EQ-0057,TECH-027,ECUST-0207,ERP-00507,Predictive Maintenance,Completed,Technician note for EQ-0057 on 2025-03-30.,AI summary: Predictive Maintenance on EQ-0057.,0.8269,3658.62,53,7
MTN-00508,2025-05-01,EQ-0058,TECH-028,ECUST-0208,ERP-00508,Corrective Maintenance,Delayed,Technician note for EQ-0058 on 2025-05-01.,AI summary: Corrective Maintenance on EQ-0058.,0.5366,3269.34,131,3
MTN-00509,2024-10-04,EQ-0059,TECH-029,ECUST-0209,ERP-00509,Condition-Based Maintenance,Cancelled,Technician note for EQ-0059 on 2024-10-04.,AI summary: Condition-Based Maintenance on EQ-0059.,0.5886,3821.16,6,4
MTN-00510,2025-11-16,EQ-0060,TECH-030,ECUST-0210,ERP-00510,Reliability-Centered Maintenance,In Progress,Technician note for EQ-0060 on 2025-11-16.,AI summary: Reliability-Centered Maintenance on EQ-0060.,0.5797,6331.73,121,5
MTN-00511,2025-04-22,EQ-0061,TECH-031,ECUST-0211,ERP-00511,Preventive Maintenance,Completed,Technician note for EQ-0061 on 2025-04-22.,AI summary: Preventive Maintenance on EQ-0061.,0.8897,13619.07,143,6
MTN-00512,2025-09-17,EQ-0062,TECH-032,ECUST-0212,ERP-00512,Predictive Maintenance,Completed,Technician note for EQ-0062 on 2025-09-17.,AI summary: Predictive Maintenance on EQ-0062.,0.9232,6676.43,152,2
MTN-00513,2025-02-12,EQ-0063,TECH-033,ECUST-0213,ERP-00513,Corrective Maintenance,Cancelled,Technician note for EQ-0063 on 2025-02-12.,AI summary: Corrective Maintenance on EQ-0063.,0.9546,5506.93,122,6
MTN-00514,2024-08-26,EQ-0064,TECH-034,ECUST-0214,ERP-00514,Condition-Based Maintenance,Completed,Technician note for EQ-0064 on 2024-08-26.,AI summary: Condition-Based Maintenance on EQ-0064.,0.9316,6271.12,34,7
MTN-00515,2025-05-16,EQ-0065,TECH-035,ECUST-0215,ERP-00515,Reliability-Centered Maintenance,In Progress,Technician note for EQ-0065 on 2025-05-16.,AI summary: Reliability-Centered Maintenance on EQ-0065.,0.811,11045.44,166,8
MTN-00516,2026-01-03,EQ-0066,TECH-036,ECUST-0216,ERP-00516,Preventive Maintenance,In Progress,Technician note for EQ-0066 on 2026-01-03.,AI summary: Preventive Maintenance on EQ-0066.,0.3378,4580.49,52,2
MTN-00517,2024-11-14,EQ-0067,TECH-037,ECUST-0217,ERP-00517,Predictive Maintenance,Cancelled,Technician note for EQ-0067 on 2024-11-14.,AI summary: Predictive Maintenance on EQ-0067.,0.3971,727.05,163,7
MTN-00518,2025-10-29,EQ-0068,TECH-038,ECUST-0218,ERP-00518,Corrective Maintenance,Delayed,Technician note for EQ-0068 on 2025-10-29.,AI summary: Corrective Maintenance on EQ-0068.,0.8882,11629.56,99,6
MTN-00519,2026-06-18,EQ-0069,TECH-039,ECUST-0219,ERP-00519,Condition-Based Maintenance,Delayed,Technician note for EQ-0069 on 2026-06-18.,AI summary: Condition-Based Maintenance on EQ-0069.,0.7929,12977.72,155,7
MTN-00520,2025-05-24,EQ-0070,TECH-040,ECUST-0220,ERP-00520,Reliability-Centered Maintenance,Completed,Technician note for EQ-0070 on 2025-05-24.,AI summary: Reliability-Centered Maintenance on EQ-0070.,0.1748,5133.03,160,1
MTN-00521,2025-07-03,EQ-0071,TECH-001,ECUST-0221,ERP-00521,Preventive Maintenance,Cancelled,Technician note for EQ-0071 on 2025-07-03.,AI summary: Preventive Maintenance on EQ-0071.,0.4509,2517.95,100,0
MTN-00522,2026-03-12,EQ-0072,TECH-002,ECUST-0222,ERP-00522,Predictive Maintenance,Scheduled,Technician note for EQ-0072 on 2026-03-12.,AI summary: Predictive Maintenance on EQ-0072.,0.0109,2852.39,189,5
MTN-00523,2024-08-18,EQ-0073,TECH-003,ECUST-0223,ERP-00523,Corrective Maintenance,Completed,Technician note for EQ-0073 on 2024-08-18.,AI summary: Corrective Maintenance on EQ-0073.,0.1629,3248.37,23,6
MTN-00524,2024-07-28,EQ-0074,TECH-004,ECUST-0224,ERP-00524,Condition-Based Maintenance,Scheduled,Technician note for EQ-0074 on 2024-07-28.,AI summary: Condition-Based Maintenance on EQ-0074.,0.8393,6040.15,75,3
MTN-00525,2024-08-06,EQ-0075,TECH-005,ECUST-0225,ERP-00525,Reliability-Centered Maintenance,Cancelled,Technician note for EQ-0075 on 2024-08-06.,AI summary: Reliability-Centered Maintenance on EQ-0075.,0.4768,13391.1,165,3
MTN-00526,2025-10-07,EQ-0076,TECH-006,ECUST-0226,ERP-00526,Preventive Maintenance,Scheduled,Technician note for EQ-0076 on 2025-10-07.,AI summary: Preventive Maintenance on EQ-0076.,0.1348,11887.47,79,2
MTN-00527,2025-04-17,EQ-0077,TECH-007,ECUST-0227,ERP-00527,Predictive Maintenance,Delayed,Technician note for EQ-0077 on 2025-04-17.,AI summary: Predictive Maintenance on EQ-0077.,0.6608,10884.56,127,6
MTN-00528,2025-09-07,EQ-0078,TECH-008,ECUST-0228,ERP-00528,Corrective Maintenance,In Progress,Technician note for EQ-0078 on 2025-09-07.,AI summary: Corrective Maintenance on EQ-0078.,0.8647,6740.36,148,5
MTN-00529,2025-02-02,EQ-0079,TECH-009,ECUST-0229,ERP-00529,Condition-Based Maintenance,Cancelled,Technician note for EQ-0079 on 2025-02-02.,AI summary: Condition-Based Maintenance on EQ-0079.,0.997,4590.14,46,4
MTN-00530,2025-05-22,EQ-0080,TECH-010,ECUST-0230,ERP-00530,Reliability-Centered Maintenance,Scheduled,Technician note for EQ-0080 on 2025-05-22.,AI summary: Reliability-Centered Maintenance on EQ-0080.,0.9289,11919.37,181,8
MTN-00531,2025-01-18,EQ-0081,TECH-011,ECUST-0231,ERP-00531,Preventive Maintenance,Completed,Technician note for EQ-0081 on 2025-01-18.,AI summary: Preventive Maintenance on EQ-0081.,0.784,6809.92,93,1
MTN-00532,2026-03-27,EQ-0082,TECH-012,ECUST-0232,ERP-00532,Predictive Maintenance,In Progress,Technician note for EQ-0082 on 2026-03-27.,AI summary: Predictive Maintenance on EQ-0082.,0.5178,4247.29,133,4
MTN-00533,2025-01-05,EQ-0083,TECH-013,ECUST-0233,ERP-00533,Corrective Maintenance,Cancelled,Technician note for EQ-0083 on 2025-01-05.,AI summary: Corrective Maintenance on EQ-0083.,0.3625,14258.0,187,8
MTN-00534,2024-10-03,EQ-0084,TECH-014,ECUST-0234,ERP-00534,Condition-Based Maintenance,Scheduled,Technician note for EQ-0084 on 2024-10-03.,AI summary: Condition-Based Maintenance on EQ-0084.,0.2594,8193.6,28,3
MTN-00535,2025-03-21,EQ-0085,TECH-015,ECUST-0235,ERP-00535,Reliability-Centered Maintenance,Completed,Technician note for EQ-0085 on 2025-03-21.,AI summary: Reliability-Centered Maintenance on EQ-0085.,0.9668,5736.55,173,8
MTN-00536,2025-03-09,EQ-0086,TECH-016,ECUST-0236,ERP-00536,Preventive Maintenance,In Progress,Technician note for EQ-0086 on 2025-03-09.,AI summary: Preventive Maintenance on EQ-0086.,0.6803,1717.42,184,8
MTN-00537,2025-09-24,EQ-0087,TECH-017,ECUST-0237,ERP-00537,Predictive Maintenance,Cancelled,Technician note for EQ-0087 on 2025-09-24.,AI summary: Predictive Maintenance on EQ-0087.,0.3977,10917.94,87,5
MTN-00538,2024-09-19,EQ-0088,TECH-018,ECUST-0238,ERP-00538,Corrective Maintenance,Scheduled,Technician note for EQ-0088 on 2024-09-19.,AI summary: Corrective Maintenance on EQ-0088.,0.6321,8395.42,72,1
MTN-00539,2025-05-25,EQ-0089,TECH-019,ECUST-0239,ERP-00539,Condition-Based Maintenance,Delayed,Technician note for EQ-0089 on 2025-05-25.,AI summary: Condition-Based Maintenance on EQ-0089.,0.8806,5643.36,186,7
MTN-00540,2026-07-16,EQ-0090,TECH-020,ECUST-0240,ERP-00540,Reliability-Centered Maintenance,In Progress,Technician note for EQ-0090 on 2026-07-16.,AI summary: Reliability-Centered Maintenance on EQ-0090.,0.2286,10299.1,128,8
MTN-00541,2024-08-10,EQ-0091,TECH-021,ECUST-0241,ERP-00541,Preventive Maintenance,Cancelled,Technician note for EQ-0091 on 2024-08-10.,AI summary: Preventive Maintenance on EQ-0091.,0.8056,929.43,174,4
MTN-00542,2025-03-12,EQ-0092,TECH-022,ECUST-0242,ERP-00542,Predictive Maintenance,Completed,Technician note for EQ-0092 on 2025-03-12.,AI summary: Predictive Maintenance on EQ-0092.,0.0451,7152.44,171,8
MTN-00543,2025-01-02,EQ-0093,TECH-023,ECUST-0243,ERP-00543,Corrective Maintenance,Delayed,Technician note for EQ-0093 on 2025-01-02.,AI summary: Corrective Maintenance on EQ-0093.,0.1508,9818.9,167,0
MTN-00544,2026-06-10,EQ-0094,TECH-024,ECUST-0244,ERP-00544,Condition-Based Maintenance,In Progress,Technician note for EQ-0094 on 2026-06-10.,AI summary: Condition-Based Maintenance on EQ-0094.,0.6175,3983.88,147,8
MTN-00545,2024-07-11,EQ-0095,TECH-025,ECUST-0245,ERP-00545,Reliability-Centered Maintenance,Cancelled,Technician note for EQ-0095 on 2024-07-11.,AI summary: Reliability-Centered Maintenance on EQ-0095.,0.6202,10536.86,157,3
MTN-00546,2026-04-13,EQ-0096,TECH-026,ECUST-0246,ERP-00546,Preventive Maintenance,Scheduled,Technician note for EQ-0096 on 2026-04-13.,AI summary: Preventive Maintenance on EQ-0096.,0.8293,1912.1,25,0
MTN-00547,2025-04-26,EQ-0097,TECH-027,ECUST-0247,ERP-00547,Predictive Maintenance,In Progress,Technician note for EQ-0097 on 2025-04-26.,AI summary: Predictive Maintenance on EQ-0097.,0.8714,12591.1,6,2
MTN-00548,2025-05-10,EQ-0098,TECH-028,ECUST-0248,ERP-00548,Corrective Maintenance,Completed,Technician note for EQ-0098 on 2025-05-10.,AI summary: Corrective Maintenance on EQ-0098.,0.5008,2235.67,182,1
MTN-00549,2025-05-13,EQ-0099,TECH-029,ECUST-0249,ERP-00549,Condition-Based Maintenance,Cancelled,Technician note for EQ-0099 on 2025-05-13.,AI summary: Condition-Based Maintenance on EQ-0099.,0.3497,9905.8,191,4
MTN-00550,2026-01-28,EQ-0100,TECH-030,ECUST-0250,ERP-00550,Reliability-Centered Maintenance,In Progress,Technician note for EQ-0100 on 2026-01-28.,AI summary: Reliability-Centered Maintenance on EQ-0100.,0.6003,8257.46,13,5
MTN-00551,2025-01-13,EQ-0101,TECH-031,ECUST-0251,ERP-00551,Preventive Maintenance,Scheduled,Technician note for EQ-0101 on 2025-01-13.,AI summary: Preventive Maintenance on EQ-0101.,0.8403,2998.25,42,7
MTN-00552,2024-10-10,EQ-0102,TECH-032,ECUST-0252,ERP-00552,Predictive Maintenance,In Progress,Technician note for EQ-0102 on 2024-10-10.,AI summary: Predictive Maintenance on EQ-0102.,0.9267,13927.98,182,1
MTN-00553,2024-12-02,EQ-0103,TECH-033,ECUST-0253,ERP-00553,Corrective Maintenance,Cancelled,Technician note for EQ-0103 on 2024-12-02.,AI summary: Corrective Maintenance on EQ-0103.,0.3688,10378.12,29,3
MTN-00554,2025-12-25,EQ-0104,TECH-034,ECUST-0254,ERP-00554,Condition-Based Maintenance,In Progress,Technician note for EQ-0104 on 2025-12-25.,AI summary: Condition-Based Maintenance on EQ-0104.,0.0514,7450.06,95,2
MTN-00555,2026-03-22,EQ-0105,TECH-035,ECUST-0255,ERP-00555,Reliability-Centered Maintenance,Completed,Technician note for EQ-0105 on 2026-03-22.,AI summary: Reliability-Centered Maintenance on EQ-0105.,0.3605,5392.67,172,0
MTN-00556,2025-04-10,EQ-0106,TECH-036,ECUST-0256,ERP-00556,Preventive Maintenance,Completed,Technician note for EQ-0106 on 2025-04-10.,AI summary: Preventive Maintenance on EQ-0106.,0.8119,12382.39,91,1
MTN-00557,2025-12-03,EQ-0107,TECH-037,ECUST-0257,ERP-00557,Predictive Maintenance,Cancelled,Technician note for EQ-0107 on 2025-12-03.,AI summary: Predictive Maintenance on EQ-0107.,0.8743,11214.0,200,3
MTN-00558,2025-02-18,EQ-0108,TECH-038,ECUST-0258,ERP-00558,Corrective Maintenance,Delayed,Technician note for EQ-0108 on 2025-02-18.,AI summary: Corrective Maintenance on EQ-0108.,0.2325,14615.36,62,1
MTN-00559,2025-08-16,EQ-0109,TECH-039,ECUST-0259,ERP-00559,Condition-Based Maintenance,Scheduled,Technician note for EQ-0109 on 2025-08-16.,AI summary: Condition-Based Maintenance on EQ-0109.,0.6913,1146.8,76,3
MTN-00560,2025-03-03,EQ-0110,TECH-040,ECUST-0260,ERP-00560,Reliability-Centered Maintenance,Delayed,Technician note for EQ-0110 on 2025-03-03.,AI summary: Reliability-Centered Maintenance on EQ-0110.,0.3166,12396.36,192,2
MTN-00561,2024-08-20,EQ-0111,TECH-001,ECUST-0261,ERP-00561,Preventive Maintenance,Cancelled,Technician note for EQ-0111 on 2024-08-20.,AI summary: Preventive Maintenance on EQ-0111.,0.2097,1194.22,95,4
MTN-00562,2026-02-03,EQ-0112,TECH-002,ECUST-0262,ERP-00562,Predictive Maintenance,Delayed,Technician note for EQ-0112 on 2026-02-03.,AI summary: Predictive Maintenance on EQ-0112.,0.5266,11749.2,192,4
MTN-00563,2026-05-22,EQ-0113,TECH-003,ECUST-0263,ERP-00563,Corrective Maintenance,Scheduled,Technician note for EQ-0113 on 2026-05-22.,AI summary: Corrective Maintenance on EQ-0113.,0.359,5617.68,101,7
MTN-00564,2026-01-15,EQ-0114,TECH-004,ECUST-0264,ERP-00564,Condition-Based Maintenance,Scheduled,Technician note for EQ-0114 on 2026-01-15.,AI summary: Condition-Based Maintenance on EQ-0114.,0.2568,8563.15,62,6
MTN-00565,2024-11-20,EQ-0115,TECH-005,ECUST-0265,ERP-00565,Reliability-Centered Maintenance,Cancelled,Technician note for EQ-0115 on 2024-11-20.,AI summary: Reliability-Centered Maintenance on EQ-0115.,0.7671,7136.62,114,3
MTN-00566,2025-01-28,EQ-0116,TECH-006,ECUST-0266,ERP-00566,Preventive Maintenance,Delayed,Technician note for EQ-0116 on 2025-01-28.,AI summary: Preventive Maintenance on EQ-0116.,0.3142,10505.28,130,3
MTN-00567,2024-10-29,EQ-0117,TECH-007,ECUST-0267,ERP-00567,Predictive Maintenance,In Progress,Technician note for EQ-0117 on 2024-10-29.,AI summary: Predictive Maintenance on EQ-0117.,0.4368,7645.94,32,8
MTN-00568,2025-02-25,EQ-0118,TECH-008,ECUST-0268,ERP-00568,Corrective Maintenance,In Progress,Technician note for EQ-0118 on 2025-02-25.,AI summary: Corrective Maintenance on EQ-0118.,0.83,4901.0,113,4
MTN-00569,2026-07-01,EQ-0119,TECH-009,ECUST-0269,ERP-00569,Condition-Based Maintenance,Cancelled,Technician note for EQ-0119 on 2026-07-01.,AI summary: Condition-Based Maintenance on EQ-0119.,0.7574,6646.68,43,0
MTN-00570,2024-10-01,EQ-0120,TECH-010,ECUST-0270,ERP-00570,Reliability-Centered Maintenance,Delayed,Technician note for EQ-0120 on 2024-10-01.,AI summary: Reliability-Centered Maintenance on EQ-0120.,0.7484,12780.86,81,3
MTN-00571,2024-07-12,EQ-0121,TECH-011,ECUST-0271,ERP-00571,Preventive Maintenance,In Progress,Technician note for EQ-0121 on 2024-07-12.,AI summary: Preventive Maintenance on EQ-0121.,0.5926,5419.16,20,3
MTN-00572,2026-03-30,EQ-0122,TECH-012,ECUST-0272,ERP-00572,Predictive Maintenance,Completed,Technician note for EQ-0122 on 2026-03-30.,AI summary: Predictive Maintenance on EQ-0122.,0.3606,6694.34,134,0
MTN-00573,2024-08-02,EQ-0123,TECH-013,ECUST-0273,ERP-00573,Corrective Maintenance,Cancelled,Technician note for EQ-0123 on 2024-08-02.,AI summary: Corrective Maintenance on EQ-0123.,0.7388,9682.13,27,6
MTN-00574,2025-01-09,EQ-0124,TECH-014,ECUST-0274,ERP-00574,Condition-Based Maintenance,Scheduled,Technician note for EQ-0124 on 2025-01-09.,AI summary: Condition-Based Maintenance on EQ-0124.,0.4467,10589.56,149,0
MTN-00575,2025-07-11,EQ-0125,TECH-015,ECUST-0275,ERP-00575,Reliability-Centered Maintenance,In Progress,Technician note for EQ-0125 on 2025-07-11.,AI summary: Reliability-Centered Maintenance on EQ-0125.,0.0899,12554.65,85,1
MTN-00576,2025-12-11,EQ-0126,TECH-016,ECUST-0276,ERP-00576,Preventive Maintenance,In Progress,Technician note for EQ-0126 on 2025-12-11.,AI summary: Preventive Maintenance on EQ-0126.,0.1689,2573.8,108,4
MTN-00577,2025-01-05,EQ-0127,TECH-017,ECUST-0277,ERP-00577,Predictive Maintenance,Cancelled,Technician note for EQ-0127 on 2025-01-05.,AI summary: Predictive Maintenance on EQ-0127.,0.3414,2207.5,124,3
MTN-00578,2025-05-18,EQ-0128,TECH-018,ECUST-0278,ERP-00578,Corrective Maintenance,Scheduled,Technician note for EQ-0128 on 2025-05-18.,AI summary: Corrective Maintenance on EQ-0128.,0.3964,12216.09,119,6
MTN-00579,2026-07-09,EQ-0129,TECH-019,ECUST-0279,ERP-00579,Condition-Based Maintenance,Scheduled,Technician note for EQ-0129 on 2026-07-09.,AI summary: Condition-Based Maintenance on EQ-0129.,0.8697,7417.24,27,2
MTN-00580,2025-07-21,EQ-0130,TECH-020,ECUST-0280,ERP-00580,Reliability-Centered Maintenance,In Progress,Technician note for EQ-0130 on 2025-07-21.,AI summary: Reliability-Centered Maintenance on EQ-0130.,0.8234,6043.7,115,2
MTN-00581,2025-06-11,EQ-0131,TECH-021,ECUST-0281,ERP-00581,Preventive Maintenance,Cancelled,Technician note for EQ-0131 on 2025-06-11.,AI summary: Preventive Maintenance on EQ-0131.,0.7535,14604.7,43,6
MTN-00582,2025-03-29,EQ-0132,TECH-022,ECUST-0282,ERP-00582,Predictive Maintenance,Completed,Technician note for EQ-0132 on 2025-03-29.,AI summary: Predictive Maintenance on EQ-0132.,0.5328,4876.95,101,2
MTN-00583,2025-05-17,EQ-0133,TECH-023,ECUST-0283,ERP-00583,Corrective Maintenance,Delayed,Technician note for EQ-0133 on 2025-05-17.,AI summary: Corrective Maintenance on EQ-0133.,0.441,1643.46,81,0
MTN-00584,2025-06-17,EQ-0134,TECH-024,ECUST-0284,ERP-00584,Condition-Based Maintenance,Scheduled,Technician note for EQ-0134 on 2025-06-17.,AI summary: Condition-Based Maintenance on EQ-0134.,0.6815,14014.94,11,6
MTN-00585,2025-09-21,EQ-0135,TECH-025,ECUST-0285,ERP-00585,Reliability-Centered Maintenance,Cancelled,Technician note for EQ-0135 on 2025-09-21.,AI summary: Reliability-Centered Maintenance on EQ-0135.,0.863,7122.12,21,3
MTN-00586,2025-03-08,EQ-0136,TECH-026,ECUST-0286,ERP-00586,Preventive Maintenance,In Progress,Technician note for EQ-0136 on 2025-03-08.,AI summary: Preventive Maintenance on EQ-0136.,0.3418,2991.67,75,3
MTN-00587,2024-10-20,EQ-0137,TECH-027,ECUST-0287,ERP-00587,Predictive Maintenance,Delayed,Technician note for EQ-0137 on 2024-10-20.,AI summary: Predictive Maintenance on EQ-0137.,0.7436,1861.56,147,5
MTN-00588,2025-02-08,EQ-0138,TECH-028,ECUST-0288,ERP-00588,Corrective Maintenance,Scheduled,Technician note for EQ-0138 on 2025-02-08.,AI summary: Corrective Maintenance on EQ-0138.,0.9537,14859.11,46,4
MTN-00589,2025-09-05,EQ-0139,TECH-029,ECUST-0289,ERP-00589,Condition-Based Maintenance,Cancelled,Technician note for EQ-0139 on 2025-09-05.,AI summary: Condition-Based Maintenance on EQ-0139.,0.7305,12185.71,19,8
MTN-00590,2025-04-13,EQ-0140,TECH-030,ECUST-0290,ERP-00590,Reliability-Centered Maintenance,Completed,Technician note for EQ-0140 on 2025-04-13.,AI summary: Reliability-Centered Maintenance on EQ-0140.,0.5278,5038.47,135,7
MTN-00591,2024-10-11,EQ-0141,TECH-031,ECUST-0291,ERP-00591,Preventive Maintenance,In Progress,Technician note for EQ-0141 on 2024-10-11.,AI summary: Preventive Maintenance on EQ-0141.,0.2085,361.0,121,5
MTN-00592,2025-10-02,EQ-0142,TECH-032,ECUST-0292,ERP-00592,Predictive Maintenance,In Progress,Technician note for EQ-0142 on 2025-10-02.,AI summary: Predictive Maintenance on EQ-0142.,0.6734,1174.94,10,0
MTN-00593,2025-06-23,EQ-0143,TECH-033,ECUST-0293,ERP-00593,Corrective Maintenance,Cancelled,Technician note for EQ-0143 on 2025-06-23.,AI summary: Corrective Maintenance on EQ-0143.,0.1108,13728.92,4,3
MTN-00594,2026-03-03,EQ-0144,TECH-034,ECUST-0294,ERP-00594,Condition-Based Maintenance,Delayed,Technician note for EQ-0144 on 2026-03-03.,AI summary: Condition-Based Maintenance on EQ-0144.,0.2329,12696.82,184,0
MTN-00595,2024-12-12,EQ-0145,TECH-035,ECUST-0295,ERP-00595,Reliability-Centered Maintenance,Scheduled,Technician note for EQ-0145 on 2024-12-12.,AI summary: Reliability-Centered Maintenance on EQ-0145.,0.3282,13538.68,64,7
MTN-00596,2025-04-01,EQ-0146,TECH-036,ECUST-0296,ERP-00596,Preventive Maintenance,Completed,Technician note for EQ-0146 on 2025-04-01.,AI summary: Preventive Maintenance on EQ-0146.,0.2233,9594.27,14,7
MTN-00597,2025-12-01,EQ-0147,TECH-037,ECUST-0297,ERP-00597,Predictive Maintenance,Cancelled,Technician note for EQ-0147 on 2025-12-01.,AI summary: Predictive Maintenance on EQ-0147.,0.3449,2298.59,29,0
MTN-00598,2026-07-02,EQ-0148,TECH-038,ECUST-0298,ERP-00598,Corrective Maintenance,In Progress,Technician note for EQ-0148 on 2026-07-02.,AI summary: Corrective Maintenance on EQ-0148.,0.2227,10487.07,66,2
MTN-00599,2026-01-14,EQ-0149,TECH-039,ECUST-0299,ERP-00599,Condition-Based Maintenance,Scheduled,Technician note for EQ-0149 on 2026-01-14.,AI summary: Condition-Based Maintenance on EQ-0149.,0.3686,1598.16,6,5
MTN-00600,2025-02-03,EQ-0150,TECH-040,ECUST-0300,ERP-00600,Reliability-Centered Maintenance,Completed,Technician note for EQ-0150 on 2025-02-03.,AI summary: Reliability-Centered Maintenance on EQ-0150.,0.8681,5972.98,98,6
MTN-00601,2024-08-27,EQ-0001,TECH-001,ECUST-0001,ERP-00601,Preventive Maintenance,Cancelled,Technician note for EQ-0001 on 2024-08-27.,AI summary: Preventive Maintenance on EQ-0001.,0.3113,11071.29,113,6
MTN-00602,2026-01-09,EQ-0002,TECH-002,ECUST-0002,ERP-00602,Predictive Maintenance,In Progress,Technician note for EQ-0002 on 2026-01-09.,AI summary: Predictive Maintenance on EQ-0002.,0.4004,2293.42,115,4
MTN-00603,2025-12-18,EQ-0003,TECH-003,ECUST-0003,ERP-00603,Corrective Maintenance,In Progress,Technician note for EQ-0003 on 2025-12-18.,AI summary: Corrective Maintenance on EQ-0003.,0.1172,9114.66,79,6
MTN-00604,2024-07-02,EQ-0004,TECH-004,ECUST-0004,ERP-00604,Condition-Based Maintenance,Completed,Technician note for EQ-0004 on 2024-07-02.,AI summary: Condition-Based Maintenance on EQ-0004.,0.6098,13096.12,144,0
MTN-00605,2025-03-13,EQ-0005,TECH-005,ECUST-0005,ERP-00605,Reliability-Centered Maintenance,Cancelled,Technician note for EQ-0005 on 2025-03-13.,AI summary: Reliability-Centered Maintenance on EQ-0005.,0.4356,7241.74,184,5
MTN-00606,2026-06-18,EQ-0006,TECH-006,ECUST-0006,ERP-00606,Preventive Maintenance,In Progress,Technician note for EQ-0006 on 2026-06-18.,AI summary: Preventive Maintenance on EQ-0006.,0.7036,8609.39,59,3
MTN-00607,2026-02-18,EQ-0007,TECH-007,ECUST-0007,ERP-00607,Predictive Maintenance,Scheduled,Technician note for EQ-0007 on 2026-02-18.,AI summary: Predictive Maintenance on EQ-0007.,0.4333,7599.08,179,0
MTN-00608,2025-04-11,EQ-0008,TECH-008,ECUST-0008,ERP-00608,Corrective Maintenance,In Progress,Technician note for EQ-0008 on 2025-04-11.,AI summary: Corrective Maintenance on EQ-0008.,0.0117,9803.9,11,6
MTN-00609,2026-05-11,EQ-0009,TECH-009,ECUST-0009,ERP-00609,Condition-Based Maintenance,Cancelled,Technician note for EQ-0009 on 2026-05-11.,AI summary: Condition-Based Maintenance on EQ-0009.,0.2228,6568.83,125,1
MTN-00610,2026-04-04,EQ-0010,TECH-010,ECUST-0010,ERP-00610,Reliability-Centered Maintenance,In Progress,Technician note for EQ-0010 on 2026-04-04.,AI summary: Reliability-Centered Maintenance on EQ-0010.,0.8648,6621.67,141,1
MTN-00611,2025-02-02,EQ-0011,TECH-011,ECUST-0011,ERP-00611,Preventive Maintenance,Delayed,Technician note for EQ-0011 on 2025-02-02.,AI summary: Preventive Maintenance on EQ-0011.,0.6517,3484.1,110,0
MTN-00612,2025-07-07,EQ-0012,TECH-012,ECUST-0012,ERP-00612,Predictive Maintenance,Scheduled,Technician note for EQ-0012 on 2025-07-07.,AI summary: Predictive Maintenance on EQ-0012.,0.8742,4230.33,54,5
MTN-00613,2025-07-29,EQ-0013,TECH-013,ECUST-0013,ERP-00613,Corrective Maintenance,Cancelled,Technician note for EQ-0013 on 2025-07-29.,AI summary: Corrective Maintenance on EQ-0013.,0.9312,11475.25,59,3
MTN-00614,2026-05-12,EQ-0014,TECH-014,ECUST-0014,ERP-00614,Condition-Based Maintenance,Scheduled,Technician note for EQ-0014 on 2026-05-12.,AI summary: Condition-Based Maintenance on EQ-0014.,0.4079,6241.51,165,5
MTN-00615,2025-01-05,EQ-0015,TECH-015,ECUST-0015,ERP-00615,Reliability-Centered Maintenance,Delayed,Technician note for EQ-0015 on 2025-01-05.,AI summary: Reliability-Centered Maintenance on EQ-0015.,0.5715,11064.65,27,1
MTN-00616,2025-02-21,EQ-0016,TECH-016,ECUST-0016,ERP-00616,Preventive Maintenance,Completed,Technician note for EQ-0016 on 2025-02-21.,AI summary: Preventive Maintenance on EQ-0016.,0.0213,13689.11,8,2
MTN-00617,2024-08-10,EQ-0017,TECH-017,ECUST-0017,ERP-00617,Predictive Maintenance,Cancelled,Technician note for EQ-0017 on 2024-08-10.,AI summary: Predictive Maintenance on EQ-0017.,0.375,1821.56,166,4
MTN-00618,2025-06-29,EQ-0018,TECH-018,ECUST-0018,ERP-00618,Corrective Maintenance,Delayed,Technician note for EQ-0018 on 2025-06-29.,AI summary: Corrective Maintenance on EQ-0018.,0.2962,5819.98,23,5
MTN-00619,2025-07-25,EQ-0019,TECH-019,ECUST-0019,ERP-00619,Condition-Based Maintenance,Delayed,Technician note for EQ-0019 on 2025-07-25.,AI summary: Condition-Based Maintenance on EQ-0019.,0.0363,12685.65,114,4
MTN-00620,2026-04-23,EQ-0020,TECH-020,ECUST-0020,ERP-00620,Reliability-Centered Maintenance,Scheduled,Technician note for EQ-0020 on 2026-04-23.,AI summary: Reliability-Centered Maintenance on EQ-0020.,0.6825,165.35,115,8
MTN-00621,2025-08-24,EQ-0021,TECH-021,ECUST-0021,ERP-00621,Preventive Maintenance,Cancelled,Technician note for EQ-0021 on 2025-08-24.,AI summary: Preventive Maintenance on EQ-0021.,0.1346,2317.18,119,0
MTN-00622,2024-09-25,EQ-0022,TECH-022,ECUST-0022,ERP-00622,Predictive Maintenance,Completed,Technician note for EQ-0022 on 2024-09-25.,AI summary: Predictive Maintenance on EQ-0022.,0.8425,14088.78,90,5
MTN-00623,2026-05-01,EQ-0023,TECH-023,ECUST-0023,ERP-00623,Corrective Maintenance,In Progress,Technician note for EQ-0023 on 2026-05-01.,AI summary: Corrective Maintenance on EQ-0023.,0.6905,12948.38,6,3
MTN-00624,2025-09-21,EQ-0024,TECH-024,ECUST-0024,ERP-00624,Condition-Based Maintenance,Delayed,Technician note for EQ-0024 on 2025-09-21.,AI summary: Condition-Based Maintenance on EQ-0024.,0.5468,9929.0,158,2
MTN-00625,2026-06-22,EQ-0025,TECH-025,ECUST-0025,ERP-00625,Reliability-Centered Maintenance,Cancelled,Technician note for EQ-0025 on 2026-06-22.,AI summary: Reliability-Centered Maintenance on EQ-0025.,0.3957,14898.95,176,3
MTN-00626,2025-01-22,EQ-0026,TECH-026,ECUST-0026,ERP-00626,Preventive Maintenance,Scheduled,Technician note for EQ-0026 on 2025-01-22.,AI summary: Preventive Maintenance on EQ-0026.,0.6403,4689.0,128,0
MTN-00627,2025-08-28,EQ-0027,TECH-027,ECUST-0027,ERP-00627,Predictive Maintenance,Completed,Technician note for EQ-0027 on 2025-08-28.,AI summary: Predictive Maintenance on EQ-0027.,0.8273,2580.98,13,4
MTN-00628,2025-05-22,EQ-0028,TECH-028,ECUST-0028,ERP-00628,Corrective Maintenance,In Progress,Technician note for EQ-0028 on 2025-05-22.,AI summary: Corrective Maintenance on EQ-0028.,0.3951,7581.0,23,8
MTN-00629,2025-01-07,EQ-0029,TECH-029,ECUST-0029,ERP-00629,Condition-Based Maintenance,Cancelled,Technician note for EQ-0029 on 2025-01-07.,AI summary: Condition-Based Maintenance on EQ-0029.,0.2752,12291.99,153,7
MTN-00630,2026-07-10,EQ-0030,TECH-030,ECUST-0030,ERP-00630,Reliability-Centered Maintenance,Completed,Technician note for EQ-0030 on 2026-07-10.,AI summary: Reliability-Centered Maintenance on EQ-0030.,0.1213,13381.23,60,4
MTN-00631,2025-03-16,EQ-0031,TECH-031,ECUST-0031,ERP-00631,Preventive Maintenance,Delayed,Technician note for EQ-0031 on 2025-03-16.,AI summary: Preventive Maintenance on EQ-0031.,0.805,13639.52,111,7
MTN-00632,2025-08-21,EQ-0032,TECH-032,ECUST-0032,ERP-00632,Predictive Maintenance,Scheduled,Technician note for EQ-0032 on 2025-08-21.,AI summary: Predictive Maintenance on EQ-0032.,0.7135,6553.02,151,5
MTN-00633,2026-07-09,EQ-0033,TECH-033,ECUST-0033,ERP-00633,Corrective Maintenance,Cancelled,Technician note for EQ-0033 on 2026-07-09.,AI summary: Corrective Maintenance on EQ-0033.,0.2941,14850.28,124,4
MTN-00634,2026-02-12,EQ-0034,TECH-034,ECUST-0034,ERP-00634,Condition-Based Maintenance,Completed,Technician note for EQ-0034 on 2026-02-12.,AI summary: Condition-Based Maintenance on EQ-0034.,0.4265,13493.79,200,6
MTN-00635,2026-04-15,EQ-0035,TECH-035,ECUST-0035,ERP-00635,Reliability-Centered Maintenance,Scheduled,Technician note for EQ-0035 on 2026-04-15.,AI summary: Reliability-Centered Maintenance on EQ-0035.,0.1991,13898.58,196,4
MTN-00636,2025-09-07,EQ-0036,TECH-036,ECUST-0036,ERP-00636,Preventive Maintenance,In Progress,Technician note for EQ-0036 on 2025-09-07.,AI summary: Preventive Maintenance on EQ-0036.,0.6359,8675.02,22,0
MTN-00637,2025-07-20,EQ-0037,TECH-037,ECUST-0037,ERP-00637,Predictive Maintenance,Cancelled,Technician note for EQ-0037 on 2025-07-20.,AI summary: Predictive Maintenance on EQ-0037.,0.7163,7783.49,182,5
MTN-00638,2026-03-21,EQ-0038,TECH-038,ECUST-0038,ERP-00638,Corrective Maintenance,Delayed,Technician note for EQ-0038 on 2026-03-21.,AI summary: Corrective Maintenance on EQ-0038.,0.8648,8486.2,76,2
MTN-00639,2024-12-21,EQ-0039,TECH-039,ECUST-0039,ERP-00639,Condition-Based Maintenance,Delayed,Technician note for EQ-0039 on 2024-12-21.,AI summary: Condition-Based Maintenance on EQ-0039.,0.0204,9754.14,89,7
MTN-00640,2025-07-22,EQ-0040,TECH-040,ECUST-0040,ERP-00640,Reliability-Centered Maintenance,Delayed,Technician note for EQ-0040 on 2025-07-22.,AI summary: Reliability-Centered Maintenance on EQ-0040.,0.6821,11532.42,104,6
MTN-00641,2024-10-03,EQ-0041,TECH-001,ECUST-0041,ERP-00641,Preventive Maintenance,Cancelled,Technician note for EQ-0041 on 2024-10-03.,AI summary: Preventive Maintenance on EQ-0041.,0.9864,9944.94,59,2
MTN-00642,2025-06-10,EQ-0042,TECH-002,ECUST-0042,ERP-00642,Predictive Maintenance,In Progress,Technician note for EQ-0042 on 2025-06-10.,AI summary: Predictive Maintenance on EQ-0042.,0.785,4213.02,62,0
MTN-00643,2025-04-24,EQ-0043,TECH-003,ECUST-0043,ERP-00643,Corrective Maintenance,Completed,Technician note for EQ-0043 on 2025-04-24.,AI summary: Corrective Maintenance on EQ-0043.,0.212,12137.56,102,7
MTN-00644,2025-03-03,EQ-0044,TECH-004,ECUST-0044,ERP-00644,Condition-Based Maintenance,Scheduled,Technician note for EQ-0044 on 2025-03-03.,AI summary: Condition-Based Maintenance on EQ-0044.,0.4827,1339.7,7,4
MTN-00645,2025-05-07,EQ-0045,TECH-005,ECUST-0045,ERP-00645,Reliability-Centered Maintenance,Cancelled,Technician note for EQ-0045 on 2025-05-07.,AI summary: Reliability-Centered Maintenance on EQ-0045.,0.8556,11635.34,193,1
MTN-00646,2024-09-06,EQ-0046,TECH-006,ECUST-0046,ERP-00646,Preventive Maintenance,Completed,Technician note for EQ-0046 on 2024-09-06.,AI summary: Preventive Maintenance on EQ-0046.,0.1402,11772.49,12,5
MTN-00647,2025-09-21,EQ-0047,TECH-007,ECUST-0047,ERP-00647,Predictive Maintenance,Completed,Technician note for EQ-0047 on 2025-09-21.,AI summary: Predictive Maintenance on EQ-0047.,0.0741,14731.33,87,4
MTN-00648,2025-02-13,EQ-0048,TECH-008,ECUST-0048,ERP-00648,Corrective Maintenance,Delayed,Technician note for EQ-0048 on 2025-02-13.,AI summary: Corrective Maintenance on EQ-0048.,0.8227,6220.93,98,4
MTN-00649,2025-09-09,EQ-0049,TECH-009,ECUST-0049,ERP-00649,Condition-Based Maintenance,Cancelled,Technician note for EQ-0049 on 2025-09-09.,AI summary: Condition-Based Maintenance on EQ-0049.,0.2745,8016.17,138,1
MTN-00650,2024-11-23,EQ-0050,TECH-010,ECUST-0050,ERP-00650,Reliability-Centered Maintenance,In Progress,Technician note for EQ-0050 on 2024-11-23.,AI summary: Reliability-Centered Maintenance on EQ-0050.,0.5293,11138.05,48,0
MTN-00651,2024-11-05,EQ-0051,TECH-011,ECUST-0051,ERP-00651,Preventive Maintenance,Delayed,Technician note for EQ-0051 on 2024-11-05.,AI summary: Preventive Maintenance on EQ-0051.,0.8809,4286.42,5,8
MTN-00652,2024-08-06,EQ-0052,TECH-012,ECUST-0052,ERP-00652,Predictive Maintenance,Scheduled,Technician note for EQ-0052 on 2024-08-06.,AI summary: Predictive Maintenance on EQ-0052.,0.8495,7231.62,56,2
MTN-00653,2026-03-02,EQ-0053,TECH-013,ECUST-0053,ERP-00653,Corrective Maintenance,Cancelled,Technician note for EQ-0053 on 2026-03-02.,AI summary: Corrective Maintenance on EQ-0053.,0.8869,10785.49,187,6
MTN-00654,2024-09-23,EQ-0054,TECH-014,ECUST-0054,ERP-00654,Condition-Based Maintenance,Scheduled,Technician note for EQ-0054 on 2024-09-23.,AI summary: Condition-Based Maintenance on EQ-0054.,0.2608,12880.97,73,0
MTN-00655,2025-12-20,EQ-0055,TECH-015,ECUST-0055,ERP-00655,Reliability-Centered Maintenance,Delayed,Technician note for EQ-0055 on 2025-12-20.,AI summary: Reliability-Centered Maintenance on EQ-0055.,0.1774,13962.16,123,4
MTN-00656,2025-10-29,EQ-0056,TECH-016,ECUST-0056,ERP-00656,Preventive Maintenance,Delayed,Technician note for EQ-0056 on 2025-10-29.,AI summary: Preventive Maintenance on EQ-0056.,0.6951,9072.42,173,1
MTN-00657,2024-12-26,EQ-0057,TECH-017,ECUST-0057,ERP-00657,Predictive Maintenance,Cancelled,Technician note for EQ-0057 on 2024-12-26.,AI summary: Predictive Maintenance on EQ-0057.,0.6727,9846.58,137,1
MTN-00658,2025-12-07,EQ-0058,TECH-018,ECUST-0058,ERP-00658,Corrective Maintenance,In Progress,Technician note for EQ-0058 on 2025-12-07.,AI summary: Corrective Maintenance on EQ-0058.,0.0288,1943.24,107,0
MTN-00659,2024-09-13,EQ-0059,TECH-019,ECUST-0059,ERP-00659,Condition-Based Maintenance,Delayed,Technician note for EQ-0059 on 2024-09-13.,AI summary: Condition-Based Maintenance on EQ-0059.,0.0584,4986.34,76,5
MTN-00660,2025-10-04,EQ-0060,TECH-020,ECUST-0060,ERP-00660,Reliability-Centered Maintenance,Scheduled,Technician note for EQ-0060 on 2025-10-04.,AI summary: Reliability-Centered Maintenance on EQ-0060.,0.462,739.52,195,3
MTN-00661,2025-12-07,EQ-0061,TECH-021,ECUST-0061,ERP-00661,Preventive Maintenance,Completed,Technician note for EQ-0061 on 2025-12-07.,AI summary: Preventive Maintenance on EQ-0061.,0.2345,6317.7,76,6
MTN-00662,2025-11-04,EQ-0062,TECH-022,ECUST-0062,ERP-00662,Predictive Maintenance,Completed,Technician note for EQ-0062 on 2025-11-04.,AI summary: Predictive Maintenance on EQ-0062.,0.7817,10784.44,71,1
MTN-00663,2024-12-22,EQ-0063,TECH-023,ECUST-0063,ERP-00663,Corrective Maintenance,In Progress,Technician note for EQ-0063 on 2024-12-22.,AI summary: Corrective Maintenance on EQ-0063.,0.9811,1203.57,109,5
MTN-00664,2024-11-22,EQ-0064,TECH-024,ECUST-0064,ERP-00664,Condition-Based Maintenance,Scheduled,Technician note for EQ-0064 on 2024-11-22.,AI summary: Condition-Based Maintenance on EQ-0064.,0.2283,6929.0,175,4
MTN-00665,2026-05-20,EQ-0065,TECH-025,ECUST-0065,ERP-00665,Reliability-Centered Maintenance,Delayed,Technician note for EQ-0065 on 2026-05-20.,AI summary: Reliability-Centered Maintenance on EQ-0065.,0.066,157.08,157,4
MTN-00666,2025-03-22,EQ-0066,TECH-026,ECUST-0066,ERP-00666,Preventive Maintenance,Completed,Technician note for EQ-0066 on 2025-03-22.,AI summary: Preventive Maintenance on EQ-0066.,0.6037,9848.46,67,1
MTN-00667,2024-07-14,EQ-0067,TECH-027,ECUST-0067,ERP-00667,Predictive Maintenance,Completed,Technician note for EQ-0067 on 2024-07-14.,AI summary: Predictive Maintenance on EQ-0067.,0.4226,7894.58,58,0
MTN-00668,2025-07-15,EQ-0068,TECH-028,ECUST-0068,ERP-00668,Corrective Maintenance,Scheduled,Technician note for EQ-0068 on 2025-07-15.,AI summary: Corrective Maintenance on EQ-0068.,0.5356,7620.32,160,4
MTN-00669,2024-10-22,EQ-0069,TECH-029,ECUST-0069,ERP-00669,Condition-Based Maintenance,Scheduled,Technician note for EQ-0069 on 2024-10-22.,AI summary: Condition-Based Maintenance on EQ-0069.,0.0862,5511.53,149,4
MTN-00670,2025-08-30,EQ-0070,TECH-030,ECUST-0070,ERP-00670,Reliability-Centered Maintenance,In Progress,Technician note for EQ-0070 on 2025-08-30.,AI summary: Reliability-Centered Maintenance on EQ-0070.,0.5464,8878.16,9,4
MTN-00671,2025-01-18,EQ-0071,TECH-031,ECUST-0071,ERP-00671,Preventive Maintenance,Delayed,Technician note for EQ-0071 on 2025-01-18.,AI summary: Preventive Maintenance on EQ-0071.,0.1861,14555.24,5,5
MTN-00672,2024-10-03,EQ-0072,TECH-032,ECUST-0072,ERP-00672,Predictive Maintenance,Scheduled,Technician note for EQ-0072 on 2024-10-03.,AI summary: Predictive Maintenance on EQ-0072.,0.6423,2489.18,76,4
MTN-00673,2024-11-09,EQ-0073,TECH-033,ECUST-0073,ERP-00673,Corrective Maintenance,Delayed,Technician note for EQ-0073 on 2024-11-09.,AI summary: Corrective Maintenance on EQ-0073.,0.2705,3342.43,169,5
MTN-00674,2024-11-09,EQ-0074,TECH-034,ECUST-0074,ERP-00674,Condition-Based Maintenance,Completed,Technician note for EQ-0074 on 2024-11-09.,AI summary: Condition-Based Maintenance on EQ-0074.,0.7332,11106.64,29,4
MTN-00675,2025-07-08,EQ-0075,TECH-035,ECUST-0075,ERP-00675,Reliability-Centered Maintenance,Scheduled,Technician note for EQ-0075 on 2025-07-08.,AI summary: Reliability-Centered Maintenance on EQ-0075.,0.2146,10030.95,3,6
MTN-00676,2024-09-10,EQ-0076,TECH-036,ECUST-0076,ERP-00676,Preventive Maintenance,In Progress,Technician note for EQ-0076 on 2024-09-10.,AI summary: Preventive Maintenance on EQ-0076.,0.8658,8731.6,140,8
MTN-00677,2025-06-08,EQ-0077,TECH-037,ECUST-0077,ERP-00677,Predictive Maintenance,Delayed,Technician note for EQ-0077 on 2025-06-08.,AI summary: Predictive Maintenance on EQ-0077.,0.3509,5803.4,88,8
MTN-00678,2024-10-27,EQ-0078,TECH-038,ECUST-0078,ERP-00678,Corrective Maintenance,Delayed,Technician note for EQ-0078 on 2024-10-27.,AI summary: Corrective Maintenance on EQ-0078.,0.9106,214.46,30,4
MTN-00679,2025-05-30,EQ-0079,TECH-039,ECUST-0079,ERP-00679,Condition-Based Maintenance,Completed,Technician note for EQ-0079 on 2025-05-30.,AI summary: Condition-Based Maintenance on EQ-0079.,0.117,8518.25,35,3
MTN-00680,2026-05-25,EQ-0080,TECH-040,ECUST-0080,ERP-00680,Reliability-Centered Maintenance,In Progress,Technician note for EQ-0080 on 2026-05-25.,AI summary: Reliability-Centered Maintenance on EQ-0080.,0.9691,1630.96,158,7
MTN-00681,2026-02-10,EQ-0081,TECH-001,ECUST-0081,ERP-00681,Preventive Maintenance,Scheduled,Technician note for EQ-0081 on 2026-02-10.,AI summary: Preventive Maintenance on EQ-0081.,0.5651,12436.49,167,6
MTN-00682,2026-06-22,EQ-0082,TECH-002,ECUST-0082,ERP-00682,Predictive Maintenance,Delayed,Technician note for EQ-0082 on 2026-06-22.,AI summary: Predictive Maintenance on EQ-0082.,0.7098,8463.07,25,3
MTN-00683,2026-05-13,EQ-0083,TECH-003,ECUST-0083,ERP-00683,Corrective Maintenance,Completed,Technician note for EQ-0083 on 2026-05-13.,AI summary: Corrective Maintenance on EQ-0083.,0.1431,12953.62,185,8
MTN-00684,2025-08-19,EQ-0084,TECH-004,ECUST-0084,ERP-00684,Condition-Based Maintenance,Scheduled,Technician note for EQ-0084 on 2025-08-19.,AI summary: Condition-Based Maintenance on EQ-0084.,0.2312,2784.68,144,5
MTN-00685,2024-11-02,EQ-0085,TECH-005,ECUST-0085,ERP-00685,Reliability-Centered Maintenance,Delayed,Technician note for EQ-0085 on 2024-11-02.,AI summary: Reliability-Centered Maintenance on EQ-0085.,0.7702,9757.7,64,5
MTN-00686,2025-09-02,EQ-0086,TECH-006,ECUST-0086,ERP-00686,Preventive Maintenance,In Progress,Technician note for EQ-0086 on 2025-09-02.,AI summary: Preventive Maintenance on EQ-0086.,0.0275,6970.88,109,2
MTN-00687,2025-04-30,EQ-0087,TECH-007,ECUST-0087,ERP-00687,Predictive Maintenance,Scheduled,Technician note for EQ-0087 on 2025-04-30.,AI summary: Predictive Maintenance on EQ-0087.,0.0891,7459.56,117,5
MTN-00688,2026-07-09,EQ-0088,TECH-008,ECUST-0088,ERP-00688,Corrective Maintenance,Scheduled,Technician note for EQ-0088 on 2026-07-09.,AI summary: Corrective Maintenance on EQ-0088.,0.9632,14927.02,170,3
MTN-00689,2024-09-26,EQ-0089,TECH-009,ECUST-0089,ERP-00689,Condition-Based Maintenance,Delayed,Technician note for EQ-0089 on 2024-09-26.,AI summary: Condition-Based Maintenance on EQ-0089.,0.5369,13699.34,129,8
MTN-00690,2024-09-10,EQ-0090,TECH-010,ECUST-0090,ERP-00690,Reliability-Centered Maintenance,In Progress,Technician note for EQ-0090 on 2024-09-10.,AI summary: Reliability-Centered Maintenance on EQ-0090.,0.5285,6548.89,59,0
MTN-00691,2024-08-22,EQ-0091,TECH-011,ECUST-0091,ERP-00691,Preventive Maintenance,Delayed,Technician note for EQ-0091 on 2024-08-22.,AI summary: Preventive Maintenance on EQ-0091.,0.2111,10810.11,174,3
MTN-00692,2025-03-29,EQ-0092,TECH-012,ECUST-0092,ERP-00692,Predictive Maintenance,In Progress,Technician note for EQ-0092 on 2025-03-29.,AI summary: Predictive Maintenance on EQ-0092.,0.3495,8441.39,51,6
MTN-00693,2025-11-01,EQ-0093,TECH-013,ECUST-0093,ERP-00693,Corrective Maintenance,Scheduled,Technician note for EQ-0093 on 2025-11-01.,AI summary: Corrective Maintenance on EQ-0093.,0.1737,2847.61,73,1
MTN-00694,2024-07-07,EQ-0094,TECH-014,ECUST-0094,ERP-00694,Condition-Based Maintenance,Completed,Technician note for EQ-0094 on 2024-07-07.,AI summary: Condition-Based Maintenance on EQ-0094.,0.0166,2835.54,34,6
MTN-00695,2025-06-23,EQ-0095,TECH-015,ECUST-0095,ERP-00695,Reliability-Centered Maintenance,In Progress,Technician note for EQ-0095 on 2025-06-23.,AI summary: Reliability-Centered Maintenance on EQ-0095.,0.69,13616.44,197,7
MTN-00696,2026-01-18,EQ-0096,TECH-016,ECUST-0096,ERP-00696,Preventive Maintenance,Completed,Technician note for EQ-0096 on 2026-01-18.,AI summary: Preventive Maintenance on EQ-0096.,0.4691,1646.15,28,0
MTN-00697,2024-11-07,EQ-0097,TECH-017,ECUST-0097,ERP-00697,Predictive Maintenance,Delayed,Technician note for EQ-0097 on 2024-11-07.,AI summary: Predictive Maintenance on EQ-0097.,0.0141,10662.21,145,3
MTN-00698,2026-06-22,EQ-0098,TECH-018,ECUST-0098,ERP-00698,Corrective Maintenance,Scheduled,Technician note for EQ-0098 on 2026-06-22.,AI summary: Corrective Maintenance on EQ-0098.,0.7717,6905.63,20,2
MTN-00699,2025-12-08,EQ-0099,TECH-019,ECUST-0099,ERP-00699,Condition-Based Maintenance,Completed,Technician note for EQ-0099 on 2025-12-08.,AI summary: Condition-Based Maintenance on EQ-0099.,0.762,513.95,38,0
MTN-00700,2025-09-25,EQ-0100,TECH-020,ECUST-0100,ERP-00700,Reliability-Centered Maintenance,Delayed,Technician note for EQ-0100 on 2025-09-25.,AI summary: Reliability-Centered Maintenance on EQ-0100.,0.9715,2251.93,86,3
MTN-00701,2026-06-28,EQ-0101,TECH-021,ECUST-0101,ERP-00701,Preventive Maintenance,Scheduled,Technician note for EQ-0101 on 2026-06-28.,AI summary: Preventive Maintenance on EQ-0101.,0.9878,5128.32,191,1
MTN-00702,2024-07-28,EQ-0102,TECH-022,ECUST-0102,ERP-00702,Predictive Maintenance,In Progress,Technician note for EQ-0102 on 2024-07-28.,AI summary: Predictive Maintenance on EQ-0102.,0.401,8138.48,138,0
MTN-00703,2026-01-19,EQ-0103,TECH-023,ECUST-0103,ERP-00703,Corrective Maintenance,In Progress,Technician note for EQ-0103 on 2026-01-19.,AI summary: Corrective Maintenance on EQ-0103.,0.87,9235.43,26,6
MTN-00704,2024-10-22,EQ-0104,TECH-024,ECUST-0104,ERP-00704,Condition-Based Maintenance,In Progress,Technician note for EQ-0104 on 2024-10-22.,AI summary: Condition-Based Maintenance on EQ-0104.,0.1745,14272.0,15,4
MTN-00705,2024-08-13,EQ-0105,TECH-025,ECUST-0105,ERP-00705,Reliability-Centered Maintenance,Completed,Technician note for EQ-0105 on 2024-08-13.,AI summary: Reliability-Centered Maintenance on EQ-0105.,0.6587,2926.78,33,2
MTN-00706,2024-06-30,EQ-0106,TECH-026,ECUST-0106,ERP-00706,Preventive Maintenance,Delayed,Technician note for EQ-0106 on 2024-06-30.,AI summary: Preventive Maintenance on EQ-0106.,0.1293,10864.7,34,4
MTN-00707,2024-07-16,EQ-0107,TECH-027,ECUST-0107,ERP-00707,Predictive Maintenance,Delayed,Technician note for EQ-0107 on 2024-07-16.,AI summary: Predictive Maintenance on EQ-0107.,0.9994,13853.34,179,0
MTN-00708,2025-11-10,EQ-0108,TECH-028,ECUST-0108,ERP-00708,Corrective Maintenance,Delayed,Technician note for EQ-0108 on 2025-11-10.,AI summary: Corrective Maintenance on EQ-0108.,0.3954,13295.14,88,4
MTN-00709,2024-11-26,EQ-0109,TECH-029,ECUST-0109,ERP-00709,Condition-Based Maintenance,In Progress,Technician note for EQ-0109 on 2024-11-26.,AI summary: Condition-Based Maintenance on EQ-0109.,0.8263,8799.1,142,2
MTN-00710,2025-01-05,EQ-0110,TECH-030,ECUST-0110,ERP-00710,Reliability-Centered Maintenance,Completed,Technician note for EQ-0110 on 2025-01-05.,AI summary: Reliability-Centered Maintenance on EQ-0110.,0.7683,2193.47,69,2
MTN-00711,2025-06-12,EQ-0111,TECH-031,ECUST-0111,ERP-00711,Preventive Maintenance,In Progress,Technician note for EQ-0111 on 2025-06-12.,AI summary: Preventive Maintenance on EQ-0111.,0.613,10239.26,42,7
MTN-00712,2026-06-08,EQ-0112,TECH-032,ECUST-0112,ERP-00712,Predictive Maintenance,Scheduled,Technician note for EQ-0112 on 2026-06-08.,AI summary: Predictive Maintenance on EQ-0112.,0.4578,12690.06,149,1
MTN-00713,2024-07-12,EQ-0113,TECH-033,ECUST-0113,ERP-00713,Corrective Maintenance,Delayed,Technician note for EQ-0113 on 2024-07-12.,AI summary: Corrective Maintenance on EQ-0113.,0.1014,10861.75,161,4
MTN-00714,2025-07-26,EQ-0114,TECH-034,ECUST-0114,ERP-00714,Condition-Based Maintenance,Completed,Technician note for EQ-0114 on 2025-07-26.,AI summary: Condition-Based Maintenance on EQ-0114.,0.7888,10766.89,154,4
MTN-00715,2024-09-06,EQ-0115,TECH-035,ECUST-0115,ERP-00715,Reliability-Centered Maintenance,In Progress,Technician note for EQ-0115 on 2024-09-06.,AI summary: Reliability-Centered Maintenance on EQ-0115.,0.233,13271.74,161,2
MTN-00716,2025-07-06,EQ-0116,TECH-036,ECUST-0116,ERP-00716,Preventive Maintenance,Scheduled,Technician note for EQ-0116 on 2025-07-06.,AI summary: Preventive Maintenance on EQ-0116.,0.9933,12890.22,55,2
MTN-00717,2025-06-09,EQ-0117,TECH-037,ECUST-0117,ERP-00717,Predictive Maintenance,Completed,Technician note for EQ-0117 on 2025-06-09.,AI summary: Predictive Maintenance on EQ-0117.,0.8979,2638.41,147,7
MTN-00718,2025-04-09,EQ-0118,TECH-038,ECUST-0118,ERP-00718,Corrective Maintenance,Delayed,Technician note for EQ-0118 on 2025-04-09.,AI summary: Corrective Maintenance on EQ-0118.,0.9525,10990.92,70,5
MTN-00719,2024-11-08,EQ-0119,TECH-039,ECUST-0119,ERP-00719,Condition-Based Maintenance,Delayed,Technician note for EQ-0119 on 2024-11-08.,AI summary: Condition-Based Maintenance on EQ-0119.,0.9149,10822.01,116,5
MTN-00720,2025-09-16,EQ-0120,TECH-040,ECUST-0120,ERP-00720,Reliability-Centered Maintenance,In Progress,Technician note for EQ-0120 on 2025-09-16.,AI summary: Reliability-Centered Maintenance on EQ-0120.,0.1261,9380.63,132,0
MTN-00721,2025-05-25,EQ-0121,TECH-001,ECUST-0121,ERP-00721,Preventive Maintenance,Completed,Technician note for EQ-0121 on 2025-05-25.,AI summary: Preventive Maintenance on EQ-0121.,0.4289,1160.28,195,4
MTN-00722,2025-12-02,EQ-0122,TECH-002,ECUST-0122,ERP-00722,Predictive Maintenance,In Progress,Technician note for EQ-0122 on 2025-12-02.,AI summary: Predictive Maintenance on EQ-0122.,0.5165,5369.16,9,8
MTN-00723,2024-10-17,EQ-0123,TECH-003,ECUST-0123,ERP-00723,Corrective Maintenance,Delayed,Technician note for EQ-0123 on 2024-10-17.,AI summary: Corrective Maintenance on EQ-0123.,0.9328,12872.6,20,8
MTN-00724,2026-05-09,EQ-0124,TECH-004,ECUST-0124,ERP-00724,Condition-Based Maintenance,Completed,Technician note for EQ-0124 on 2026-05-09.,AI summary: Condition-Based Maintenance on EQ-0124.,0.8486,5375.21,145,5
MTN-00725,2025-08-02,EQ-0125,TECH-005,ECUST-0125,ERP-00725,Reliability-Centered Maintenance,Scheduled,Technician note for EQ-0125 on 2025-08-02.,AI summary: Reliability-Centered Maintenance on EQ-0125.,0.4649,7717.21,113,3
MTN-00726,2025-05-10,EQ-0126,TECH-006,ECUST-0126,ERP-00726,Preventive Maintenance,Scheduled,Technician note for EQ-0126 on 2025-05-10.,AI summary: Preventive Maintenance on EQ-0126.,0.6404,12437.27,5,1
MTN-00727,2026-05-14,EQ-0127,TECH-007,ECUST-0127,ERP-00727,Predictive Maintenance,Completed,Technician note for EQ-0127 on 2026-05-14.,AI summary: Predictive Maintenance on EQ-0127.,0.8877,13933.69,17,8
MTN-00728,2024-07-08,EQ-0128,TECH-008,ECUST-0128,ERP-00728,Corrective Maintenance,Completed,Technician note for EQ-0128 on 2024-07-08.,AI summary: Corrective Maintenance on EQ-0128.,0.9881,2830.02,133,0
MTN-00729,2026-03-11,EQ-0129,TECH-009,ECUST-0129,ERP-00729,Condition-Based Maintenance,Delayed,Technician note for EQ-0129 on 2026-03-11.,AI summary: Condition-Based Maintenance on EQ-0129.,0.4372,3963.83,184,4
MTN-00730,2026-04-11,EQ-0130,TECH-010,ECUST-0130,ERP-00730,Reliability-Centered Maintenance,Delayed,Technician note for EQ-0130 on 2026-04-11.,AI summary: Reliability-Centered Maintenance on EQ-0130.,0.5289,10175.13,164,7
MTN-00731,2026-02-20,EQ-0131,TECH-011,ECUST-0131,ERP-00731,Preventive Maintenance,Scheduled,Technician note for EQ-0131 on 2026-02-20.,AI summary: Preventive Maintenance on EQ-0131.,0.9037,12014.45,186,4
MTN-00732,2024-07-05,EQ-0132,TECH-012,ECUST-0132,ERP-00732,Predictive Maintenance,Scheduled,Technician note for EQ-0132 on 2024-07-05.,AI summary: Predictive Maintenance on EQ-0132.,0.6637,8019.91,146,3
MTN-00733,2024-09-06,EQ-0133,TECH-013,ECUST-0133,ERP-00733,Corrective Maintenance,Delayed,Technician note for EQ-0133 on 2024-09-06.,AI summary: Corrective Maintenance on EQ-0133.,0.6637,2762.44,148,3
MTN-00734,2025-06-16,EQ-0134,TECH-014,ECUST-0134,ERP-00734,Condition-Based Maintenance,In Progress,Technician note for EQ-0134 on 2025-06-16.,AI summary: Condition-Based Maintenance on EQ-0134.,0.0433,1110.53,154,5
MTN-00735,2025-06-21,EQ-0135,TECH-015,ECUST-0135,ERP-00735,Reliability-Centered Maintenance,In Progress,Technician note for EQ-0135 on 2025-06-21.,AI summary: Reliability-Centered Maintenance on EQ-0135.,0.0014,4769.36,17,7
MTN-00736,2026-06-19,EQ-0136,TECH-016,ECUST-0136,ERP-00736,Preventive Maintenance,Scheduled,Technician note for EQ-0136 on 2026-06-19.,AI summary: Preventive Maintenance on EQ-0136.,0.3743,9003.85,197,4
MTN-00737,2025-01-12,EQ-0137,TECH-017,ECUST-0137,ERP-00737,Predictive Maintenance,Scheduled,Technician note for EQ-0137 on 2025-01-12.,AI summary: Predictive Maintenance on EQ-0137.,0.1669,6992.05,147,4
MTN-00738,2025-12-09,EQ-0138,TECH-018,ECUST-0138,ERP-00738,Corrective Maintenance,Completed,Technician note for EQ-0138 on 2025-12-09.,AI summary: Corrective Maintenance on EQ-0138.,0.382,12741.29,186,5
MTN-00739,2026-03-11,EQ-0139,TECH-019,ECUST-0139,ERP-00739,Condition-Based Maintenance,Completed,Technician note for EQ-0139 on 2026-03-11.,AI summary: Condition-Based Maintenance on EQ-0139.,0.517,14327.27,156,3
MTN-00740,2024-11-19,EQ-0140,TECH-020,ECUST-0140,ERP-00740,Reliability-Centered Maintenance,Delayed,Technician note for EQ-0140 on 2024-11-19.,AI summary: Reliability-Centered Maintenance on EQ-0140.,0.5142,12049.89,27,1
MTN-00741,2024-11-01,EQ-0141,TECH-021,ECUST-0141,ERP-00741,Preventive Maintenance,Delayed,Technician note for EQ-0141 on 2024-11-01.,AI summary: Preventive Maintenance on EQ-0141.,0.741,8679.07,91,3
MTN-00742,2024-08-29,EQ-0142,TECH-022,ECUST-0142,ERP-00742,Predictive Maintenance,Scheduled,Technician note for EQ-0142 on 2024-08-29.,AI summary: Predictive Maintenance on EQ-0142.,0.2314,2984.94,42,8
MTN-00743,2026-04-14,EQ-0143,TECH-023,ECUST-0143,ERP-00743,Corrective Maintenance,Scheduled,Technician note for EQ-0143 on 2026-04-14.,AI summary: Corrective Maintenance on EQ-0143.,0.8105,12318.89,46,1
MTN-00744,2025-05-14,EQ-0144,TECH-024,ECUST-0144,ERP-00744,Condition-Based Maintenance,Delayed,Technician note for EQ-0144 on 2025-05-14.,AI summary: Condition-Based Maintenance on EQ-0144.,0.4191,12025.51,148,3
MTN-00745,2026-05-01,EQ-0145,TECH-025,ECUST-0145,ERP-00745,Reliability-Centered Maintenance,Scheduled,Technician note for EQ-0145 on 2026-05-01.,AI summary: Reliability-Centered Maintenance on EQ-0145.,0.6297,1403.52,30,7
MTN-00746,2024-07-02,EQ-0146,TECH-026,ECUST-0146,ERP-00746,Preventive Maintenance,In Progress,Technician note for EQ-0146 on 2024-07-02.,AI summary: Preventive Maintenance on EQ-0146.,0.3592,5051.27,119,8
MTN-00747,2024-11-24,EQ-0147,TECH-027,ECUST-0147,ERP-00747,Predictive Maintenance,Completed,Technician note for EQ-0147 on 2024-11-24.,AI summary: Predictive Maintenance on EQ-0147.,0.0888,7379.92,77,0
MTN-00748,2025-06-28,EQ-0148,TECH-028,ECUST-0148,ERP-00748,Corrective Maintenance,Scheduled,Technician note for EQ-0148 on 2025-06-28.,AI summary: Corrective Maintenance on EQ-0148.,0.5698,4408.77,57,0
MTN-00749,2025-08-26,EQ-0149,TECH-029,ECUST-0149,ERP-00749,Condition-Based Maintenance,Scheduled,Technician note for EQ-0149 on 2025-08-26.,AI summary: Condition-Based Maintenance on EQ-0149.,0.2853,10528.18,94,0
MTN-00750,2025-11-04,EQ-0150,TECH-030,ECUST-0150,ERP-00750,Reliability-Centered Maintenance,Delayed,Technician note for EQ-0150 on 2025-11-04.,AI summary: Reliability-Centered Maintenance on EQ-0150.,0.2327,11207.46,152,3
