record_id,customer_id,account_balance,customer_segment,customer_lifecycle_stage,customer_satisfaction_score,customer_churn_probability,customer_transaction_count,customer_transaction_value,product_id,product_name,product_type,product_recommendation,product_recommendation_status,product_recommendation_date,recommendation_score,product_sales_amount,product_sales_date,customer_name,customer_email
FPR-00001,CUST-C0038,8253.49,Institutional,At Risk,2.1287,0.025416,66,195641.84,PROD-FS-001,Wealth Advisory,Insurance,Term Life,Pending,2024-10-01,0.859575,2656.88,,Persona Customer 1,customer1@example.com
FPR-00002,CUST-C0026,1683.22,High Net Worth,Churned,1.9967,0.784669,355,66399.56,PROD-FS-002,Rewards Credit Card,Advisory,Term Life,Rejected,2025-11-18,0.962572,19771.07,,Persona Customer 2,customer2@example.com
FPR-00003,CUST-C0095,44725.12,High Net Worth,Onboarding,1.7709,0.094097,239,50284.09,PROD-FS-003,Rewards Credit Card,Deposit,Rewards Credit Card,Declined,2024-03-17,0.942387,801.95,,Persona Customer 3,customer3@example.com
FPR-00004,CUST-C0027,30056.13,Corporate,Mature,4.4783,0.555888,2,162383.55,PROD-FS-004,Term Life,Insurance,Premium Savings,Accepted,2024-11-19,0.988904,17116.22,2024-12-21,Persona Customer 4,customer4@example.com
FPR-00005,CUST-C0248,12130.93,High Net Worth,Churned,4.268,0.199473,474,70998.75,PROD-FS-005,Term Life,Insurance,Rewards Credit Card,Open,2024-06-27,0.414663,656.53,,Persona Customer 5,customer5@example.com
FPR-00006,CUST-C0226,23939.94,Retail,Growth,1.3011,0.650328,402,142540.02,PROD-FS-006,Rewards Credit Card,Deposit,Term Life,Open,2024-02-20,0.757894,4564.33,,Persona Customer 6,customer6@example.com
FPR-00007,CUST-C0093,30712.9,Corporate,Growth,1.9304,0.889193,239,182138.34,PROD-FS-007,Auto Loan,Credit,Auto Loan,Open,2024-12-19,0.207876,6352.92,,Persona Customer 7,customer7@example.com
FPR-00008,CUST-C0149,67997.16,Small Business,Churned,1.0667,0.326806,365,174648.85,PROD-FS-008,Term Life,Credit,Rewards Credit Card,Accepted,2025-02-07,0.555989,6078.87,2025-03-25,Persona Customer 8,customer8@example.com
FPR-00009,CUST-C0056,53386.65,Retail,Onboarding,2.025,0.473178,467,110240.04,PROD-FS-009,Auto Loan,Advisory,Term Life,Accepted,2025-08-25,0.889668,16790.34,2025-09-02,Persona Customer 9,customer9@example.com
FPR-00010,CUST-C0230,28077.55,High Net Worth,At Risk,3.6379,0.434384,396,105831.77,PROD-FS-010,Term Life,Lending,Rewards Credit Card,Rejected,2025-05-11,0.166651,2967.82,,Persona Customer 10,customer10@example.com
FPR-00011,CUST-C0120,62740.48,Retail,Mature,3.7861,0.569896,78,106583.85,PROD-FS-011,Auto Loan,Credit,Wealth Advisory,Approved,2025-09-23,0.645608,3687.75,2025-10-17,Persona Customer 11,customer11@example.com
FPR-00012,CUST-C0220,94655.16,Corporate,Growth,2.3945,0.507742,456,81560.21,PROD-FS-012,Rewards Credit Card,Lending,Term Life,Approved,2025-06-30,0.454948,18564.56,2025-07-04,Persona Customer 12,customer12@example.com
FPR-00013,CUST-C0231,79238.72,Corporate,At Risk,3.9958,0.42192,481,68310.19,PROD-FS-013,Premium Savings,Lending,Wealth Advisory,Rejected,2025-03-29,0.131075,9638.68,,Persona Customer 13,customer13@example.com
FPR-00014,CUST-C0165,93286.14,Small Business,Mature,2.643,0.504195,400,42564.16,PROD-FS-014,Wealth Advisory,Lending,Term Life,Open,2024-08-12,0.697843,15350.74,,Persona Customer 14,customer14@example.com
FPR-00015,CUST-C0211,77193.88,High Net Worth,Churned,3.0862,0.574183,55,172506.48,PROD-FS-015,Auto Loan,Credit,Term Life,Rejected,2024-05-04,0.336768,15701.08,,Persona Customer 15,customer15@example.com
FPR-00016,CUST-C0142,70132.77,High Net Worth,Churned,4.3724,0.011339,394,68116.5,PROD-FS-016,Premium Savings,Insurance,Wealth Advisory,Pending,2025-10-08,0.02566,4531.46,,Persona Customer 16,customer16@example.com
FPR-00017,CUST-C0104,92792.1,High Net Worth,At Risk,1.8249,0.221602,412,37720.32,PROD-FS-017,Term Life,Advisory,Auto Loan,Accepted,2024-03-24,0.577509,10045.42,2024-04-03,Persona Customer 17,customer17@example.com
FPR-00018,CUST-C0055,32171.56,Retail,Onboarding,4.1751,0.761872,499,83149.62,PROD-FS-018,Auto Loan,Lending,Wealth Advisory,Open,2025-11-22,0.879389,17805.03,,Persona Customer 18,customer18@example.com
FPR-00019,CUST-C0186,1472.76,Corporate,Onboarding,4.4127,0.844987,488,120679.31,PROD-FS-019,Premium Savings,Advisory,Term Life,Rejected,2024-11-13,0.286333,15153.47,,Persona Customer 19,customer19@example.com
FPR-00020,CUST-C0041,70736.54,Retail,Onboarding,1.8799,0.531324,18,39924.17,PROD-FS-020,Term Life,Insurance,Auto Loan,Rejected,2025-11-18,0.857546,3996.27,,Persona Customer 20,customer20@example.com
FPR-00021,CUST-C0010,57524.21,Corporate,At Risk,2.6751,0.282946,78,44931.16,PROD-FS-021,Wealth Advisory,Advisory,Wealth Advisory,Rejected,2024-11-14,0.776228,6996.4,,Persona Customer 21,customer21@example.com
FPR-00022,CUST-C0088,81389.81,Institutional,Onboarding,3.9302,0.442967,313,193190.87,PROD-FS-022,Premium Savings,Credit,Premium Savings,Declined,2025-03-05,0.731478,10031.62,,Persona Customer 22,customer22@example.com
FPR-00023,CUST-C0164,96931.24,High Net Worth,Onboarding,2.7377,0.358628,453,115252.74,PROD-FS-023,Term Life,Lending,Term Life,Pending,2025-06-17,0.960918,3682.91,,Persona Customer 23,customer23@example.com
FPR-00024,CUST-C0030,83809.92,Corporate,Mature,1.6813,0.610052,89,135413.79,PROD-FS-024,Term Life,Deposit,Wealth Advisory,Rejected,2025-07-16,0.266044,8755.93,,Persona Customer 24,customer24@example.com
FPR-00025,CUST-C0031,52230.1,Corporate,Mature,4.4884,0.177373,267,81369.57,PROD-FS-025,Term Life,Deposit,Premium Savings,Accepted,2024-03-11,0.695372,9980.24,2024-03-28,Persona Customer 25,customer25@example.com
FPR-00026,CUST-C0167,6797.68,Retail,Growth,3.6234,0.32665,68,112841.97,PROD-FS-026,Term Life,Insurance,Auto Loan,Open,2024-06-14,0.721433,188.19,,Persona Customer 26,customer26@example.com
FPR-00027,CUST-C0244,92536.43,Institutional,Onboarding,3.0846,0.689012,256,126364.68,PROD-FS-027,Rewards Credit Card,Lending,Rewards Credit Card,Pending,2024-06-24,0.564149,2373.52,,Persona Customer 27,customer27@example.com
FPR-00028,CUST-C0219,53453.36,Small Business,Onboarding,3.9187,0.039413,332,141012.06,PROD-FS-028,Term Life,Credit,Wealth Advisory,Declined,2025-08-10,0.262053,9115.73,,Persona Customer 28,customer28@example.com
FPR-00029,CUST-C0097,71887.47,Small Business,Growth,4.7169,0.877388,371,181570.71,PROD-FS-029,Premium Savings,Credit,Premium Savings,Rejected,2024-09-05,0.420056,12135.45,,Persona Customer 29,customer29@example.com
FPR-00030,CUST-C0024,32744.2,High Net Worth,Mature,2.6093,0.026272,52,187867.25,PROD-FS-030,Rewards Credit Card,Deposit,Premium Savings,Declined,2025-02-08,0.209199,17171.02,,Persona Customer 30,customer30@example.com
FPR-00031,CUST-C0201,91261.08,Corporate,Churned,1.2161,0.889218,269,185220.19,PROD-FS-031,Term Life,Credit,Term Life,Approved,2025-10-29,0.787582,10402.66,2025-11-10,Persona Customer 31,customer31@example.com
FPR-00032,CUST-C0032,35607.21,High Net Worth,At Risk,4.5008,0.150454,56,172289.57,PROD-FS-032,Wealth Advisory,Deposit,Term Life,Rejected,2025-08-05,0.513158,11184.77,,Persona Customer 32,customer32@example.com
FPR-00033,CUST-C0158,63153.27,Retail,At Risk,2.1012,0.414462,346,35470.04,PROD-FS-033,Premium Savings,Insurance,Wealth Advisory,Open,2025-10-04,0.495945,18461.07,,Persona Customer 33,customer33@example.com
FPR-00034,CUST-C0248,99289.41,Small Business,At Risk,3.1947,0.63529,266,55279.25,PROD-FS-034,Wealth Advisory,Insurance,Premium Savings,Approved,2025-02-22,0.665491,15478.13,2025-03-18,Persona Customer 34,customer34@example.com
FPR-00035,CUST-C0065,24123.81,High Net Worth,Mature,1.8442,0.462548,405,95202.51,PROD-FS-035,Term Life,Lending,Auto Loan,Declined,2024-01-26,0.525085,17950.57,,Persona Customer 35,customer35@example.com
FPR-00036,CUST-C0080,78362.18,Small Business,Onboarding,2.8613,0.257055,462,67279.86,PROD-FS-036,Wealth Advisory,Credit,Rewards Credit Card,Declined,2024-08-31,0.91241,1846.71,,Persona Customer 36,customer36@example.com
FPR-00037,CUST-C0013,26795.98,High Net Worth,Mature,4.6581,0.278193,392,111971.23,PROD-FS-037,Rewards Credit Card,Deposit,Auto Loan,Rejected,2024-07-19,0.256501,4912.28,,Persona Customer 37,customer37@example.com
FPR-00038,CUST-C0117,63207.39,High Net Worth,At Risk,2.1352,0.184687,443,161007.79,PROD-FS-038,Term Life,Insurance,Wealth Advisory,Approved,2025-06-27,0.067006,19318.35,2025-08-08,Persona Customer 38,customer38@example.com
FPR-00039,CUST-C0112,98342.82,Institutional,Onboarding,4.0159,0.276159,370,140624.24,PROD-FS-039,Term Life,Insurance,Wealth Advisory,Declined,2024-06-20,0.650392,3234.37,,Persona Customer 39,customer39@example.com
FPR-00040,CUST-C0129,11515.88,Retail,At Risk,2.3332,0.03974,341,71590.83,PROD-FS-040,Wealth Advisory,Deposit,Rewards Credit Card,Rejected,2024-05-15,0.364628,10876.19,,Persona Customer 40,customer40@example.com
FPR-00041,CUST-C0133,28037.7,Institutional,Growth,4.8051,0.047677,259,181278.44,PROD-FS-041,Auto Loan,Advisory,Premium Savings,Approved,2025-06-10,0.203608,16210.36,2025-07-26,Persona Customer 41,customer41@example.com
FPR-00042,CUST-C0093,67809.93,Institutional,Mature,4.1453,0.720218,302,19900.46,PROD-FS-042,Term Life,Lending,Auto Loan,Declined,2024-10-21,0.286996,14098.97,,Persona Customer 42,customer42@example.com
FPR-00043,CUST-C0038,90000.34,Institutional,Onboarding,2.0766,0.986752,108,198824.62,PROD-FS-043,Wealth Advisory,Lending,Premium Savings,Rejected,2024-01-17,0.404606,19036.19,,Persona Customer 43,customer43@example.com
FPR-00044,CUST-C0179,37250.97,High Net Worth,At Risk,2.6407,0.810606,417,91533.43,PROD-FS-044,Term Life,Insurance,Wealth Advisory,Rejected,2024-08-14,0.039682,1460.0,,Persona Customer 44,customer44@example.com
FPR-00045,CUST-C0076,2043.4,High Net Worth,Churned,3.4562,0.041979,170,98084.78,PROD-FS-045,Rewards Credit Card,Lending,Premium Savings,Rejected,2024-12-21,0.890602,3959.59,,Persona Customer 45,customer45@example.com
FPR-00046,CUST-C0245,89372.34,Small Business,Onboarding,3.2232,0.932632,252,111701.41,PROD-FS-046,Rewards Credit Card,Credit,Wealth Advisory,Declined,2024-07-07,0.955483,6377.36,,Persona Customer 46,customer46@example.com
FPR-00047,CUST-C0171,70553.6,Retail,Mature,2.3129,0.144064,14,82195.72,PROD-FS-047,Auto Loan,Credit,Auto Loan,Rejected,2025-05-09,0.609501,1916.43,,Persona Customer 47,customer47@example.com
FPR-00048,CUST-C0204,4597.86,High Net Worth,Growth,4.1451,0.26757,160,87628.89,PROD-FS-048,Premium Savings,Credit,Term Life,Pending,2024-02-16,0.452825,376.32,,Persona Customer 48,customer48@example.com
FPR-00049,CUST-C0229,9406.25,Small Business,Onboarding,2.9796,0.518574,194,34560.93,PROD-FS-049,Wealth Advisory,Deposit,Term Life,Open,2024-01-25,0.982008,7358.63,,Persona Customer 49,customer49@example.com
FPR-00050,CUST-C0124,88336.12,Corporate,Onboarding,2.3622,0.117885,186,95663.08,PROD-FS-050,Premium Savings,Credit,Term Life,Accepted,2025-03-27,0.780937,18728.25,2025-04-12,Persona Customer 50,customer50@example.com
FPR-00051,CUST-C0180,92207.99,Corporate,Onboarding,2.7477,0.076783,225,82835.02,PROD-FS-001,Term Life,Credit,Term Life,Pending,2025-11-17,0.66151,15796.82,,Persona Customer 51,customer51@example.com
FPR-00052,CUST-C0101,77391.4,Retail,Onboarding,4.7199,0.696814,19,79630.21,PROD-FS-002,Auto Loan,Deposit,Auto Loan,Accepted,2024-10-07,0.131046,18980.77,2024-12-02,Persona Customer 52,customer52@example.com
FPR-00053,CUST-C0196,15074.15,Retail,Mature,3.4969,0.104808,116,19384.36,PROD-FS-003,Premium Savings,Lending,Term Life,Accepted,2025-05-04,0.136228,8939.95,2025-06-08,Persona Customer 53,customer53@example.com
FPR-00054,CUST-C0041,43171.41,Corporate,Onboarding,1.4189,0.987525,352,142138.09,PROD-FS-004,Rewards Credit Card,Insurance,Wealth Advisory,Rejected,2025-04-12,0.272896,19543.13,,Persona Customer 54,customer54@example.com
FPR-00055,CUST-C0203,81555.27,Retail,Mature,3.8444,0.943349,129,180173.44,PROD-FS-005,Auto Loan,Deposit,Auto Loan,Rejected,2025-11-27,0.31533,18738.46,,Persona Customer 55,customer55@example.com
FPR-00056,CUST-C0172,66334.76,Corporate,Growth,3.4357,0.260579,48,118430.51,PROD-FS-006,Premium Savings,Advisory,Rewards Credit Card,Declined,2025-01-04,0.217041,18304.19,,Persona Customer 56,customer56@example.com
FPR-00057,CUST-C0241,62954.15,Small Business,Mature,1.5851,0.733354,444,149646.63,PROD-FS-007,Premium Savings,Credit,Rewards Credit Card,Accepted,2025-08-04,0.623961,1808.19,2025-08-31,Persona Customer 57,customer57@example.com
FPR-00058,CUST-C0067,89063.43,Corporate,Mature,4.2756,0.157288,338,120276.43,PROD-FS-008,Auto Loan,Insurance,Wealth Advisory,Accepted,2025-07-04,0.549223,9837.07,2025-08-19,Persona Customer 58,customer58@example.com
FPR-00059,CUST-C0146,23169.74,Institutional,Churned,4.712,0.566079,473,196674.21,PROD-FS-009,Rewards Credit Card,Advisory,Wealth Advisory,Accepted,2025-07-10,0.140611,4358.3,2025-08-02,Persona Customer 59,customer59@example.com
FPR-00060,CUST-C0171,50984.04,Small Business,Mature,1.7561,0.901309,358,140611.97,PROD-FS-010,Wealth Advisory,Credit,Rewards Credit Card,Accepted,2025-08-25,0.072801,5548.48,2025-08-30,Persona Customer 60,customer60@example.com
FPR-00061,CUST-C0115,35508.89,High Net Worth,Mature,4.0133,0.74302,401,10600.4,PROD-FS-011,Rewards Credit Card,Advisory,Wealth Advisory,Declined,2024-03-31,0.547081,7208.0,,Persona Customer 61,customer61@example.com
FPR-00062,CUST-C0031,16874.11,Corporate,At Risk,2.1377,0.646347,22,118807.17,PROD-FS-012,Premium Savings,Advisory,Wealth Advisory,Declined,2024-06-11,0.016938,12070.65,,Persona Customer 62,customer62@example.com
FPR-00063,CUST-C0174,47270.29,Institutional,Onboarding,1.1308,0.332226,220,182342.07,PROD-FS-013,Term Life,Advisory,Rewards Credit Card,Declined,2025-08-21,0.575388,2958.3,,Persona Customer 63,customer63@example.com
FPR-00064,CUST-C0143,39345.95,Corporate,Onboarding,4.5477,0.443681,298,182283.81,PROD-FS-014,Wealth Advisory,Lending,Premium Savings,Approved,2025-07-02,0.948234,5756.31,2025-07-25,Persona Customer 64,customer64@example.com
FPR-00065,CUST-C0236,55836.72,Corporate,Churned,2.7925,0.157463,354,149092.68,PROD-FS-015,Rewards Credit Card,Deposit,Wealth Advisory,Accepted,2025-11-05,0.149543,7186.94,2025-12-31,Persona Customer 65,customer65@example.com
FPR-00066,CUST-C0116,79415.65,Institutional,At Risk,1.6812,0.3775,91,120935.9,PROD-FS-016,Auto Loan,Lending,Wealth Advisory,Declined,2025-06-22,0.513055,5974.66,,Persona Customer 66,customer66@example.com
FPR-00067,CUST-C0037,30520.43,Retail,At Risk,3.3346,0.520731,286,179602.54,PROD-FS-017,Term Life,Credit,Auto Loan,Accepted,2025-08-26,0.200102,9459.23,2025-10-03,Persona Customer 67,customer67@example.com
FPR-00068,CUST-C0167,3546.9,High Net Worth,Churned,1.5798,0.18438,375,13622.83,PROD-FS-018,Auto Loan,Advisory,Rewards Credit Card,Approved,2024-01-18,0.411944,16431.09,2024-02-03,Persona Customer 68,customer68@example.com
FPR-00069,CUST-C0045,15940.33,Institutional,At Risk,4.5148,0.808493,85,179436.13,PROD-FS-019,Wealth Advisory,Advisory,Term Life,Open,2024-09-25,0.323415,8894.27,,Persona Customer 69,customer69@example.com
FPR-00070,CUST-C0005,99940.7,Retail,At Risk,4.9726,0.258582,47,128313.88,PROD-FS-020,Auto Loan,Credit,Term Life,Open,2025-04-03,0.762358,3635.83,,Persona Customer 70,customer70@example.com
FPR-00071,CUST-C0014,92507.18,Retail,At Risk,2.5936,0.21487,367,70682.35,PROD-FS-021,Wealth Advisory,Credit,Term Life,Declined,2024-03-08,0.254413,9572.27,,Persona Customer 71,customer71@example.com
FPR-00072,CUST-C0070,43895.74,High Net Worth,Onboarding,2.5371,0.889821,364,77652.7,PROD-FS-022,Wealth Advisory,Credit,Term Life,Pending,2024-10-19,0.603795,5407.09,,Persona Customer 72,customer72@example.com
FPR-00073,CUST-C0086,20702.57,Retail,Churned,2.591,0.115528,150,88219.3,PROD-FS-023,Term Life,Credit,Auto Loan,Pending,2024-10-15,0.084609,11505.72,,Persona Customer 73,customer73@example.com
FPR-00074,CUST-C0187,92769.11,Retail,At Risk,2.1558,0.129345,309,132260.4,PROD-FS-024,Term Life,Advisory,Auto Loan,Open,2025-01-03,0.973785,11500.68,,Persona Customer 74,customer74@example.com
FPR-00075,CUST-C0162,79793.4,Small Business,Churned,2.454,0.678318,13,174774.25,PROD-FS-025,Wealth Advisory,Credit,Auto Loan,Declined,2025-03-22,0.52255,8227.57,,Persona Customer 75,customer75@example.com
FPR-00076,CUST-C0105,50935.59,High Net Worth,Churned,3.5646,0.795498,243,179203.78,PROD-FS-026,Term Life,Lending,Premium Savings,Approved,2025-01-07,0.314768,5790.73,2025-02-28,Persona Customer 76,customer76@example.com
FPR-00077,CUST-C0021,33188.08,Retail,Churned,1.7505,0.395989,314,724.28,PROD-FS-027,Premium Savings,Credit,Wealth Advisory,Approved,2024-06-04,0.856711,19885.62,2024-06-26,Persona Customer 77,customer77@example.com
FPR-00078,CUST-C0071,83910.57,Retail,At Risk,1.4687,0.918873,475,129710.02,PROD-FS-028,Auto Loan,Deposit,Premium Savings,Rejected,2025-06-14,0.430581,17322.81,,Persona Customer 78,customer78@example.com
FPR-00079,CUST-C0138,85779.51,Institutional,Churned,4.071,0.359315,125,71282.94,PROD-FS-029,Rewards Credit Card,Lending,Term Life,Accepted,2025-08-15,0.570513,10745.86,2025-09-30,Persona Customer 79,customer79@example.com
FPR-00080,CUST-C0165,8556.85,High Net Worth,Growth,1.6889,0.290349,143,139749.53,PROD-FS-030,Wealth Advisory,Insurance,Premium Savings,Approved,2025-02-12,0.06282,18134.45,2025-03-28,Persona Customer 80,customer80@example.com
FPR-00081,CUST-C0030,22015.1,Corporate,Mature,1.8335,0.925067,418,141279.55,PROD-FS-031,Term Life,Advisory,Rewards Credit Card,Approved,2024-06-04,0.616018,1964.54,2024-06-14,Persona Customer 81,customer81@example.com
FPR-00082,CUST-C0205,94059.55,High Net Worth,At Risk,4.4643,0.493223,102,114070.12,PROD-FS-032,Premium Savings,Deposit,Wealth Advisory,Accepted,2025-03-08,0.128903,16694.78,2025-04-30,Persona Customer 82,customer82@example.com
FPR-00083,CUST-C0012,56368.57,High Net Worth,At Risk,3.7638,0.310376,228,36818.78,PROD-FS-033,Rewards Credit Card,Credit,Wealth Advisory,Accepted,2024-02-24,0.292769,17325.17,2024-04-05,Persona Customer 83,customer83@example.com
FPR-00084,CUST-C0130,77736.31,Corporate,Mature,3.2664,0.945872,477,7792.8,PROD-FS-034,Rewards Credit Card,Advisory,Auto Loan,Approved,2025-04-12,0.289483,10499.86,2025-05-10,Persona Customer 84,customer84@example.com
FPR-00085,CUST-C0144,86097.76,Small Business,Growth,2.2607,0.7988,317,46557.55,PROD-FS-035,Term Life,Credit,Term Life,Rejected,2025-10-06,0.638588,18982.06,,Persona Customer 85,customer85@example.com
FPR-00086,CUST-C0039,42410.96,High Net Worth,At Risk,4.9362,0.99444,426,46327.21,PROD-FS-036,Term Life,Insurance,Wealth Advisory,Accepted,2024-07-13,0.050545,12262.2,2024-09-02,Persona Customer 86,customer86@example.com
FPR-00087,CUST-C0088,49867.87,Retail,Growth,1.3609,0.697546,445,48621.17,PROD-FS-037,Wealth Advisory,Lending,Premium Savings,Approved,2025-05-25,0.011326,1109.54,2025-07-13,Persona Customer 87,customer87@example.com
FPR-00088,CUST-C0041,21565.44,Institutional,Onboarding,4.4977,0.683984,262,191461.32,PROD-FS-038,Auto Loan,Insurance,Term Life,Open,2024-03-17,0.6662,12338.49,,Persona Customer 88,customer88@example.com
FPR-00089,CUST-C0242,56688.02,Retail,At Risk,4.8298,0.264143,205,36732.23,PROD-FS-039,Premium Savings,Insurance,Premium Savings,Accepted,2024-10-21,0.18872,10164.81,2024-10-26,Persona Customer 89,customer89@example.com
FPR-00090,CUST-C0149,73209.14,High Net Worth,Churned,1.9097,0.753691,460,51916.93,PROD-FS-040,Auto Loan,Advisory,Premium Savings,Declined,2024-04-24,0.978269,18189.63,,Persona Customer 90,customer90@example.com
FPR-00091,CUST-C0098,56688.65,Institutional,At Risk,4.1687,0.262448,342,147516.6,PROD-FS-041,Premium Savings,Insurance,Term Life,Pending,2024-07-29,0.893007,13204.65,,Persona Customer 91,customer91@example.com
FPR-00092,CUST-C0197,8144.05,Institutional,Growth,2.5893,0.999475,328,89507.48,PROD-FS-042,Auto Loan,Lending,Rewards Credit Card,Open,2025-09-03,0.899374,1516.24,,Persona Customer 92,customer92@example.com
FPR-00093,CUST-C0129,52126.57,Small Business,Onboarding,4.6501,0.556647,300,74300.31,PROD-FS-043,Auto Loan,Credit,Term Life,Approved,2025-10-17,0.357254,11468.12,2025-11-22,Persona Customer 93,customer93@example.com
FPR-00094,CUST-C0194,13910.84,Retail,Churned,1.0283,0.743615,492,35276.35,PROD-FS-044,Premium Savings,Credit,Term Life,Rejected,2024-10-17,0.694185,10983.7,,Persona Customer 94,customer94@example.com
FPR-00095,CUST-C0176,75076.24,Retail,Onboarding,2.5051,0.090458,42,91068.31,PROD-FS-045,Premium Savings,Insurance,Premium Savings,Pending,2024-10-21,0.499177,18815.64,,Persona Customer 95,customer95@example.com
FPR-00096,CUST-C0047,71852.77,Institutional,At Risk,3.455,0.832639,193,36043.07,PROD-FS-046,Premium Savings,Advisory,Premium Savings,Accepted,2025-11-15,0.573261,12407.84,2026-01-13,Persona Customer 96,customer96@example.com
FPR-00097,CUST-C0089,21147.36,Corporate,Churned,1.3086,0.815326,363,27843.66,PROD-FS-047,Auto Loan,Deposit,Premium Savings,Accepted,2024-09-18,0.186033,1950.43,2024-09-23,Persona Customer 97,customer97@example.com
FPR-00098,CUST-C0096,49820.88,High Net Worth,Churned,2.6991,0.84052,63,5289.34,PROD-FS-048,Premium Savings,Insurance,Auto Loan,Accepted,2024-04-21,0.667211,1844.36,2024-05-14,Persona Customer 98,customer98@example.com
FPR-00099,CUST-C0002,40851.75,Retail,Mature,4.7586,0.336236,167,177429.03,PROD-FS-049,Rewards Credit Card,Credit,Term Life,Rejected,2025-05-24,0.302007,5589.07,,Persona Customer 99,customer99@example.com
FPR-00100,CUST-C0093,94726.96,Corporate,At Risk,4.7,0.091527,148,170640.74,PROD-FS-050,Rewards Credit Card,Insurance,Wealth Advisory,Approved,2025-05-13,0.8787,18640.38,2025-06-27,Persona Customer 100,customer100@example.com
FPR-00101,CUST-C0084,58195.25,Small Business,Churned,1.6024,0.942272,284,199820.6,PROD-FS-001,Premium Savings,Lending,Wealth Advisory,Open,2024-12-03,0.282865,6342.04,,Persona Customer 101,customer101@example.com
FPR-00102,CUST-C0073,16301.32,Corporate,Churned,1.7114,0.068229,256,23916.38,PROD-FS-002,Auto Loan,Deposit,Premium Savings,Approved,2024-02-16,0.410281,9163.0,2024-02-23,Persona Customer 102,customer102@example.com
FPR-00103,CUST-C0151,86063.07,Corporate,Churned,1.4839,0.877979,305,94607.45,PROD-FS-003,Rewards Credit Card,Lending,Term Life,Rejected,2025-01-27,0.44057,11922.69,,Persona Customer 103,customer103@example.com
FPR-00104,CUST-C0009,68037.62,High Net Worth,Churned,1.8033,0.23944,154,170268.9,PROD-FS-004,Wealth Advisory,Advisory,Wealth Advisory,Open,2025-01-31,0.934191,15593.06,,Persona Customer 104,customer104@example.com
FPR-00105,CUST-C0048,56344.77,Retail,At Risk,1.0177,0.560268,241,31275.55,PROD-FS-005,Auto Loan,Credit,Wealth Advisory,Pending,2025-01-26,0.770727,12543.78,,Persona Customer 105,customer105@example.com
FPR-00106,CUST-C0094,34467.5,Corporate,Onboarding,3.0358,0.508318,154,72748.65,PROD-FS-006,Rewards Credit Card,Lending,Term Life,Approved,2025-06-19,0.751181,6672.62,2025-07-22,Persona Customer 106,customer106@example.com
FPR-00107,CUST-C0039,57853.91,High Net Worth,Onboarding,2.3878,0.285237,301,90085.87,PROD-FS-007,Term Life,Lending,Term Life,Approved,2025-09-10,0.715672,12133.25,2025-10-08,Persona Customer 107,customer107@example.com
FPR-00108,CUST-C0111,67463.82,Corporate,Growth,3.2947,0.075606,340,178740.43,PROD-FS-008,Term Life,Insurance,Premium Savings,Accepted,2025-05-13,0.769275,14774.97,2025-05-31,Persona Customer 108,customer108@example.com
FPR-00109,CUST-C0232,99657.97,Institutional,Churned,2.1977,0.899625,344,66665.18,PROD-FS-009,Rewards Credit Card,Credit,Auto Loan,Approved,2025-06-30,0.877272,3681.78,2025-08-26,Persona Customer 109,customer109@example.com
FPR-00110,CUST-C0113,41718.71,Retail,Growth,3.4516,0.851719,399,3273.29,PROD-FS-010,Premium Savings,Insurance,Rewards Credit Card,Approved,2024-06-13,0.772804,17056.44,2024-06-23,Persona Customer 110,customer110@example.com
FPR-00111,CUST-C0076,82299.76,Retail,Churned,4.2523,0.126883,495,91227.41,PROD-FS-011,Wealth Advisory,Lending,Wealth Advisory,Accepted,2024-07-10,0.335027,6470.19,2024-07-20,Persona Customer 111,customer111@example.com
FPR-00112,CUST-C0002,28450.64,Small Business,Churned,3.0314,0.162736,50,1046.39,PROD-FS-012,Wealth Advisory,Advisory,Auto Loan,Accepted,2024-08-11,0.228741,4036.11,2024-09-07,Persona Customer 112,customer112@example.com
FPR-00113,CUST-C0026,22377.41,Retail,Churned,3.497,0.311503,207,52283.35,PROD-FS-013,Wealth Advisory,Credit,Premium Savings,Accepted,2025-09-12,0.061511,14002.11,2025-10-25,Persona Customer 113,customer113@example.com
FPR-00114,CUST-C0143,42488.0,High Net Worth,At Risk,3.6345,0.606333,260,61935.11,PROD-FS-014,Premium Savings,Insurance,Premium Savings,Declined,2024-02-13,0.010704,19891.1,,Persona Customer 114,customer114@example.com
FPR-00115,CUST-C0025,66561.18,Retail,At Risk,4.4251,0.732263,142,149800.07,PROD-FS-015,Rewards Credit Card,Insurance,Term Life,Declined,2024-05-07,0.588985,11331.65,,Persona Customer 115,customer115@example.com
FPR-00116,CUST-C0161,63887.0,Retail,Growth,4.1614,0.066044,476,103459.23,PROD-FS-016,Wealth Advisory,Credit,Premium Savings,Pending,2024-01-29,0.334928,3573.13,,Persona Customer 116,customer116@example.com
FPR-00117,CUST-C0220,90383.44,High Net Worth,Churned,3.5666,0.611057,376,192432.96,PROD-FS-017,Wealth Advisory,Credit,Term Life,Open,2025-09-05,0.911292,16066.05,,Persona Customer 117,customer117@example.com
FPR-00118,CUST-C0001,4656.97,Retail,Growth,3.0537,0.565118,363,161587.44,PROD-FS-018,Rewards Credit Card,Advisory,Term Life,Pending,2024-10-20,0.094098,19746.47,,Persona Customer 118,customer118@example.com
FPR-00119,CUST-C0013,76451.06,Retail,Mature,2.498,0.881337,11,32527.68,PROD-FS-019,Premium Savings,Insurance,Term Life,Approved,2024-02-16,0.088345,15591.39,2024-04-02,Persona Customer 119,customer119@example.com
FPR-00120,CUST-C0154,47499.47,High Net Worth,Mature,4.946,0.21987,61,94615.86,PROD-FS-020,Premium Savings,Insurance,Premium Savings,Approved,2025-07-01,0.938575,12268.35,2025-07-12,Persona Customer 120,customer120@example.com
FPR-00121,CUST-C0038,44369.82,Retail,Mature,3.8191,0.905571,250,118587.65,PROD-FS-021,Term Life,Credit,Premium Savings,Pending,2024-10-13,0.080846,6336.26,,Persona Customer 121,customer121@example.com
FPR-00122,CUST-C0209,46311.19,Corporate,Churned,4.0712,0.984373,483,5821.78,PROD-FS-022,Premium Savings,Lending,Premium Savings,Rejected,2024-12-17,0.352278,17605.7,,Persona Customer 122,customer122@example.com
FPR-00123,CUST-C0008,27068.68,Retail,Churned,2.0433,0.999798,86,27568.58,PROD-FS-023,Term Life,Advisory,Wealth Advisory,Approved,2025-09-07,0.863771,18587.23,2025-10-20,Persona Customer 123,customer123@example.com
FPR-00124,CUST-C0092,86971.08,Corporate,Churned,2.6765,0.979184,451,15111.12,PROD-FS-024,Term Life,Deposit,Term Life,Declined,2025-09-03,0.927437,7045.81,,Persona Customer 124,customer124@example.com
FPR-00125,CUST-C0239,98528.25,Retail,Mature,2.2416,0.99511,289,127274.1,PROD-FS-025,Wealth Advisory,Deposit,Term Life,Rejected,2024-10-31,0.337961,12335.08,,Persona Customer 125,customer125@example.com
FPR-00126,CUST-C0005,77532.5,Small Business,Mature,1.9288,0.020262,123,157559.04,PROD-FS-026,Premium Savings,Deposit,Premium Savings,Open,2024-12-16,0.637278,7381.78,,Persona Customer 126,customer126@example.com
FPR-00127,CUST-C0026,1752.7,Retail,Onboarding,2.7255,0.86657,120,58190.76,PROD-FS-027,Wealth Advisory,Credit,Premium Savings,Approved,2025-10-26,0.283601,18145.67,2025-11-04,Persona Customer 127,customer127@example.com
FPR-00128,CUST-C0108,27704.86,Corporate,Mature,2.71,0.790031,77,114559.35,PROD-FS-028,Auto Loan,Credit,Auto Loan,Open,2024-12-09,0.814521,9829.24,,Persona Customer 128,customer128@example.com
FPR-00129,CUST-C0098,87673.75,Institutional,Growth,1.6684,0.73235,392,133941.17,PROD-FS-029,Rewards Credit Card,Lending,Premium Savings,Approved,2024-11-03,0.19711,578.1,2024-11-05,Persona Customer 129,customer129@example.com
FPR-00130,CUST-C0211,90924.16,Institutional,Mature,4.1592,0.797866,180,182091.07,PROD-FS-030,Premium Savings,Advisory,Term Life,Approved,2024-08-19,0.293308,3841.69,2024-09-15,Persona Customer 130,customer130@example.com
FPR-00131,CUST-C0144,23069.23,Corporate,Churned,1.4257,0.304671,163,88653.5,PROD-FS-031,Auto Loan,Lending,Auto Loan,Pending,2025-03-24,0.750939,1969.55,,Persona Customer 131,customer131@example.com
FPR-00132,CUST-C0085,61275.83,Small Business,Mature,2.6404,0.021813,444,52992.53,PROD-FS-032,Auto Loan,Insurance,Premium Savings,Pending,2024-11-21,0.007721,13025.16,,Persona Customer 132,customer132@example.com
FPR-00133,CUST-C0112,99276.98,Retail,Churned,3.5167,0.436127,473,160624.21,PROD-FS-033,Wealth Advisory,Credit,Wealth Advisory,Accepted,2025-08-03,0.090281,5616.82,2025-09-25,Persona Customer 133,customer133@example.com
FPR-00134,CUST-C0007,31313.11,Small Business,At Risk,2.8607,0.973969,310,59643.47,PROD-FS-034,Rewards Credit Card,Credit,Premium Savings,Accepted,2025-06-30,0.132016,5549.36,2025-07-20,Persona Customer 134,customer134@example.com
FPR-00135,CUST-C0008,23357.2,Corporate,Growth,4.3826,0.654872,90,79800.67,PROD-FS-035,Term Life,Insurance,Premium Savings,Accepted,2024-04-27,0.689246,5829.94,2024-05-06,Persona Customer 135,customer135@example.com
FPR-00136,CUST-C0071,72523.08,High Net Worth,Churned,4.6482,0.348747,208,12403.28,PROD-FS-036,Wealth Advisory,Advisory,Wealth Advisory,Rejected,2025-06-18,0.128574,11038.39,,Persona Customer 136,customer136@example.com
FPR-00137,CUST-C0169,64786.66,Retail,Churned,2.3986,0.872417,47,41937.72,PROD-FS-037,Wealth Advisory,Lending,Auto Loan,Accepted,2025-03-06,0.009573,7400.03,2025-03-13,Persona Customer 137,customer137@example.com
FPR-00138,CUST-C0230,78358.39,High Net Worth,At Risk,2.051,0.443071,412,28928.69,PROD-FS-038,Auto Loan,Credit,Term Life,Declined,2024-04-12,0.343218,15685.06,,Persona Customer 138,customer138@example.com
FPR-00139,CUST-C0140,19806.64,High Net Worth,Growth,3.9213,0.261139,282,112518.8,PROD-FS-039,Premium Savings,Insurance,Rewards Credit Card,Open,2025-03-08,0.958722,5159.08,,Persona Customer 139,customer139@example.com
FPR-00140,CUST-C0018,14192.64,Retail,Mature,3.084,0.745895,74,48835.68,PROD-FS-040,Wealth Advisory,Advisory,Wealth Advisory,Pending,2025-06-22,0.679678,8577.09,,Persona Customer 140,customer140@example.com
FPR-00141,CUST-C0112,86855.36,High Net Worth,Onboarding,1.6349,0.940304,65,64657.84,PROD-FS-041,Auto Loan,Advisory,Premium Savings,Accepted,2024-03-04,0.193067,12159.66,2024-04-14,Persona Customer 141,customer141@example.com
FPR-00142,CUST-C0068,20077.14,Retail,At Risk,2.6584,0.340975,20,185338.05,PROD-FS-042,Rewards Credit Card,Insurance,Rewards Credit Card,Approved,2025-04-13,0.564281,17920.61,2025-05-21,Persona Customer 142,customer142@example.com
FPR-00143,CUST-C0170,98271.97,Retail,At Risk,3.4467,0.000995,413,23004.58,PROD-FS-043,Premium Savings,Advisory,Auto Loan,Declined,2024-02-23,0.571296,12362.37,,Persona Customer 143,customer143@example.com
FPR-00144,CUST-C0007,35795.13,Retail,At Risk,3.6427,0.161708,201,16738.04,PROD-FS-044,Term Life,Insurance,Auto Loan,Rejected,2024-09-16,0.697781,6840.79,,Persona Customer 144,customer144@example.com
FPR-00145,CUST-C0060,44578.46,Small Business,Growth,1.2039,0.99238,336,5775.32,PROD-FS-045,Premium Savings,Insurance,Wealth Advisory,Rejected,2024-12-01,0.278897,10417.75,,Persona Customer 145,customer145@example.com
FPR-00146,CUST-C0086,40088.76,Institutional,Churned,4.276,0.577335,288,136215.45,PROD-FS-046,Premium Savings,Insurance,Wealth Advisory,Open,2024-06-05,0.44043,11865.06,,Persona Customer 146,customer146@example.com
FPR-00147,CUST-C0200,59507.41,Small Business,At Risk,3.3886,0.781484,443,82222.72,PROD-FS-047,Wealth Advisory,Credit,Rewards Credit Card,Declined,2024-11-19,0.175333,5823.73,,Persona Customer 147,customer147@example.com
FPR-00148,CUST-C0146,28894.28,Retail,Mature,4.8341,0.583526,487,92263.88,PROD-FS-048,Term Life,Advisory,Term Life,Accepted,2024-03-21,0.225623,18433.56,2024-05-07,Persona Customer 148,customer148@example.com
FPR-00149,CUST-C0192,24744.01,Small Business,Churned,1.1453,0.792712,58,22597.19,PROD-FS-049,Term Life,Insurance,Wealth Advisory,Declined,2024-08-24,0.523916,4476.22,,Persona Customer 149,customer149@example.com
FPR-00150,CUST-C0169,15378.63,Small Business,Growth,3.1417,0.642882,20,108224.37,PROD-FS-050,Term Life,Insurance,Premium Savings,Rejected,2024-01-20,0.731902,8090.37,,Persona Customer 150,customer150@example.com
FPR-00151,CUST-C0079,63406.97,Corporate,Growth,4.1724,0.963018,372,152766.28,PROD-FS-001,Auto Loan,Credit,Rewards Credit Card,Open,2025-10-01,0.24683,12610.77,,Persona Customer 151,customer151@example.com
FPR-00152,CUST-C0001,38732.11,Retail,Onboarding,3.3863,0.871353,15,185980.87,PROD-FS-002,Rewards Credit Card,Credit,Auto Loan,Approved,2025-02-14,0.811525,19380.52,2025-03-18,Persona Customer 152,customer152@example.com
FPR-00153,CUST-C0223,25987.07,Small Business,Onboarding,2.1081,0.415828,416,138581.58,PROD-FS-003,Wealth Advisory,Insurance,Rewards Credit Card,Pending,2025-01-30,0.619781,5669.64,,Persona Customer 153,customer153@example.com
FPR-00154,CUST-C0193,16485.93,Small Business,Churned,3.3418,0.009489,15,68084.71,PROD-FS-004,Premium Savings,Insurance,Wealth Advisory,Declined,2025-12-01,0.944077,639.7,,Persona Customer 154,customer154@example.com
FPR-00155,CUST-C0006,94145.53,Retail,Churned,4.016,0.212565,172,150579.24,PROD-FS-005,Rewards Credit Card,Deposit,Auto Loan,Approved,2025-03-23,0.56417,3436.46,2025-05-22,Persona Customer 155,customer155@example.com
FPR-00156,CUST-C0134,60202.17,Small Business,Growth,1.0672,0.42299,238,47877.59,PROD-FS-006,Auto Loan,Deposit,Term Life,Open,2025-04-10,0.920093,9842.83,,Persona Customer 156,customer156@example.com
FPR-00157,CUST-C0113,23497.78,Institutional,Mature,2.337,0.679143,214,52075.88,PROD-FS-007,Auto Loan,Deposit,Term Life,Rejected,2025-06-12,0.338344,7062.53,,Persona Customer 157,customer157@example.com
FPR-00158,CUST-C0201,70401.08,High Net Worth,Onboarding,2.1437,0.800962,463,145331.91,PROD-FS-008,Premium Savings,Deposit,Rewards Credit Card,Declined,2024-01-22,0.879533,1408.88,,Persona Customer 158,customer158@example.com
FPR-00159,CUST-C0116,80338.83,Institutional,Churned,2.7821,0.889596,11,2682.41,PROD-FS-009,Wealth Advisory,Advisory,Auto Loan,Approved,2025-06-23,0.293927,5465.53,2025-07-11,Persona Customer 159,customer159@example.com
FPR-00160,CUST-C0040,83601.48,High Net Worth,At Risk,4.4859,0.294664,362,110111.25,PROD-FS-010,Premium Savings,Deposit,Wealth Advisory,Accepted,2024-11-05,0.206353,14336.24,2024-12-04,Persona Customer 160,customer160@example.com
FPR-00161,CUST-C0211,53830.13,Corporate,At Risk,2.5338,0.205691,9,150797.94,PROD-FS-011,Wealth Advisory,Lending,Wealth Advisory,Rejected,2025-02-23,0.202559,5632.24,,Persona Customer 161,customer161@example.com
FPR-00162,CUST-C0097,85974.18,Small Business,Churned,2.566,0.885246,215,127117.97,PROD-FS-012,Term Life,Deposit,Term Life,Accepted,2025-09-29,0.436394,11077.59,2025-10-06,Persona Customer 162,customer162@example.com
FPR-00163,CUST-C0249,77201.01,High Net Worth,Growth,4.3678,0.468189,190,59921.19,PROD-FS-013,Rewards Credit Card,Credit,Auto Loan,Open,2024-07-02,0.241984,10246.58,,Persona Customer 163,customer163@example.com
FPR-00164,CUST-C0004,45829.54,Institutional,Churned,2.8766,0.686398,118,172753.79,PROD-FS-014,Premium Savings,Advisory,Premium Savings,Approved,2025-05-02,0.163345,3649.16,2025-05-27,Persona Customer 164,customer164@example.com
FPR-00165,CUST-C0050,10534.32,Corporate,Growth,3.352,0.713799,137,21365.71,PROD-FS-015,Wealth Advisory,Advisory,Premium Savings,Pending,2024-06-22,0.653003,11156.22,,Persona Customer 165,customer165@example.com
FPR-00166,CUST-C0013,10803.46,High Net Worth,Onboarding,4.7665,0.331628,395,118089.45,PROD-FS-016,Wealth Advisory,Credit,Auto Loan,Declined,2025-02-03,0.930099,17247.38,,Persona Customer 166,customer166@example.com
FPR-00167,CUST-C0238,26308.74,High Net Worth,Churned,1.596,0.405305,76,155411.41,PROD-FS-017,Wealth Advisory,Lending,Wealth Advisory,Open,2024-11-07,0.639941,9116.58,,Persona Customer 167,customer167@example.com
FPR-00168,CUST-C0053,76973.56,Small Business,At Risk,1.5731,0.592216,39,175738.42,PROD-FS-018,Wealth Advisory,Lending,Rewards Credit Card,Approved,2025-03-29,0.669686,17855.49,2025-05-19,Persona Customer 168,customer168@example.com
FPR-00169,CUST-C0071,36001.38,Corporate,At Risk,2.8349,0.453912,289,147394.65,PROD-FS-019,Term Life,Deposit,Premium Savings,Approved,2024-02-21,0.860064,7194.21,2024-03-22,Persona Customer 169,customer169@example.com
FPR-00170,CUST-C0205,35090.0,Retail,Mature,4.5821,0.669645,399,93853.97,PROD-FS-020,Wealth Advisory,Advisory,Term Life,Rejected,2025-05-01,0.642427,10762.68,,Persona Customer 170,customer170@example.com
FPR-00171,CUST-C0013,30517.91,Corporate,Onboarding,4.114,0.085482,356,3849.49,PROD-FS-021,Term Life,Advisory,Term Life,Rejected,2024-11-04,0.761094,7624.5,,Persona Customer 171,customer171@example.com
FPR-00172,CUST-C0189,73331.21,Institutional,Onboarding,1.6399,0.742323,315,37760.31,PROD-FS-022,Rewards Credit Card,Deposit,Auto Loan,Rejected,2024-09-28,0.736007,3951.24,,Persona Customer 172,customer172@example.com
FPR-00173,CUST-C0238,43286.96,Retail,At Risk,2.0259,0.758682,329,118579.38,PROD-FS-023,Rewards Credit Card,Lending,Premium Savings,Declined,2024-02-16,0.067293,1570.09,,Persona Customer 173,customer173@example.com
FPR-00174,CUST-C0228,30898.44,Corporate,Mature,2.1025,0.518992,474,87609.19,PROD-FS-024,Wealth Advisory,Deposit,Wealth Advisory,Approved,2025-05-11,0.133562,2481.77,2025-06-17,Persona Customer 174,customer174@example.com
FPR-00175,CUST-C0112,79657.0,Institutional,Churned,1.2366,0.197742,60,171411.88,PROD-FS-025,Premium Savings,Insurance,Term Life,Open,2025-03-15,0.714436,9050.67,,Persona Customer 175,customer175@example.com
FPR-00176,CUST-C0161,33112.43,Corporate,Churned,2.3917,0.704415,383,85510.59,PROD-FS-026,Wealth Advisory,Insurance,Auto Loan,Declined,2024-07-05,0.810182,15240.53,,Persona Customer 176,customer176@example.com
FPR-00177,CUST-C0025,45759.84,Small Business,Growth,1.8864,0.580313,391,128657.8,PROD-FS-027,Rewards Credit Card,Insurance,Wealth Advisory,Accepted,2024-01-24,0.8726,11002.11,2024-02-08,Persona Customer 177,customer177@example.com
FPR-00178,CUST-C0127,99588.48,Retail,Churned,3.8023,0.949781,241,119005.5,PROD-FS-028,Premium Savings,Advisory,Premium Savings,Approved,2025-04-12,0.260131,1789.44,2025-05-10,Persona Customer 178,customer178@example.com
FPR-00179,CUST-C0055,85366.91,Retail,At Risk,1.0244,0.675707,14,122497.53,PROD-FS-029,Rewards Credit Card,Credit,Auto Loan,Rejected,2024-11-19,0.628537,1850.6,,Persona Customer 179,customer179@example.com
FPR-00180,CUST-C0115,75209.08,High Net Worth,Onboarding,2.0631,0.773409,170,42599.75,PROD-FS-030,Wealth Advisory,Lending,Rewards Credit Card,Accepted,2024-04-01,0.444183,13469.99,2024-05-08,Persona Customer 180,customer180@example.com
FPR-00181,CUST-C0078,46812.71,Corporate,Growth,4.3342,0.997162,94,78517.42,PROD-FS-031,Term Life,Credit,Auto Loan,Open,2025-01-15,0.507681,13082.3,,Persona Customer 181,customer181@example.com
FPR-00182,CUST-C0088,60777.57,Small Business,Mature,3.4619,0.747424,421,75333.72,PROD-FS-032,Term Life,Advisory,Rewards Credit Card,Open,2025-07-21,0.641972,10600.98,,Persona Customer 182,customer182@example.com
FPR-00183,CUST-C0048,97312.77,Retail,Growth,3.1124,0.294448,226,61677.62,PROD-FS-033,Wealth Advisory,Insurance,Auto Loan,Pending,2024-01-14,0.33405,1224.16,,Persona Customer 183,customer183@example.com
FPR-00184,CUST-C0125,19369.87,Small Business,Mature,3.6116,0.900785,315,46036.72,PROD-FS-034,Rewards Credit Card,Lending,Premium Savings,Rejected,2024-04-27,0.950324,14886.01,,Persona Customer 184,customer184@example.com
FPR-00185,CUST-C0022,27841.25,High Net Worth,At Risk,4.9309,0.603281,242,11828.73,PROD-FS-035,Rewards Credit Card,Lending,Rewards Credit Card,Pending,2024-04-25,0.538058,5099.63,,Persona Customer 185,customer185@example.com
FPR-00186,CUST-C0196,91922.21,Corporate,Mature,3.3622,0.371689,257,25704.83,PROD-FS-036,Premium Savings,Credit,Rewards Credit Card,Declined,2025-01-13,0.949837,6976.22,,Persona Customer 186,customer186@example.com
FPR-00187,CUST-C0148,77080.1,Institutional,Onboarding,1.8944,0.232744,32,52932.69,PROD-FS-037,Wealth Advisory,Lending,Wealth Advisory,Declined,2025-05-31,0.034102,14178.79,,Persona Customer 187,customer187@example.com
FPR-00188,CUST-C0201,58969.95,High Net Worth,Growth,1.0707,0.985502,14,82229.47,PROD-FS-038,Term Life,Lending,Wealth Advisory,Pending,2025-07-01,0.827935,15677.31,,Persona Customer 188,customer188@example.com
FPR-00189,CUST-C0207,32199.79,Retail,At Risk,4.5665,0.735774,119,114568.23,PROD-FS-039,Auto Loan,Deposit,Auto Loan,Open,2025-03-14,0.878021,1834.8,,Persona Customer 189,customer189@example.com
FPR-00190,CUST-C0054,6347.5,Small Business,Onboarding,1.8049,0.624274,378,65149.16,PROD-FS-040,Term Life,Lending,Rewards Credit Card,Approved,2024-07-12,0.716438,10642.54,2024-08-28,Persona Customer 190,customer190@example.com
FPR-00191,CUST-C0097,63392.47,Institutional,Churned,2.1605,0.845024,431,16067.05,PROD-FS-041,Wealth Advisory,Deposit,Wealth Advisory,Open,2025-06-12,0.163885,10940.74,,Persona Customer 191,customer191@example.com
FPR-00192,CUST-C0023,84612.33,High Net Worth,Mature,2.285,0.788997,353,121209.85,PROD-FS-042,Auto Loan,Insurance,Auto Loan,Accepted,2025-10-23,0.839336,11634.26,2025-11-07,Persona Customer 192,customer192@example.com
FPR-00193,CUST-C0198,16389.54,Institutional,Onboarding,1.2375,0.443037,150,61496.69,PROD-FS-043,Term Life,Advisory,Wealth Advisory,Pending,2024-11-26,0.838015,14316.57,,Persona Customer 193,customer193@example.com
FPR-00194,CUST-C0014,61011.13,Retail,Growth,1.2623,0.415653,207,125962.23,PROD-FS-044,Rewards Credit Card,Deposit,Wealth Advisory,Approved,2024-09-12,0.731153,2472.56,2024-10-05,Persona Customer 194,customer194@example.com
FPR-00195,CUST-C0044,61385.47,Small Business,At Risk,3.6713,0.266687,238,197862.03,PROD-FS-045,Rewards Credit Card,Deposit,Term Life,Open,2025-03-19,0.541933,19603.98,,Persona Customer 195,customer195@example.com
FPR-00196,CUST-C0147,70539.1,High Net Worth,Growth,2.7374,0.080054,207,85005.74,PROD-FS-046,Rewards Credit Card,Advisory,Premium Savings,Approved,2025-08-20,0.786709,12534.39,2025-09-28,Persona Customer 196,customer196@example.com
FPR-00197,CUST-C0072,97416.31,Retail,At Risk,1.8288,0.962855,313,91353.29,PROD-FS-047,Wealth Advisory,Lending,Wealth Advisory,Open,2025-07-07,0.144774,12469.96,,Persona Customer 197,customer197@example.com
FPR-00198,CUST-C0180,61603.41,Retail,Churned,4.9215,0.163006,417,9190.35,PROD-FS-048,Term Life,Insurance,Term Life,Open,2024-12-29,0.302693,18970.67,,Persona Customer 198,customer198@example.com
FPR-00199,CUST-C0021,33460.04,High Net Worth,Mature,4.7249,0.754188,1,164172.23,PROD-FS-049,Rewards Credit Card,Credit,Wealth Advisory,Rejected,2025-11-02,0.61634,14101.09,,Persona Customer 199,customer199@example.com
FPR-00200,CUST-C0242,13127.89,Retail,Onboarding,2.1406,0.842628,98,96523.97,PROD-FS-050,Term Life,Advisory,Premium Savings,Rejected,2024-03-30,0.240215,1373.44,,Persona Customer 200,customer200@example.com
FPR-00201,CUST-C0239,38732.37,Small Business,Growth,1.381,0.210908,326,75066.22,PROD-FS-001,Auto Loan,Deposit,Premium Savings,Rejected,2025-01-14,0.22777,15238.22,,Persona Customer 201,customer201@example.com
FPR-00202,CUST-C0011,48053.21,Retail,Growth,4.3162,0.59664,21,174150.79,PROD-FS-002,Term Life,Advisory,Auto Loan,Open,2024-09-30,0.577365,1290.37,,Persona Customer 202,customer202@example.com
FPR-00203,CUST-C0196,81398.87,High Net Worth,Onboarding,4.969,0.058087,46,198195.02,PROD-FS-003,Premium Savings,Advisory,Auto Loan,Rejected,2024-11-04,0.357678,3064.82,,Persona Customer 203,customer203@example.com
FPR-00204,CUST-C0019,22003.57,High Net Worth,Growth,3.4547,0.250213,335,9526.87,PROD-FS-004,Rewards Credit Card,Insurance,Premium Savings,Open,2024-06-19,0.0318,16416.42,,Persona Customer 204,customer204@example.com
FPR-00205,CUST-C0246,95763.63,Small Business,Growth,2.9889,0.862793,135,31499.68,PROD-FS-005,Rewards Credit Card,Insurance,Rewards Credit Card,Rejected,2024-05-16,0.059933,798.61,,Persona Customer 205,customer205@example.com
FPR-00206,CUST-C0162,30497.62,Retail,Mature,3.8032,0.400752,67,184252.25,PROD-FS-006,Rewards Credit Card,Credit,Rewards Credit Card,Rejected,2025-07-28,0.047296,7762.99,,Persona Customer 206,customer206@example.com
FPR-00207,CUST-C0096,17752.88,Corporate,Mature,1.4703,0.489221,472,164626.58,PROD-FS-007,Term Life,Credit,Rewards Credit Card,Pending,2024-10-31,0.968844,13642.04,,Persona Customer 207,customer207@example.com
FPR-00208,CUST-C0105,98184.14,Small Business,Onboarding,2.2801,0.500368,379,186869.88,PROD-FS-008,Term Life,Insurance,Term Life,Approved,2025-03-19,0.479249,17981.23,2025-04-04,Persona Customer 208,customer208@example.com
FPR-00209,CUST-C0037,62453.31,Small Business,At Risk,1.1985,0.923509,449,98298.58,PROD-FS-009,Premium Savings,Credit,Wealth Advisory,Declined,2024-04-07,0.657486,16177.61,,Persona Customer 209,customer209@example.com
FPR-00210,CUST-C0138,17213.24,Institutional,Churned,1.6325,0.729079,388,95688.68,PROD-FS-010,Wealth Advisory,Advisory,Term Life,Rejected,2024-12-20,0.353175,6839.76,,Persona Customer 210,customer210@example.com
FPR-00211,CUST-C0041,148.51,Small Business,Growth,4.7058,0.466321,142,150953.92,PROD-FS-011,Premium Savings,Advisory,Auto Loan,Approved,2024-05-18,0.920423,564.83,2024-06-26,Persona Customer 211,customer211@example.com
FPR-00212,CUST-C0020,55277.46,Institutional,Growth,1.4945,0.967618,297,120238.3,PROD-FS-012,Rewards Credit Card,Insurance,Term Life,Open,2024-11-06,0.494571,12718.33,,Persona Customer 212,customer212@example.com
FPR-00213,CUST-C0065,9563.67,Small Business,Growth,4.9541,0.975567,10,65334.43,PROD-FS-013,Rewards Credit Card,Credit,Rewards Credit Card,Declined,2024-08-02,0.151252,1098.4,,Persona Customer 213,customer213@example.com
FPR-00214,CUST-C0105,31984.39,High Net Worth,At Risk,3.5664,0.150627,274,129798.19,PROD-FS-014,Auto Loan,Lending,Auto Loan,Pending,2025-07-31,0.478856,4560.18,,Persona Customer 214,customer214@example.com
FPR-00215,CUST-C0131,41729.9,Retail,Mature,4.3962,0.227693,273,46512.47,PROD-FS-015,Wealth Advisory,Lending,Rewards Credit Card,Rejected,2024-08-29,0.569026,18130.12,,Persona Customer 215,customer215@example.com
FPR-00216,CUST-C0145,10687.09,Corporate,At Risk,1.7228,0.632425,484,184084.82,PROD-FS-016,Wealth Advisory,Advisory,Term Life,Pending,2025-10-27,0.653093,7297.8,,Persona Customer 216,customer216@example.com
FPR-00217,CUST-C0020,76902.74,Small Business,At Risk,3.3,0.787101,418,142227.88,PROD-FS-017,Rewards Credit Card,Deposit,Auto Loan,Rejected,2024-11-23,0.016688,1654.61,,Persona Customer 217,customer217@example.com
FPR-00218,CUST-C0139,82034.05,Retail,Churned,1.2406,0.107742,466,32226.18,PROD-FS-018,Auto Loan,Deposit,Wealth Advisory,Pending,2025-08-20,0.071416,8548.93,,Persona Customer 218,customer218@example.com
FPR-00219,CUST-C0162,13689.11,Retail,Onboarding,4.2442,0.641387,384,48664.6,PROD-FS-019,Premium Savings,Credit,Term Life,Rejected,2024-12-08,0.061533,18071.25,,Persona Customer 219,customer219@example.com
FPR-00220,CUST-C0215,40189.08,Retail,Mature,2.5375,0.069894,333,71122.5,PROD-FS-020,Term Life,Advisory,Auto Loan,Accepted,2024-03-25,0.259122,1562.46,2024-05-04,Persona Customer 220,customer220@example.com
FPR-00221,CUST-C0127,60219.32,Corporate,At Risk,1.1305,0.602929,202,29103.64,PROD-FS-021,Auto Loan,Credit,Wealth Advisory,Rejected,2025-07-29,0.712507,13509.38,,Persona Customer 221,customer221@example.com
FPR-00222,CUST-C0212,31451.47,Corporate,Churned,4.6205,0.571976,400,70132.81,PROD-FS-022,Auto Loan,Credit,Wealth Advisory,Rejected,2024-08-01,0.939434,3354.49,,Persona Customer 222,customer222@example.com
FPR-00223,CUST-C0100,27962.48,Small Business,Churned,1.767,0.915052,455,118037.68,PROD-FS-023,Wealth Advisory,Insurance,Term Life,Declined,2024-12-22,0.264556,7576.38,,Persona Customer 223,customer223@example.com
FPR-00224,CUST-C0007,84416.44,Corporate,Onboarding,3.9233,0.771352,168,159497.63,PROD-FS-024,Rewards Credit Card,Deposit,Wealth Advisory,Pending,2024-11-10,0.052221,16023.38,,Persona Customer 224,customer224@example.com
FPR-00225,CUST-C0060,40373.37,Retail,Growth,1.9919,0.005301,189,176558.35,PROD-FS-025,Premium Savings,Lending,Premium Savings,Rejected,2024-03-06,0.816938,14771.5,,Persona Customer 225,customer225@example.com
FPR-00226,CUST-C0068,41778.39,Retail,Churned,4.6043,0.310155,286,106941.99,PROD-FS-026,Auto Loan,Credit,Auto Loan,Pending,2025-05-08,0.081523,14296.55,,Persona Customer 226,customer226@example.com
FPR-00227,CUST-C0067,842.92,High Net Worth,At Risk,3.2144,0.828448,102,152375.33,PROD-FS-027,Wealth Advisory,Lending,Auto Loan,Pending,2025-09-13,0.12341,9365.99,,Persona Customer 227,customer227@example.com
FPR-00228,CUST-C0141,85930.68,Retail,Mature,3.9361,0.662794,415,110609.68,PROD-FS-028,Premium Savings,Deposit,Term Life,Accepted,2024-08-13,0.761282,18926.82,2024-09-08,Persona Customer 228,customer228@example.com
FPR-00229,CUST-C0082,81517.68,Retail,Onboarding,2.4955,0.9743,406,76429.44,PROD-FS-029,Rewards Credit Card,Deposit,Auto Loan,Pending,2025-10-07,0.411426,102.85,,Persona Customer 229,customer229@example.com
FPR-00230,CUST-C0140,92903.91,Institutional,Mature,1.0615,0.950198,477,161755.4,PROD-FS-030,Wealth Advisory,Advisory,Premium Savings,Declined,2025-06-04,0.739563,13899.91,,Persona Customer 230,customer230@example.com
FPR-00231,CUST-C0222,18181.14,Corporate,Mature,2.0572,0.724492,191,51195.94,PROD-FS-031,Premium Savings,Insurance,Premium Savings,Rejected,2024-03-10,0.168843,5905.91,,Persona Customer 231,customer231@example.com
FPR-00232,CUST-C0184,89072.41,High Net Worth,Mature,4.1934,0.076419,20,40347.56,PROD-FS-032,Auto Loan,Deposit,Premium Savings,Open,2024-07-19,0.817238,2552.27,,Persona Customer 232,customer232@example.com
FPR-00233,CUST-C0222,70817.31,Corporate,Growth,4.7337,0.419281,209,134545.63,PROD-FS-033,Wealth Advisory,Credit,Wealth Advisory,Declined,2025-05-10,0.875955,2031.22,,Persona Customer 233,customer233@example.com
FPR-00234,CUST-C0094,40610.83,Small Business,Churned,1.0751,0.080151,403,17174.36,PROD-FS-034,Auto Loan,Advisory,Premium Savings,Accepted,2024-12-24,0.360081,18699.14,2025-01-01,Persona Customer 234,customer234@example.com
FPR-00235,CUST-C0168,2747.38,Retail,At Risk,1.4458,0.29979,205,27313.28,PROD-FS-035,Term Life,Lending,Term Life,Approved,2024-08-18,0.282515,16351.6,2024-10-06,Persona Customer 235,customer235@example.com
FPR-00236,CUST-C0058,32178.72,Retail,Growth,3.7763,0.661889,228,168472.33,PROD-FS-036,Rewards Credit Card,Lending,Rewards Credit Card,Accepted,2024-12-25,0.671964,2488.89,2025-01-17,Persona Customer 236,customer236@example.com
FPR-00237,CUST-C0140,65187.65,Retail,At Risk,3.0347,0.507276,78,33714.74,PROD-FS-037,Wealth Advisory,Advisory,Premium Savings,Pending,2025-10-13,0.923964,14468.6,,Persona Customer 237,customer237@example.com
FPR-00238,CUST-C0173,71905.8,Retail,At Risk,2.0513,0.452927,346,77305.49,PROD-FS-038,Auto Loan,Credit,Auto Loan,Accepted,2024-04-01,0.80209,13611.02,2024-05-06,Persona Customer 238,customer238@example.com
FPR-00239,CUST-C0012,60181.41,Retail,At Risk,1.4051,0.41801,55,96629.92,PROD-FS-039,Rewards Credit Card,Lending,Wealth Advisory,Declined,2025-02-21,0.170054,5493.46,,Persona Customer 239,customer239@example.com
FPR-00240,CUST-C0225,87591.67,Institutional,Growth,4.4137,0.768339,185,100627.19,PROD-FS-040,Wealth Advisory,Deposit,Rewards Credit Card,Accepted,2024-09-19,0.822368,4864.97,2024-10-18,Persona Customer 240,customer240@example.com
FPR-00241,CUST-C0028,11645.7,Small Business,At Risk,3.2697,0.575528,433,163939.18,PROD-FS-041,Premium Savings,Lending,Term Life,Pending,2025-03-25,0.33062,5247.7,,Persona Customer 241,customer241@example.com
FPR-00242,CUST-C0177,84606.42,Institutional,Churned,3.8963,0.311993,455,17656.18,PROD-FS-042,Auto Loan,Advisory,Term Life,Open,2025-05-22,0.939185,5297.0,,Persona Customer 242,customer242@example.com
FPR-00243,CUST-C0216,91835.34,Corporate,Growth,2.9816,0.108498,52,11701.9,PROD-FS-043,Premium Savings,Deposit,Auto Loan,Accepted,2025-01-27,0.892765,330.88,2025-03-18,Persona Customer 243,customer243@example.com
FPR-00244,CUST-C0189,84175.8,Retail,Growth,4.648,0.232616,120,33156.63,PROD-FS-044,Auto Loan,Lending,Rewards Credit Card,Pending,2024-06-29,0.834965,2219.32,,Persona Customer 244,customer244@example.com
FPR-00245,CUST-C0010,61051.27,Institutional,At Risk,3.7169,0.733022,152,178443.0,PROD-FS-045,Auto Loan,Insurance,Term Life,Declined,2024-07-29,0.38967,14213.68,,Persona Customer 245,customer245@example.com
FPR-00246,CUST-C0164,29678.82,Corporate,Mature,1.1287,0.590393,139,3310.86,PROD-FS-046,Rewards Credit Card,Lending,Wealth Advisory,Accepted,2025-07-22,0.393746,3587.56,2025-08-18,Persona Customer 246,customer246@example.com
FPR-00247,CUST-C0015,57877.88,Institutional,Onboarding,2.453,0.428051,416,904.69,PROD-FS-047,Auto Loan,Credit,Wealth Advisory,Open,2024-10-17,0.135953,1884.78,,Persona Customer 247,customer247@example.com
FPR-00248,CUST-C0239,52807.68,Corporate,Churned,3.576,0.238601,158,139660.56,PROD-FS-048,Term Life,Deposit,Term Life,Pending,2025-04-28,0.999897,5081.39,,Persona Customer 248,customer248@example.com
FPR-00249,CUST-C0162,79004.62,High Net Worth,Onboarding,4.6801,0.421644,152,181351.01,PROD-FS-049,Premium Savings,Deposit,Auto Loan,Pending,2024-06-29,0.544096,1393.93,,Persona Customer 249,customer249@example.com
FPR-00250,CUST-C0144,4183.33,Corporate,Mature,4.3376,0.38937,322,75819.84,PROD-FS-050,Term Life,Lending,Term Life,Rejected,2024-11-02,0.726566,6515.85,,Persona Customer 250,customer250@example.com
FPR-00251,CUST-C0032,16725.52,Institutional,Growth,2.1139,0.971824,333,45844.72,PROD-FS-001,Term Life,Credit,Wealth Advisory,Accepted,2024-09-01,0.656225,4906.25,2024-09-03,Persona Customer 251,customer251@example.com
FPR-00252,CUST-C0153,17862.62,Small Business,Growth,4.9863,0.373492,129,187126.52,PROD-FS-002,Term Life,Insurance,Wealth Advisory,Rejected,2024-08-14,0.602492,4602.23,,Persona Customer 252,customer252@example.com
FPR-00253,CUST-C0023,6790.23,High Net Worth,Onboarding,3.8504,0.795441,153,113092.3,PROD-FS-003,Auto Loan,Credit,Rewards Credit Card,Pending,2024-01-08,0.76433,10141.45,,Persona Customer 253,customer253@example.com
FPR-00254,CUST-C0237,19074.78,High Net Worth,Churned,1.6443,0.018435,354,57594.17,PROD-FS-004,Wealth Advisory,Lending,Premium Savings,Approved,2024-12-31,0.88311,13520.58,2025-02-18,Persona Customer 254,customer254@example.com
FPR-00255,CUST-C0058,79619.2,High Net Worth,Churned,1.1697,0.609171,63,72560.54,PROD-FS-005,Wealth Advisory,Advisory,Premium Savings,Approved,2024-08-10,0.206413,871.09,2024-09-20,Persona Customer 255,customer255@example.com
FPR-00256,CUST-C0048,653.64,Retail,Growth,4.8525,0.368398,26,40159.12,PROD-FS-006,Premium Savings,Insurance,Term Life,Open,2024-11-30,0.296114,2698.57,,Persona Customer 256,customer256@example.com
FPR-00257,CUST-C0059,39727.15,Corporate,At Risk,4.8775,0.793956,347,74563.48,PROD-FS-007,Wealth Advisory,Insurance,Rewards Credit Card,Pending,2025-11-26,0.064267,14424.27,,Persona Customer 257,customer257@example.com
FPR-00258,CUST-C0176,5261.85,Institutional,Churned,1.8309,0.390782,327,150141.06,PROD-FS-008,Term Life,Deposit,Term Life,Pending,2025-01-08,0.845312,1946.45,,Persona Customer 258,customer258@example.com
FPR-00259,CUST-C0203,20334.94,Corporate,Churned,1.8352,0.048857,383,105118.92,PROD-FS-009,Term Life,Lending,Rewards Credit Card,Pending,2024-03-02,0.350299,358.52,,Persona Customer 259,customer259@example.com
FPR-00260,CUST-C0052,68255.91,Retail,Onboarding,1.398,0.442605,361,52453.58,PROD-FS-010,Term Life,Insurance,Premium Savings,Open,2024-12-18,0.662342,3441.53,,Persona Customer 260,customer260@example.com
FPR-00261,CUST-C0131,69893.94,Small Business,Mature,1.9055,0.786309,393,190342.79,PROD-FS-011,Rewards Credit Card,Lending,Auto Loan,Open,2024-10-30,0.233381,9912.8,,Persona Customer 261,customer261@example.com
FPR-00262,CUST-C0034,48477.67,Institutional,Growth,3.4329,0.293172,190,9250.09,PROD-FS-012,Auto Loan,Lending,Wealth Advisory,Declined,2025-01-09,0.015227,10912.49,,Persona Customer 262,customer262@example.com
FPR-00263,CUST-C0112,78219.57,Corporate,Onboarding,3.0716,0.033765,337,104857.79,PROD-FS-013,Rewards Credit Card,Advisory,Premium Savings,Approved,2025-09-18,0.752497,12412.87,2025-10-01,Persona Customer 263,customer263@example.com
FPR-00264,CUST-C0039,33045.89,Corporate,Churned,4.0379,0.570214,228,145129.08,PROD-FS-014,Wealth Advisory,Lending,Term Life,Approved,2025-05-11,0.71912,12149.92,2025-06-10,Persona Customer 264,customer264@example.com
FPR-00265,CUST-C0146,47804.71,High Net Worth,Mature,3.9704,0.558591,451,141094.14,PROD-FS-015,Auto Loan,Insurance,Wealth Advisory,Declined,2025-05-31,0.652749,15865.13,,Persona Customer 265,customer265@example.com
FPR-00266,CUST-C0008,59189.6,Institutional,At Risk,4.2437,0.329925,180,12565.79,PROD-FS-016,Wealth Advisory,Advisory,Wealth Advisory,Pending,2025-06-11,0.038286,18903.65,,Persona Customer 266,customer266@example.com
FPR-00267,CUST-C0013,20513.74,Retail,Mature,3.4409,0.578877,391,92943.56,PROD-FS-017,Term Life,Credit,Auto Loan,Open,2024-12-04,0.726229,6798.92,,Persona Customer 267,customer267@example.com
FPR-00268,CUST-C0198,92360.75,High Net Worth,At Risk,1.3346,0.717345,166,87161.88,PROD-FS-018,Rewards Credit Card,Advisory,Wealth Advisory,Pending,2025-05-23,0.941824,4771.92,,Persona Customer 268,customer268@example.com
FPR-00269,CUST-C0227,5870.29,Retail,Mature,1.5774,0.38192,313,154383.12,PROD-FS-019,Wealth Advisory,Insurance,Premium Savings,Open,2025-11-18,0.280099,7027.99,,Persona Customer 269,customer269@example.com
FPR-00270,CUST-C0019,86821.51,Small Business,Mature,1.0395,0.017564,49,181589.37,PROD-FS-020,Term Life,Insurance,Wealth Advisory,Accepted,2024-03-02,0.156174,16769.67,2024-03-13,Persona Customer 270,customer270@example.com
FPR-00271,CUST-C0075,35474.47,Corporate,Churned,2.6236,0.790203,204,25247.26,PROD-FS-021,Wealth Advisory,Advisory,Auto Loan,Pending,2024-06-23,0.423929,701.22,,Persona Customer 271,customer271@example.com
FPR-00272,CUST-C0133,16567.63,Retail,Growth,1.5601,0.852033,355,126968.64,PROD-FS-022,Premium Savings,Lending,Wealth Advisory,Accepted,2025-03-08,0.25813,8861.14,2025-03-31,Persona Customer 272,customer272@example.com
FPR-00273,CUST-C0201,12290.56,Small Business,Growth,3.3335,0.365502,221,9511.67,PROD-FS-023,Rewards Credit Card,Credit,Auto Loan,Declined,2024-12-05,0.313672,8618.91,,Persona Customer 273,customer273@example.com
FPR-00274,CUST-C0248,22415.73,Institutional,Onboarding,4.2004,0.222639,185,109059.97,PROD-FS-024,Auto Loan,Insurance,Wealth Advisory,Open,2024-08-12,0.921873,16374.2,,Persona Customer 274,customer274@example.com
FPR-00275,CUST-C0073,68022.22,Corporate,Onboarding,4.7888,0.76927,461,86027.45,PROD-FS-025,Rewards Credit Card,Credit,Term Life,Declined,2025-01-10,0.036111,4020.01,,Persona Customer 275,customer275@example.com
FPR-00276,CUST-C0084,84794.01,Retail,Onboarding,1.6484,0.157776,309,39082.54,PROD-FS-026,Premium Savings,Deposit,Auto Loan,Rejected,2025-01-15,0.682353,13211.89,,Persona Customer 276,customer276@example.com
FPR-00277,CUST-C0011,71981.28,Institutional,Growth,1.5785,0.028265,436,151407.64,PROD-FS-027,Auto Loan,Advisory,Term Life,Approved,2024-11-20,0.882614,9677.15,2024-12-10,Persona Customer 277,customer277@example.com
FPR-00278,CUST-C0031,86200.4,Small Business,Mature,4.3705,0.321784,151,46035.57,PROD-FS-028,Wealth Advisory,Deposit,Wealth Advisory,Accepted,2024-01-04,0.219649,10742.88,2024-01-12,Persona Customer 278,customer278@example.com
FPR-00279,CUST-C0052,67862.4,Institutional,Growth,2.5963,0.57331,428,27276.85,PROD-FS-029,Wealth Advisory,Deposit,Term Life,Accepted,2025-08-26,0.001581,1869.22,2025-08-28,Persona Customer 279,customer279@example.com
FPR-00280,CUST-C0173,14405.53,Retail,At Risk,4.1108,0.968473,156,34815.34,PROD-FS-030,Rewards Credit Card,Advisory,Rewards Credit Card,Approved,2025-03-25,0.834187,16683.9,2025-04-28,Persona Customer 280,customer280@example.com
FPR-00281,CUST-C0222,89703.29,Institutional,Onboarding,1.4041,0.092547,320,9256.99,PROD-FS-031,Rewards Credit Card,Deposit,Term Life,Pending,2024-01-15,0.582885,1344.24,,Persona Customer 281,customer281@example.com
FPR-00282,CUST-C0070,70397.01,Institutional,Growth,1.9836,0.668486,39,29885.7,PROD-FS-032,Wealth Advisory,Lending,Term Life,Rejected,2025-06-25,0.303251,18612.11,,Persona Customer 282,customer282@example.com
FPR-00283,CUST-C0060,62623.59,Retail,At Risk,3.7262,0.697002,268,76792.87,PROD-FS-033,Premium Savings,Insurance,Rewards Credit Card,Declined,2025-10-01,0.855308,11100.58,,Persona Customer 283,customer283@example.com
FPR-00284,CUST-C0057,2650.59,Corporate,Onboarding,1.6288,0.446617,464,25883.96,PROD-FS-034,Premium Savings,Insurance,Premium Savings,Accepted,2025-11-15,0.366182,9469.53,2025-11-19,Persona Customer 284,customer284@example.com
FPR-00285,CUST-C0071,14788.58,Small Business,At Risk,4.321,0.074183,188,51600.68,PROD-FS-035,Rewards Credit Card,Deposit,Term Life,Declined,2024-02-14,0.460206,19799.27,,Persona Customer 285,customer285@example.com
FPR-00286,CUST-C0147,13929.87,Institutional,Mature,3.3511,0.934284,379,41891.29,PROD-FS-036,Term Life,Lending,Wealth Advisory,Open,2024-01-30,0.886702,19004.49,,Persona Customer 286,customer286@example.com
FPR-00287,CUST-C0106,96868.24,Institutional,Churned,2.5116,0.412852,33,147224.35,PROD-FS-037,Wealth Advisory,Lending,Auto Loan,Rejected,2024-03-26,0.584424,18322.33,,Persona Customer 287,customer287@example.com
FPR-00288,CUST-C0099,46643.02,Corporate,Mature,2.142,0.965025,305,147057.55,PROD-FS-038,Wealth Advisory,Advisory,Premium Savings,Rejected,2025-03-10,0.598643,12147.11,,Persona Customer 288,customer288@example.com
FPR-00289,CUST-C0016,1.05,Institutional,Onboarding,3.4601,0.864145,4,22612.4,PROD-FS-039,Term Life,Advisory,Term Life,Declined,2025-11-26,0.428756,17515.96,,Persona Customer 289,customer289@example.com
FPR-00290,CUST-C0234,17277.49,Small Business,Churned,1.27,0.854149,178,167858.3,PROD-FS-040,Auto Loan,Advisory,Wealth Advisory,Declined,2024-04-08,0.090292,17822.34,,Persona Customer 290,customer290@example.com
FPR-00291,CUST-C0200,37466.1,Institutional,At Risk,3.3182,0.550948,302,151914.92,PROD-FS-041,Rewards Credit Card,Deposit,Auto Loan,Open,2025-05-12,0.342978,11135.32,,Persona Customer 291,customer291@example.com
FPR-00292,CUST-C0151,30817.57,Retail,Mature,3.2165,0.46866,3,60084.17,PROD-FS-042,Rewards Credit Card,Deposit,Wealth Advisory,Open,2024-12-13,0.322137,10735.71,,Persona Customer 292,customer292@example.com
FPR-00293,CUST-C0054,50636.95,Corporate,Mature,4.6384,0.808388,455,3438.39,PROD-FS-043,Wealth Advisory,Credit,Term Life,Rejected,2025-04-03,0.620755,9742.91,,Persona Customer 293,customer293@example.com
FPR-00294,CUST-C0237,59277.5,Small Business,Churned,4.6819,0.528685,72,52650.67,PROD-FS-044,Term Life,Advisory,Rewards Credit Card,Open,2025-10-12,0.597059,10656.52,,Persona Customer 294,customer294@example.com
FPR-00295,CUST-C0090,19607.87,High Net Worth,Mature,3.6991,0.716677,110,143718.6,PROD-FS-045,Auto Loan,Deposit,Term Life,Approved,2025-04-20,0.224309,8209.99,2025-06-15,Persona Customer 295,customer295@example.com
FPR-00296,CUST-C0038,92813.03,Retail,Mature,2.5537,0.979989,463,121120.02,PROD-FS-046,Premium Savings,Lending,Wealth Advisory,Approved,2024-10-24,0.390754,11339.98,2024-10-25,Persona Customer 296,customer296@example.com
FPR-00297,CUST-C0165,80747.8,Retail,Mature,1.911,0.101529,489,156247.98,PROD-FS-047,Wealth Advisory,Deposit,Term Life,Rejected,2025-03-30,0.457443,10906.56,,Persona Customer 297,customer297@example.com
FPR-00298,CUST-C0059,54671.57,Institutional,Churned,4.5066,0.030809,217,131648.3,PROD-FS-048,Auto Loan,Credit,Premium Savings,Approved,2024-10-17,0.893143,8409.06,2024-11-14,Persona Customer 298,customer298@example.com
FPR-00299,CUST-C0051,85686.32,Small Business,Onboarding,4.9123,0.812182,425,42157.94,PROD-FS-049,Premium Savings,Credit,Auto Loan,Rejected,2024-11-12,0.349751,19870.14,,Persona Customer 299,customer299@example.com
FPR-00300,CUST-C0085,16068.45,Retail,Onboarding,4.9833,0.274715,8,91956.36,PROD-FS-050,Wealth Advisory,Insurance,Auto Loan,Declined,2025-06-13,0.497667,13034.04,,Persona Customer 300,customer300@example.com
FPR-00301,CUST-C0108,41235.19,Small Business,Mature,4.477,0.482938,95,134816.21,PROD-FS-001,Auto Loan,Lending,Wealth Advisory,Rejected,2024-06-14,0.987435,18214.04,,Persona Customer 301,customer301@example.com
FPR-00302,CUST-C0181,61216.91,Retail,Mature,4.7998,0.944268,440,193498.81,PROD-FS-002,Term Life,Advisory,Wealth Advisory,Open,2025-06-22,0.400703,4466.84,,Persona Customer 302,customer302@example.com
FPR-00303,CUST-C0003,66027.01,High Net Worth,At Risk,1.5526,0.662857,130,16006.74,PROD-FS-003,Premium Savings,Insurance,Premium Savings,Accepted,2025-09-16,0.674203,19945.95,2025-10-23,Persona Customer 303,customer303@example.com
FPR-00304,CUST-C0114,6975.17,Retail,Onboarding,4.8361,0.170138,201,84643.83,PROD-FS-004,Auto Loan,Advisory,Rewards Credit Card,Pending,2025-08-03,0.012288,19123.06,,Persona Customer 304,customer304@example.com
FPR-00305,CUST-C0180,46109.05,Small Business,Mature,4.5146,0.056742,481,122348.98,PROD-FS-005,Premium Savings,Lending,Premium Savings,Accepted,2025-08-20,0.137249,8330.4,2025-10-17,Persona Customer 305,customer305@example.com
FPR-00306,CUST-C0125,73077.67,Retail,Onboarding,4.2734,0.438977,306,139289.84,PROD-FS-006,Wealth Advisory,Credit,Rewards Credit Card,Open,2025-05-19,0.403664,1613.61,,Persona Customer 306,customer306@example.com
FPR-00307,CUST-C0238,8652.85,Institutional,Growth,2.8638,0.036073,179,189656.21,PROD-FS-007,Wealth Advisory,Credit,Wealth Advisory,Approved,2024-02-01,0.361648,12831.27,2024-02-23,Persona Customer 307,customer307@example.com
FPR-00308,CUST-C0008,26161.62,Small Business,Growth,2.4485,0.586732,241,138865.92,PROD-FS-008,Auto Loan,Credit,Auto Loan,Rejected,2024-08-18,0.435742,5751.16,,Persona Customer 308,customer308@example.com
FPR-00309,CUST-C0170,70078.14,Corporate,Onboarding,1.8362,0.870196,252,15428.89,PROD-FS-009,Term Life,Deposit,Term Life,Pending,2024-08-28,0.6759,298.55,,Persona Customer 309,customer309@example.com
FPR-00310,CUST-C0055,68249.82,Retail,Growth,4.8777,0.396606,310,184651.24,PROD-FS-010,Rewards Credit Card,Advisory,Term Life,Pending,2024-08-04,0.065185,11622.45,,Persona Customer 310,customer310@example.com
FPR-00311,CUST-C0129,10884.21,Corporate,Churned,4.259,0.452991,122,181168.17,PROD-FS-011,Wealth Advisory,Insurance,Term Life,Open,2025-05-22,0.109902,17961.85,,Persona Customer 311,customer311@example.com
FPR-00312,CUST-C0073,36933.52,Retail,Onboarding,4.8796,0.422827,228,110382.97,PROD-FS-012,Auto Loan,Credit,Auto Loan,Declined,2024-04-27,0.06615,10204.45,,Persona Customer 312,customer312@example.com
FPR-00313,CUST-C0164,77290.7,Small Business,Mature,2.4804,0.490218,339,34105.75,PROD-FS-013,Wealth Advisory,Insurance,Wealth Advisory,Declined,2024-08-19,0.659454,3112.27,,Persona Customer 313,customer313@example.com
FPR-00314,CUST-C0122,17542.76,Small Business,Onboarding,3.4293,0.184244,337,192934.77,PROD-FS-014,Term Life,Advisory,Term Life,Approved,2024-10-30,0.142307,8293.66,2024-12-29,Persona Customer 314,customer314@example.com
FPR-00315,CUST-C0030,84888.22,Institutional,Growth,1.5244,0.222594,272,168948.15,PROD-FS-015,Auto Loan,Lending,Wealth Advisory,Pending,2025-05-09,0.71297,11235.73,,Persona Customer 315,customer315@example.com
FPR-00316,CUST-C0242,50206.77,Institutional,Onboarding,3.2649,0.072404,250,138453.19,PROD-FS-016,Rewards Credit Card,Deposit,Rewards Credit Card,Open,2024-07-10,0.334781,17616.33,,Persona Customer 316,customer316@example.com
FPR-00317,CUST-C0232,51403.94,Small Business,At Risk,2.4522,0.355391,412,50040.65,PROD-FS-017,Wealth Advisory,Credit,Term Life,Declined,2024-10-19,0.364711,14423.9,,Persona Customer 317,customer317@example.com
FPR-00318,CUST-C0120,36693.16,Retail,At Risk,2.5586,0.167591,470,128656.53,PROD-FS-018,Premium Savings,Insurance,Term Life,Accepted,2024-06-02,0.781535,6984.94,2024-06-23,Persona Customer 318,customer318@example.com
FPR-00319,CUST-C0198,37254.89,Small Business,Mature,2.6578,0.627245,157,94708.64,PROD-FS-019,Term Life,Deposit,Term Life,Accepted,2024-06-06,0.793603,18237.69,2024-07-03,Persona Customer 319,customer319@example.com
FPR-00320,CUST-C0066,65058.01,Corporate,At Risk,3.2386,0.551982,235,131592.38,PROD-FS-020,Term Life,Lending,Wealth Advisory,Open,2025-08-22,0.275977,13327.31,,Persona Customer 320,customer320@example.com
FPR-00321,CUST-C0040,27633.62,Small Business,Onboarding,1.5762,0.151846,77,37455.7,PROD-FS-021,Rewards Credit Card,Insurance,Wealth Advisory,Accepted,2024-11-04,0.791837,1025.12,2024-11-21,Persona Customer 321,customer321@example.com
FPR-00322,CUST-C0096,96258.79,Retail,Onboarding,4.7168,0.716565,448,192259.36,PROD-FS-022,Term Life,Advisory,Premium Savings,Open,2024-09-13,0.58013,4684.97,,Persona Customer 322,customer322@example.com
FPR-00323,CUST-C0088,28129.23,High Net Worth,Onboarding,1.1489,0.818693,212,137079.8,PROD-FS-023,Wealth Advisory,Deposit,Wealth Advisory,Pending,2025-02-12,0.991623,19451.42,,Persona Customer 323,customer323@example.com
FPR-00324,CUST-C0158,36965.48,High Net Worth,Onboarding,3.9102,0.37942,478,146061.51,PROD-FS-024,Wealth Advisory,Deposit,Rewards Credit Card,Rejected,2025-05-27,0.189409,2359.13,,Persona Customer 324,customer324@example.com
FPR-00325,CUST-C0156,94431.5,Small Business,Onboarding,4.1089,0.569475,131,135393.01,PROD-FS-025,Wealth Advisory,Lending,Wealth Advisory,Rejected,2024-02-05,0.293649,6608.85,,Persona Customer 325,customer325@example.com
FPR-00326,CUST-C0099,71211.61,Small Business,Churned,3.6271,0.910146,271,61670.47,PROD-FS-026,Term Life,Lending,Term Life,Rejected,2025-08-22,0.289683,17708.57,,Persona Customer 326,customer326@example.com
FPR-00327,CUST-C0086,43660.94,Institutional,Growth,3.6726,0.531605,130,98179.59,PROD-FS-027,Term Life,Insurance,Wealth Advisory,Rejected,2025-11-30,0.018517,12762.92,,Persona Customer 327,customer327@example.com
FPR-00328,CUST-C0207,26641.66,Retail,Onboarding,1.6475,0.267124,319,84726.36,PROD-FS-028,Premium Savings,Insurance,Premium Savings,Rejected,2024-05-03,0.872226,4005.35,,Persona Customer 328,customer328@example.com
FPR-00329,CUST-C0216,95647.38,Retail,Onboarding,4.2645,0.502409,420,137198.78,PROD-FS-029,Auto Loan,Advisory,Term Life,Approved,2024-12-07,0.015721,12153.63,2024-12-28,Persona Customer 329,customer329@example.com
FPR-00330,CUST-C0229,22489.07,Retail,Onboarding,4.1772,0.264789,21,76262.7,PROD-FS-030,Wealth Advisory,Deposit,Wealth Advisory,Pending,2024-03-16,0.088257,9448.0,,Persona Customer 330,customer330@example.com
FPR-00331,CUST-C0225,46010.99,Corporate,Onboarding,1.3553,0.004695,19,80836.18,PROD-FS-031,Term Life,Advisory,Wealth Advisory,Approved,2024-12-15,0.224052,19197.01,2024-12-18,Persona Customer 331,customer331@example.com
FPR-00332,CUST-C0200,62125.85,Small Business,Mature,3.0304,0.818977,173,174631.16,PROD-FS-032,Auto Loan,Insurance,Premium Savings,Accepted,2025-06-26,0.947148,2333.8,2025-07-20,Persona Customer 332,customer332@example.com
FPR-00333,CUST-C0181,73541.82,Retail,At Risk,4.165,0.685971,334,67233.44,PROD-FS-033,Wealth Advisory,Deposit,Wealth Advisory,Rejected,2025-07-26,0.278045,16376.65,,Persona Customer 333,customer333@example.com
FPR-00334,CUST-C0056,99529.48,High Net Worth,Onboarding,4.663,0.447377,53,33209.85,PROD-FS-034,Term Life,Credit,Wealth Advisory,Declined,2025-03-29,0.70378,12208.95,,Persona Customer 334,customer334@example.com
FPR-00335,CUST-C0032,23172.23,Small Business,Churned,4.4999,0.957968,17,781.02,PROD-FS-035,Premium Savings,Lending,Wealth Advisory,Open,2025-11-28,0.017962,12318.23,,Persona Customer 335,customer335@example.com
FPR-00336,CUST-C0036,36259.09,Corporate,Churned,2.1532,0.289099,453,197461.97,PROD-FS-036,Wealth Advisory,Insurance,Wealth Advisory,Declined,2025-01-17,0.035091,10990.31,,Persona Customer 336,customer336@example.com
FPR-00337,CUST-C0073,16384.88,Small Business,Growth,3.0593,0.397949,93,85173.35,PROD-FS-037,Auto Loan,Advisory,Premium Savings,Accepted,2025-10-15,0.041068,8116.12,2025-12-12,Persona Customer 337,customer337@example.com
FPR-00338,CUST-C0147,62020.25,Small Business,Growth,1.5056,0.473885,87,109334.07,PROD-FS-038,Wealth Advisory,Insurance,Wealth Advisory,Rejected,2025-07-29,0.489048,3676.84,,Persona Customer 338,customer338@example.com
FPR-00339,CUST-C0098,26213.37,Corporate,Growth,2.8466,0.862255,245,46610.88,PROD-FS-039,Term Life,Deposit,Premium Savings,Open,2024-11-29,0.75186,12679.38,,Persona Customer 339,customer339@example.com
FPR-00340,CUST-C0095,2042.5,High Net Worth,Onboarding,2.2446,0.761002,247,171885.09,PROD-FS-040,Term Life,Insurance,Premium Savings,Accepted,2025-10-05,0.021611,7770.6,2025-11-27,Persona Customer 340,customer340@example.com
FPR-00341,CUST-C0115,58544.63,Retail,At Risk,1.2804,0.710013,314,16100.99,PROD-FS-041,Premium Savings,Insurance,Term Life,Accepted,2024-12-01,0.794989,10884.54,2024-12-09,Persona Customer 341,customer341@example.com
FPR-00342,CUST-C0102,23989.74,Retail,Onboarding,3.8326,0.682005,16,46518.14,PROD-FS-042,Term Life,Deposit,Rewards Credit Card,Rejected,2024-10-07,0.395986,18347.3,,Persona Customer 342,customer342@example.com
FPR-00343,CUST-C0084,98717.48,Institutional,At Risk,2.8268,0.290898,215,60083.13,PROD-FS-043,Term Life,Advisory,Premium Savings,Pending,2024-11-15,0.802652,1700.29,,Persona Customer 343,customer343@example.com
FPR-00344,CUST-C0169,53221.68,Small Business,Growth,2.0062,0.165321,5,127377.94,PROD-FS-044,Rewards Credit Card,Insurance,Wealth Advisory,Rejected,2025-02-21,0.236351,14184.1,,Persona Customer 344,customer344@example.com
FPR-00345,CUST-C0065,79111.29,Retail,At Risk,1.1717,0.666193,170,31511.45,PROD-FS-045,Wealth Advisory,Lending,Term Life,Approved,2025-11-21,0.529355,1308.6,2025-12-17,Persona Customer 345,customer345@example.com
FPR-00346,CUST-C0051,83429.41,Retail,Onboarding,4.1639,0.184129,161,44655.06,PROD-FS-046,Premium Savings,Lending,Premium Savings,Rejected,2025-08-29,0.987131,10638.98,,Persona Customer 346,customer346@example.com
FPR-00347,CUST-C0227,85366.5,Retail,Mature,1.609,0.692673,49,113320.54,PROD-FS-047,Auto Loan,Lending,Premium Savings,Approved,2025-02-15,0.678124,13584.03,2025-03-25,Persona Customer 347,customer347@example.com
FPR-00348,CUST-C0225,17724.59,Retail,Onboarding,1.1089,0.255561,446,64326.18,PROD-FS-048,Auto Loan,Lending,Wealth Advisory,Accepted,2025-07-20,0.65398,3989.57,2025-09-10,Persona Customer 348,customer348@example.com
FPR-00349,CUST-C0217,61401.54,Institutional,Mature,1.9838,0.191634,294,73923.17,PROD-FS-049,Term Life,Credit,Wealth Advisory,Open,2025-07-01,0.406654,427.05,,Persona Customer 349,customer349@example.com
FPR-00350,CUST-C0107,14853.43,Small Business,Growth,4.8011,0.906051,115,148652.0,PROD-FS-050,Term Life,Insurance,Rewards Credit Card,Pending,2024-01-02,0.499373,6577.75,,Persona Customer 350,customer350@example.com
FPR-00351,CUST-C0124,22182.39,Retail,At Risk,4.8042,0.552657,408,116487.19,PROD-FS-001,Premium Savings,Lending,Premium Savings,Pending,2024-09-25,0.425526,1709.25,,Persona Customer 351,customer351@example.com
FPR-00352,CUST-C0178,64322.52,Retail,Churned,2.5206,0.231018,216,101807.9,PROD-FS-002,Auto Loan,Credit,Premium Savings,Declined,2024-11-29,0.563462,5130.87,,Persona Customer 352,customer352@example.com
FPR-00353,CUST-C0099,52103.66,High Net Worth,Mature,2.7427,0.976107,81,38947.62,PROD-FS-003,Term Life,Deposit,Rewards Credit Card,Accepted,2025-01-10,0.867773,1128.04,2025-01-11,Persona Customer 353,customer353@example.com
FPR-00354,CUST-C0090,19640.32,Corporate,Growth,3.6896,0.064026,397,2065.85,PROD-FS-004,Wealth Advisory,Insurance,Rewards Credit Card,Pending,2025-03-04,0.340343,19390.4,,Persona Customer 354,customer354@example.com
FPR-00355,CUST-C0029,42026.49,Retail,At Risk,2.8286,0.584892,352,15829.39,PROD-FS-005,Auto Loan,Advisory,Auto Loan,Declined,2025-09-12,0.838618,17284.35,,Persona Customer 355,customer355@example.com
FPR-00356,CUST-C0123,70836.29,Small Business,Mature,2.3715,0.868802,290,121064.46,PROD-FS-006,Term Life,Lending,Wealth Advisory,Approved,2025-06-20,0.499766,4156.27,2025-08-04,Persona Customer 356,customer356@example.com
FPR-00357,CUST-C0132,80367.07,High Net Worth,Mature,1.6091,0.995501,286,123786.27,PROD-FS-007,Term Life,Insurance,Wealth Advisory,Pending,2025-11-03,0.354422,11438.72,,Persona Customer 357,customer357@example.com
FPR-00358,CUST-C0190,6206.73,Small Business,Mature,2.0765,0.962012,46,136146.91,PROD-FS-008,Term Life,Deposit,Rewards Credit Card,Pending,2025-01-04,0.006166,1053.86,,Persona Customer 358,customer358@example.com
FPR-00359,CUST-C0091,44364.7,Small Business,Onboarding,1.1371,0.296489,278,48826.85,PROD-FS-009,Term Life,Credit,Wealth Advisory,Declined,2025-01-31,0.556196,7632.62,,Persona Customer 359,customer359@example.com
FPR-00360,CUST-C0158,36189.24,Retail,Onboarding,3.2105,0.598213,445,68911.31,PROD-FS-010,Auto Loan,Credit,Auto Loan,Accepted,2025-07-06,0.000944,2512.15,2025-09-04,Persona Customer 360,customer360@example.com
FPR-00361,CUST-C0232,40888.97,Small Business,Growth,3.5996,0.204955,157,144341.03,PROD-FS-011,Rewards Credit Card,Credit,Wealth Advisory,Rejected,2024-11-19,0.335951,16984.48,,Persona Customer 361,customer361@example.com
FPR-00362,CUST-C0007,16336.62,High Net Worth,Mature,3.9128,0.985208,246,129562.14,PROD-FS-012,Wealth Advisory,Advisory,Auto Loan,Pending,2025-01-18,0.808458,11666.09,,Persona Customer 362,customer362@example.com
FPR-00363,CUST-C0092,47539.3,Corporate,Onboarding,1.7283,0.183699,239,89581.47,PROD-FS-013,Auto Loan,Deposit,Premium Savings,Open,2024-01-27,0.398413,7981.69,,Persona Customer 363,customer363@example.com
FPR-00364,CUST-C0125,44645.99,Institutional,Mature,3.8612,0.636852,226,8499.23,PROD-FS-014,Auto Loan,Insurance,Term Life,Accepted,2024-10-10,0.165746,1762.17,2024-10-20,Persona Customer 364,customer364@example.com
FPR-00365,CUST-C0136,32112.29,High Net Worth,Onboarding,1.5667,0.705807,329,124720.25,PROD-FS-015,Auto Loan,Advisory,Rewards Credit Card,Declined,2024-10-14,0.167211,8799.36,,Persona Customer 365,customer365@example.com
FPR-00366,CUST-C0078,28758.61,Retail,Churned,3.9172,0.551988,218,159800.7,PROD-FS-016,Term Life,Insurance,Term Life,Accepted,2024-09-27,0.565809,4556.78,2024-11-04,Persona Customer 366,customer366@example.com
FPR-00367,CUST-C0015,98232.42,High Net Worth,At Risk,1.3732,0.465175,137,9612.62,PROD-FS-017,Term Life,Insurance,Auto Loan,Declined,2025-03-10,0.65045,17756.36,,Persona Customer 367,customer367@example.com
FPR-00368,CUST-C0121,26025.68,High Net Worth,At Risk,3.0672,0.656394,412,148299.99,PROD-FS-018,Term Life,Insurance,Auto Loan,Rejected,2024-03-24,0.031404,2183.16,,Persona Customer 368,customer368@example.com
FPR-00369,CUST-C0070,43692.78,High Net Worth,At Risk,2.6709,0.671261,416,37909.33,PROD-FS-019,Wealth Advisory,Lending,Term Life,Declined,2024-10-23,0.958528,9650.44,,Persona Customer 369,customer369@example.com
FPR-00370,CUST-C0081,71908.51,Corporate,Growth,1.4086,0.678961,215,15224.46,PROD-FS-020,Wealth Advisory,Insurance,Term Life,Rejected,2024-11-20,0.459854,13607.96,,Persona Customer 370,customer370@example.com
FPR-00371,CUST-C0122,28549.9,Retail,Growth,1.2977,0.044183,114,184858.88,PROD-FS-021,Wealth Advisory,Advisory,Auto Loan,Pending,2024-07-04,0.850771,1506.75,,Persona Customer 371,customer371@example.com
FPR-00372,CUST-C0079,76749.33,Institutional,Growth,3.194,0.636834,329,108908.25,PROD-FS-022,Auto Loan,Credit,Term Life,Pending,2025-08-24,0.903915,7566.38,,Persona Customer 372,customer372@example.com
FPR-00373,CUST-C0023,61222.63,Retail,Growth,4.5869,0.107129,193,50113.25,PROD-FS-023,Rewards Credit Card,Insurance,Premium Savings,Rejected,2025-10-14,0.410747,10007.25,,Persona Customer 373,customer373@example.com
FPR-00374,CUST-C0111,12997.22,Institutional,Mature,1.2399,0.113011,384,36167.44,PROD-FS-024,Wealth Advisory,Lending,Premium Savings,Rejected,2025-05-14,0.29854,8436.95,,Persona Customer 374,customer374@example.com
FPR-00375,CUST-C0237,4564.01,High Net Worth,Onboarding,3.7441,0.507572,2,46964.76,PROD-FS-025,Rewards Credit Card,Lending,Auto Loan,Approved,2025-06-23,0.579761,6745.56,2025-07-20,Persona Customer 375,customer375@example.com
FPR-00376,CUST-C0077,90795.28,Corporate,At Risk,4.2414,0.275075,63,38845.55,PROD-FS-026,Rewards Credit Card,Insurance,Wealth Advisory,Declined,2024-12-16,0.970404,19865.79,,Persona Customer 376,customer376@example.com
FPR-00377,CUST-C0162,11004.51,Corporate,Churned,1.2322,0.908376,86,125352.46,PROD-FS-027,Auto Loan,Lending,Auto Loan,Rejected,2024-04-15,0.964878,8296.88,,Persona Customer 377,customer377@example.com
FPR-00378,CUST-C0229,97324.42,High Net Worth,Growth,4.8264,0.645411,310,116668.9,PROD-FS-028,Wealth Advisory,Lending,Rewards Credit Card,Approved,2024-10-20,0.818401,17751.27,2024-10-22,Persona Customer 378,customer378@example.com
FPR-00379,CUST-C0074,50270.26,Small Business,Mature,4.9112,0.537969,405,71791.73,PROD-FS-029,Auto Loan,Lending,Rewards Credit Card,Pending,2025-08-09,0.248933,15350.83,,Persona Customer 379,customer379@example.com
FPR-00380,CUST-C0066,5368.75,Retail,Onboarding,3.1939,0.09537,448,66535.93,PROD-FS-030,Auto Loan,Deposit,Rewards Credit Card,Accepted,2024-11-05,0.569243,4226.02,2024-12-31,Persona Customer 380,customer380@example.com
FPR-00381,CUST-C0171,50092.63,Corporate,Growth,4.9026,0.736573,181,11806.71,PROD-FS-031,Term Life,Credit,Auto Loan,Approved,2024-02-08,0.655615,4889.61,2024-03-13,Persona Customer 381,customer381@example.com
FPR-00382,CUST-C0222,20739.46,Retail,Mature,1.7711,0.99826,420,1408.53,PROD-FS-032,Rewards Credit Card,Advisory,Auto Loan,Pending,2025-05-15,0.324505,4347.25,,Persona Customer 382,customer382@example.com
FPR-00383,CUST-C0024,53388.61,Institutional,At Risk,3.5133,0.38839,26,65324.02,PROD-FS-033,Wealth Advisory,Insurance,Auto Loan,Declined,2024-10-17,0.363516,6915.87,,Persona Customer 383,customer383@example.com
FPR-00384,CUST-C0096,37106.85,Small Business,Onboarding,1.1929,0.221874,224,165919.47,PROD-FS-034,Rewards Credit Card,Credit,Term Life,Open,2024-11-19,0.227662,10260.95,,Persona Customer 384,customer384@example.com
FPR-00385,CUST-C0047,44074.0,High Net Worth,Churned,4.8604,0.863223,262,104878.98,PROD-FS-035,Auto Loan,Insurance,Term Life,Declined,2025-10-11,0.141796,5819.73,,Persona Customer 385,customer385@example.com
FPR-00386,CUST-C0135,26739.89,Institutional,At Risk,4.8493,0.046995,155,134348.3,PROD-FS-036,Rewards Credit Card,Lending,Rewards Credit Card,Declined,2025-02-02,0.868956,493.11,,Persona Customer 386,customer386@example.com
FPR-00387,CUST-C0096,64565.52,High Net Worth,Churned,1.4452,0.696923,394,53847.42,PROD-FS-037,Wealth Advisory,Insurance,Auto Loan,Accepted,2024-09-03,0.520048,7912.01,2024-10-23,Persona Customer 387,customer387@example.com
FPR-00388,CUST-C0236,97592.02,Retail,Onboarding,1.8497,0.500913,326,157995.07,PROD-FS-038,Wealth Advisory,Insurance,Rewards Credit Card,Approved,2025-08-15,0.446519,17011.29,2025-10-04,Persona Customer 388,customer388@example.com
FPR-00389,CUST-C0229,39509.66,Corporate,Mature,4.5446,0.78351,337,160123.94,PROD-FS-039,Term Life,Deposit,Auto Loan,Accepted,2025-10-15,0.978546,16500.11,2025-11-22,Persona Customer 389,customer389@example.com
FPR-00390,CUST-C0152,57310.33,Small Business,Onboarding,3.2097,0.969861,465,54199.95,PROD-FS-040,Rewards Credit Card,Insurance,Rewards Credit Card,Approved,2025-10-07,0.541546,467.86,2025-12-05,Persona Customer 390,customer390@example.com
FPR-00391,CUST-C0061,24370.97,Small Business,Growth,1.2561,0.103849,463,159691.7,PROD-FS-041,Rewards Credit Card,Insurance,Rewards Credit Card,Rejected,2025-04-27,0.806747,6184.23,,Persona Customer 391,customer391@example.com
FPR-00392,CUST-C0025,15021.06,Small Business,Mature,4.7164,0.881425,296,41975.71,PROD-FS-042,Term Life,Deposit,Auto Loan,Open,2025-01-28,0.760521,10707.22,,Persona Customer 392,customer392@example.com
FPR-00393,CUST-C0211,57216.65,Retail,Onboarding,4.6915,0.341167,426,107175.82,PROD-FS-043,Auto Loan,Lending,Wealth Advisory,Approved,2024-11-27,0.254358,8283.89,2025-01-06,Persona Customer 393,customer393@example.com
FPR-00394,CUST-C0165,83661.4,High Net Worth,Onboarding,2.7871,0.083527,373,176490.71,PROD-FS-044,Rewards Credit Card,Credit,Term Life,Accepted,2024-07-10,0.153426,13277.08,2024-07-14,Persona Customer 394,customer394@example.com
FPR-00395,CUST-C0208,43981.18,High Net Worth,Churned,3.6751,0.734297,335,61057.11,PROD-FS-045,Wealth Advisory,Advisory,Premium Savings,Declined,2024-10-01,0.708863,10917.79,,Persona Customer 395,customer395@example.com
FPR-00396,CUST-C0076,40473.91,Institutional,Mature,4.8311,0.545283,387,100552.76,PROD-FS-046,Term Life,Insurance,Auto Loan,Declined,2025-08-30,0.823087,17962.44,,Persona Customer 396,customer396@example.com
FPR-00397,CUST-C0166,21437.22,Institutional,Mature,4.7646,0.095315,58,16883.2,PROD-FS-047,Wealth Advisory,Lending,Wealth Advisory,Accepted,2025-01-21,0.765019,497.1,2025-02-21,Persona Customer 397,customer397@example.com
FPR-00398,CUST-C0070,44929.3,Small Business,At Risk,3.1817,0.998421,397,179067.95,PROD-FS-048,Rewards Credit Card,Deposit,Auto Loan,Rejected,2024-02-26,0.57665,7208.47,,Persona Customer 398,customer398@example.com
FPR-00399,CUST-C0023,59687.6,Institutional,Growth,3.0662,0.180287,113,51352.53,PROD-FS-049,Auto Loan,Insurance,Auto Loan,Accepted,2025-04-26,0.745593,10001.12,2025-05-24,Persona Customer 399,customer399@example.com
FPR-00400,CUST-C0074,88458.1,Corporate,Onboarding,4.3899,0.878171,199,191826.62,PROD-FS-050,Term Life,Credit,Premium Savings,Pending,2025-07-05,0.111426,12453.51,,Persona Customer 400,customer400@example.com
FPR-00401,CUST-C0102,4034.37,Small Business,Growth,2.6885,0.634569,203,90981.64,PROD-FS-001,Premium Savings,Credit,Rewards Credit Card,Pending,2025-11-08,0.303913,3630.63,,Persona Customer 401,customer401@example.com
FPR-00402,CUST-C0011,94387.31,Retail,Onboarding,4.9215,0.69248,268,161860.35,PROD-FS-002,Rewards Credit Card,Advisory,Auto Loan,Approved,2025-10-21,0.719298,5052.54,2025-12-13,Persona Customer 402,customer402@example.com
FPR-00403,CUST-C0022,68722.87,High Net Worth,Onboarding,3.3814,0.197165,300,147723.11,PROD-FS-003,Term Life,Deposit,Premium Savings,Accepted,2025-01-02,0.618328,11900.17,2025-02-25,Persona Customer 403,customer403@example.com
FPR-00404,CUST-C0055,61372.17,Retail,Onboarding,2.9419,0.615258,70,160199.77,PROD-FS-004,Rewards Credit Card,Credit,Rewards Credit Card,Declined,2024-10-24,0.608884,17843.14,,Persona Customer 404,customer404@example.com
FPR-00405,CUST-C0196,45907.12,Corporate,At Risk,1.8925,0.688905,360,186090.99,PROD-FS-005,Term Life,Credit,Term Life,Open,2024-10-25,0.771294,11567.06,,Persona Customer 405,customer405@example.com
FPR-00406,CUST-C0126,93848.74,Institutional,Growth,3.0571,0.540279,251,150230.72,PROD-FS-006,Wealth Advisory,Lending,Term Life,Declined,2024-04-26,0.503604,15128.75,,Persona Customer 406,customer406@example.com
FPR-00407,CUST-C0043,89052.01,Corporate,Mature,1.0423,0.648005,72,68081.09,PROD-FS-007,Rewards Credit Card,Insurance,Term Life,Approved,2024-01-04,0.513091,18588.16,2024-02-23,Persona Customer 407,customer407@example.com
FPR-00408,CUST-C0054,98418.61,Institutional,Growth,2.9185,0.491891,105,47531.09,PROD-FS-008,Wealth Advisory,Insurance,Wealth Advisory,Pending,2025-03-04,0.434169,11256.02,,Persona Customer 408,customer408@example.com
FPR-00409,CUST-C0147,64902.95,High Net Worth,Growth,4.557,0.657757,41,162833.81,PROD-FS-009,Premium Savings,Insurance,Rewards Credit Card,Declined,2024-08-06,0.251561,14835.44,,Persona Customer 409,customer409@example.com
FPR-00410,CUST-C0017,91764.62,Corporate,At Risk,4.0548,0.890747,316,72571.01,PROD-FS-010,Auto Loan,Credit,Premium Savings,Accepted,2025-11-17,0.627445,4841.54,2025-12-06,Persona Customer 410,customer410@example.com
FPR-00411,CUST-C0065,39186.52,High Net Worth,At Risk,3.1366,0.910183,211,179623.79,PROD-FS-011,Rewards Credit Card,Deposit,Rewards Credit Card,Open,2025-09-19,0.778941,15965.63,,Persona Customer 411,customer411@example.com
FPR-00412,CUST-C0133,10068.01,Institutional,At Risk,3.7495,0.984296,238,119814.56,PROD-FS-012,Rewards Credit Card,Lending,Premium Savings,Declined,2024-04-08,0.207752,7822.49,,Persona Customer 412,customer412@example.com
FPR-00413,CUST-C0166,70000.0,Retail,Onboarding,3.7497,0.585083,6,137371.49,PROD-FS-013,Auto Loan,Deposit,Auto Loan,Accepted,2025-06-19,0.639149,6256.16,2025-08-04,Persona Customer 413,customer413@example.com
FPR-00414,CUST-C0088,96839.88,Small Business,Growth,4.7443,0.345492,73,108506.7,PROD-FS-014,Auto Loan,Lending,Wealth Advisory,Approved,2024-04-12,0.646813,18748.4,2024-05-08,Persona Customer 414,customer414@example.com
FPR-00415,CUST-C0079,97078.36,High Net Worth,Growth,1.5741,0.161379,179,201.19,PROD-FS-015,Wealth Advisory,Credit,Premium Savings,Pending,2024-01-31,0.003176,8489.71,,Persona Customer 415,customer415@example.com
FPR-00416,CUST-C0245,6493.63,Small Business,Growth,2.0282,0.648266,208,128015.71,PROD-FS-016,Wealth Advisory,Deposit,Wealth Advisory,Open,2024-02-18,0.494393,18816.93,,Persona Customer 416,customer416@example.com
FPR-00417,CUST-C0215,74335.34,High Net Worth,At Risk,3.8513,0.633955,474,188258.59,PROD-FS-017,Wealth Advisory,Deposit,Premium Savings,Declined,2025-04-06,0.387533,18144.4,,Persona Customer 417,customer417@example.com
FPR-00418,CUST-C0086,54079.1,Small Business,At Risk,2.2173,0.299186,71,108568.51,PROD-FS-018,Auto Loan,Insurance,Term Life,Declined,2024-05-17,0.936528,14148.91,,Persona Customer 418,customer418@example.com
FPR-00419,CUST-C0098,72587.71,Institutional,Growth,4.3007,0.648883,140,71949.73,PROD-FS-019,Rewards Credit Card,Credit,Auto Loan,Accepted,2025-11-19,0.536942,11208.69,2025-12-02,Persona Customer 419,customer419@example.com
FPR-00420,CUST-C0010,30211.74,Retail,Churned,4.9401,0.96331,429,3041.1,PROD-FS-020,Premium Savings,Deposit,Rewards Credit Card,Pending,2025-08-17,0.296609,10686.82,,Persona Customer 420,customer420@example.com
FPR-00421,CUST-C0156,61103.21,Corporate,Mature,2.146,0.735762,72,141472.99,PROD-FS-021,Rewards Credit Card,Credit,Term Life,Pending,2024-05-28,0.668107,5510.37,,Persona Customer 421,customer421@example.com
FPR-00422,CUST-C0096,71005.7,Corporate,Churned,3.0429,0.495521,174,190260.96,PROD-FS-022,Premium Savings,Advisory,Term Life,Open,2024-06-04,0.926367,63.76,,Persona Customer 422,customer422@example.com
FPR-00423,CUST-C0014,40116.19,Small Business,Churned,1.3474,0.987048,274,76282.85,PROD-FS-023,Term Life,Deposit,Premium Savings,Declined,2024-05-04,0.548499,1566.83,,Persona Customer 423,customer423@example.com
FPR-00424,CUST-C0225,59729.2,High Net Worth,Churned,4.5328,0.678365,97,167471.71,PROD-FS-024,Rewards Credit Card,Lending,Premium Savings,Open,2025-01-30,0.392675,19196.3,,Persona Customer 424,customer424@example.com
FPR-00425,CUST-C0147,75627.53,Retail,Growth,2.9894,0.634744,468,123067.25,PROD-FS-025,Rewards Credit Card,Deposit,Premium Savings,Accepted,2025-01-25,0.315231,16191.23,2025-01-28,Persona Customer 425,customer425@example.com
FPR-00426,CUST-C0225,19851.34,Retail,Onboarding,2.9904,0.989229,61,180907.74,PROD-FS-026,Auto Loan,Insurance,Auto Loan,Approved,2025-04-04,0.019475,15477.64,2025-05-23,Persona Customer 426,customer426@example.com
FPR-00427,CUST-C0174,12489.52,Institutional,Onboarding,2.2036,0.837506,275,32302.26,PROD-FS-027,Auto Loan,Lending,Wealth Advisory,Rejected,2025-10-07,0.438206,14701.74,,Persona Customer 427,customer427@example.com
FPR-00428,CUST-C0007,95356.84,High Net Worth,At Risk,3.6113,0.715727,175,62325.27,PROD-FS-028,Rewards Credit Card,Advisory,Wealth Advisory,Declined,2025-01-08,0.418074,7420.06,,Persona Customer 428,customer428@example.com
FPR-00429,CUST-C0065,6704.25,Small Business,Mature,2.7891,0.59895,78,189342.6,PROD-FS-029,Term Life,Insurance,Term Life,Rejected,2024-09-15,0.129014,4228.72,,Persona Customer 429,customer429@example.com
FPR-00430,CUST-C0095,44544.56,Retail,Onboarding,1.206,0.847463,6,56818.99,PROD-FS-030,Premium Savings,Deposit,Premium Savings,Rejected,2025-08-10,0.446992,12120.96,,Persona Customer 430,customer430@example.com
FPR-00431,CUST-C0067,82650.46,High Net Worth,Mature,4.4723,0.672533,318,156730.49,PROD-FS-031,Premium Savings,Lending,Rewards Credit Card,Open,2025-06-05,0.081014,353.73,,Persona Customer 431,customer431@example.com
FPR-00432,CUST-C0005,82152.19,Institutional,Onboarding,1.2036,0.08681,110,186842.94,PROD-FS-032,Term Life,Credit,Wealth Advisory,Approved,2025-10-03,0.792239,2598.74,2025-11-10,Persona Customer 432,customer432@example.com
FPR-00433,CUST-C0093,56886.61,Small Business,Churned,1.5538,0.558269,465,41543.42,PROD-FS-033,Wealth Advisory,Deposit,Term Life,Approved,2024-04-09,0.742643,2381.8,2024-04-30,Persona Customer 433,customer433@example.com
FPR-00434,CUST-C0213,75338.09,Institutional,Churned,3.8768,0.012836,243,30071.83,PROD-FS-034,Term Life,Insurance,Premium Savings,Rejected,2025-04-10,0.247135,18221.31,,Persona Customer 434,customer434@example.com
FPR-00435,CUST-C0105,44902.9,Retail,At Risk,3.6823,0.219135,315,182493.62,PROD-FS-035,Auto Loan,Credit,Wealth Advisory,Open,2025-07-29,0.248687,14272.19,,Persona Customer 435,customer435@example.com
FPR-00436,CUST-C0210,76715.57,Small Business,Churned,3.9607,0.581337,104,118837.03,PROD-FS-036,Auto Loan,Advisory,Term Life,Pending,2024-06-03,0.996102,17052.44,,Persona Customer 436,customer436@example.com
FPR-00437,CUST-C0049,23178.72,High Net Worth,At Risk,2.4088,0.148331,64,18370.31,PROD-FS-037,Rewards Credit Card,Credit,Rewards Credit Card,Approved,2025-09-15,0.101882,19754.02,2025-10-20,Persona Customer 437,customer437@example.com
FPR-00438,CUST-C0091,54827.11,High Net Worth,Churned,2.0044,0.789921,450,159894.48,PROD-FS-038,Wealth Advisory,Deposit,Term Life,Approved,2025-11-06,0.203667,7470.47,2025-12-02,Persona Customer 438,customer438@example.com
FPR-00439,CUST-C0200,74956.61,Small Business,Onboarding,1.4832,0.904508,259,151082.04,PROD-FS-039,Wealth Advisory,Credit,Premium Savings,Open,2025-01-17,0.792182,2942.6,,Persona Customer 439,customer439@example.com
FPR-00440,CUST-C0066,30558.75,Institutional,Onboarding,3.8121,0.525664,217,67216.72,PROD-FS-040,Wealth Advisory,Credit,Wealth Advisory,Open,2025-02-13,0.539078,15572.03,,Persona Customer 440,customer440@example.com
FPR-00441,CUST-C0209,43998.85,Retail,Growth,3.3074,0.775009,402,143677.0,PROD-FS-041,Wealth Advisory,Credit,Auto Loan,Declined,2024-10-27,0.681687,2889.14,,Persona Customer 441,customer441@example.com
FPR-00442,CUST-C0167,44678.29,Small Business,At Risk,3.1836,0.16034,123,34937.75,PROD-FS-042,Wealth Advisory,Advisory,Auto Loan,Rejected,2025-06-20,0.050712,12714.15,,Persona Customer 442,customer442@example.com
FPR-00443,CUST-C0031,84871.18,High Net Worth,Mature,2.1621,0.186217,107,112200.43,PROD-FS-043,Auto Loan,Lending,Auto Loan,Pending,2024-10-25,0.162461,16576.51,,Persona Customer 443,customer443@example.com
FPR-00444,CUST-C0064,16400.58,Retail,At Risk,4.78,0.781502,152,8404.85,PROD-FS-044,Wealth Advisory,Advisory,Wealth Advisory,Rejected,2024-08-05,0.173302,9630.57,,Persona Customer 444,customer444@example.com
FPR-00445,CUST-C0179,40942.37,Institutional,At Risk,2.6123,0.165451,313,164690.07,PROD-FS-045,Premium Savings,Lending,Premium Savings,Declined,2024-11-14,0.420652,14769.4,,Persona Customer 445,customer445@example.com
FPR-00446,CUST-C0114,66821.49,Small Business,Growth,3.9246,0.167518,115,34440.99,PROD-FS-046,Premium Savings,Advisory,Auto Loan,Pending,2025-11-02,0.084163,2507.42,,Persona Customer 446,customer446@example.com
FPR-00447,CUST-C0194,56528.55,Retail,Churned,1.2833,0.627218,195,143081.36,PROD-FS-047,Rewards Credit Card,Lending,Term Life,Rejected,2024-07-31,0.771878,2463.0,,Persona Customer 447,customer447@example.com
FPR-00448,CUST-C0236,13481.22,Retail,Onboarding,3.3722,0.167367,51,147061.94,PROD-FS-048,Auto Loan,Credit,Rewards Credit Card,Rejected,2025-03-26,0.178255,19133.84,,Persona Customer 448,customer448@example.com
FPR-00449,CUST-C0148,9270.16,Institutional,At Risk,4.4911,0.474305,55,30551.53,PROD-FS-049,Wealth Advisory,Deposit,Premium Savings,Open,2024-07-06,0.786485,16083.51,,Persona Customer 449,customer449@example.com
FPR-00450,CUST-C0179,47589.86,Small Business,Onboarding,3.2055,0.486612,85,194958.57,PROD-FS-050,Rewards Credit Card,Insurance,Term Life,Pending,2024-05-03,0.792101,11159.89,,Persona Customer 450,customer450@example.com
FPR-00451,CUST-C0179,11732.66,Small Business,Growth,2.9872,0.999258,428,174999.71,PROD-FS-001,Wealth Advisory,Lending,Rewards Credit Card,Approved,2025-11-09,0.600705,11874.11,2025-12-20,Persona Customer 451,customer451@example.com
FPR-00452,CUST-C0083,89.5,Small Business,Onboarding,1.2982,0.688085,24,19512.3,PROD-FS-002,Term Life,Deposit,Premium Savings,Pending,2025-08-28,0.825869,9479.91,,Persona Customer 452,customer452@example.com
FPR-00453,CUST-C0225,11118.79,Institutional,Churned,2.9532,0.177798,237,124597.29,PROD-FS-003,Term Life,Deposit,Premium Savings,Approved,2025-09-10,0.046385,3142.73,2025-10-05,Persona Customer 453,customer453@example.com
FPR-00454,CUST-C0139,65225.09,High Net Worth,At Risk,3.4874,0.400896,92,105202.98,PROD-FS-004,Term Life,Credit,Premium Savings,Rejected,2024-03-21,0.768394,12744.24,,Persona Customer 454,customer454@example.com
FPR-00455,CUST-C0015,37905.93,High Net Worth,Growth,4.5881,0.805365,186,134760.61,PROD-FS-005,Auto Loan,Deposit,Premium Savings,Approved,2024-07-09,0.247701,6222.41,2024-07-25,Persona Customer 455,customer455@example.com
FPR-00456,CUST-C0024,58282.74,Corporate,Growth,2.2046,0.67971,180,196759.95,PROD-FS-006,Wealth Advisory,Insurance,Auto Loan,Accepted,2025-08-15,0.884303,12049.57,2025-10-05,Persona Customer 456,customer456@example.com
FPR-00457,CUST-C0146,10939.89,Retail,Churned,4.845,0.369183,141,178385.78,PROD-FS-007,Wealth Advisory,Lending,Auto Loan,Pending,2024-09-28,0.903339,15311.36,,Persona Customer 457,customer457@example.com
FPR-00458,CUST-C0061,30301.54,Retail,Mature,1.2654,0.904944,416,102657.72,PROD-FS-008,Rewards Credit Card,Lending,Wealth Advisory,Pending,2024-10-31,0.858306,4592.79,,Persona Customer 458,customer458@example.com
FPR-00459,CUST-C0230,79350.0,High Net Worth,At Risk,3.8367,0.733159,467,168631.11,PROD-FS-009,Auto Loan,Lending,Term Life,Rejected,2025-01-09,0.406144,13176.17,,Persona Customer 459,customer459@example.com
FPR-00460,CUST-C0099,90563.59,Corporate,Onboarding,2.9194,0.809023,197,62481.99,PROD-FS-010,Auto Loan,Credit,Auto Loan,Open,2025-08-18,0.669544,10641.57,,Persona Customer 460,customer460@example.com
FPR-00461,CUST-C0008,96834.95,Small Business,Churned,4.4942,0.133441,220,46838.85,PROD-FS-011,Wealth Advisory,Credit,Term Life,Accepted,2024-02-08,0.68484,14324.61,2024-02-17,Persona Customer 461,customer461@example.com
FPR-00462,CUST-C0126,7548.13,Corporate,At Risk,4.2707,0.361728,427,58667.48,PROD-FS-012,Premium Savings,Lending,Auto Loan,Declined,2025-09-23,0.932418,15122.99,,Persona Customer 462,customer462@example.com
FPR-00463,CUST-C0100,34641.94,Small Business,Churned,2.1351,0.605441,135,177458.11,PROD-FS-013,Wealth Advisory,Lending,Premium Savings,Declined,2025-03-17,0.697416,19164.9,,Persona Customer 463,customer463@example.com
FPR-00464,CUST-C0229,32275.36,Retail,Onboarding,3.3683,0.636816,162,76908.57,PROD-FS-014,Term Life,Lending,Auto Loan,Declined,2025-04-30,0.377809,5092.19,,Persona Customer 464,customer464@example.com
FPR-00465,CUST-C0243,5159.86,Institutional,Growth,3.1324,0.069415,238,191501.3,PROD-FS-015,Rewards Credit Card,Deposit,Rewards Credit Card,Declined,2025-06-15,0.091671,18358.14,,Persona Customer 465,customer465@example.com
FPR-00466,CUST-C0025,3541.99,Small Business,Onboarding,1.8869,0.724066,223,44440.89,PROD-FS-016,Wealth Advisory,Lending,Premium Savings,Open,2024-07-24,0.334408,9683.4,,Persona Customer 466,customer466@example.com
FPR-00467,CUST-C0059,56563.07,Small Business,Onboarding,3.3158,0.671199,408,83965.45,PROD-FS-017,Premium Savings,Advisory,Rewards Credit Card,Declined,2025-03-11,0.980438,15377.83,,Persona Customer 467,customer467@example.com
FPR-00468,CUST-C0101,42158.78,Small Business,Onboarding,2.0327,0.831205,353,43169.94,PROD-FS-018,Rewards Credit Card,Insurance,Wealth Advisory,Rejected,2024-10-08,0.178486,8062.05,,Persona Customer 468,customer468@example.com
FPR-00469,CUST-C0172,51351.2,Small Business,Growth,4.1186,0.823038,174,91132.15,PROD-FS-019,Premium Savings,Insurance,Term Life,Pending,2025-07-13,0.688591,14403.03,,Persona Customer 469,customer469@example.com
FPR-00470,CUST-C0211,78359.49,Corporate,Growth,1.4709,0.67882,421,538.11,PROD-FS-020,Rewards Credit Card,Lending,Premium Savings,Accepted,2024-03-24,0.919918,11324.48,2024-05-03,Persona Customer 470,customer470@example.com
FPR-00471,CUST-C0205,20037.36,Small Business,Growth,3.2645,0.994308,273,198772.43,PROD-FS-021,Premium Savings,Deposit,Term Life,Pending,2025-06-30,0.375681,19137.63,,Persona Customer 471,customer471@example.com
FPR-00472,CUST-C0236,27900.63,Retail,Onboarding,4.2973,0.766491,343,41989.79,PROD-FS-022,Term Life,Insurance,Term Life,Accepted,2024-10-30,0.210169,3266.0,2024-11-19,Persona Customer 472,customer472@example.com
FPR-00473,CUST-C0072,29059.9,Corporate,Growth,4.2619,0.632279,233,199736.71,PROD-FS-023,Rewards Credit Card,Insurance,Term Life,Approved,2025-08-15,0.33597,1245.82,2025-09-13,Persona Customer 473,customer473@example.com
FPR-00474,CUST-C0208,39592.14,Corporate,Growth,4.3265,0.33799,118,148744.1,PROD-FS-024,Rewards Credit Card,Deposit,Rewards Credit Card,Declined,2024-06-22,0.724876,7284.19,,Persona Customer 474,customer474@example.com
FPR-00475,CUST-C0183,27773.24,Small Business,Mature,1.4473,0.716262,485,184348.03,PROD-FS-025,Wealth Advisory,Deposit,Premium Savings,Declined,2024-01-09,0.548613,17407.83,,Persona Customer 475,customer475@example.com
FPR-00476,CUST-C0239,88680.07,Corporate,Churned,4.5089,0.989355,484,78970.51,PROD-FS-026,Wealth Advisory,Deposit,Premium Savings,Pending,2025-05-14,0.453156,14311.11,,Persona Customer 476,customer476@example.com
FPR-00477,CUST-C0141,33129.04,Institutional,Mature,4.597,0.119895,415,63150.58,PROD-FS-027,Term Life,Lending,Premium Savings,Declined,2025-11-11,0.023724,4380.23,,Persona Customer 477,customer477@example.com
FPR-00478,CUST-C0078,51488.58,Small Business,Mature,4.0778,0.769495,192,13414.68,PROD-FS-028,Term Life,Lending,Rewards Credit Card,Rejected,2025-01-31,0.548434,1946.6,,Persona Customer 478,customer478@example.com
FPR-00479,CUST-C0190,36376.69,Small Business,Churned,1.8658,0.748075,363,14001.25,PROD-FS-029,Auto Loan,Insurance,Premium Savings,Declined,2024-01-02,0.941915,16476.51,,Persona Customer 479,customer479@example.com
FPR-00480,CUST-C0056,35734.77,Corporate,Growth,2.5517,0.372593,339,176879.39,PROD-FS-030,Wealth Advisory,Insurance,Auto Loan,Open,2024-09-14,0.371451,4284.99,,Persona Customer 480,customer480@example.com
FPR-00481,CUST-C0024,47833.39,Retail,Mature,3.8845,0.575766,116,176292.46,PROD-FS-031,Rewards Credit Card,Lending,Auto Loan,Pending,2024-09-21,0.943645,11456.96,,Persona Customer 481,customer481@example.com
FPR-00482,CUST-C0242,44857.85,Corporate,Growth,2.4568,0.834414,198,180212.22,PROD-FS-032,Rewards Credit Card,Insurance,Term Life,Open,2024-10-12,0.043818,16786.07,,Persona Customer 482,customer482@example.com
FPR-00483,CUST-C0055,84719.0,Institutional,At Risk,1.7204,0.821338,236,47439.96,PROD-FS-033,Auto Loan,Insurance,Wealth Advisory,Approved,2024-03-27,0.645682,14060.35,2024-05-09,Persona Customer 483,customer483@example.com
FPR-00484,CUST-C0053,41981.08,High Net Worth,Onboarding,1.8049,0.409579,304,47259.27,PROD-FS-034,Premium Savings,Lending,Premium Savings,Rejected,2024-06-29,0.200487,13636.12,,Persona Customer 484,customer484@example.com
FPR-00485,CUST-C0126,11697.99,Retail,Onboarding,1.5175,0.580099,486,189492.86,PROD-FS-035,Wealth Advisory,Deposit,Wealth Advisory,Approved,2025-03-25,0.484718,574.59,2025-05-23,Persona Customer 485,customer485@example.com
FPR-00486,CUST-C0053,23570.57,Retail,Growth,3.53,0.944864,145,90178.93,PROD-FS-036,Auto Loan,Advisory,Rewards Credit Card,Rejected,2024-09-03,0.760653,15677.31,,Persona Customer 486,customer486@example.com
FPR-00487,CUST-C0013,2946.82,Corporate,Growth,1.5391,0.706156,220,29927.7,PROD-FS-037,Term Life,Deposit,Rewards Credit Card,Declined,2024-02-03,0.049136,3564.79,,Persona Customer 487,customer487@example.com
FPR-00488,CUST-C0247,21219.42,Corporate,Churned,4.1516,0.0696,224,75888.87,PROD-FS-038,Term Life,Insurance,Premium Savings,Declined,2025-05-19,0.114804,876.35,,Persona Customer 488,customer488@example.com
FPR-00489,CUST-C0103,85928.29,Institutional,At Risk,4.2585,0.521835,116,89364.72,PROD-FS-039,Wealth Advisory,Advisory,Rewards Credit Card,Declined,2025-06-04,0.657535,11440.54,,Persona Customer 489,customer489@example.com
FPR-00490,CUST-C0024,14224.22,Retail,Mature,4.1024,0.451659,92,22233.5,PROD-FS-040,Premium Savings,Deposit,Premium Savings,Declined,2025-03-02,0.085347,2356.78,,Persona Customer 490,customer490@example.com
FPR-00491,CUST-C0050,98243.71,Retail,At Risk,3.6317,0.766549,224,32296.23,PROD-FS-041,Rewards Credit Card,Advisory,Auto Loan,Accepted,2025-11-06,0.520625,4434.23,2025-12-19,Persona Customer 491,customer491@example.com
FPR-00492,CUST-C0108,12618.29,Retail,Mature,3.293,0.417291,74,98870.38,PROD-FS-042,Term Life,Advisory,Wealth Advisory,Pending,2025-11-14,0.622306,2872.48,,Persona Customer 492,customer492@example.com
FPR-00493,CUST-C0218,95113.12,High Net Worth,Mature,4.2471,0.910852,41,137672.55,PROD-FS-043,Wealth Advisory,Advisory,Rewards Credit Card,Declined,2025-01-13,0.60738,2274.73,,Persona Customer 493,customer493@example.com
FPR-00494,CUST-C0238,75990.93,Corporate,Onboarding,3.7901,0.730116,461,145219.02,PROD-FS-044,Term Life,Lending,Auto Loan,Open,2025-10-10,0.200453,14416.18,,Persona Customer 494,customer494@example.com
FPR-00495,CUST-C0178,2040.57,Retail,Churned,3.1733,0.202652,265,102766.44,PROD-FS-045,Rewards Credit Card,Advisory,Rewards Credit Card,Declined,2025-10-19,0.249146,9363.44,,Persona Customer 495,customer495@example.com
FPR-00496,CUST-C0237,68729.68,High Net Worth,Churned,4.5489,0.072988,495,125676.79,PROD-FS-046,Term Life,Advisory,Rewards Credit Card,Rejected,2024-08-29,0.05845,8529.26,,Persona Customer 496,customer496@example.com
FPR-00497,CUST-C0142,83683.79,High Net Worth,At Risk,3.0135,0.235877,156,190150.27,PROD-FS-047,Term Life,Advisory,Term Life,Accepted,2024-04-24,0.063886,7532.42,2024-06-15,Persona Customer 497,customer497@example.com
FPR-00498,CUST-C0212,54581.58,Corporate,At Risk,1.1324,0.500316,212,75269.03,PROD-FS-048,Term Life,Credit,Wealth Advisory,Accepted,2024-01-26,0.991673,10697.85,2024-02-27,Persona Customer 498,customer498@example.com
FPR-00499,CUST-C0029,86374.19,Retail,Mature,1.0247,0.964862,265,163758.97,PROD-FS-049,Premium Savings,Advisory,Premium Savings,Rejected,2025-08-01,0.50692,10040.74,,Persona Customer 499,customer499@example.com
FPR-00500,CUST-C0020,73844.19,High Net Worth,Mature,2.3721,0.343885,473,36061.71,PROD-FS-050,Rewards Credit Card,Insurance,Wealth Advisory,Accepted,2025-02-13,0.758148,6545.96,2025-02-24,Persona Customer 500,customer500@example.com
FPR-00501,CUST-C0060,51574.61,Small Business,Churned,4.8064,0.329561,136,16433.03,PROD-FS-001,Wealth Advisory,Insurance,Premium Savings,Accepted,2025-03-27,0.87826,10627.14,2025-04-11,Persona Customer 501,customer501@example.com
FPR-00502,CUST-C0133,85699.4,High Net Worth,At Risk,2.0955,0.130735,356,69881.98,PROD-FS-002,Auto Loan,Credit,Wealth Advisory,Rejected,2024-10-01,0.122828,6685.63,,Persona Customer 502,customer502@example.com
FPR-00503,CUST-C0205,30484.54,Corporate,At Risk,4.2423,0.772268,482,95666.42,PROD-FS-003,Rewards Credit Card,Lending,Premium Savings,Open,2024-02-03,0.091671,10610.66,,Persona Customer 503,customer503@example.com
FPR-00504,CUST-C0217,26710.79,Institutional,At Risk,1.6507,0.159988,435,199131.66,PROD-FS-004,Premium Savings,Advisory,Wealth Advisory,Pending,2025-08-12,0.008908,17124.43,,Persona Customer 504,customer504@example.com
FPR-00505,CUST-C0054,26081.09,High Net Worth,At Risk,4.9173,0.204197,474,165341.71,PROD-FS-005,Rewards Credit Card,Credit,Wealth Advisory,Open,2025-03-18,0.838216,945.59,,Persona Customer 505,customer505@example.com
FPR-00506,CUST-C0030,12841.95,Corporate,Churned,2.2545,0.128814,407,118750.4,PROD-FS-006,Term Life,Credit,Term Life,Declined,2024-07-10,0.93771,13625.92,,Persona Customer 506,customer506@example.com
FPR-00507,CUST-C0039,61912.74,Retail,Onboarding,2.3819,0.676516,87,143037.89,PROD-FS-007,Auto Loan,Lending,Rewards Credit Card,Open,2024-11-29,0.055595,9524.73,,Persona Customer 507,customer507@example.com
FPR-00508,CUST-C0125,76047.28,Retail,Mature,4.9501,0.218133,11,111814.59,PROD-FS-008,Wealth Advisory,Lending,Wealth Advisory,Accepted,2025-05-31,0.073258,8508.47,2025-06-22,Persona Customer 508,customer508@example.com
FPR-00509,CUST-C0159,23268.44,Institutional,Mature,3.3265,0.864943,19,34691.52,PROD-FS-009,Auto Loan,Insurance,Premium Savings,Accepted,2025-06-11,0.189407,14709.22,2025-06-18,Persona Customer 509,customer509@example.com
FPR-00510,CUST-C0164,82713.95,Retail,Growth,3.7723,0.263834,478,70116.47,PROD-FS-010,Wealth Advisory,Credit,Auto Loan,Open,2025-10-29,0.116908,6474.19,,Persona Customer 510,customer510@example.com
FPR-00511,CUST-C0074,41440.69,Small Business,Onboarding,4.497,0.526493,216,59215.29,PROD-FS-011,Rewards Credit Card,Lending,Term Life,Declined,2024-02-26,0.392294,13418.01,,Persona Customer 511,customer511@example.com
FPR-00512,CUST-C0063,59392.64,Institutional,Mature,1.0234,0.278095,214,53123.87,PROD-FS-012,Wealth Advisory,Insurance,Term Life,Approved,2024-12-16,0.258782,18431.73,2025-01-28,Persona Customer 512,customer512@example.com
FPR-00513,CUST-C0190,22868.33,Small Business,Churned,1.2292,0.48897,43,175689.02,PROD-FS-013,Rewards Credit Card,Insurance,Wealth Advisory,Declined,2024-11-06,0.731874,4698.09,,Persona Customer 513,customer513@example.com
FPR-00514,CUST-C0005,35470.72,Institutional,Onboarding,4.3377,0.294156,50,136672.12,PROD-FS-014,Wealth Advisory,Deposit,Auto Loan,Declined,2025-05-13,0.572313,3277.6,,Persona Customer 514,customer514@example.com
FPR-00515,CUST-C0240,76322.53,Small Business,Onboarding,2.6157,0.297781,208,197587.07,PROD-FS-015,Wealth Advisory,Credit,Auto Loan,Accepted,2025-01-24,0.155718,3605.43,2025-02-09,Persona Customer 515,customer515@example.com
FPR-00516,CUST-C0041,15223.79,Corporate,Churned,4.2917,0.818353,291,110182.49,PROD-FS-016,Term Life,Deposit,Rewards Credit Card,Rejected,2025-04-28,0.299931,6170.93,,Persona Customer 516,customer516@example.com
FPR-00517,CUST-C0131,58068.66,Corporate,At Risk,2.4746,0.58527,377,105564.55,PROD-FS-017,Wealth Advisory,Deposit,Auto Loan,Pending,2024-04-21,0.817879,14617.23,,Persona Customer 517,customer517@example.com
FPR-00518,CUST-C0200,13012.74,Corporate,Churned,2.0047,0.91346,21,117737.46,PROD-FS-018,Premium Savings,Credit,Premium Savings,Open,2024-02-07,0.039827,9751.96,,Persona Customer 518,customer518@example.com
FPR-00519,CUST-C0217,67602.98,Small Business,Growth,2.9831,0.008764,174,147547.61,PROD-FS-019,Auto Loan,Insurance,Term Life,Approved,2024-12-13,0.975948,17577.63,2025-02-05,Persona Customer 519,customer519@example.com
FPR-00520,CUST-C0092,57673.22,Institutional,Onboarding,4.2829,0.99286,82,128863.98,PROD-FS-020,Auto Loan,Credit,Rewards Credit Card,Rejected,2024-05-11,0.150502,2427.49,,Persona Customer 520,customer520@example.com
FPR-00521,CUST-C0016,30878.53,High Net Worth,At Risk,1.186,0.362429,287,99833.21,PROD-FS-021,Wealth Advisory,Advisory,Wealth Advisory,Pending,2025-06-06,0.003342,11937.16,,Persona Customer 521,customer521@example.com
FPR-00522,CUST-C0222,68136.97,Institutional,Growth,2.2408,0.564079,165,85312.39,PROD-FS-022,Wealth Advisory,Lending,Auto Loan,Rejected,2025-11-02,0.118605,6884.03,,Persona Customer 522,customer522@example.com
FPR-00523,CUST-C0088,60679.43,Corporate,Churned,2.6589,0.673478,148,187293.11,PROD-FS-023,Wealth Advisory,Insurance,Wealth Advisory,Pending,2024-12-13,0.249457,5659.32,,Persona Customer 523,customer523@example.com
FPR-00524,CUST-C0134,18015.02,Retail,Mature,4.3833,0.944895,252,158719.56,PROD-FS-024,Premium Savings,Credit,Term Life,Open,2024-02-29,0.654976,16367.17,,Persona Customer 524,customer524@example.com
FPR-00525,CUST-C0145,89525.38,Institutional,Mature,2.6147,0.129418,484,152433.17,PROD-FS-025,Term Life,Insurance,Wealth Advisory,Declined,2024-04-19,0.026873,1904.46,,Persona Customer 525,customer525@example.com
FPR-00526,CUST-C0063,9694.07,Corporate,At Risk,2.0646,0.848425,183,53120.56,PROD-FS-026,Auto Loan,Credit,Wealth Advisory,Accepted,2024-03-29,0.155593,4576.32,2024-05-08,Persona Customer 526,customer526@example.com
FPR-00527,CUST-C0046,88582.74,Small Business,Growth,3.8172,0.95261,304,169908.62,PROD-FS-027,Wealth Advisory,Credit,Term Life,Approved,2024-12-18,0.174504,19330.34,2025-01-16,Persona Customer 527,customer527@example.com
FPR-00528,CUST-C0008,24572.54,Retail,At Risk,1.4158,0.240249,283,159060.34,PROD-FS-028,Term Life,Lending,Wealth Advisory,Declined,2025-03-27,0.281392,152.87,,Persona Customer 528,customer528@example.com
FPR-00529,CUST-C0005,32763.03,Retail,Churned,3.7797,0.183058,149,6282.22,PROD-FS-029,Rewards Credit Card,Credit,Auto Loan,Open,2025-08-02,0.250248,12191.32,,Persona Customer 529,customer529@example.com
FPR-00530,CUST-C0022,87329.12,High Net Worth,At Risk,4.216,0.320349,251,196181.1,PROD-FS-030,Rewards Credit Card,Credit,Auto Loan,Rejected,2024-09-07,0.832001,4223.02,,Persona Customer 530,customer530@example.com
FPR-00531,CUST-C0118,67003.09,Corporate,Mature,1.3453,0.663728,312,55945.96,PROD-FS-031,Wealth Advisory,Credit,Wealth Advisory,Accepted,2024-05-11,0.36162,10894.09,2024-07-06,Persona Customer 531,customer531@example.com
FPR-00532,CUST-C0101,55069.81,Small Business,Onboarding,1.1476,0.759786,233,63472.9,PROD-FS-032,Auto Loan,Credit,Term Life,Approved,2025-04-24,0.62998,10641.9,2025-06-22,Persona Customer 532,customer532@example.com
FPR-00533,CUST-C0061,99672.74,Institutional,Growth,1.6612,0.023238,258,199787.34,PROD-FS-033,Auto Loan,Advisory,Auto Loan,Declined,2024-09-13,0.255345,18605.5,,Persona Customer 533,customer533@example.com
FPR-00534,CUST-C0034,49972.53,Retail,Churned,4.9227,0.835191,246,100426.6,PROD-FS-034,Rewards Credit Card,Lending,Auto Loan,Rejected,2025-04-20,0.195632,15801.06,,Persona Customer 534,customer534@example.com
FPR-00535,CUST-C0248,81186.07,Corporate,Onboarding,3.3434,0.039089,472,194689.48,PROD-FS-035,Auto Loan,Insurance,Premium Savings,Rejected,2025-04-26,0.323788,528.66,,Persona Customer 535,customer535@example.com
FPR-00536,CUST-C0250,48194.84,Retail,Onboarding,3.3465,0.507288,136,57227.93,PROD-FS-036,Auto Loan,Credit,Auto Loan,Rejected,2024-11-19,0.932647,17832.95,,Persona Customer 536,customer536@example.com
FPR-00537,CUST-C0017,54438.08,High Net Worth,Mature,1.6988,0.55255,397,42811.7,PROD-FS-037,Term Life,Insurance,Rewards Credit Card,Pending,2025-03-05,0.447138,8418.79,,Persona Customer 537,customer537@example.com
FPR-00538,CUST-C0133,4170.17,Retail,Growth,4.6484,0.61691,424,39827.9,PROD-FS-038,Premium Savings,Advisory,Rewards Credit Card,Declined,2024-03-25,0.391372,19410.52,,Persona Customer 538,customer538@example.com
FPR-00539,CUST-C0099,70387.97,Institutional,Mature,2.4173,0.996124,198,117991.72,PROD-FS-039,Term Life,Credit,Rewards Credit Card,Accepted,2024-09-17,0.930139,3155.07,2024-10-22,Persona Customer 539,customer539@example.com
FPR-00540,CUST-C0037,98273.05,Retail,Onboarding,3.0663,0.816926,9,27246.87,PROD-FS-040,Wealth Advisory,Advisory,Wealth Advisory,Pending,2025-05-15,0.488317,12795.38,,Persona Customer 540,customer540@example.com
FPR-00541,CUST-C0130,21050.08,Corporate,Onboarding,2.7062,0.854275,110,97009.5,PROD-FS-041,Wealth Advisory,Advisory,Term Life,Open,2025-05-23,0.920135,2230.82,,Persona Customer 541,customer541@example.com
FPR-00542,CUST-C0157,61231.77,Retail,Churned,3.3133,0.436096,358,98498.73,PROD-FS-042,Wealth Advisory,Lending,Term Life,Open,2024-08-24,0.974672,5743.74,,Persona Customer 542,customer542@example.com
FPR-00543,CUST-C0194,97111.16,High Net Worth,Onboarding,3.9314,0.032185,325,89943.39,PROD-FS-043,Auto Loan,Lending,Term Life,Rejected,2025-01-23,0.38339,19778.74,,Persona Customer 543,customer543@example.com
FPR-00544,CUST-C0195,22551.31,Institutional,Churned,2.513,0.568938,464,164841.46,PROD-FS-044,Rewards Credit Card,Deposit,Term Life,Accepted,2025-09-08,0.720783,11005.85,2025-10-17,Persona Customer 544,customer544@example.com
FPR-00545,CUST-C0158,45627.38,Institutional,At Risk,3.8996,0.080492,161,7408.39,PROD-FS-045,Auto Loan,Deposit,Auto Loan,Pending,2024-10-18,0.112998,10404.04,,Persona Customer 545,customer545@example.com
FPR-00546,CUST-C0024,80075.97,High Net Worth,At Risk,1.5671,0.858875,34,151583.63,PROD-FS-046,Wealth Advisory,Lending,Wealth Advisory,Open,2024-04-28,0.483074,8461.93,,Persona Customer 546,customer546@example.com
FPR-00547,CUST-C0112,13288.15,Corporate,Onboarding,1.4886,0.160773,285,162282.46,PROD-FS-047,Term Life,Deposit,Wealth Advisory,Accepted,2025-04-24,0.418238,17973.88,2025-05-08,Persona Customer 547,customer547@example.com
FPR-00548,CUST-C0002,82686.33,Retail,Mature,4.9724,0.087684,437,155938.23,PROD-FS-048,Term Life,Credit,Auto Loan,Accepted,2025-04-29,0.795892,10422.38,2025-05-16,Persona Customer 548,customer548@example.com
FPR-00549,CUST-C0102,97828.81,High Net Worth,At Risk,1.0994,0.084983,104,196037.86,PROD-FS-049,Wealth Advisory,Insurance,Wealth Advisory,Approved,2025-02-09,0.179283,7905.82,2025-04-04,Persona Customer 549,customer549@example.com
FPR-00550,CUST-C0176,8003.26,Corporate,At Risk,2.1853,0.430391,148,179026.17,PROD-FS-050,Auto Loan,Deposit,Rewards Credit Card,Approved,2025-06-27,0.244706,1481.55,2025-07-12,Persona Customer 550,customer550@example.com
FPR-00551,CUST-C0214,39432.03,Retail,Mature,2.857,0.023894,163,31381.01,PROD-FS-001,Premium Savings,Deposit,Auto Loan,Rejected,2024-11-26,0.106204,17358.77,,Persona Customer 551,customer551@example.com
FPR-00552,CUST-C0097,69498.04,Retail,At Risk,2.0921,0.783712,397,74395.0,PROD-FS-002,Premium Savings,Advisory,Auto Loan,Rejected,2024-08-11,0.503008,10110.48,,Persona Customer 552,customer552@example.com
FPR-00553,CUST-C0064,30218.24,Retail,Growth,3.9218,0.257103,20,128857.26,PROD-FS-003,Rewards Credit Card,Advisory,Premium Savings,Open,2025-03-28,0.22378,18314.17,,Persona Customer 553,customer553@example.com
FPR-00554,CUST-C0126,64485.83,Small Business,At Risk,2.5415,0.756462,6,104874.36,PROD-FS-004,Term Life,Insurance,Auto Loan,Accepted,2024-12-02,0.434806,8511.14,2025-01-12,Persona Customer 554,customer554@example.com
FPR-00555,CUST-C0132,55541.38,High Net Worth,Mature,2.2536,0.362046,151,190877.42,PROD-FS-005,Rewards Credit Card,Lending,Premium Savings,Approved,2025-02-14,0.351963,14049.18,2025-03-22,Persona Customer 555,customer555@example.com
FPR-00556,CUST-C0053,83420.84,Retail,Onboarding,3.9648,0.646951,237,108499.24,PROD-FS-006,Auto Loan,Advisory,Rewards Credit Card,Approved,2025-04-15,0.626899,11155.3,2025-06-14,Persona Customer 556,customer556@example.com
FPR-00557,CUST-C0201,13032.09,Corporate,At Risk,1.9747,0.912032,303,39147.68,PROD-FS-007,Auto Loan,Deposit,Premium Savings,Pending,2025-06-15,0.859903,2859.5,,Persona Customer 557,customer557@example.com
FPR-00558,CUST-C0226,10629.15,Institutional,Onboarding,4.8076,0.951673,115,107780.62,PROD-FS-008,Rewards Credit Card,Deposit,Term Life,Accepted,2024-01-15,0.591348,3117.97,2024-03-07,Persona Customer 558,customer558@example.com
FPR-00559,CUST-C0185,53259.64,Retail,Churned,1.9174,0.403753,257,48841.25,PROD-FS-009,Premium Savings,Insurance,Premium Savings,Rejected,2024-08-09,0.76255,19197.0,,Persona Customer 559,customer559@example.com
FPR-00560,CUST-C0004,55097.32,High Net Worth,Onboarding,2.3893,0.337583,162,89708.35,PROD-FS-010,Auto Loan,Insurance,Term Life,Pending,2024-05-08,0.887114,15403.98,,Persona Customer 560,customer560@example.com
FPR-00561,CUST-C0094,15732.72,High Net Worth,Churned,1.1599,0.503746,481,125416.34,PROD-FS-011,Rewards Credit Card,Advisory,Rewards Credit Card,Approved,2024-09-22,0.587191,6968.58,2024-11-13,Persona Customer 561,customer561@example.com
FPR-00562,CUST-C0210,87502.7,Retail,At Risk,1.3907,0.674177,154,72228.27,PROD-FS-012,Auto Loan,Deposit,Premium Savings,Rejected,2025-04-26,0.384053,3067.1,,Persona Customer 562,customer562@example.com
FPR-00563,CUST-C0080,34897.17,High Net Worth,At Risk,3.5506,0.364747,263,39119.13,PROD-FS-013,Premium Savings,Credit,Rewards Credit Card,Open,2024-08-08,0.685448,16234.18,,Persona Customer 563,customer563@example.com
FPR-00564,CUST-C0039,58424.43,Institutional,Growth,4.7658,0.568268,342,150475.44,PROD-FS-014,Premium Savings,Lending,Term Life,Open,2025-06-13,0.564038,17541.97,,Persona Customer 564,customer564@example.com
FPR-00565,CUST-C0148,15622.7,Institutional,Mature,3.438,0.329104,57,93467.84,PROD-FS-015,Rewards Credit Card,Lending,Premium Savings,Rejected,2025-11-30,0.746771,11466.5,,Persona Customer 565,customer565@example.com
FPR-00566,CUST-C0083,30676.44,Retail,Churned,3.9187,0.889949,415,110313.77,PROD-FS-016,Wealth Advisory,Lending,Auto Loan,Open,2024-10-04,0.410564,9023.51,,Persona Customer 566,customer566@example.com
FPR-00567,CUST-C0124,16956.45,Retail,Churned,1.6224,0.030995,176,113581.41,PROD-FS-017,Rewards Credit Card,Insurance,Rewards Credit Card,Approved,2025-09-20,0.678347,6135.44,2025-09-25,Persona Customer 567,customer567@example.com
FPR-00568,CUST-C0061,19283.33,Small Business,Growth,4.275,0.712109,3,54034.49,PROD-FS-018,Premium Savings,Deposit,Term Life,Declined,2025-04-29,0.906989,7468.48,,Persona Customer 568,customer568@example.com
FPR-00569,CUST-C0226,83823.54,High Net Worth,Onboarding,1.41,0.988624,213,121324.55,PROD-FS-019,Wealth Advisory,Credit,Rewards Credit Card,Declined,2025-05-06,0.888458,4901.74,,Persona Customer 569,customer569@example.com
FPR-00570,CUST-C0135,36816.17,Institutional,Onboarding,4.1679,0.837069,402,85325.63,PROD-FS-020,Term Life,Lending,Auto Loan,Rejected,2024-06-18,0.132872,4892.63,,Persona Customer 570,customer570@example.com
FPR-00571,CUST-C0078,22932.29,Small Business,Onboarding,1.9786,0.3219,369,29002.52,PROD-FS-021,Wealth Advisory,Lending,Rewards Credit Card,Accepted,2024-06-12,0.786273,924.57,2024-06-20,Persona Customer 571,customer571@example.com
FPR-00572,CUST-C0107,59291.63,Retail,Mature,4.9595,0.323068,7,130322.11,PROD-FS-022,Term Life,Lending,Auto Loan,Pending,2024-03-04,0.333171,10358.49,,Persona Customer 572,customer572@example.com
FPR-00573,CUST-C0245,58579.89,High Net Worth,Churned,4.3254,0.742309,142,189119.78,PROD-FS-023,Rewards Credit Card,Insurance,Rewards Credit Card,Approved,2025-02-28,0.064253,16300.21,2025-04-14,Persona Customer 573,customer573@example.com
FPR-00574,CUST-C0059,58192.91,Small Business,Onboarding,3.0483,0.518828,123,2818.15,PROD-FS-024,Term Life,Deposit,Term Life,Open,2024-09-27,0.744178,7492.94,,Persona Customer 574,customer574@example.com
FPR-00575,CUST-C0227,8193.54,Corporate,Onboarding,1.3212,0.483398,366,170401.27,PROD-FS-025,Auto Loan,Insurance,Wealth Advisory,Declined,2025-03-19,0.961117,7073.91,,Persona Customer 575,customer575@example.com
FPR-00576,CUST-C0213,84696.92,Small Business,At Risk,3.1754,0.827148,211,181203.74,PROD-FS-026,Premium Savings,Lending,Term Life,Approved,2024-12-24,0.306924,11132.61,2025-01-18,Persona Customer 576,customer576@example.com
FPR-00577,CUST-C0166,46732.92,High Net Worth,Growth,4.3906,0.031018,435,9834.24,PROD-FS-027,Rewards Credit Card,Deposit,Wealth Advisory,Rejected,2024-02-20,0.162107,3679.82,,Persona Customer 577,customer577@example.com
FPR-00578,CUST-C0131,48791.1,High Net Worth,Churned,4.7531,0.258759,376,88692.8,PROD-FS-028,Auto Loan,Deposit,Premium Savings,Open,2024-05-31,0.452513,248.67,,Persona Customer 578,customer578@example.com
FPR-00579,CUST-C0221,80144.1,High Net Worth,Churned,3.0255,0.886121,222,28125.61,PROD-FS-029,Premium Savings,Advisory,Premium Savings,Open,2024-01-19,0.401711,8574.22,,Persona Customer 579,customer579@example.com
FPR-00580,CUST-C0109,89736.05,Retail,At Risk,4.6381,0.475477,97,190312.79,PROD-FS-030,Wealth Advisory,Deposit,Auto Loan,Approved,2025-11-22,0.896726,11543.47,2025-12-16,Persona Customer 580,customer580@example.com
FPR-00581,CUST-C0049,32277.2,Corporate,Mature,2.605,0.409721,201,92770.06,PROD-FS-031,Auto Loan,Credit,Premium Savings,Pending,2024-05-31,0.336607,1995.5,,Persona Customer 581,customer581@example.com
FPR-00582,CUST-C0148,82835.15,High Net Worth,Growth,4.4052,0.478182,151,137201.63,PROD-FS-032,Term Life,Deposit,Premium Savings,Declined,2024-08-14,0.450941,9024.98,,Persona Customer 582,customer582@example.com
FPR-00583,CUST-C0088,2071.85,High Net Worth,Growth,1.3082,0.205796,200,34987.19,PROD-FS-033,Rewards Credit Card,Credit,Term Life,Accepted,2024-05-16,0.461971,8665.4,2024-07-15,Persona Customer 583,customer583@example.com
FPR-00584,CUST-C0039,71833.22,Small Business,Growth,3.1017,0.693783,36,153897.02,PROD-FS-034,Premium Savings,Advisory,Wealth Advisory,Rejected,2024-05-07,0.836359,6133.73,,Persona Customer 584,customer584@example.com
FPR-00585,CUST-C0044,68846.63,Corporate,Onboarding,3.4597,0.100692,147,79335.95,PROD-FS-035,Term Life,Insurance,Auto Loan,Open,2025-11-07,0.204451,3153.94,,Persona Customer 585,customer585@example.com
FPR-00586,CUST-C0172,78584.02,Corporate,Growth,4.1321,0.498785,495,14643.07,PROD-FS-036,Premium Savings,Credit,Premium Savings,Approved,2025-10-23,0.221224,7581.01,2025-10-30,Persona Customer 586,customer586@example.com
FPR-00587,CUST-C0111,34705.89,Retail,At Risk,1.2789,0.92799,248,31468.99,PROD-FS-037,Auto Loan,Advisory,Wealth Advisory,Pending,2025-05-26,0.353104,4424.58,,Persona Customer 587,customer587@example.com
FPR-00588,CUST-C0069,63989.06,Corporate,Growth,1.085,0.985126,191,105300.16,PROD-FS-038,Rewards Credit Card,Lending,Term Life,Approved,2024-06-30,0.304871,15664.89,2024-08-12,Persona Customer 588,customer588@example.com
FPR-00589,CUST-C0099,83302.83,Small Business,Onboarding,4.3383,0.007849,463,199137.55,PROD-FS-039,Auto Loan,Insurance,Auto Loan,Accepted,2024-08-23,0.74946,800.49,2024-10-08,Persona Customer 589,customer589@example.com
FPR-00590,CUST-C0136,56511.08,Small Business,Onboarding,4.2771,0.047682,339,40000.02,PROD-FS-040,Auto Loan,Insurance,Premium Savings,Open,2025-08-08,0.145749,10084.94,,Persona Customer 590,customer590@example.com
FPR-00591,CUST-C0108,78217.56,Corporate,Growth,1.8008,0.73798,388,153165.23,PROD-FS-041,Term Life,Insurance,Wealth Advisory,Declined,2024-09-18,0.753082,11629.21,,Persona Customer 591,customer591@example.com
FPR-00592,CUST-C0215,65364.17,High Net Worth,At Risk,3.9579,0.054074,21,47721.52,PROD-FS-042,Term Life,Deposit,Premium Savings,Open,2024-02-05,0.870322,3910.13,,Persona Customer 592,customer592@example.com
FPR-00593,CUST-C0185,86515.72,High Net Worth,Growth,2.2181,0.972103,77,141252.93,PROD-FS-043,Premium Savings,Credit,Term Life,Declined,2024-05-11,0.382801,1243.16,,Persona Customer 593,customer593@example.com
FPR-00594,CUST-C0090,9622.11,Institutional,Growth,4.0249,0.597996,17,50804.18,PROD-FS-044,Wealth Advisory,Lending,Term Life,Accepted,2024-05-08,0.561489,2058.4,2024-06-05,Persona Customer 594,customer594@example.com
FPR-00595,CUST-C0118,90699.44,Corporate,Onboarding,3.5623,0.421869,224,83337.36,PROD-FS-045,Auto Loan,Advisory,Premium Savings,Declined,2024-06-17,0.582765,5257.73,,Persona Customer 595,customer595@example.com
FPR-00596,CUST-C0219,55375.22,High Net Worth,Churned,2.0211,0.117403,310,182023.73,PROD-FS-046,Premium Savings,Advisory,Rewards Credit Card,Rejected,2024-08-05,0.709835,17870.93,,Persona Customer 596,customer596@example.com
FPR-00597,CUST-C0036,42802.73,Corporate,At Risk,4.107,0.515271,370,55704.04,PROD-FS-047,Premium Savings,Deposit,Premium Savings,Pending,2025-09-25,0.936199,3317.94,,Persona Customer 597,customer597@example.com
FPR-00598,CUST-C0080,69816.3,Corporate,Onboarding,3.1934,0.122698,335,64831.43,PROD-FS-048,Auto Loan,Advisory,Auto Loan,Open,2025-05-04,0.447906,3558.01,,Persona Customer 598,customer598@example.com
FPR-00599,CUST-C0223,55030.86,Small Business,Onboarding,4.1605,0.588195,429,124724.94,PROD-FS-049,Auto Loan,Lending,Wealth Advisory,Declined,2025-09-20,0.737964,12984.84,,Persona Customer 599,customer599@example.com
FPR-00600,CUST-C0186,81734.11,Corporate,Mature,1.52,0.625279,112,125811.55,PROD-FS-050,Premium Savings,Lending,Auto Loan,Open,2025-05-27,0.359704,11071.79,,Persona Customer 600,customer600@example.com
FPR-00601,CUST-C0117,24814.54,High Net Worth,Churned,3.8379,0.951174,122,179922.96,PROD-FS-001,Wealth Advisory,Credit,Rewards Credit Card,Approved,2025-04-17,0.728591,11213.27,2025-06-04,Persona Customer 601,customer601@example.com
FPR-00602,CUST-C0205,62002.18,Retail,Onboarding,4.6143,0.431527,153,123863.65,PROD-FS-002,Wealth Advisory,Advisory,Wealth Advisory,Declined,2024-08-19,0.190221,15359.25,,Persona Customer 602,customer602@example.com
FPR-00603,CUST-C0106,4559.0,High Net Worth,Onboarding,4.6389,0.85883,434,184288.85,PROD-FS-003,Term Life,Lending,Wealth Advisory,Pending,2025-06-02,0.462657,17905.62,,Persona Customer 603,customer603@example.com
FPR-00604,CUST-C0139,9759.49,Corporate,Mature,2.1485,0.693088,204,88883.71,PROD-FS-004,Premium Savings,Lending,Premium Savings,Approved,2024-02-18,0.225159,9401.59,2024-03-21,Persona Customer 604,customer604@example.com
FPR-00605,CUST-C0022,93078.3,High Net Worth,At Risk,1.5734,0.041611,458,194267.81,PROD-FS-005,Wealth Advisory,Advisory,Auto Loan,Accepted,2024-11-23,0.949292,8052.2,2025-01-02,Persona Customer 605,customer605@example.com
FPR-00606,CUST-C0146,30389.2,Retail,At Risk,2.8197,0.186654,363,174488.11,PROD-FS-006,Wealth Advisory,Insurance,Premium Savings,Approved,2025-07-29,0.89168,6450.85,2025-08-27,Persona Customer 606,customer606@example.com
FPR-00607,CUST-C0247,43220.8,High Net Worth,Mature,3.8905,0.040982,39,152753.76,PROD-FS-007,Premium Savings,Lending,Wealth Advisory,Rejected,2025-07-30,0.271365,15142.78,,Persona Customer 607,customer607@example.com
FPR-00608,CUST-C0092,59562.55,Small Business,Mature,2.7454,0.036044,173,16852.9,PROD-FS-008,Wealth Advisory,Credit,Term Life,Pending,2025-03-09,0.303895,15181.01,,Persona Customer 608,customer608@example.com
FPR-00609,CUST-C0139,27823.53,Institutional,Mature,4.7478,0.106731,65,158780.37,PROD-FS-009,Term Life,Insurance,Term Life,Rejected,2025-09-07,0.025368,17437.36,,Persona Customer 609,customer609@example.com
FPR-00610,CUST-C0055,54922.36,Small Business,Growth,4.8834,0.327754,172,97230.34,PROD-FS-010,Term Life,Advisory,Premium Savings,Open,2024-05-07,0.285648,14458.3,,Persona Customer 610,customer610@example.com
FPR-00611,CUST-C0207,31052.43,Corporate,Onboarding,2.4075,0.441717,253,3652.8,PROD-FS-011,Rewards Credit Card,Deposit,Rewards Credit Card,Approved,2024-01-04,0.302151,9277.9,2024-01-21,Persona Customer 611,customer611@example.com
FPR-00612,CUST-C0246,18642.76,Institutional,Growth,2.4596,0.570145,23,35923.98,PROD-FS-012,Wealth Advisory,Lending,Premium Savings,Open,2025-10-24,0.308392,14003.43,,Persona Customer 612,customer612@example.com
FPR-00613,CUST-C0141,31748.24,Corporate,Churned,4.6448,0.987687,351,140615.72,PROD-FS-013,Term Life,Advisory,Rewards Credit Card,Open,2024-10-10,0.429735,483.89,,Persona Customer 613,customer613@example.com
FPR-00614,CUST-C0187,11632.44,Corporate,Mature,1.3102,0.815814,56,142608.7,PROD-FS-014,Term Life,Insurance,Premium Savings,Declined,2024-12-19,0.804169,17306.66,,Persona Customer 614,customer614@example.com
FPR-00615,CUST-C0213,65551.35,Retail,Mature,4.4951,0.057762,377,185634.37,PROD-FS-015,Rewards Credit Card,Credit,Auto Loan,Approved,2025-05-02,0.973599,15205.73,2025-05-10,Persona Customer 615,customer615@example.com
FPR-00616,CUST-C0081,74629.34,Small Business,Onboarding,4.2352,0.146676,138,69158.71,PROD-FS-016,Auto Loan,Insurance,Term Life,Open,2024-06-25,0.025928,1957.28,,Persona Customer 616,customer616@example.com
FPR-00617,CUST-C0047,45840.25,Small Business,Growth,4.3169,0.263261,15,182408.25,PROD-FS-017,Premium Savings,Deposit,Auto Loan,Accepted,2025-03-02,0.392791,14003.81,2025-03-14,Persona Customer 617,customer617@example.com
FPR-00618,CUST-C0210,55139.61,Institutional,Growth,4.5038,0.201132,21,58365.96,PROD-FS-018,Auto Loan,Insurance,Term Life,Declined,2024-09-06,0.630401,6468.56,,Persona Customer 618,customer618@example.com
FPR-00619,CUST-C0196,79849.54,Institutional,Mature,2.2485,0.677953,447,55701.35,PROD-FS-019,Rewards Credit Card,Credit,Wealth Advisory,Approved,2024-02-18,0.502332,2334.16,2024-03-24,Persona Customer 619,customer619@example.com
FPR-00620,CUST-C0074,47351.11,Institutional,At Risk,3.6788,0.642387,5,32624.48,PROD-FS-020,Term Life,Deposit,Auto Loan,Pending,2024-04-16,0.614185,6280.44,,Persona Customer 620,customer620@example.com
FPR-00621,CUST-C0190,41131.17,Institutional,Churned,4.8465,0.31083,97,144294.49,PROD-FS-021,Rewards Credit Card,Advisory,Rewards Credit Card,Approved,2024-05-07,0.814783,12566.91,2024-07-05,Persona Customer 621,customer621@example.com
FPR-00622,CUST-C0106,53316.27,Retail,Onboarding,3.903,0.779779,349,137622.61,PROD-FS-022,Rewards Credit Card,Credit,Wealth Advisory,Approved,2024-10-13,0.687693,12443.62,2024-11-23,Persona Customer 622,customer622@example.com
FPR-00623,CUST-C0108,73951.72,Corporate,Mature,4.0533,0.254077,224,60972.57,PROD-FS-023,Wealth Advisory,Advisory,Auto Loan,Open,2024-11-10,0.386502,14276.24,,Persona Customer 623,customer623@example.com
FPR-00624,CUST-C0046,57634.56,Small Business,Mature,2.4682,0.11105,326,95478.0,PROD-FS-024,Wealth Advisory,Insurance,Auto Loan,Declined,2024-07-30,0.512708,13438.16,,Persona Customer 624,customer624@example.com
FPR-00625,CUST-C0142,30348.34,Small Business,Growth,2.1379,0.424458,96,83568.41,PROD-FS-025,Auto Loan,Credit,Premium Savings,Open,2025-02-23,0.840439,17195.49,,Persona Customer 625,customer625@example.com
FPR-00626,CUST-C0062,39278.71,High Net Worth,Mature,4.2717,0.983111,382,173605.8,PROD-FS-026,Auto Loan,Deposit,Premium Savings,Pending,2025-07-26,0.182991,17333.13,,Persona Customer 626,customer626@example.com
FPR-00627,CUST-C0192,52714.36,High Net Worth,At Risk,1.6189,0.538023,365,134859.49,PROD-FS-027,Auto Loan,Insurance,Rewards Credit Card,Approved,2025-01-17,0.654606,17865.72,2025-02-22,Persona Customer 627,customer627@example.com
FPR-00628,CUST-C0133,1050.53,Corporate,Churned,2.4346,0.634815,123,95751.02,PROD-FS-028,Term Life,Lending,Premium Savings,Accepted,2025-04-28,0.913122,7396.61,2025-05-02,Persona Customer 628,customer628@example.com
FPR-00629,CUST-C0051,13190.48,Institutional,Onboarding,3.8163,0.564157,234,73243.8,PROD-FS-029,Rewards Credit Card,Lending,Wealth Advisory,Pending,2025-11-08,0.367253,6223.58,,Persona Customer 629,customer629@example.com
FPR-00630,CUST-C0231,63615.34,Corporate,Growth,1.6838,0.313658,422,38208.38,PROD-FS-030,Term Life,Credit,Term Life,Pending,2024-01-31,0.443899,1699.24,,Persona Customer 630,customer630@example.com
FPR-00631,CUST-C0095,80644.93,Institutional,At Risk,3.0105,0.864388,442,49629.99,PROD-FS-031,Term Life,Deposit,Term Life,Approved,2025-08-31,0.407919,18913.66,2025-09-15,Persona Customer 631,customer631@example.com
FPR-00632,CUST-C0226,54312.78,Corporate,Onboarding,1.8396,0.18037,144,34770.9,PROD-FS-032,Rewards Credit Card,Insurance,Wealth Advisory,Rejected,2024-10-26,0.004114,9151.43,,Persona Customer 632,customer632@example.com
FPR-00633,CUST-C0073,21251.26,Corporate,Churned,3.2326,0.243088,48,120224.69,PROD-FS-033,Auto Loan,Advisory,Rewards Credit Card,Open,2025-01-24,0.891877,17560.04,,Persona Customer 633,customer633@example.com
FPR-00634,CUST-C0148,5855.83,Corporate,At Risk,1.7016,0.802952,457,179942.61,PROD-FS-034,Wealth Advisory,Lending,Wealth Advisory,Approved,2024-06-14,0.042068,6529.52,2024-06-19,Persona Customer 634,customer634@example.com
FPR-00635,CUST-C0063,29491.83,Retail,Onboarding,3.7172,0.90644,220,34153.26,PROD-FS-035,Premium Savings,Lending,Auto Loan,Approved,2025-01-09,0.933676,19406.76,2025-02-11,Persona Customer 635,customer635@example.com
FPR-00636,CUST-C0145,38983.0,Small Business,At Risk,1.1372,0.160391,467,73925.66,PROD-FS-036,Wealth Advisory,Lending,Premium Savings,Declined,2024-07-21,0.963531,2669.6,,Persona Customer 636,customer636@example.com
FPR-00637,CUST-C0101,45343.72,Small Business,Mature,4.8972,0.971206,33,5359.36,PROD-FS-037,Term Life,Lending,Auto Loan,Pending,2024-06-19,0.194997,3196.97,,Persona Customer 637,customer637@example.com
FPR-00638,CUST-C0132,56704.63,Institutional,Mature,2.8143,0.432046,359,66389.19,PROD-FS-038,Wealth Advisory,Insurance,Premium Savings,Declined,2024-02-06,0.542807,10586.11,,Persona Customer 638,customer638@example.com
FPR-00639,CUST-C0003,21859.22,High Net Worth,Churned,3.334,0.210972,278,145350.04,PROD-FS-039,Rewards Credit Card,Deposit,Premium Savings,Approved,2025-01-18,0.831819,2875.45,2025-02-11,Persona Customer 639,customer639@example.com
FPR-00640,CUST-C0144,70401.79,Institutional,Mature,4.1722,0.315311,5,164408.94,PROD-FS-040,Term Life,Lending,Rewards Credit Card,Pending,2025-08-13,0.434978,2881.52,,Persona Customer 640,customer640@example.com
FPR-00641,CUST-C0112,64396.05,Corporate,Growth,4.8736,0.606551,339,5334.69,PROD-FS-041,Premium Savings,Credit,Premium Savings,Rejected,2024-08-06,0.67476,11202.5,,Persona Customer 641,customer641@example.com
FPR-00642,CUST-C0090,2808.1,Retail,Growth,1.1335,0.711301,469,27374.71,PROD-FS-042,Wealth Advisory,Deposit,Term Life,Declined,2025-09-06,0.586179,16671.97,,Persona Customer 642,customer642@example.com
FPR-00643,CUST-C0165,94394.24,High Net Worth,Mature,2.1674,0.541732,237,182586.36,PROD-FS-043,Premium Savings,Lending,Premium Savings,Rejected,2024-11-20,0.155762,18276.98,,Persona Customer 643,customer643@example.com
FPR-00644,CUST-C0127,51088.2,Retail,Growth,4.0457,0.140626,369,135539.07,PROD-FS-044,Premium Savings,Advisory,Rewards Credit Card,Open,2025-07-16,0.8354,19290.03,,Persona Customer 644,customer644@example.com
FPR-00645,CUST-C0041,82626.15,High Net Worth,Churned,1.3067,0.219248,267,159591.44,PROD-FS-045,Term Life,Insurance,Rewards Credit Card,Open,2024-11-19,0.957566,8472.25,,Persona Customer 645,customer645@example.com
FPR-00646,CUST-C0119,63323.69,Corporate,Mature,3.0574,0.029937,112,170165.78,PROD-FS-046,Premium Savings,Deposit,Auto Loan,Open,2025-08-18,0.706129,11032.86,,Persona Customer 646,customer646@example.com
FPR-00647,CUST-C0102,61018.86,Institutional,At Risk,1.0825,0.029167,112,177369.88,PROD-FS-047,Wealth Advisory,Advisory,Wealth Advisory,Open,2024-04-10,0.515463,4364.24,,Persona Customer 647,customer647@example.com
FPR-00648,CUST-C0070,31406.72,Small Business,Onboarding,2.4758,0.43851,67,160827.48,PROD-FS-048,Rewards Credit Card,Deposit,Premium Savings,Approved,2025-06-13,0.137099,11846.26,2025-08-01,Persona Customer 648,customer648@example.com
FPR-00649,CUST-C0185,41698.88,Institutional,Onboarding,1.7893,0.195166,437,113892.16,PROD-FS-049,Wealth Advisory,Insurance,Auto Loan,Approved,2025-11-25,0.661208,489.3,2026-01-13,Persona Customer 649,customer649@example.com
FPR-00650,CUST-C0043,26834.72,Institutional,Growth,2.0302,0.767848,212,119314.78,PROD-FS-050,Premium Savings,Credit,Rewards Credit Card,Approved,2024-04-27,0.758721,8594.3,2024-06-11,Persona Customer 650,customer650@example.com
FPR-00651,CUST-C0153,76574.73,Corporate,Churned,2.6333,0.291246,370,3319.54,PROD-FS-001,Term Life,Insurance,Term Life,Approved,2025-07-29,0.587012,13504.48,2025-09-05,Persona Customer 651,customer651@example.com
FPR-00652,CUST-C0116,16310.16,High Net Worth,Onboarding,4.9721,0.341238,487,71488.61,PROD-FS-002,Term Life,Deposit,Premium Savings,Open,2024-07-03,0.637225,13198.53,,Persona Customer 652,customer652@example.com
FPR-00653,CUST-C0099,35345.66,High Net Worth,At Risk,1.9351,0.370423,67,183920.17,PROD-FS-003,Term Life,Credit,Premium Savings,Approved,2025-04-05,0.180913,19294.67,2025-04-17,Persona Customer 653,customer653@example.com
FPR-00654,CUST-C0148,18303.92,Retail,At Risk,2.5944,0.721124,224,16366.69,PROD-FS-004,Rewards Credit Card,Insurance,Auto Loan,Rejected,2024-09-11,0.897703,10987.92,,Persona Customer 654,customer654@example.com
FPR-00655,CUST-C0044,8744.41,High Net Worth,Churned,4.2769,0.212264,372,164173.75,PROD-FS-005,Rewards Credit Card,Advisory,Auto Loan,Rejected,2025-01-23,0.972643,128.98,,Persona Customer 655,customer655@example.com
FPR-00656,CUST-C0101,94000.7,Corporate,Mature,2.5099,0.614513,417,4633.21,PROD-FS-006,Rewards Credit Card,Deposit,Term Life,Declined,2024-01-24,0.310184,8142.18,,Persona Customer 656,customer656@example.com
FPR-00657,CUST-C0087,88608.88,Small Business,Onboarding,4.1561,0.682925,448,71317.22,PROD-FS-007,Term Life,Lending,Rewards Credit Card,Open,2025-08-15,0.726233,15066.18,,Persona Customer 657,customer657@example.com
FPR-00658,CUST-C0038,6796.67,Institutional,Churned,4.2882,0.473908,276,149893.45,PROD-FS-008,Premium Savings,Insurance,Term Life,Approved,2024-07-17,0.825629,10627.91,2024-08-01,Persona Customer 658,customer658@example.com
FPR-00659,CUST-C0024,88923.83,Small Business,Growth,3.7062,0.665432,243,7414.06,PROD-FS-009,Premium Savings,Deposit,Premium Savings,Approved,2024-06-06,0.168982,9333.17,2024-06-13,Persona Customer 659,customer659@example.com
FPR-00660,CUST-C0188,7806.54,Small Business,Growth,3.4654,0.469199,156,177517.53,PROD-FS-010,Wealth Advisory,Advisory,Premium Savings,Declined,2025-01-08,0.275234,521.37,,Persona Customer 660,customer660@example.com
FPR-00661,CUST-C0071,26502.84,Small Business,Churned,4.8409,0.973145,374,11422.29,PROD-FS-011,Premium Savings,Lending,Auto Loan,Accepted,2024-03-13,0.835079,6853.85,2024-04-24,Persona Customer 661,customer661@example.com
FPR-00662,CUST-C0019,34885.12,Corporate,Onboarding,3.537,0.691927,278,185208.88,PROD-FS-012,Auto Loan,Deposit,Wealth Advisory,Approved,2024-06-11,0.693931,6008.33,2024-07-09,Persona Customer 662,customer662@example.com
FPR-00663,CUST-C0084,96517.0,Corporate,Growth,1.3799,0.265133,359,81198.52,PROD-FS-013,Rewards Credit Card,Insurance,Auto Loan,Rejected,2025-01-08,0.214885,4116.45,,Persona Customer 663,customer663@example.com
FPR-00664,CUST-C0043,10798.92,Corporate,Mature,2.9784,0.557782,88,8284.98,PROD-FS-014,Wealth Advisory,Insurance,Auto Loan,Open,2024-11-07,0.205682,5807.05,,Persona Customer 664,customer664@example.com
FPR-00665,CUST-C0070,53332.74,High Net Worth,Churned,1.0502,0.965019,4,8441.16,PROD-FS-015,Premium Savings,Lending,Rewards Credit Card,Rejected,2024-02-07,0.262225,2474.0,,Persona Customer 665,customer665@example.com
FPR-00666,CUST-C0214,43772.75,High Net Worth,Churned,2.1924,0.445877,47,12950.57,PROD-FS-016,Auto Loan,Credit,Auto Loan,Declined,2024-11-29,0.582842,17222.53,,Persona Customer 666,customer666@example.com
FPR-00667,CUST-C0071,40319.87,Retail,Mature,2.6407,0.224881,48,103362.62,PROD-FS-017,Rewards Credit Card,Credit,Term Life,Accepted,2024-04-20,0.328518,15848.43,2024-06-07,Persona Customer 667,customer667@example.com
FPR-00668,CUST-C0217,94455.52,Institutional,Onboarding,2.5992,0.361545,416,74788.01,PROD-FS-018,Auto Loan,Advisory,Term Life,Pending,2024-07-26,0.018862,14133.59,,Persona Customer 668,customer668@example.com
FPR-00669,CUST-C0135,3614.51,Retail,Churned,4.7339,0.682649,137,181643.06,PROD-FS-019,Auto Loan,Lending,Auto Loan,Pending,2024-03-15,0.383638,1791.23,,Persona Customer 669,customer669@example.com
FPR-00670,CUST-C0138,65357.86,High Net Worth,Mature,4.4959,0.278648,349,165355.7,PROD-FS-020,Term Life,Lending,Auto Loan,Declined,2024-11-15,0.708107,11161.46,,Persona Customer 670,customer670@example.com
FPR-00671,CUST-C0004,75661.3,Institutional,Churned,2.8514,0.984314,432,14869.91,PROD-FS-021,Wealth Advisory,Credit,Premium Savings,Rejected,2024-08-06,0.515193,8101.92,,Persona Customer 671,customer671@example.com
FPR-00672,CUST-C0119,30842.14,Institutional,Onboarding,3.6105,0.183111,447,198181.87,PROD-FS-022,Auto Loan,Lending,Premium Savings,Pending,2025-05-02,0.170126,4867.14,,Persona Customer 672,customer672@example.com
FPR-00673,CUST-C0035,39522.5,Institutional,Churned,1.9701,0.004306,217,45216.73,PROD-FS-023,Premium Savings,Deposit,Wealth Advisory,Declined,2024-02-05,0.421394,1482.29,,Persona Customer 673,customer673@example.com
FPR-00674,CUST-C0095,29519.78,Retail,Churned,3.681,0.027316,164,198405.9,PROD-FS-024,Auto Loan,Credit,Auto Loan,Open,2024-07-28,0.407719,7654.31,,Persona Customer 674,customer674@example.com
FPR-00675,CUST-C0224,71344.74,High Net Worth,Mature,1.9767,0.87718,51,191058.73,PROD-FS-025,Auto Loan,Insurance,Rewards Credit Card,Accepted,2025-05-18,0.829071,10168.08,2025-07-16,Persona Customer 675,customer675@example.com
FPR-00676,CUST-C0148,73898.83,Corporate,Onboarding,2.1793,0.463663,131,171324.34,PROD-FS-026,Auto Loan,Deposit,Wealth Advisory,Rejected,2025-11-01,0.539098,1187.56,,Persona Customer 676,customer676@example.com
FPR-00677,CUST-C0128,59559.3,Institutional,Growth,3.3767,0.603954,319,192623.72,PROD-FS-027,Term Life,Credit,Premium Savings,Approved,2024-03-10,0.629496,17821.97,2024-04-26,Persona Customer 677,customer677@example.com
FPR-00678,CUST-C0207,93487.95,Retail,Growth,1.1692,0.997462,126,14799.41,PROD-FS-028,Premium Savings,Deposit,Term Life,Open,2024-05-04,0.346807,2101.23,,Persona Customer 678,customer678@example.com
FPR-00679,CUST-C0123,73953.42,Institutional,Mature,1.7972,0.817121,29,162705.7,PROD-FS-029,Wealth Advisory,Lending,Term Life,Open,2024-08-22,0.185552,5228.07,,Persona Customer 679,customer679@example.com
FPR-00680,CUST-C0190,93999.63,Corporate,Churned,2.9675,0.127758,92,120854.71,PROD-FS-030,Term Life,Deposit,Premium Savings,Open,2025-08-15,0.306025,11130.11,,Persona Customer 680,customer680@example.com
FPR-00681,CUST-C0016,34295.07,Small Business,Growth,3.1465,0.562087,357,45958.45,PROD-FS-031,Rewards Credit Card,Lending,Term Life,Accepted,2025-10-25,0.108534,12018.41,2025-11-07,Persona Customer 681,customer681@example.com
FPR-00682,CUST-C0004,90376.61,Small Business,Growth,4.9108,0.312219,223,127534.02,PROD-FS-032,Auto Loan,Lending,Term Life,Accepted,2024-07-08,0.795372,1568.62,2024-09-06,Persona Customer 682,customer682@example.com
FPR-00683,CUST-C0128,89507.35,Small Business,Growth,1.6273,0.340773,449,8195.86,PROD-FS-033,Wealth Advisory,Insurance,Term Life,Approved,2024-11-05,0.814439,2825.24,2024-11-26,Persona Customer 683,customer683@example.com
FPR-00684,CUST-C0060,42128.33,Retail,Growth,1.7985,0.893122,92,22523.45,PROD-FS-034,Wealth Advisory,Deposit,Premium Savings,Open,2024-12-20,0.936989,12435.0,,Persona Customer 684,customer684@example.com
FPR-00685,CUST-C0171,94666.99,Institutional,At Risk,1.8655,0.362396,94,128326.23,PROD-FS-035,Term Life,Credit,Premium Savings,Approved,2024-09-14,0.076289,13582.72,2024-09-20,Persona Customer 685,customer685@example.com
FPR-00686,CUST-C0036,25707.75,Institutional,Onboarding,1.7883,0.259954,322,97319.8,PROD-FS-036,Term Life,Advisory,Wealth Advisory,Rejected,2025-11-04,0.887448,19519.53,,Persona Customer 686,customer686@example.com
FPR-00687,CUST-C0015,57934.22,High Net Worth,At Risk,2.5796,0.469955,55,179336.24,PROD-FS-037,Rewards Credit Card,Credit,Wealth Advisory,Open,2025-07-26,0.1347,18955.5,,Persona Customer 687,customer687@example.com
FPR-00688,CUST-C0141,93115.52,Corporate,Churned,1.7413,0.03489,247,138195.97,PROD-FS-038,Premium Savings,Advisory,Premium Savings,Declined,2025-08-14,0.870986,7288.69,,Persona Customer 688,customer688@example.com
FPR-00689,CUST-C0052,54207.5,Retail,Churned,4.7605,0.240159,409,19037.97,PROD-FS-039,Rewards Credit Card,Credit,Rewards Credit Card,Accepted,2024-06-17,0.374079,7837.21,2024-07-22,Persona Customer 689,customer689@example.com
FPR-00690,CUST-C0232,5661.84,Small Business,Growth,1.6661,0.757405,405,75608.41,PROD-FS-040,Premium Savings,Insurance,Rewards Credit Card,Approved,2024-07-10,0.510061,7381.48,2024-08-05,Persona Customer 690,customer690@example.com
FPR-00691,CUST-C0073,42736.91,High Net Worth,Onboarding,2.9551,0.709332,269,195453.54,PROD-FS-041,Wealth Advisory,Credit,Auto Loan,Declined,2025-09-19,0.003617,13115.78,,Persona Customer 691,customer691@example.com
FPR-00692,CUST-C0095,87898.6,Retail,At Risk,1.5565,0.070711,239,91598.13,PROD-FS-042,Auto Loan,Lending,Term Life,Pending,2025-11-16,0.085242,2832.68,,Persona Customer 692,customer692@example.com
FPR-00693,CUST-C0250,1144.82,Corporate,Onboarding,1.6736,0.714271,434,69576.91,PROD-FS-043,Rewards Credit Card,Lending,Auto Loan,Rejected,2025-01-07,0.807184,16284.08,,Persona Customer 693,customer693@example.com
FPR-00694,CUST-C0093,66168.79,Institutional,At Risk,4.1249,0.680474,449,4636.95,PROD-FS-044,Term Life,Lending,Rewards Credit Card,Rejected,2025-08-07,0.525396,3952.17,,Persona Customer 694,customer694@example.com
FPR-00695,CUST-C0051,47064.45,Retail,Churned,4.215,0.352615,117,175901.1,PROD-FS-045,Premium Savings,Advisory,Premium Savings,Open,2025-09-15,0.531775,9909.09,,Persona Customer 695,customer695@example.com
FPR-00696,CUST-C0107,27779.46,Corporate,Onboarding,3.581,0.715255,57,118659.34,PROD-FS-046,Term Life,Advisory,Rewards Credit Card,Accepted,2025-03-21,0.985612,4878.66,2025-04-02,Persona Customer 696,customer696@example.com
FPR-00697,CUST-C0192,94417.43,Corporate,Onboarding,4.3634,0.887999,104,175857.98,PROD-FS-047,Term Life,Insurance,Wealth Advisory,Approved,2024-08-18,0.294979,1325.97,2024-10-05,Persona Customer 697,customer697@example.com
FPR-00698,CUST-C0213,34439.89,High Net Worth,Growth,3.0253,0.754031,56,10963.71,PROD-FS-048,Term Life,Advisory,Term Life,Rejected,2025-11-01,0.19513,15760.3,,Persona Customer 698,customer698@example.com
FPR-00699,CUST-C0250,60732.29,Small Business,Onboarding,1.8157,0.993406,359,36405.49,PROD-FS-049,Rewards Credit Card,Insurance,Premium Savings,Rejected,2024-12-19,0.93658,9106.24,,Persona Customer 699,customer699@example.com
FPR-00700,CUST-C0147,39115.39,Corporate,Growth,2.811,0.450462,165,172296.36,PROD-FS-050,Wealth Advisory,Deposit,Auto Loan,Rejected,2025-03-10,0.438017,15751.12,,Persona Customer 700,customer700@example.com
FPR-00701,CUST-C0068,37713.73,Retail,At Risk,4.1464,0.172682,399,47412.7,PROD-FS-001,Premium Savings,Credit,Auto Loan,Open,2025-02-12,0.384244,7961.34,,Persona Customer 701,customer701@example.com
FPR-00702,CUST-C0001,24146.57,High Net Worth,Mature,1.5805,0.654516,54,118794.41,PROD-FS-002,Auto Loan,Lending,Term Life,Approved,2025-10-09,0.032305,16067.95,2025-11-20,Persona Customer 702,customer702@example.com
FPR-00703,CUST-C0146,6457.51,Institutional,Onboarding,1.0811,0.201814,478,193735.23,PROD-FS-003,Premium Savings,Deposit,Premium Savings,Open,2025-03-11,0.424386,1517.02,,Persona Customer 703,customer703@example.com
FPR-00704,CUST-C0145,84446.71,Institutional,Churned,3.5121,0.856614,159,188578.87,PROD-FS-004,Rewards Credit Card,Credit,Premium Savings,Rejected,2024-08-27,0.229237,17831.91,,Persona Customer 704,customer704@example.com
FPR-00705,CUST-C0165,86251.95,Retail,At Risk,3.3873,0.432765,499,111731.4,PROD-FS-005,Wealth Advisory,Insurance,Rewards Credit Card,Declined,2025-11-16,0.374771,548.1,,Persona Customer 705,customer705@example.com
FPR-00706,CUST-C0008,12176.46,Small Business,Onboarding,1.758,0.803231,348,47417.3,PROD-FS-006,Wealth Advisory,Lending,Wealth Advisory,Approved,2024-05-17,0.949441,7435.07,2024-07-02,Persona Customer 706,customer706@example.com
FPR-00707,CUST-C0043,57778.08,Corporate,Mature,1.5948,0.711529,219,26574.58,PROD-FS-007,Premium Savings,Lending,Term Life,Pending,2025-07-25,0.242104,9143.63,,Persona Customer 707,customer707@example.com
FPR-00708,CUST-C0087,91455.25,Corporate,Mature,4.4103,0.32605,284,172058.92,PROD-FS-008,Premium Savings,Advisory,Auto Loan,Open,2025-08-25,0.497415,2304.28,,Persona Customer 708,customer708@example.com
FPR-00709,CUST-C0224,72147.14,Retail,Churned,4.822,0.062155,334,44703.88,PROD-FS-009,Premium Savings,Insurance,Wealth Advisory,Pending,2024-06-15,0.812554,10714.76,,Persona Customer 709,customer709@example.com
FPR-00710,CUST-C0173,66444.38,Institutional,Onboarding,1.7137,0.782128,398,134747.67,PROD-FS-010,Auto Loan,Advisory,Term Life,Open,2025-07-30,0.994571,10528.0,,Persona Customer 710,customer710@example.com
FPR-00711,CUST-C0149,71266.72,Corporate,At Risk,3.1002,0.025675,68,130116.47,PROD-FS-011,Auto Loan,Insurance,Term Life,Rejected,2024-02-05,0.274988,475.88,,Persona Customer 711,customer711@example.com
FPR-00712,CUST-C0219,22841.45,Institutional,Growth,1.0964,0.087165,20,153969.37,PROD-FS-012,Term Life,Insurance,Rewards Credit Card,Pending,2024-08-05,0.580397,16583.92,,Persona Customer 712,customer712@example.com
FPR-00713,CUST-C0107,1253.34,Institutional,Onboarding,2.2225,0.695417,306,147272.05,PROD-FS-013,Wealth Advisory,Advisory,Premium Savings,Approved,2025-06-27,0.589809,8459.82,2025-06-30,Persona Customer 713,customer713@example.com
FPR-00714,CUST-C0235,12992.98,Corporate,Onboarding,3.8333,0.545641,407,46680.57,PROD-FS-014,Rewards Credit Card,Credit,Rewards Credit Card,Declined,2024-05-31,0.054355,18548.62,,Persona Customer 714,customer714@example.com
FPR-00715,CUST-C0054,24794.16,Small Business,Churned,1.2826,0.278639,357,72341.59,PROD-FS-015,Wealth Advisory,Credit,Wealth Advisory,Open,2025-09-14,0.311181,3352.36,,Persona Customer 715,customer715@example.com
FPR-00716,CUST-C0220,232.48,Corporate,At Risk,3.7502,0.859149,182,139778.79,PROD-FS-016,Wealth Advisory,Insurance,Rewards Credit Card,Accepted,2024-05-18,0.716741,12876.9,2024-07-07,Persona Customer 716,customer716@example.com
FPR-00717,CUST-C0108,65334.37,Institutional,Onboarding,3.4161,0.716659,394,196895.62,PROD-FS-017,Auto Loan,Lending,Auto Loan,Rejected,2025-11-14,0.842959,2273.14,,Persona Customer 717,customer717@example.com
FPR-00718,CUST-C0229,3408.74,Institutional,Growth,1.1624,0.659162,359,20620.69,PROD-FS-018,Term Life,Advisory,Term Life,Pending,2025-09-29,0.460145,9368.74,,Persona Customer 718,customer718@example.com
FPR-00719,CUST-C0229,17612.72,Small Business,At Risk,4.4415,0.140706,431,48898.82,PROD-FS-019,Term Life,Insurance,Auto Loan,Accepted,2025-08-02,0.753912,16350.09,2025-09-11,Persona Customer 719,customer719@example.com
FPR-00720,CUST-C0190,62577.98,High Net Worth,At Risk,1.2997,0.479331,83,40029.23,PROD-FS-020,Term Life,Insurance,Wealth Advisory,Pending,2024-01-27,0.87622,6327.72,,Persona Customer 720,customer720@example.com
FPR-00721,CUST-C0176,41602.34,Corporate,At Risk,2.1491,0.195377,99,158622.8,PROD-FS-021,Wealth Advisory,Credit,Premium Savings,Approved,2024-03-27,0.409608,12084.21,2024-05-11,Persona Customer 721,customer721@example.com
FPR-00722,CUST-C0107,48628.74,High Net Worth,At Risk,3.7755,0.753368,234,90824.07,PROD-FS-022,Rewards Credit Card,Lending,Wealth Advisory,Accepted,2024-05-27,0.082777,10347.35,2024-07-18,Persona Customer 722,customer722@example.com
FPR-00723,CUST-C0119,29131.08,Retail,At Risk,3.5044,0.407213,375,160373.32,PROD-FS-023,Term Life,Lending,Premium Savings,Accepted,2025-01-22,0.19118,10394.67,2025-03-13,Persona Customer 723,customer723@example.com
FPR-00724,CUST-C0153,43921.94,Institutional,Churned,1.59,0.999115,441,20327.92,PROD-FS-024,Wealth Advisory,Deposit,Auto Loan,Rejected,2025-04-17,0.205661,8408.09,,Persona Customer 724,customer724@example.com
FPR-00725,CUST-C0168,50342.29,Corporate,Mature,2.1912,0.900356,194,99823.83,PROD-FS-025,Wealth Advisory,Deposit,Term Life,Accepted,2024-08-21,0.871857,8980.8,2024-09-05,Persona Customer 725,customer725@example.com
FPR-00726,CUST-C0175,26513.35,High Net Worth,Onboarding,2.2954,0.821284,371,94533.25,PROD-FS-026,Term Life,Credit,Wealth Advisory,Pending,2024-01-23,0.455191,9778.13,,Persona Customer 726,customer726@example.com
FPR-00727,CUST-C0218,20938.65,Retail,At Risk,3.7488,0.983182,17,16917.04,PROD-FS-027,Rewards Credit Card,Credit,Wealth Advisory,Pending,2024-07-25,0.26831,2809.02,,Persona Customer 727,customer727@example.com
FPR-00728,CUST-C0081,42491.02,High Net Worth,Growth,1.3744,0.332485,492,116776.38,PROD-FS-028,Rewards Credit Card,Insurance,Term Life,Accepted,2025-05-29,0.407955,7062.07,2025-07-18,Persona Customer 728,customer728@example.com
FPR-00729,CUST-C0191,48111.68,High Net Worth,Growth,1.7501,0.313548,230,100090.13,PROD-FS-029,Rewards Credit Card,Lending,Auto Loan,Accepted,2024-04-02,0.835747,6438.81,2024-04-21,Persona Customer 729,customer729@example.com
FPR-00730,CUST-C0026,15727.42,High Net Worth,Mature,1.2608,0.00499,359,113447.42,PROD-FS-030,Term Life,Advisory,Wealth Advisory,Rejected,2025-06-22,0.560719,6391.45,,Persona Customer 730,customer730@example.com
FPR-00731,CUST-C0238,81724.51,Retail,At Risk,3.1708,0.795709,321,90215.72,PROD-FS-031,Rewards Credit Card,Deposit,Rewards Credit Card,Declined,2025-03-31,0.651519,9877.95,,Persona Customer 731,customer731@example.com
FPR-00732,CUST-C0152,59509.14,Small Business,At Risk,3.9836,0.546627,449,144759.43,PROD-FS-032,Rewards Credit Card,Credit,Premium Savings,Pending,2025-02-13,0.728132,19233.45,,Persona Customer 732,customer732@example.com
FPR-00733,CUST-C0091,6638.36,Corporate,Onboarding,3.1805,0.235422,140,38395.71,PROD-FS-033,Auto Loan,Credit,Wealth Advisory,Approved,2025-05-31,0.541978,10790.04,2025-07-19,Persona Customer 733,customer733@example.com
FPR-00734,CUST-C0239,88065.57,Small Business,At Risk,4.4569,0.569429,29,117902.49,PROD-FS-034,Premium Savings,Insurance,Wealth Advisory,Approved,2025-05-22,0.814606,11634.83,2025-06-19,Persona Customer 734,customer734@example.com
FPR-00735,CUST-C0044,86489.5,High Net Worth,At Risk,4.9459,0.987138,377,42995.37,PROD-FS-035,Premium Savings,Deposit,Auto Loan,Pending,2025-05-15,0.733293,13795.66,,Persona Customer 735,customer735@example.com
FPR-00736,CUST-C0092,69706.74,Corporate,Onboarding,1.8764,0.796961,324,34276.47,PROD-FS-036,Wealth Advisory,Insurance,Rewards Credit Card,Pending,2025-04-26,0.985469,10256.08,,Persona Customer 736,customer736@example.com
FPR-00737,CUST-C0083,79328.04,Institutional,Mature,2.1312,0.408356,348,178443.71,PROD-FS-037,Rewards Credit Card,Advisory,Auto Loan,Declined,2025-09-06,0.633777,19595.38,,Persona Customer 737,customer737@example.com
FPR-00738,CUST-C0087,89500.67,Corporate,Growth,2.1141,0.345313,15,44502.78,PROD-FS-038,Premium Savings,Advisory,Rewards Credit Card,Declined,2024-08-25,0.189792,3837.55,,Persona Customer 738,customer738@example.com
FPR-00739,CUST-C0160,58080.39,Corporate,At Risk,2.9933,0.691462,11,138509.02,PROD-FS-039,Rewards Credit Card,Insurance,Wealth Advisory,Approved,2025-01-08,0.421639,4769.91,2025-03-04,Persona Customer 739,customer739@example.com
FPR-00740,CUST-C0160,61714.36,Institutional,Mature,4.9142,0.743864,35,177765.69,PROD-FS-040,Premium Savings,Deposit,Premium Savings,Rejected,2025-01-02,0.767932,8950.66,,Persona Customer 740,customer740@example.com
FPR-00741,CUST-C0117,63124.55,Institutional,Onboarding,1.2337,0.482886,180,75640.65,PROD-FS-041,Premium Savings,Advisory,Premium Savings,Pending,2024-08-18,0.29888,13132.94,,Persona Customer 741,customer741@example.com
FPR-00742,CUST-C0182,3789.95,Small Business,Churned,4.2667,0.107748,343,170035.74,PROD-FS-042,Rewards Credit Card,Deposit,Rewards Credit Card,Approved,2025-03-18,0.878444,16513.78,2025-04-24,Persona Customer 742,customer742@example.com
FPR-00743,CUST-C0090,67230.6,Retail,At Risk,2.7834,0.466735,312,118960.35,PROD-FS-043,Rewards Credit Card,Deposit,Term Life,Approved,2025-01-04,0.087123,5390.4,2025-01-23,Persona Customer 743,customer743@example.com
FPR-00744,CUST-C0106,37326.51,Small Business,At Risk,2.068,0.523563,300,164202.93,PROD-FS-044,Auto Loan,Lending,Rewards Credit Card,Approved,2025-01-08,0.572797,11224.46,2025-02-25,Persona Customer 744,customer744@example.com
FPR-00745,CUST-C0079,84128.32,Institutional,Mature,3.934,0.325331,17,72674.6,PROD-FS-045,Rewards Credit Card,Insurance,Auto Loan,Open,2025-03-09,0.042747,10615.77,,Persona Customer 745,customer745@example.com
FPR-00746,CUST-C0026,81606.44,High Net Worth,Churned,3.172,0.320791,139,73761.57,PROD-FS-046,Term Life,Advisory,Rewards Credit Card,Approved,2024-04-22,0.57135,16965.46,2024-05-09,Persona Customer 746,customer746@example.com
FPR-00747,CUST-C0159,38037.04,Corporate,Mature,3.2126,0.709593,132,73418.5,PROD-FS-047,Term Life,Advisory,Term Life,Declined,2025-08-07,0.262292,5429.57,,Persona Customer 747,customer747@example.com
FPR-00748,CUST-C0160,46458.69,High Net Worth,Growth,1.9785,0.477926,500,59460.7,PROD-FS-048,Term Life,Credit,Premium Savings,Pending,2025-08-16,0.882853,4587.05,,Persona Customer 748,customer748@example.com
FPR-00749,CUST-C0057,3586.39,Corporate,At Risk,4.3247,0.419726,173,150153.03,PROD-FS-049,Auto Loan,Lending,Rewards Credit Card,Rejected,2024-02-09,0.026961,7755.36,,Persona Customer 749,customer749@example.com
FPR-00750,CUST-C0142,19276.18,Institutional,Mature,4.621,0.512855,332,30142.07,PROD-FS-050,Premium Savings,Advisory,Term Life,Pending,2024-11-19,0.560259,2397.0,,Persona Customer 750,customer750@example.com
