id,funded_amnt,term,int_rate,grade,sub_grade,annual_inc,dti,home_ownership,addr_state,purpose,loan_status,delinq_2yrs,pub_rec,pub_rec_bankruptcies,revol_util,open_acc,total_acc,verification_status,issue_d,social_security_number,ssn,ssnumber,ssnumber1,drivers_license,dl,member_id,emp_title,title,c_desc,zip_code,c_url
1,33857.73, 60 months,10.68%,C,C2,59006.19,15.1,OWN,PA,moving,Charged Off,0,1,2,40.81%,26,14,Verified,Jun-08,100000000,100000000,100000000,900000000,DL500000,DL500000,MEMBER-1,Driver,Debt consolidation loan,Borrower-written description of the loan purpose.,481,https://example.com/loan/1
2,4049.57, 36 months,23.53%,E,E5,102108.67,14.41,OWN,TX,major_purchase,Fully Paid,0,1,NA,0.32%,10,20,Source Verified,Aug-13,100000001,100000001,100000001,900000001,DL500001,DL500001,MEMBER-2,Retail Associate,Debt consolidation loan,Borrower-written description of the loan purpose.,305,https://example.com/loan/2
3,22953.58, 36 months,6.48%,G,G3,190416.16,13.85,OTHER,OH,credit_card,Charged Off,2,0,1,19.6%,27,48,Source Verified,Jul-11,100000002,100000002,100000002,900000002,DL500002,DL500002,MEMBER-3,Driver,Debt consolidation loan,Borrower-written description of the loan purpose.,266,https://example.com/loan/3
4,11592.53, 36 months,10.08%,E,E5,20290.56,2.62,RENT,IL,home_improvement,Fully Paid,2,3,NA,58.68%,28,30,Verified,Jul-09,100000003,100000003,100000003,900000003,DL500003,DL500003,MEMBER-4,Retail Associate,Debt consolidation loan,Borrower-written description of the loan purpose.,476,https://example.com/loan/4
5,19016.17, 60 months,15.06%,F,F2,132916.97,23.21,MORTGAGE,PA,other,Charged Off,0,3,0,62.65%,3,46,Source Verified,Mar-13,100000004,100000004,100000004,900000004,DL500004,DL500004,MEMBER-5,Software Engineer,Debt consolidation loan,Borrower-written description of the loan purpose.,298,https://example.com/loan/5
6,29801.4, 60 months,10.04%,G,G3,47780.72,6.07,NONE,FL,medical,Current,3,3,1,1.71%,18,14,Source Verified,Oct-12,100000005,100000005,100000005,900000005,DL500005,DL500005,MEMBER-6,Nurse,Debt consolidation loan,Borrower-written description of the loan purpose.,978,https://example.com/loan/6
7,25888.52, 36 months,12.62%,G,G3,64570.7,25.53,NONE,CA,debt_consolidation,Current,4,1,1,7.7%,2,59,Not Verified,Jun-11,100000006,100000006,100000006,900000006,DL500006,DL500006,MEMBER-7,Driver,Debt consolidation loan,Borrower-written description of the loan purpose.,716,https://example.com/loan/7
8,780.97, 60 months,12.04%,D,D1,125549.21,14.93,RENT,IL,small_business,Current,1,2,NA,22.31%,15,30,Verified,Jul-10,100000007,100000007,100000007,900000007,DL500007,DL500007,MEMBER-8,Software Engineer,Debt consolidation loan,Borrower-written description of the loan purpose.,378,https://example.com/loan/8
9,13924.55, 36 months,15.15%,E,E4,74152.84,24.22,OTHER,MI,credit_card,Current,3,1,1,12.61%,9,55,Source Verified,Aug-13,100000008,100000008,100000008,900000008,DL500008,DL500008,MEMBER-9,Driver,Debt consolidation loan,Borrower-written description of the loan purpose.,598,https://example.com/loan/9
10,25092.25, 60 months,13.67%,G,G1,179446.72,17.79,OWN,NC,educational,Fully Paid,3,1,0,30.88%,22,17,Not Verified,Oct-18,100000009,100000009,100000009,900000009,DL500009,DL500009,MEMBER-10,Driver,Debt consolidation loan,Borrower-written description of the loan purpose.,977,https://example.com/loan/10
11,7407.46, 60 months,22.16%,B,B4,121071.25,27.42,OTHER,NY,wedding,Charged Off,3,2,NA,23.44%,17,51,Source Verified,May-14,100000010,100000010,100000010,900000010,DL500010,DL500010,MEMBER-11,Software Engineer,Debt consolidation loan,Borrower-written description of the loan purpose.,818,https://example.com/loan/11
12,29021.04, 36 months,15.33%,B,B4,150759.53,24.39,RENT,NC,moving,Charged Off,1,0,2,77.9%,18,34,Verified,Jul-09,100000011,100000011,100000011,900000011,DL500011,DL500011,MEMBER-12,Software Engineer,Debt consolidation loan,Borrower-written description of the loan purpose.,644,https://example.com/loan/12
13,21200.65, 36 months,13.94%,F,F2,96105.84,12.48,RENT,MI,debt_consolidation,Current,0,3,0,32.24%,28,23,Source Verified,Feb-15,100000012,100000012,100000012,900000012,DL500012,DL500012,MEMBER-13,Software Engineer,Debt consolidation loan,Borrower-written description of the loan purpose.,366,https://example.com/loan/13
14,3729.32, 36 months,18.15%,B,B1,171415.65,1.68,OTHER,OH,major_purchase,Current,1,1,0,33.7%,7,15,Verified,May-10,100000013,100000013,100000013,900000013,DL500013,DL500013,MEMBER-14,Retail Associate,Debt consolidation loan,Borrower-written description of the loan purpose.,186,https://example.com/loan/14
15,30102.73, 36 months,9.81%,D,D5,186292.91,7.74,NONE,MI,house,Fully Paid,0,1,1,81.84%,30,18,Source Verified,Jan-18,100000014,100000014,100000014,900000014,DL500014,DL500014,MEMBER-15,Nurse,Debt consolidation loan,Borrower-written description of the loan purpose.,724,https://example.com/loan/15
16,26862.73, 36 months,22.34%,G,G5,77864.07,22.19,NONE,TX,medical,Charged Off,0,1,1,95.8%,14,52,Source Verified,Jan-18,100000015,100000015,100000015,900000015,DL500015,DL500015,MEMBER-16,Software Engineer,Debt consolidation loan,Borrower-written description of the loan purpose.,567,https://example.com/loan/16
17,11641.72, 36 months,8.16%,G,G5,132330.16,3.81,OWN,IL,house,Current,2,3,2,95.27%,25,59,Source Verified,Nov-14,100000016,100000016,100000016,900000016,DL500016,DL500016,MEMBER-17,Nurse,Debt consolidation loan,Borrower-written description of the loan purpose.,871,https://example.com/loan/17
18,25300.8, 60 months,22.91%,E,E1,124978.18,13.98,RENT,CA,home_improvement,Current,2,3,1,83.31%,19,8,Not Verified,Apr-10,100000017,100000017,100000017,900000017,DL500017,DL500017,MEMBER-18,Software Engineer,Debt consolidation loan,Borrower-written description of the loan purpose.,155,https://example.com/loan/18
19,10883.68, 60 months,9.44%,G,G2,121405.22,0.53,OWN,PA,credit_card,Charged Off,2,3,NA,60.69%,15,49,Not Verified,Apr-14,100000018,100000018,100000018,900000018,DL500018,DL500018,MEMBER-19,Retail Associate,Debt consolidation loan,Borrower-written description of the loan purpose.,852,https://example.com/loan/19
20,9543.76, 36 months,12.74%,C,C2,124648.3,10.5,MORTGAGE,OH,wedding,Current,4,1,2,7.46%,2,23,Verified,Aug-16,100000019,100000019,100000019,900000019,DL500019,DL500019,MEMBER-20,Retail Associate,Debt consolidation loan,Borrower-written description of the loan purpose.,820,https://example.com/loan/20
21,34972.48, 60 months,14.89%,E,E4,133958.45,29.91,NONE,GA,other,Fully Paid,1,0,2,67.2%,5,42,Verified,Jul-09,100000020,100000020,100000020,900000020,DL500020,DL500020,MEMBER-21,Driver,Debt consolidation loan,Borrower-written description of the loan purpose.,389,https://example.com/loan/21
22,18646.36, 36 months,11.82%,G,G3,172348.69,29.01,OTHER,MI,renewable_energy,Fully Paid,3,3,NA,89.78%,1,13,Not Verified,Sep-18,100000021,100000021,100000021,900000021,DL500021,DL500021,MEMBER-22,Software Engineer,Debt consolidation loan,Borrower-written description of the loan purpose.,689,https://example.com/loan/22
23,20304.48, 36 months,19.93%,E,E4,125540.88,4.46,OWN,IL,debt_consolidation,Fully Paid,4,1,2,77.05%,20,53,Verified,Oct-15,100000022,100000022,100000022,900000022,DL500022,DL500022,MEMBER-23,Nurse,Debt consolidation loan,Borrower-written description of the loan purpose.,986,https://example.com/loan/23
24,18047.64, 60 months,18.44%,G,G4,58793.96,24.52,RENT,PA,house,Current,2,1,NA,47.12%,2,2,Not Verified,Dec-15,100000023,100000023,100000023,900000023,DL500023,DL500023,MEMBER-24,Driver,Debt consolidation loan,Borrower-written description of the loan purpose.,711,https://example.com/loan/24
25,18491.39, 36 months,8.86%,B,B2,117522.17,7.14,RENT,NC,home_improvement,Current,3,1,0,62.51%,14,32,Not Verified,Jul-14,100000024,100000024,100000024,900000024,DL500024,DL500024,MEMBER-25,Driver,Debt consolidation loan,Borrower-written description of the loan purpose.,711,https://example.com/loan/25
26,21273.89, 60 months,10.21%,D,D5,88517.95,5.03,RENT,CA,renewable_energy,Fully Paid,1,0,2,50.54%,29,4,Source Verified,Oct-17,100000025,100000025,100000025,900000025,DL500025,DL500025,MEMBER-26,Driver,Debt consolidation loan,Borrower-written description of the loan purpose.,796,https://example.com/loan/26
27,20013.09, 36 months,9.28%,D,D5,98155.56,12.96,OWN,GA,educational,Charged Off,3,2,2,21.27%,4,44,Not Verified,Jul-10,100000026,100000026,100000026,900000026,DL500026,DL500026,MEMBER-27,Software Engineer,Debt consolidation loan,Borrower-written description of the loan purpose.,152,https://example.com/loan/27
28,19581.68, 36 months,19.1%,G,G1,161026.03,22.45,OTHER,TX,house,Fully Paid,4,0,NA,68.49%,24,35,Verified,Dec-08,100000027,100000027,100000027,900000027,DL500027,DL500027,MEMBER-28,Nurse,Debt consolidation loan,Borrower-written description of the loan purpose.,969,https://example.com/loan/28
29,2067.7, 36 months,13.1%,C,C2,66272.77,12.44,RENT,MI,educational,Fully Paid,1,1,2,26.31%,5,5,Not Verified,Nov-09,100000028,100000028,100000028,900000028,DL500028,DL500028,MEMBER-29,Retail Associate,Debt consolidation loan,Borrower-written description of the loan purpose.,466,https://example.com/loan/29
30,23997.17, 36 months,19.17%,E,E1,43314.78,0.03,NONE,CA,debt_consolidation,Fully Paid,2,2,0,22.19%,24,6,Not Verified,May-09,100000029,100000029,100000029,900000029,DL500029,DL500029,MEMBER-30,Driver,Debt consolidation loan,Borrower-written description of the loan purpose.,736,https://example.com/loan/30
31,31730.76, 36 months,14.61%,F,F2,67665.08,4.92,RENT,NY,credit_card,Fully Paid,2,0,0,37.53%,4,13,Source Verified,Mar-15,100000030,100000030,100000030,900000030,DL500030,DL500030,MEMBER-31,Driver,Debt consolidation loan,Borrower-written description of the loan purpose.,195,https://example.com/loan/31
32,28214.32, 60 months,15.78%,A,A4,44167.9,8.69,OWN,OH,home_improvement,Fully Paid,1,3,0,37.98%,12,14,Verified,Nov-15,100000031,100000031,100000031,900000031,DL500031,DL500031,MEMBER-32,Software Engineer,Debt consolidation loan,Borrower-written description of the loan purpose.,819,https://example.com/loan/32
33,6738.05, 36 months,7.18%,G,G5,161134.23,24.68,OTHER,PA,educational,Fully Paid,1,2,NA,1.25%,26,17,Source Verified,Dec-16,100000032,100000032,100000032,900000032,DL500032,DL500032,MEMBER-33,Software Engineer,Debt consolidation loan,Borrower-written description of the loan purpose.,746,https://example.com/loan/33
34,26618.22, 36 months,24.56%,G,G1,72672.07,12.91,RENT,TX,credit_card,Fully Paid,3,3,2,72.33%,17,8,Source Verified,Feb-16,100000033,100000033,100000033,900000033,DL500033,DL500033,MEMBER-34,Driver,Debt consolidation loan,Borrower-written description of the loan purpose.,995,https://example.com/loan/34
35,22198.03, 36 months,19.34%,D,D3,156630.76,12.95,OTHER,GA,vacation,Fully Paid,3,2,1,3.76%,19,10,Source Verified,Feb-17,100000034,100000034,100000034,900000034,DL500034,DL500034,MEMBER-35,Driver,Debt consolidation loan,Borrower-written description of the loan purpose.,360,https://example.com/loan/35
36,9085.86, 36 months,7.7%,D,D4,178421.5,1.41,MORTGAGE,GA,home_improvement,Current,1,3,NA,32.77%,11,36,Source Verified,Apr-10,100000035,100000035,100000035,900000035,DL500035,DL500035,MEMBER-36,Retail Associate,Debt consolidation loan,Borrower-written description of the loan purpose.,750,https://example.com/loan/36
37,11996.0, 36 months,13.42%,G,G3,175736.34,11.12,MORTGAGE,NY,small_business,Fully Paid,1,1,1,5.04%,21,7,Not Verified,Nov-09,100000036,100000036,100000036,900000036,DL500036,DL500036,MEMBER-37,Software Engineer,Debt consolidation loan,Borrower-written description of the loan purpose.,771,https://example.com/loan/37
38,3652.98, 36 months,8.36%,B,B1,40506.48,11.27,OTHER,IL,wedding,Current,4,1,NA,9.13%,29,15,Verified,Jun-17,100000037,100000037,100000037,900000037,DL500037,DL500037,MEMBER-38,Driver,Debt consolidation loan,Borrower-written description of the loan purpose.,101,https://example.com/loan/38
39,18038.52, 36 months,5.87%,D,D4,172808.45,11.19,OWN,CA,home_improvement,Fully Paid,3,0,2,66.9%,14,37,Source Verified,Aug-16,100000038,100000038,100000038,900000038,DL500038,DL500038,MEMBER-39,Nurse,Debt consolidation loan,Borrower-written description of the loan purpose.,538,https://example.com/loan/39
40,9024.86, 60 months,18.09%,A,A4,72420.57,29.95,MORTGAGE,PA,vacation,Current,4,3,0,35.54%,6,13,Not Verified,Mar-08,100000039,100000039,100000039,900000039,DL500039,DL500039,MEMBER-40,Software Engineer,Debt consolidation loan,Borrower-written description of the loan purpose.,299,https://example.com/loan/40
41,7322.15, 60 months,19.11%,C,C2,170249.86,6.27,OWN,CA,debt_consolidation,Fully Paid,1,2,NA,80.06%,19,45,Not Verified,Nov-17,100000040,100000040,100000040,900000040,DL500040,DL500040,MEMBER-41,Retail Associate,Debt consolidation loan,Borrower-written description of the loan purpose.,878,https://example.com/loan/41
42,34109.53, 60 months,10.01%,C,C1,147786.1,5.09,OWN,IL,credit_card,Current,1,2,2,95.46%,29,39,Verified,Dec-16,100000041,100000041,100000041,900000041,DL500041,DL500041,MEMBER-42,Nurse,Debt consolidation loan,Borrower-written description of the loan purpose.,810,https://example.com/loan/42
43,22127.79, 60 months,15.76%,C,C2,30131.72,1.94,OWN,MI,renewable_energy,Fully Paid,3,2,NA,9.91%,22,46,Verified,Jul-13,100000042,100000042,100000042,900000042,DL500042,DL500042,MEMBER-43,Retail Associate,Debt consolidation loan,Borrower-written description of the loan purpose.,668,https://example.com/loan/43
44,27184.67, 36 months,6.97%,C,C2,163037.45,12.79,RENT,TX,medical,Charged Off,4,2,NA,47.85%,29,37,Verified,Oct-11,100000043,100000043,100000043,900000043,DL500043,DL500043,MEMBER-44,Software Engineer,Debt consolidation loan,Borrower-written description of the loan purpose.,524,https://example.com/loan/44
45,32157.09, 36 months,8.12%,A,A3,144451.77,24.59,RENT,OH,house,Current,4,3,1,4.71%,21,53,Not Verified,Sep-16,100000044,100000044,100000044,900000044,DL500044,DL500044,MEMBER-45,Software Engineer,Debt consolidation loan,Borrower-written description of the loan purpose.,249,https://example.com/loan/45
46,31206.56, 60 months,11.05%,B,B4,177935.75,16.52,OTHER,CA,debt_consolidation,Current,2,0,NA,67.03%,15,54,Not Verified,Mar-17,100000045,100000045,100000045,900000045,DL500045,DL500045,MEMBER-46,Driver,Debt consolidation loan,Borrower-written description of the loan purpose.,355,https://example.com/loan/46
47,9680.94, 60 months,19.49%,G,G1,134979.69,1.04,OTHER,FL,renewable_energy,Current,2,1,NA,77.59%,7,2,Not Verified,May-14,100000046,100000046,100000046,900000046,DL500046,DL500046,MEMBER-47,Driver,Debt consolidation loan,Borrower-written description of the loan purpose.,358,https://example.com/loan/47
48,24409.07, 36 months,12.81%,F,F4,47863.65,25.97,MORTGAGE,NY,vacation,Fully Paid,1,1,NA,48.03%,5,54,Not Verified,Jul-14,100000047,100000047,100000047,900000047,DL500047,DL500047,MEMBER-48,Retail Associate,Debt consolidation loan,Borrower-written description of the loan purpose.,760,https://example.com/loan/48
49,909.26, 60 months,8.39%,C,C3,151655.9,15.98,RENT,GA,home_improvement,Charged Off,0,2,0,43.2%,6,15,Verified,Mar-15,100000048,100000048,100000048,900000048,DL500048,DL500048,MEMBER-49,Driver,Debt consolidation loan,Borrower-written description of the loan purpose.,351,https://example.com/loan/49
50,3720.74, 60 months,9.86%,F,F2,175870.24,15.49,OWN,FL,other,Current,3,0,1,61.54%,29,54,Verified,Oct-13,100000049,100000049,100000049,900000049,DL500049,DL500049,MEMBER-50,Software Engineer,Debt consolidation loan,Borrower-written description of the loan purpose.,595,https://example.com/loan/50
51,24849.83, 60 months,13.16%,G,G4,141501.82,24.2,NONE,NY,home_improvement,Charged Off,0,2,1,28.75%,28,14,Source Verified,Oct-13,100000050,100000050,100000050,900000050,DL500050,DL500050,MEMBER-51,Nurse,Debt consolidation loan,Borrower-written description of the loan purpose.,731,https://example.com/loan/51
52,12107.51, 36 months,23.29%,F,F2,178182.22,20.15,NONE,CA,educational,Current,4,3,NA,15.96%,13,31,Source Verified,Nov-16,100000051,100000051,100000051,900000051,DL500051,DL500051,MEMBER-52,Nurse,Debt consolidation loan,Borrower-written description of the loan purpose.,603,https://example.com/loan/52
53,1913.66, 60 months,17.06%,C,C3,48728.37,28.08,NONE,GA,moving,Current,4,2,2,22.53%,11,46,Not Verified,Dec-08,100000052,100000052,100000052,900000052,DL500052,DL500052,MEMBER-53,Nurse,Debt consolidation loan,Borrower-written description of the loan purpose.,905,https://example.com/loan/53
54,32958.95, 60 months,10.97%,G,G3,23718.24,10.89,OWN,PA,house,Fully Paid,2,0,1,73.69%,3,46,Verified,Sep-08,100000053,100000053,100000053,900000053,DL500053,DL500053,MEMBER-54,Software Engineer,Debt consolidation loan,Borrower-written description of the loan purpose.,568,https://example.com/loan/54
55,3378.5, 36 months,16.96%,D,D5,124563.01,21.8,NONE,PA,renewable_energy,Charged Off,0,3,1,42.69%,29,41,Not Verified,Nov-08,100000054,100000054,100000054,900000054,DL500054,DL500054,MEMBER-55,Software Engineer,Debt consolidation loan,Borrower-written description of the loan purpose.,214,https://example.com/loan/55
56,25963.02, 36 months,23.34%,F,F2,156844.87,7.82,RENT,CA,debt_consolidation,Current,2,2,1,17.94%,19,36,Not Verified,Dec-16,100000055,100000055,100000055,900000055,DL500055,DL500055,MEMBER-56,Driver,Debt consolidation loan,Borrower-written description of the loan purpose.,315,https://example.com/loan/56
57,23374.0, 36 months,12.4%,A,A3,50160.54,0.32,RENT,TX,medical,Current,1,2,NA,74.7%,11,5,Source Verified,Jan-17,100000056,100000056,100000056,900000056,DL500056,DL500056,MEMBER-57,Software Engineer,Debt consolidation loan,Borrower-written description of the loan purpose.,323,https://example.com/loan/57
58,2842.49, 60 months,5.93%,D,D3,106643.61,6.55,MORTGAGE,OH,major_purchase,Charged Off,2,3,NA,21.22%,18,33,Verified,Apr-17,100000057,100000057,100000057,900000057,DL500057,DL500057,MEMBER-58,Software Engineer,Debt consolidation loan,Borrower-written description of the loan purpose.,133,https://example.com/loan/58
59,32462.38, 36 months,22.38%,B,B1,153509.41,3.69,MORTGAGE,PA,wedding,Current,0,3,1,29.6%,4,37,Verified,Sep-12,100000058,100000058,100000058,900000058,DL500058,DL500058,MEMBER-59,Software Engineer,Debt consolidation loan,Borrower-written description of the loan purpose.,897,https://example.com/loan/59
60,29493.41, 60 months,22.92%,A,A4,92479.02,15.48,MORTGAGE,PA,credit_card,Fully Paid,1,3,2,29.08%,15,46,Not Verified,Oct-13,100000059,100000059,100000059,900000059,DL500059,DL500059,MEMBER-60,Software Engineer,Debt consolidation loan,Borrower-written description of the loan purpose.,515,https://example.com/loan/60
61,12387.44, 36 months,15.45%,E,E1,37342.92,23.83,OTHER,GA,home_improvement,Current,0,0,1,23.27%,20,9,Source Verified,Sep-14,100000060,100000060,100000060,900000060,DL500060,DL500060,MEMBER-61,Retail Associate,Debt consolidation loan,Borrower-written description of the loan purpose.,197,https://example.com/loan/61
62,8299.02, 36 months,8.11%,D,D2,139016.2,26.39,OTHER,OH,vacation,Current,2,2,1,46.34%,19,26,Not Verified,Nov-14,100000061,100000061,100000061,900000061,DL500061,DL500061,MEMBER-62,Driver,Debt consolidation loan,Borrower-written description of the loan purpose.,657,https://example.com/loan/62
63,31955.17, 60 months,14.24%,C,C5,52118.57,1.16,NONE,OH,debt_consolidation,Fully Paid,4,1,NA,29.56%,7,50,Source Verified,Mar-11,100000062,100000062,100000062,900000062,DL500062,DL500062,MEMBER-63,Retail Associate,Debt consolidation loan,Borrower-written description of the loan purpose.,141,https://example.com/loan/63
64,29861.42, 36 months,7.67%,G,G3,127313.71,17.55,OTHER,CA,credit_card,Fully Paid,2,1,1,64.24%,23,12,Verified,Apr-14,100000063,100000063,100000063,900000063,DL500063,DL500063,MEMBER-64,Software Engineer,Debt consolidation loan,Borrower-written description of the loan purpose.,694,https://example.com/loan/64
65,5563.6, 60 months,11.3%,A,A4,102381.2,7.11,RENT,NC,credit_card,Fully Paid,4,2,0,24.76%,14,28,Not Verified,Jan-10,100000064,100000064,100000064,900000064,DL500064,DL500064,MEMBER-65,Retail Associate,Debt consolidation loan,Borrower-written description of the loan purpose.,249,https://example.com/loan/65
66,27383.65, 36 months,22.13%,D,D2,164488.94,17.49,MORTGAGE,NY,credit_card,Current,2,3,NA,5.2%,25,44,Verified,May-16,100000065,100000065,100000065,900000065,DL500065,DL500065,MEMBER-66,Driver,Debt consolidation loan,Borrower-written description of the loan purpose.,504,https://example.com/loan/66
67,34601.75, 36 months,13.38%,A,A4,196570.31,2.23,NONE,FL,major_purchase,Current,4,3,0,64.78%,11,28,Source Verified,Jun-18,100000066,100000066,100000066,900000066,DL500066,DL500066,MEMBER-67,Nurse,Debt consolidation loan,Borrower-written description of the loan purpose.,849,https://example.com/loan/67
68,5925.44, 60 months,14.79%,G,G2,74645.64,17.32,OWN,OH,home_improvement,Fully Paid,0,2,2,92.89%,16,27,Not Verified,Feb-15,100000067,100000067,100000067,900000067,DL500067,DL500067,MEMBER-68,Driver,Debt consolidation loan,Borrower-written description of the loan purpose.,912,https://example.com/loan/68
69,12743.62, 36 months,11.12%,C,C1,109819.9,4.53,RENT,TX,moving,Current,4,1,NA,37.86%,13,56,Verified,Oct-13,100000068,100000068,100000068,900000068,DL500068,DL500068,MEMBER-69,Software Engineer,Debt consolidation loan,Borrower-written description of the loan purpose.,337,https://example.com/loan/69
70,2902.93, 60 months,20.82%,E,E1,154837.69,18.72,RENT,FL,debt_consolidation,Current,0,3,2,22.11%,20,40,Not Verified,Jan-18,100000069,100000069,100000069,900000069,DL500069,DL500069,MEMBER-70,Nurse,Debt consolidation loan,Borrower-written description of the loan purpose.,944,https://example.com/loan/70
71,34078.49, 36 months,8.96%,A,A3,163327.27,12.07,OTHER,GA,house,Fully Paid,0,1,0,27.58%,19,6,Not Verified,Jan-16,100000070,100000070,100000070,900000070,DL500070,DL500070,MEMBER-71,Software Engineer,Debt consolidation loan,Borrower-written description of the loan purpose.,512,https://example.com/loan/71
72,3283.35, 36 months,12.18%,F,F1,124644.47,11.41,RENT,PA,credit_card,Fully Paid,4,3,0,97.04%,12,4,Source Verified,Jun-08,100000071,100000071,100000071,900000071,DL500071,DL500071,MEMBER-72,Retail Associate,Debt consolidation loan,Borrower-written description of the loan purpose.,698,https://example.com/loan/72
73,34769.49, 60 months,23.44%,G,G5,179276.08,1.4,OWN,FL,car,Fully Paid,0,2,0,37.51%,26,5,Not Verified,Mar-17,100000072,100000072,100000072,900000072,DL500072,DL500072,MEMBER-73,Retail Associate,Debt consolidation loan,Borrower-written description of the loan purpose.,262,https://example.com/loan/73
74,29513.17, 60 months,10.49%,A,A2,55347.61,28.38,OTHER,NY,small_business,Fully Paid,2,3,0,84.15%,16,36,Source Verified,Nov-13,100000073,100000073,100000073,900000073,DL500073,DL500073,MEMBER-74,Driver,Debt consolidation loan,Borrower-written description of the loan purpose.,374,https://example.com/loan/74
75,33150.8, 36 months,8.32%,E,E3,77306.78,4.79,OTHER,FL,other,Fully Paid,0,2,1,65.08%,3,46,Source Verified,Oct-16,100000074,100000074,100000074,900000074,DL500074,DL500074,MEMBER-75,Software Engineer,Debt consolidation loan,Borrower-written description of the loan purpose.,727,https://example.com/loan/75
76,9211.35, 60 months,17.57%,G,G5,171071.58,28.32,OTHER,GA,moving,Current,3,0,1,31.65%,17,16,Source Verified,Jul-14,100000075,100000075,100000075,900000075,DL500075,DL500075,MEMBER-76,Driver,Debt consolidation loan,Borrower-written description of the loan purpose.,496,https://example.com/loan/76
77,18435.12, 60 months,22.68%,E,E4,80164.07,6.19,RENT,PA,medical,Current,2,1,NA,68.73%,22,19,Source Verified,Mar-16,100000076,100000076,100000076,900000076,DL500076,DL500076,MEMBER-77,Nurse,Debt consolidation loan,Borrower-written description of the loan purpose.,459,https://example.com/loan/77
78,5057.36, 60 months,16.55%,C,C5,133271.36,18.97,RENT,IL,credit_card,Current,0,2,0,92.72%,14,9,Source Verified,Jan-09,100000077,100000077,100000077,900000077,DL500077,DL500077,MEMBER-78,Software Engineer,Debt consolidation loan,Borrower-written description of the loan purpose.,548,https://example.com/loan/78
79,9797.41, 60 months,14.08%,E,E5,184635.22,13.76,NONE,CA,credit_card,Current,2,1,NA,32.31%,7,55,Not Verified,Oct-13,100000078,100000078,100000078,900000078,DL500078,DL500078,MEMBER-79,Software Engineer,Debt consolidation loan,Borrower-written description of the loan purpose.,704,https://example.com/loan/79
80,22382.28, 36 months,22.82%,D,D2,35889.82,18.22,NONE,GA,home_improvement,Charged Off,0,3,NA,30.16%,19,27,Verified,Nov-17,100000079,100000079,100000079,900000079,DL500079,DL500079,MEMBER-80,Driver,Debt consolidation loan,Borrower-written description of the loan purpose.,444,https://example.com/loan/80
81,9126.08, 60 months,9.55%,G,G4,64125.45,14.15,MORTGAGE,IL,major_purchase,Current,2,3,NA,79.8%,12,43,Source Verified,May-12,100000080,100000080,100000080,900000080,DL500080,DL500080,MEMBER-81,Driver,Debt consolidation loan,Borrower-written description of the loan purpose.,524,https://example.com/loan/81
82,26251.53, 36 months,10.36%,G,G4,28197.02,0.86,RENT,TX,major_purchase,Charged Off,1,1,1,86.67%,25,18,Verified,Mar-10,100000081,100000081,100000081,900000081,DL500081,DL500081,MEMBER-82,Nurse,Debt consolidation loan,Borrower-written description of the loan purpose.,572,https://example.com/loan/82
83,23333.75, 60 months,19.64%,G,G1,26602.32,27.31,MORTGAGE,PA,medical,Fully Paid,1,2,2,9.78%,16,2,Not Verified,Apr-10,100000082,100000082,100000082,900000082,DL500082,DL500082,MEMBER-83,Nurse,Debt consolidation loan,Borrower-written description of the loan purpose.,601,https://example.com/loan/83
84,19522.65, 60 months,22.22%,F,F4,51890.4,3.14,OTHER,MI,educational,Fully Paid,2,2,2,77.58%,20,22,Not Verified,Jun-09,100000083,100000083,100000083,900000083,DL500083,DL500083,MEMBER-84,Driver,Debt consolidation loan,Borrower-written description of the loan purpose.,416,https://example.com/loan/84
85,3160.82, 60 months,11.78%,D,D1,65822.07,19.47,MORTGAGE,NY,car,Current,2,0,0,34.4%,17,58,Verified,Jul-09,100000084,100000084,100000084,900000084,DL500084,DL500084,MEMBER-85,Driver,Debt consolidation loan,Borrower-written description of the loan purpose.,263,https://example.com/loan/85
86,6446.09, 60 months,18.07%,C,C1,192819.77,22.99,OTHER,NY,medical,Current,3,1,NA,8.81%,6,4,Verified,Jan-13,100000085,100000085,100000085,900000085,DL500085,DL500085,MEMBER-86,Retail Associate,Debt consolidation loan,Borrower-written description of the loan purpose.,681,https://example.com/loan/86
87,24968.65, 36 months,11.55%,C,C5,197903.53,8.51,OTHER,FL,home_improvement,Charged Off,4,2,0,70.27%,24,44,Source Verified,Mar-09,100000086,100000086,100000086,900000086,DL500086,DL500086,MEMBER-87,Software Engineer,Debt consolidation loan,Borrower-written description of the loan purpose.,523,https://example.com/loan/87
88,1729.09, 60 months,16.78%,F,F5,62470.81,24.15,OWN,FL,house,Charged Off,0,1,0,45.13%,16,20,Not Verified,Apr-09,100000087,100000087,100000087,900000087,DL500087,DL500087,MEMBER-88,Nurse,Debt consolidation loan,Borrower-written description of the loan purpose.,563,https://example.com/loan/88
89,4591.37, 60 months,15.16%,B,B5,117296.92,18.02,OWN,GA,other,Fully Paid,0,1,1,33.69%,30,39,Verified,Sep-15,100000088,100000088,100000088,900000088,DL500088,DL500088,MEMBER-89,Nurse,Debt consolidation loan,Borrower-written description of the loan purpose.,838,https://example.com/loan/89
90,6526.3, 36 months,6.32%,D,D2,58436.62,12.14,MORTGAGE,PA,credit_card,Charged Off,3,1,1,57.55%,15,25,Source Verified,Apr-09,100000089,100000089,100000089,900000089,DL500089,DL500089,MEMBER-90,Nurse,Debt consolidation loan,Borrower-written description of the loan purpose.,127,https://example.com/loan/90
91,32087.14, 60 months,22.2%,D,D2,163470.65,25.11,RENT,OH,medical,Current,0,0,0,84.03%,23,16,Source Verified,Nov-15,100000090,100000090,100000090,900000090,DL500090,DL500090,MEMBER-91,Software Engineer,Debt consolidation loan,Borrower-written description of the loan purpose.,506,https://example.com/loan/91
92,27445.67, 36 months,10.25%,F,F3,182710.42,3.68,NONE,GA,home_improvement,Fully Paid,2,3,2,8.68%,27,20,Source Verified,Nov-15,100000091,100000091,100000091,900000091,DL500091,DL500091,MEMBER-92,Nurse,Debt consolidation loan,Borrower-written description of the loan purpose.,188,https://example.com/loan/92
93,20759.13, 36 months,19.97%,C,C3,198721.66,1.53,MORTGAGE,MI,major_purchase,Current,0,2,0,27.34%,16,30,Verified,Oct-15,100000092,100000092,100000092,900000092,DL500092,DL500092,MEMBER-93,Nurse,Debt consolidation loan,Borrower-written description of the loan purpose.,960,https://example.com/loan/93
94,14628.52, 60 months,16.78%,F,F3,21908.36,12.72,OWN,NY,educational,Fully Paid,2,0,NA,49.54%,22,39,Source Verified,Nov-13,100000093,100000093,100000093,900000093,DL500093,DL500093,MEMBER-94,Nurse,Debt consolidation loan,Borrower-written description of the loan purpose.,930,https://example.com/loan/94
95,8989.43, 60 months,5.91%,D,D4,173304.51,23.54,OTHER,GA,car,Fully Paid,4,0,1,93.57%,16,41,Not Verified,Feb-17,100000094,100000094,100000094,900000094,DL500094,DL500094,MEMBER-95,Nurse,Debt consolidation loan,Borrower-written description of the loan purpose.,357,https://example.com/loan/95
96,1231.76, 60 months,17.07%,A,A2,134192.35,12.38,OTHER,FL,major_purchase,Current,4,2,NA,89.41%,10,11,Source Verified,Sep-12,100000095,100000095,100000095,900000095,DL500095,DL500095,MEMBER-96,Driver,Debt consolidation loan,Borrower-written description of the loan purpose.,710,https://example.com/loan/96
97,20555.89, 36 months,16.09%,C,C5,70315.93,28.09,MORTGAGE,NY,major_purchase,Charged Off,3,1,NA,67.39%,19,12,Verified,Aug-15,100000096,100000096,100000096,900000096,DL500096,DL500096,MEMBER-97,Retail Associate,Debt consolidation loan,Borrower-written description of the loan purpose.,564,https://example.com/loan/97
98,18049.56, 36 months,20.08%,D,D3,161528.09,1.95,OWN,FL,major_purchase,Fully Paid,0,2,NA,49.28%,10,28,Verified,Sep-08,100000097,100000097,100000097,900000097,DL500097,DL500097,MEMBER-98,Software Engineer,Debt consolidation loan,Borrower-written description of the loan purpose.,201,https://example.com/loan/98
99,22402.9, 36 months,8.29%,F,F1,143571.16,18.94,MORTGAGE,CA,small_business,Fully Paid,0,1,NA,83.12%,11,22,Not Verified,Jul-11,100000098,100000098,100000098,900000098,DL500098,DL500098,MEMBER-99,Driver,Debt consolidation loan,Borrower-written description of the loan purpose.,207,https://example.com/loan/99
100,22638.07, 36 months,12.75%,G,G1,32533.01,7.47,NONE,PA,house,Current,2,2,NA,2.41%,7,45,Source Verified,Oct-18,100000099,100000099,100000099,900000099,DL500099,DL500099,MEMBER-100,Driver,Debt consolidation loan,Borrower-written description of the loan purpose.,832,https://example.com/loan/100
101,34584.12, 60 months,14.55%,G,G3,20634.46,22.91,OTHER,NC,major_purchase,Fully Paid,4,3,2,62.34%,21,60,Source Verified,Aug-18,100000100,100000100,100000100,900000100,DL500100,DL500100,MEMBER-101,Retail Associate,Debt consolidation loan,Borrower-written description of the loan purpose.,865,https://example.com/loan/101
102,30499.67, 60 months,8.0%,F,F5,54025.12,12.83,OWN,OH,moving,Current,2,0,1,12.9%,5,40,Not Verified,Apr-16,100000101,100000101,100000101,900000101,DL500101,DL500101,MEMBER-102,Nurse,Debt consolidation loan,Borrower-written description of the loan purpose.,470,https://example.com/loan/102
103,28874.88, 36 months,17.2%,G,G1,130702.69,20.45,NONE,OH,credit_card,Fully Paid,1,0,1,35.08%,24,18,Not Verified,Oct-10,100000102,100000102,100000102,900000102,DL500102,DL500102,MEMBER-103,Driver,Debt consolidation loan,Borrower-written description of the loan purpose.,210,https://example.com/loan/103
104,4105.41, 36 months,23.51%,B,B2,176310.46,16.98,OTHER,NY,small_business,Fully Paid,2,1,1,57.19%,18,48,Verified,Apr-12,100000103,100000103,100000103,900000103,DL500103,DL500103,MEMBER-104,Nurse,Debt consolidation loan,Borrower-written description of the loan purpose.,706,https://example.com/loan/104
105,18296.15, 60 months,8.22%,D,D2,132055.56,8.98,NONE,NC,home_improvement,Fully Paid,4,3,0,31.6%,4,26,Not Verified,Dec-09,100000104,100000104,100000104,900000104,DL500104,DL500104,MEMBER-105,Retail Associate,Debt consolidation loan,Borrower-written description of the loan purpose.,618,https://example.com/loan/105
106,14372.53, 60 months,14.69%,G,G5,185306.04,5.91,NONE,NC,vacation,Charged Off,3,3,1,64.83%,11,36,Source Verified,Jul-12,100000105,100000105,100000105,900000105,DL500105,DL500105,MEMBER-106,Retail Associate,Debt consolidation loan,Borrower-written description of the loan purpose.,594,https://example.com/loan/106
107,14418.25, 36 months,21.52%,C,C5,78277.79,28.34,MORTGAGE,FL,vacation,Fully Paid,2,1,2,53.03%,10,23,Verified,Jul-10,100000106,100000106,100000106,900000106,DL500106,DL500106,MEMBER-107,Nurse,Debt consolidation loan,Borrower-written description of the loan purpose.,499,https://example.com/loan/107
108,12005.64, 60 months,9.23%,F,F2,127089.56,15.11,OTHER,PA,credit_card,Fully Paid,3,2,NA,64.8%,19,28,Not Verified,Jul-15,100000107,100000107,100000107,900000107,DL500107,DL500107,MEMBER-108,Software Engineer,Debt consolidation loan,Borrower-written description of the loan purpose.,937,https://example.com/loan/108
109,7719.33, 60 months,8.99%,C,C3,165017.71,17.12,NONE,PA,medical,Fully Paid,1,2,2,12.59%,30,2,Not Verified,Mar-14,100000108,100000108,100000108,900000108,DL500108,DL500108,MEMBER-109,Nurse,Debt consolidation loan,Borrower-written description of the loan purpose.,482,https://example.com/loan/109
110,549.43, 36 months,15.71%,E,E1,129545.53,23.18,RENT,PA,wedding,Charged Off,4,2,NA,45.07%,19,28,Source Verified,Oct-08,100000109,100000109,100000109,900000109,DL500109,DL500109,MEMBER-110,Driver,Debt consolidation loan,Borrower-written description of the loan purpose.,455,https://example.com/loan/110
111,1683.03, 36 months,9.16%,D,D5,26245.33,20.27,OTHER,FL,educational,Current,2,3,NA,97.81%,7,24,Source Verified,Oct-10,100000110,100000110,100000110,900000110,DL500110,DL500110,MEMBER-111,Driver,Debt consolidation loan,Borrower-written description of the loan purpose.,718,https://example.com/loan/111
112,4244.69, 60 months,8.64%,F,F5,34290.09,27.33,NONE,TX,renewable_energy,Fully Paid,1,1,NA,17.35%,3,38,Verified,Apr-17,100000111,100000111,100000111,900000111,DL500111,DL500111,MEMBER-112,Nurse,Debt consolidation loan,Borrower-written description of the loan purpose.,146,https://example.com/loan/112
113,13416.37, 36 months,6.36%,E,E1,154438.52,27.25,OTHER,PA,debt_consolidation,Current,1,3,NA,93.43%,11,47,Source Verified,Jun-12,100000112,100000112,100000112,900000112,DL500112,DL500112,MEMBER-113,Driver,Debt consolidation loan,Borrower-written description of the loan purpose.,373,https://example.com/loan/113
114,6063.35, 60 months,18.24%,F,F5,86778.56,17.61,NONE,MI,major_purchase,Fully Paid,0,1,0,2.37%,27,7,Source Verified,Mar-14,100000113,100000113,100000113,900000113,DL500113,DL500113,MEMBER-114,Software Engineer,Debt consolidation loan,Borrower-written description of the loan purpose.,683,https://example.com/loan/114
115,20807.52, 60 months,9.19%,G,G2,94834.91,10.0,OTHER,CA,car,Current,3,0,NA,21.62%,22,39,Source Verified,Feb-14,100000114,100000114,100000114,900000114,DL500114,DL500114,MEMBER-115,Software Engineer,Debt consolidation loan,Borrower-written description of the loan purpose.,961,https://example.com/loan/115
116,13047.82, 60 months,22.13%,F,F5,75434.93,28.95,OTHER,GA,moving,Charged Off,0,0,0,19.93%,10,10,Source Verified,Mar-16,100000115,100000115,100000115,900000115,DL500115,DL500115,MEMBER-116,Driver,Debt consolidation loan,Borrower-written description of the loan purpose.,378,https://example.com/loan/116
117,11072.73, 60 months,16.93%,C,C5,139376.49,24.15,MORTGAGE,IL,medical,Current,2,2,2,67.71%,25,49,Verified,Sep-12,100000116,100000116,100000116,900000116,DL500116,DL500116,MEMBER-117,Nurse,Debt consolidation loan,Borrower-written description of the loan purpose.,352,https://example.com/loan/117
118,26170.48, 36 months,10.9%,F,F4,91138.61,5.79,OWN,IL,other,Fully Paid,4,2,0,22.18%,24,29,Source Verified,Aug-09,100000117,100000117,100000117,900000117,DL500117,DL500117,MEMBER-118,Software Engineer,Debt consolidation loan,Borrower-written description of the loan purpose.,100,https://example.com/loan/118
119,25830.91, 36 months,23.02%,G,G1,98317.13,27.29,OWN,IL,moving,Charged Off,3,2,0,37.7%,26,18,Source Verified,May-16,100000118,100000118,100000118,900000118,DL500118,DL500118,MEMBER-119,Software Engineer,Debt consolidation loan,Borrower-written description of the loan purpose.,186,https://example.com/loan/119
120,33443.97, 36 months,24.13%,A,A5,41217.07,24.5,RENT,IL,wedding,Fully Paid,0,2,NA,51.06%,30,24,Not Verified,Oct-09,100000119,100000119,100000119,900000119,DL500119,DL500119,MEMBER-120,Retail Associate,Debt consolidation loan,Borrower-written description of the loan purpose.,537,https://example.com/loan/120
121,14369.36, 60 months,22.48%,C,C3,186252.0,9.54,OTHER,CA,car,Fully Paid,3,2,NA,81.7%,13,14,Source Verified,Jun-13,100000120,100000120,100000120,900000120,DL500120,DL500120,MEMBER-121,Retail Associate,Debt consolidation loan,Borrower-written description of the loan purpose.,449,https://example.com/loan/121
122,25033.46, 60 months,23.89%,B,B2,52666.84,26.42,MORTGAGE,GA,house,Charged Off,2,3,2,1.98%,28,38,Source Verified,Sep-09,100000121,100000121,100000121,900000121,DL500121,DL500121,MEMBER-122,Software Engineer,Debt consolidation loan,Borrower-written description of the loan purpose.,726,https://example.com/loan/122
123,13273.0, 60 months,10.54%,G,G1,183559.43,12.14,RENT,PA,house,Charged Off,4,3,NA,84.51%,6,58,Source Verified,Oct-18,100000122,100000122,100000122,900000122,DL500122,DL500122,MEMBER-123,Nurse,Debt consolidation loan,Borrower-written description of the loan purpose.,649,https://example.com/loan/123
124,9821.15, 36 months,9.06%,A,A4,162291.02,17.11,MORTGAGE,FL,credit_card,Fully Paid,3,2,1,63.69%,18,57,Verified,Jan-15,100000123,100000123,100000123,900000123,DL500123,DL500123,MEMBER-124,Nurse,Debt consolidation loan,Borrower-written description of the loan purpose.,812,https://example.com/loan/124
125,3246.15, 36 months,7.03%,C,C5,80011.9,18.29,MORTGAGE,TX,moving,Charged Off,0,2,0,55.08%,23,38,Source Verified,Feb-10,100000124,100000124,100000124,900000124,DL500124,DL500124,MEMBER-125,Software Engineer,Debt consolidation loan,Borrower-written description of the loan purpose.,848,https://example.com/loan/125
126,21503.48, 60 months,12.74%,B,B3,120242.07,15.22,NONE,FL,vacation,Fully Paid,2,1,2,2.1%,25,7,Not Verified,Aug-13,100000125,100000125,100000125,900000125,DL500125,DL500125,MEMBER-126,Driver,Debt consolidation loan,Borrower-written description of the loan purpose.,748,https://example.com/loan/126
127,18396.72, 36 months,20.35%,F,F4,194620.12,17.69,MORTGAGE,MI,credit_card,Fully Paid,1,2,2,9.79%,30,48,Verified,Jul-16,100000126,100000126,100000126,900000126,DL500126,DL500126,MEMBER-127,Driver,Debt consolidation loan,Borrower-written description of the loan purpose.,634,https://example.com/loan/127
128,823.68, 36 months,15.83%,F,F3,84545.27,15.48,OWN,MI,medical,Fully Paid,4,2,NA,1.0%,20,45,Not Verified,Apr-12,100000127,100000127,100000127,900000127,DL500127,DL500127,MEMBER-128,Nurse,Debt consolidation loan,Borrower-written description of the loan purpose.,673,https://example.com/loan/128
129,1941.19, 60 months,15.58%,G,G2,103119.21,13.33,RENT,OH,vacation,Current,4,0,1,37.08%,29,55,Not Verified,Nov-09,100000128,100000128,100000128,900000128,DL500128,DL500128,MEMBER-129,Driver,Debt consolidation loan,Borrower-written description of the loan purpose.,673,https://example.com/loan/129
130,1957.64, 36 months,18.58%,A,A1,160536.92,2.49,OTHER,GA,home_improvement,Current,0,0,2,87.5%,10,26,Verified,Apr-12,100000129,100000129,100000129,900000129,DL500129,DL500129,MEMBER-130,Retail Associate,Debt consolidation loan,Borrower-written description of the loan purpose.,618,https://example.com/loan/130
131,12573.96, 60 months,14.76%,D,D2,123064.6,7.75,NONE,CA,debt_consolidation,Current,0,3,NA,18.86%,14,27,Verified,Oct-09,100000130,100000130,100000130,900000130,DL500130,DL500130,MEMBER-131,Retail Associate,Debt consolidation loan,Borrower-written description of the loan purpose.,463,https://example.com/loan/131
132,18206.66, 36 months,8.53%,A,A5,23781.71,28.93,MORTGAGE,NC,debt_consolidation,Fully Paid,2,1,2,33.46%,20,32,Not Verified,Aug-14,100000131,100000131,100000131,900000131,DL500131,DL500131,MEMBER-132,Nurse,Debt consolidation loan,Borrower-written description of the loan purpose.,642,https://example.com/loan/132
133,9395.02, 60 months,18.57%,E,E4,171160.39,12.72,OTHER,IL,moving,Fully Paid,0,2,0,85.11%,27,23,Source Verified,May-18,100000132,100000132,100000132,900000132,DL500132,DL500132,MEMBER-133,Nurse,Debt consolidation loan,Borrower-written description of the loan purpose.,996,https://example.com/loan/133
134,5098.79, 36 months,8.29%,F,F3,160579.08,23.71,OWN,MI,medical,Fully Paid,1,0,0,46.94%,17,8,Verified,Aug-14,100000133,100000133,100000133,900000133,DL500133,DL500133,MEMBER-134,Software Engineer,Debt consolidation loan,Borrower-written description of the loan purpose.,115,https://example.com/loan/134
135,9250.94, 36 months,8.18%,B,B4,139262.3,23.3,OWN,TX,car,Charged Off,2,2,NA,71.93%,11,21,Source Verified,Mar-11,100000134,100000134,100000134,900000134,DL500134,DL500134,MEMBER-135,Retail Associate,Debt consolidation loan,Borrower-written description of the loan purpose.,398,https://example.com/loan/135
136,15398.69, 36 months,5.97%,F,F3,37010.76,11.49,NONE,CA,vacation,Charged Off,2,2,0,26.66%,3,54,Not Verified,Nov-13,100000135,100000135,100000135,900000135,DL500135,DL500135,MEMBER-136,Nurse,Debt consolidation loan,Borrower-written description of the loan purpose.,387,https://example.com/loan/136
137,8846.76, 60 months,20.73%,E,E1,162721.86,11.01,OWN,MI,renewable_energy,Fully Paid,3,3,2,6.93%,8,48,Not Verified,Apr-15,100000136,100000136,100000136,900000136,DL500136,DL500136,MEMBER-137,Nurse,Debt consolidation loan,Borrower-written description of the loan purpose.,231,https://example.com/loan/137
138,28571.96, 36 months,10.79%,D,D1,81953.1,2.73,RENT,MI,medical,Fully Paid,1,1,0,91.04%,10,35,Verified,Nov-10,100000137,100000137,100000137,900000137,DL500137,DL500137,MEMBER-138,Nurse,Debt consolidation loan,Borrower-written description of the loan purpose.,895,https://example.com/loan/138
139,6142.22, 60 months,9.83%,B,B3,123661.49,27.93,MORTGAGE,GA,other,Current,2,1,1,25.27%,13,31,Source Verified,Oct-11,100000138,100000138,100000138,900000138,DL500138,DL500138,MEMBER-139,Driver,Debt consolidation loan,Borrower-written description of the loan purpose.,277,https://example.com/loan/139
140,14510.58, 60 months,23.9%,F,F4,133347.98,6.23,NONE,IL,wedding,Fully Paid,2,0,NA,65.69%,27,11,Source Verified,Dec-10,100000139,100000139,100000139,900000139,DL500139,DL500139,MEMBER-140,Software Engineer,Debt consolidation loan,Borrower-written description of the loan purpose.,674,https://example.com/loan/140
141,13786.87, 60 months,15.17%,A,A2,159409.63,22.01,NONE,NY,credit_card,Fully Paid,0,3,1,60.48%,18,41,Not Verified,Oct-13,100000140,100000140,100000140,900000140,DL500140,DL500140,MEMBER-141,Retail Associate,Debt consolidation loan,Borrower-written description of the loan purpose.,588,https://example.com/loan/141
142,6534.06, 36 months,14.87%,C,C2,23178.88,21.46,MORTGAGE,PA,small_business,Fully Paid,4,0,2,36.72%,6,51,Not Verified,Aug-09,100000141,100000141,100000141,900000141,DL500141,DL500141,MEMBER-142,Retail Associate,Debt consolidation loan,Borrower-written description of the loan purpose.,213,https://example.com/loan/142
143,15478.83, 36 months,24.01%,C,C4,61951.76,5.69,RENT,NC,house,Fully Paid,1,1,0,84.54%,28,24,Verified,Apr-12,100000142,100000142,100000142,900000142,DL500142,DL500142,MEMBER-143,Software Engineer,Debt consolidation loan,Borrower-written description of the loan purpose.,894,https://example.com/loan/143
144,4659.03, 60 months,23.3%,E,E1,113805.48,22.93,OTHER,NY,credit_card,Current,1,2,0,27.59%,26,58,Verified,Jun-14,100000143,100000143,100000143,900000143,DL500143,DL500143,MEMBER-144,Software Engineer,Debt consolidation loan,Borrower-written description of the loan purpose.,322,https://example.com/loan/144
145,16517.96, 60 months,19.18%,B,B3,197442.52,11.81,NONE,GA,moving,Current,4,1,NA,50.78%,25,2,Source Verified,Nov-11,100000144,100000144,100000144,900000144,DL500144,DL500144,MEMBER-145,Software Engineer,Debt consolidation loan,Borrower-written description of the loan purpose.,703,https://example.com/loan/145
146,12906.19, 60 months,23.68%,D,D5,20578.17,4.13,MORTGAGE,TX,major_purchase,Fully Paid,3,0,NA,33.58%,29,40,Not Verified,Nov-16,100000145,100000145,100000145,900000145,DL500145,DL500145,MEMBER-146,Driver,Debt consolidation loan,Borrower-written description of the loan purpose.,210,https://example.com/loan/146
147,15062.07, 36 months,13.88%,G,G5,166479.35,13.09,RENT,IL,credit_card,Fully Paid,2,0,0,92.98%,30,44,Not Verified,Aug-18,100000146,100000146,100000146,900000146,DL500146,DL500146,MEMBER-147,Driver,Debt consolidation loan,Borrower-written description of the loan purpose.,232,https://example.com/loan/147
148,14833.91, 60 months,12.5%,G,G3,178334.06,29.48,RENT,IL,small_business,Current,1,0,1,9.24%,14,29,Source Verified,Oct-18,100000147,100000147,100000147,900000147,DL500147,DL500147,MEMBER-148,Nurse,Debt consolidation loan,Borrower-written description of the loan purpose.,846,https://example.com/loan/148
149,15583.07, 36 months,19.15%,B,B2,116285.09,0.28,MORTGAGE,IL,home_improvement,Charged Off,3,3,0,48.47%,18,17,Verified,Aug-16,100000148,100000148,100000148,900000148,DL500148,DL500148,MEMBER-149,Driver,Debt consolidation loan,Borrower-written description of the loan purpose.,799,https://example.com/loan/149
150,7430.72, 36 months,11.9%,G,G3,109825.29,29.59,NONE,TX,medical,Fully Paid,2,1,1,78.59%,6,23,Source Verified,Feb-13,100000149,100000149,100000149,900000149,DL500149,DL500149,MEMBER-150,Retail Associate,Debt consolidation loan,Borrower-written description of the loan purpose.,776,https://example.com/loan/150
151,10756.63, 36 months,19.43%,D,D4,99111.66,12.25,RENT,NY,house,Fully Paid,0,0,0,15.75%,28,45,Not Verified,Feb-17,100000150,100000150,100000150,900000150,DL500150,DL500150,MEMBER-151,Driver,Debt consolidation loan,Borrower-written description of the loan purpose.,474,https://example.com/loan/151
152,32789.68, 60 months,19.43%,E,E3,138507.75,17.81,OTHER,NY,credit_card,Fully Paid,1,1,0,64.66%,17,18,Source Verified,Nov-15,100000151,100000151,100000151,900000151,DL500151,DL500151,MEMBER-152,Software Engineer,Debt consolidation loan,Borrower-written description of the loan purpose.,623,https://example.com/loan/152
153,34196.28, 36 months,21.43%,A,A2,181710.59,26.68,OWN,PA,car,Fully Paid,1,0,NA,55.72%,29,51,Not Verified,Dec-11,100000152,100000152,100000152,900000152,DL500152,DL500152,MEMBER-153,Driver,Debt consolidation loan,Borrower-written description of the loan purpose.,136,https://example.com/loan/153
154,15679.34, 60 months,21.73%,G,G2,100373.89,2.14,OTHER,OH,credit_card,Fully Paid,4,2,2,32.72%,9,3,Not Verified,Mar-12,100000153,100000153,100000153,900000153,DL500153,DL500153,MEMBER-154,Retail Associate,Debt consolidation loan,Borrower-written description of the loan purpose.,255,https://example.com/loan/154
155,19008.16, 60 months,21.85%,F,F1,27382.05,28.43,OTHER,IL,house,Charged Off,1,2,NA,0.85%,21,33,Not Verified,Jul-09,100000154,100000154,100000154,900000154,DL500154,DL500154,MEMBER-155,Software Engineer,Debt consolidation loan,Borrower-written description of the loan purpose.,514,https://example.com/loan/155
156,11013.35, 36 months,18.52%,A,A5,116407.1,9.11,NONE,MI,small_business,Charged Off,0,0,0,11.37%,15,27,Not Verified,May-18,100000155,100000155,100000155,900000155,DL500155,DL500155,MEMBER-156,Driver,Debt consolidation loan,Borrower-written description of the loan purpose.,812,https://example.com/loan/156
157,22470.03, 60 months,15.95%,B,B5,106579.21,20.67,OTHER,NY,house,Fully Paid,3,1,NA,22.19%,10,42,Source Verified,Jan-12,100000156,100000156,100000156,900000156,DL500156,DL500156,MEMBER-157,Driver,Debt consolidation loan,Borrower-written description of the loan purpose.,517,https://example.com/loan/157
158,18756.26, 60 months,23.08%,C,C4,79171.88,4.63,OWN,MI,small_business,Current,0,0,NA,55.82%,27,27,Not Verified,Jan-11,100000157,100000157,100000157,900000157,DL500157,DL500157,MEMBER-158,Driver,Debt consolidation loan,Borrower-written description of the loan purpose.,560,https://example.com/loan/158
159,32968.67, 36 months,13.02%,F,F4,69983.92,22.44,OWN,PA,debt_consolidation,Current,1,1,0,58.65%,17,10,Source Verified,Jun-18,100000158,100000158,100000158,900000158,DL500158,DL500158,MEMBER-159,Nurse,Debt consolidation loan,Borrower-written description of the loan purpose.,645,https://example.com/loan/159
160,24009.93, 36 months,6.96%,D,D3,62565.33,5.32,MORTGAGE,MI,moving,Fully Paid,3,3,0,36.51%,22,55,Not Verified,Feb-09,100000159,100000159,100000159,900000159,DL500159,DL500159,MEMBER-160,Software Engineer,Debt consolidation loan,Borrower-written description of the loan purpose.,112,https://example.com/loan/160
161,17813.93, 36 months,5.48%,B,B4,68892.81,1.33,RENT,TX,debt_consolidation,Current,2,0,NA,81.63%,3,21,Verified,Sep-15,100000160,100000160,100000160,900000160,DL500160,DL500160,MEMBER-161,Retail Associate,Debt consolidation loan,Borrower-written description of the loan purpose.,721,https://example.com/loan/161
162,22315.84, 60 months,9.98%,C,C2,133463.06,10.24,OWN,IL,home_improvement,Fully Paid,0,0,2,72.66%,20,31,Source Verified,Mar-09,100000161,100000161,100000161,900000161,DL500161,DL500161,MEMBER-162,Driver,Debt consolidation loan,Borrower-written description of the loan purpose.,207,https://example.com/loan/162
163,18761.63, 60 months,5.69%,D,D2,188463.35,14.98,NONE,MI,moving,Charged Off,0,1,NA,48.13%,27,3,Source Verified,Jun-11,100000162,100000162,100000162,900000162,DL500162,DL500162,MEMBER-163,Retail Associate,Debt consolidation loan,Borrower-written description of the loan purpose.,248,https://example.com/loan/163
164,14740.7, 60 months,9.69%,A,A2,53243.91,18.99,RENT,FL,educational,Current,2,2,NA,47.41%,6,40,Source Verified,Aug-13,100000163,100000163,100000163,900000163,DL500163,DL500163,MEMBER-164,Driver,Debt consolidation loan,Borrower-written description of the loan purpose.,911,https://example.com/loan/164
165,14325.78, 36 months,23.42%,F,F1,49253.42,23.53,NONE,GA,small_business,Charged Off,4,3,0,48.52%,8,7,Not Verified,Mar-11,100000164,100000164,100000164,900000164,DL500164,DL500164,MEMBER-165,Retail Associate,Debt consolidation loan,Borrower-written description of the loan purpose.,898,https://example.com/loan/165
166,28571.11, 36 months,5.65%,G,G5,82865.14,26.94,RENT,MI,other,Fully Paid,3,3,2,75.94%,23,36,Verified,Aug-13,100000165,100000165,100000165,900000165,DL500165,DL500165,MEMBER-166,Retail Associate,Debt consolidation loan,Borrower-written description of the loan purpose.,163,https://example.com/loan/166
167,32114.12, 60 months,18.05%,E,E2,21126.55,25.14,OTHER,MI,small_business,Current,1,0,1,64.2%,26,12,Source Verified,Feb-09,100000166,100000166,100000166,900000166,DL500166,DL500166,MEMBER-167,Nurse,Debt consolidation loan,Borrower-written description of the loan purpose.,382,https://example.com/loan/167
168,30661.71, 60 months,5.71%,F,F3,189546.37,16.62,RENT,NC,wedding,Fully Paid,3,1,NA,62.23%,23,35,Not Verified,Nov-14,100000167,100000167,100000167,900000167,DL500167,DL500167,MEMBER-168,Nurse,Debt consolidation loan,Borrower-written description of the loan purpose.,867,https://example.com/loan/168
169,22709.34, 60 months,13.4%,C,C1,35944.5,18.75,OWN,NC,major_purchase,Current,0,3,NA,89.97%,2,28,Not Verified,Aug-12,100000168,100000168,100000168,900000168,DL500168,DL500168,MEMBER-169,Retail Associate,Debt consolidation loan,Borrower-written description of the loan purpose.,926,https://example.com/loan/169
170,13484.4, 36 months,13.31%,B,B4,143372.69,9.02,MORTGAGE,OH,medical,Fully Paid,2,1,NA,85.79%,5,16,Verified,Sep-11,100000169,100000169,100000169,900000169,DL500169,DL500169,MEMBER-170,Software Engineer,Debt consolidation loan,Borrower-written description of the loan purpose.,755,https://example.com/loan/170
171,14902.3, 36 months,6.18%,C,C5,182043.04,14.08,OWN,NC,vacation,Fully Paid,0,0,1,71.88%,12,53,Verified,Jan-15,100000170,100000170,100000170,900000170,DL500170,DL500170,MEMBER-171,Nurse,Debt consolidation loan,Borrower-written description of the loan purpose.,986,https://example.com/loan/171
172,7534.0, 60 months,15.28%,D,D3,110714.99,16.59,NONE,FL,home_improvement,Fully Paid,3,1,0,20.73%,8,2,Verified,Jan-17,100000171,100000171,100000171,900000171,DL500171,DL500171,MEMBER-172,Nurse,Debt consolidation loan,Borrower-written description of the loan purpose.,743,https://example.com/loan/172
173,34984.23, 36 months,10.75%,C,C2,79720.71,29.28,RENT,MI,major_purchase,Fully Paid,4,3,2,43.49%,24,25,Verified,May-13,100000172,100000172,100000172,900000172,DL500172,DL500172,MEMBER-173,Nurse,Debt consolidation loan,Borrower-written description of the loan purpose.,844,https://example.com/loan/173
174,31888.89, 36 months,23.04%,B,B4,136923.98,15.78,OWN,IL,credit_card,Fully Paid,4,1,1,68.73%,8,16,Not Verified,Nov-18,100000173,100000173,100000173,900000173,DL500173,DL500173,MEMBER-174,Driver,Debt consolidation loan,Borrower-written description of the loan purpose.,149,https://example.com/loan/174
175,20055.82, 60 months,9.47%,D,D5,133079.88,13.05,OTHER,OH,renewable_energy,Current,0,2,0,73.28%,13,28,Verified,Apr-16,100000174,100000174,100000174,900000174,DL500174,DL500174,MEMBER-175,Nurse,Debt consolidation loan,Borrower-written description of the loan purpose.,679,https://example.com/loan/175
176,4033.66, 60 months,6.02%,E,E5,35160.44,28.2,MORTGAGE,NC,debt_consolidation,Fully Paid,0,0,2,90.2%,7,55,Source Verified,Aug-18,100000175,100000175,100000175,900000175,DL500175,DL500175,MEMBER-176,Driver,Debt consolidation loan,Borrower-written description of the loan purpose.,537,https://example.com/loan/176
177,25360.37, 36 months,19.76%,F,F5,79952.04,15.13,MORTGAGE,GA,moving,Fully Paid,1,1,NA,60.06%,22,42,Not Verified,Dec-18,100000176,100000176,100000176,900000176,DL500176,DL500176,MEMBER-177,Software Engineer,Debt consolidation loan,Borrower-written description of the loan purpose.,671,https://example.com/loan/177
178,1024.66, 36 months,16.74%,E,E2,165696.06,25.15,MORTGAGE,CA,vacation,Charged Off,3,3,NA,64.58%,3,2,Not Verified,Nov-18,100000177,100000177,100000177,900000177,DL500177,DL500177,MEMBER-178,Software Engineer,Debt consolidation loan,Borrower-written description of the loan purpose.,737,https://example.com/loan/178
179,13485.32, 60 months,9.17%,F,F5,152760.24,13.62,RENT,IL,debt_consolidation,Fully Paid,0,2,NA,39.98%,18,43,Verified,Dec-10,100000178,100000178,100000178,900000178,DL500178,DL500178,MEMBER-179,Software Engineer,Debt consolidation loan,Borrower-written description of the loan purpose.,581,https://example.com/loan/179
180,24557.82, 60 months,18.33%,G,G5,90384.31,2.35,MORTGAGE,CA,car,Fully Paid,4,1,2,2.01%,4,59,Verified,Jan-11,100000179,100000179,100000179,900000179,DL500179,DL500179,MEMBER-180,Retail Associate,Debt consolidation loan,Borrower-written description of the loan purpose.,384,https://example.com/loan/180
181,26724.01, 36 months,11.75%,F,F2,128403.2,22.59,MORTGAGE,CA,renewable_energy,Fully Paid,4,0,0,43.71%,21,56,Verified,Mar-15,100000180,100000180,100000180,900000180,DL500180,DL500180,MEMBER-181,Driver,Debt consolidation loan,Borrower-written description of the loan purpose.,690,https://example.com/loan/181
182,5731.75, 36 months,21.5%,B,B5,149603.15,9.85,NONE,PA,wedding,Charged Off,4,1,1,0.46%,24,16,Verified,Apr-11,100000181,100000181,100000181,900000181,DL500181,DL500181,MEMBER-182,Nurse,Debt consolidation loan,Borrower-written description of the loan purpose.,287,https://example.com/loan/182
183,1861.81, 60 months,17.02%,A,A5,163674.77,19.94,RENT,MI,credit_card,Current,2,1,NA,93.63%,30,15,Verified,Sep-14,100000182,100000182,100000182,900000182,DL500182,DL500182,MEMBER-183,Nurse,Debt consolidation loan,Borrower-written description of the loan purpose.,115,https://example.com/loan/183
184,16868.72, 60 months,18.16%,C,C1,192525.61,0.56,OTHER,MI,moving,Fully Paid,4,1,NA,54.7%,1,42,Source Verified,Dec-09,100000183,100000183,100000183,900000183,DL500183,DL500183,MEMBER-184,Nurse,Debt consolidation loan,Borrower-written description of the loan purpose.,754,https://example.com/loan/184
185,25298.17, 60 months,12.0%,D,D3,103624.81,9.41,RENT,PA,home_improvement,Fully Paid,2,2,1,69.03%,13,41,Verified,Jun-15,100000184,100000184,100000184,900000184,DL500184,DL500184,MEMBER-185,Driver,Debt consolidation loan,Borrower-written description of the loan purpose.,521,https://example.com/loan/185
186,10928.81, 60 months,14.42%,E,E1,91625.16,22.05,NONE,OH,debt_consolidation,Current,4,2,NA,49.49%,25,2,Verified,Aug-16,100000185,100000185,100000185,900000185,DL500185,DL500185,MEMBER-186,Retail Associate,Debt consolidation loan,Borrower-written description of the loan purpose.,468,https://example.com/loan/186
187,3456.08, 36 months,11.73%,A,A2,155256.24,15.9,OTHER,MI,medical,Fully Paid,1,3,1,43.45%,25,7,Source Verified,Jan-08,100000186,100000186,100000186,900000186,DL500186,DL500186,MEMBER-187,Driver,Debt consolidation loan,Borrower-written description of the loan purpose.,815,https://example.com/loan/187
188,28910.45, 36 months,18.89%,A,A5,120780.87,24.03,RENT,MI,renewable_energy,Current,4,0,1,82.94%,8,56,Verified,Apr-10,100000187,100000187,100000187,900000187,DL500187,DL500187,MEMBER-188,Software Engineer,Debt consolidation loan,Borrower-written description of the loan purpose.,580,https://example.com/loan/188
189,34637.97, 36 months,7.76%,D,D1,199196.96,29.49,NONE,CA,renewable_energy,Charged Off,3,2,1,56.74%,25,58,Source Verified,Apr-08,100000188,100000188,100000188,900000188,DL500188,DL500188,MEMBER-189,Retail Associate,Debt consolidation loan,Borrower-written description of the loan purpose.,448,https://example.com/loan/189
190,25715.79, 60 months,6.15%,B,B3,54489.66,22.34,OWN,TX,debt_consolidation,Fully Paid,3,1,NA,22.87%,4,11,Verified,Sep-14,100000189,100000189,100000189,900000189,DL500189,DL500189,MEMBER-190,Software Engineer,Debt consolidation loan,Borrower-written description of the loan purpose.,443,https://example.com/loan/190
191,19256.77, 36 months,17.59%,E,E2,84561.49,12.28,OWN,NY,moving,Fully Paid,0,0,1,99.3%,19,40,Verified,May-17,100000190,100000190,100000190,900000190,DL500190,DL500190,MEMBER-191,Nurse,Debt consolidation loan,Borrower-written description of the loan purpose.,842,https://example.com/loan/191
192,27436.15, 36 months,12.68%,C,C3,140147.25,2.74,RENT,FL,major_purchase,Fully Paid,2,2,0,84.25%,8,41,Verified,May-10,100000191,100000191,100000191,900000191,DL500191,DL500191,MEMBER-192,Software Engineer,Debt consolidation loan,Borrower-written description of the loan purpose.,225,https://example.com/loan/192
193,16422.76, 60 months,13.06%,E,E4,109126.58,25.86,NONE,MI,wedding,Fully Paid,2,0,2,59.24%,24,10,Not Verified,Mar-18,100000192,100000192,100000192,900000192,DL500192,DL500192,MEMBER-193,Software Engineer,Debt consolidation loan,Borrower-written description of the loan purpose.,377,https://example.com/loan/193
194,11901.06, 36 months,18.56%,G,G2,132978.31,14.08,OTHER,IL,educational,Charged Off,4,1,1,32.39%,24,14,Not Verified,Dec-11,100000193,100000193,100000193,900000193,DL500193,DL500193,MEMBER-194,Software Engineer,Debt consolidation loan,Borrower-written description of the loan purpose.,150,https://example.com/loan/194
195,25998.71, 36 months,21.64%,A,A3,139497.26,18.52,OTHER,CA,renewable_energy,Current,2,3,2,21.66%,12,20,Source Verified,Nov-18,100000194,100000194,100000194,900000194,DL500194,DL500194,MEMBER-195,Driver,Debt consolidation loan,Borrower-written description of the loan purpose.,641,https://example.com/loan/195
196,30345.22, 36 months,8.49%,D,D4,81131.15,26.07,MORTGAGE,GA,debt_consolidation,Fully Paid,2,3,0,74.79%,10,2,Source Verified,Nov-13,100000195,100000195,100000195,900000195,DL500195,DL500195,MEMBER-196,Software Engineer,Debt consolidation loan,Borrower-written description of the loan purpose.,425,https://example.com/loan/196
197,24558.96, 60 months,12.0%,F,F3,126270.88,13.46,OWN,PA,wedding,Fully Paid,3,1,NA,10.91%,28,36,Source Verified,Sep-09,100000196,100000196,100000196,900000196,DL500196,DL500196,MEMBER-197,Retail Associate,Debt consolidation loan,Borrower-written description of the loan purpose.,521,https://example.com/loan/197
198,34948.2, 60 months,10.27%,C,C5,143925.82,2.89,NONE,CA,other,Fully Paid,4,3,NA,12.08%,15,18,Not Verified,Jan-17,100000197,100000197,100000197,900000197,DL500197,DL500197,MEMBER-198,Software Engineer,Debt consolidation loan,Borrower-written description of the loan purpose.,669,https://example.com/loan/198
199,7790.8, 36 months,10.65%,G,G2,145395.75,16.09,OWN,IL,car,Charged Off,2,1,NA,74.64%,11,48,Source Verified,Jan-10,100000198,100000198,100000198,900000198,DL500198,DL500198,MEMBER-199,Software Engineer,Debt consolidation loan,Borrower-written description of the loan purpose.,966,https://example.com/loan/199
200,23374.89, 36 months,17.8%,C,C2,43460.09,6.09,RENT,MI,medical,Fully Paid,0,0,2,81.93%,22,18,Source Verified,Aug-16,100000199,100000199,100000199,900000199,DL500199,DL500199,MEMBER-200,Driver,Debt consolidation loan,Borrower-written description of the loan purpose.,483,https://example.com/loan/200
201,18665.32, 60 months,5.71%,C,C2,95026.86,1.91,MORTGAGE,MI,educational,Fully Paid,4,2,NA,40.69%,29,31,Not Verified,Mar-11,100000200,100000200,100000200,900000200,DL500200,DL500200,MEMBER-201,Retail Associate,Debt consolidation loan,Borrower-written description of the loan purpose.,600,https://example.com/loan/201
202,7583.94, 60 months,16.25%,G,G5,24319.68,28.3,NONE,FL,debt_consolidation,Current,2,0,NA,36.82%,5,55,Not Verified,May-09,100000201,100000201,100000201,900000201,DL500201,DL500201,MEMBER-202,Nurse,Debt consolidation loan,Borrower-written description of the loan purpose.,194,https://example.com/loan/202
203,22380.9, 36 months,19.28%,C,C2,170108.25,8.57,RENT,NY,educational,Fully Paid,0,0,NA,88.91%,19,28,Not Verified,May-09,100000202,100000202,100000202,900000202,DL500202,DL500202,MEMBER-203,Retail Associate,Debt consolidation loan,Borrower-written description of the loan purpose.,493,https://example.com/loan/203
204,34040.35, 36 months,22.45%,C,C4,179014.13,19.89,RENT,NY,small_business,Fully Paid,3,3,2,60.18%,5,25,Not Verified,Jun-13,100000203,100000203,100000203,900000203,DL500203,DL500203,MEMBER-204,Software Engineer,Debt consolidation loan,Borrower-written description of the loan purpose.,310,https://example.com/loan/204
205,13177.48, 60 months,8.67%,A,A5,51430.84,9.7,RENT,CA,major_purchase,Fully Paid,0,1,0,55.04%,16,53,Source Verified,Jul-18,100000204,100000204,100000204,900000204,DL500204,DL500204,MEMBER-205,Driver,Debt consolidation loan,Borrower-written description of the loan purpose.,810,https://example.com/loan/205
206,20686.21, 36 months,12.05%,A,A4,47837.91,6.31,OTHER,TX,house,Current,4,0,1,61.3%,1,48,Verified,Feb-10,100000205,100000205,100000205,900000205,DL500205,DL500205,MEMBER-206,Driver,Debt consolidation loan,Borrower-written description of the loan purpose.,802,https://example.com/loan/206
207,23702.37, 36 months,18.75%,C,C2,150025.05,25.87,MORTGAGE,PA,house,Fully Paid,0,0,1,62.08%,1,17,Verified,Sep-14,100000206,100000206,100000206,900000206,DL500206,DL500206,MEMBER-207,Retail Associate,Debt consolidation loan,Borrower-written description of the loan purpose.,982,https://example.com/loan/207
208,33803.21, 36 months,21.22%,C,C4,185050.14,26.65,NONE,GA,debt_consolidation,Fully Paid,4,1,2,93.77%,11,4,Source Verified,Jul-10,100000207,100000207,100000207,900000207,DL500207,DL500207,MEMBER-208,Nurse,Debt consolidation loan,Borrower-written description of the loan purpose.,964,https://example.com/loan/208
209,4183.19, 36 months,10.23%,G,G3,197184.18,18.69,RENT,OH,car,Fully Paid,2,0,NA,85.34%,21,33,Source Verified,Nov-14,100000208,100000208,100000208,900000208,DL500208,DL500208,MEMBER-209,Retail Associate,Debt consolidation loan,Borrower-written description of the loan purpose.,302,https://example.com/loan/209
210,1467.04, 36 months,11.08%,G,G2,141331.48,2.71,OTHER,NY,debt_consolidation,Fully Paid,0,0,NA,28.92%,14,16,Verified,Nov-09,100000209,100000209,100000209,900000209,DL500209,DL500209,MEMBER-210,Nurse,Debt consolidation loan,Borrower-written description of the loan purpose.,752,https://example.com/loan/210
211,10031.03, 36 months,18.78%,E,E2,33561.93,22.8,OWN,TX,credit_card,Fully Paid,1,3,1,39.64%,19,47,Source Verified,Jul-10,100000210,100000210,100000210,900000210,DL500210,DL500210,MEMBER-211,Driver,Debt consolidation loan,Borrower-written description of the loan purpose.,404,https://example.com/loan/211
212,26354.22, 60 months,11.28%,G,G3,62727.56,22.43,OTHER,IL,educational,Current,2,2,1,56.95%,13,32,Source Verified,Jan-08,100000211,100000211,100000211,900000211,DL500211,DL500211,MEMBER-212,Nurse,Debt consolidation loan,Borrower-written description of the loan purpose.,426,https://example.com/loan/212
213,30035.53, 60 months,14.83%,C,C1,34488.32,28.17,OWN,CA,renewable_energy,Charged Off,0,2,0,2.49%,5,30,Verified,May-13,100000212,100000212,100000212,900000212,DL500212,DL500212,MEMBER-213,Nurse,Debt consolidation loan,Borrower-written description of the loan purpose.,968,https://example.com/loan/213
214,15809.66, 36 months,6.46%,F,F1,187146.81,1.45,MORTGAGE,OH,home_improvement,Fully Paid,3,0,2,13.98%,12,34,Verified,Jan-13,100000213,100000213,100000213,900000213,DL500213,DL500213,MEMBER-214,Driver,Debt consolidation loan,Borrower-written description of the loan purpose.,904,https://example.com/loan/214
215,26644.65, 36 months,17.89%,A,A1,20997.79,11.57,OTHER,IL,medical,Current,0,0,0,54.88%,4,54,Source Verified,Nov-16,100000214,100000214,100000214,900000214,DL500214,DL500214,MEMBER-215,Retail Associate,Debt consolidation loan,Borrower-written description of the loan purpose.,435,https://example.com/loan/215
216,30425.3, 36 months,16.63%,E,E5,128384.4,15.27,OWN,CA,wedding,Fully Paid,0,2,0,50.74%,30,55,Source Verified,Aug-12,100000215,100000215,100000215,900000215,DL500215,DL500215,MEMBER-216,Nurse,Debt consolidation loan,Borrower-written description of the loan purpose.,635,https://example.com/loan/216
217,6801.25, 36 months,19.3%,E,E1,114415.66,1.76,OTHER,NY,home_improvement,Fully Paid,0,2,NA,43.72%,6,46,Verified,Jun-15,100000216,100000216,100000216,900000216,DL500216,DL500216,MEMBER-217,Driver,Debt consolidation loan,Borrower-written description of the loan purpose.,507,https://example.com/loan/217
218,16028.19, 60 months,15.81%,B,B3,102288.71,24.37,NONE,NC,other,Fully Paid,2,3,0,51.55%,16,5,Not Verified,Feb-08,100000217,100000217,100000217,900000217,DL500217,DL500217,MEMBER-218,Software Engineer,Debt consolidation loan,Borrower-written description of the loan purpose.,536,https://example.com/loan/218
219,25963.44, 60 months,24.48%,B,B1,107394.94,25.8,NONE,MI,home_improvement,Fully Paid,3,2,NA,32.34%,12,54,Source Verified,Jan-18,100000218,100000218,100000218,900000218,DL500218,DL500218,MEMBER-219,Software Engineer,Debt consolidation loan,Borrower-written description of the loan purpose.,661,https://example.com/loan/219
220,28199.56, 60 months,17.2%,G,G4,97283.16,6.22,NONE,CA,debt_consolidation,Fully Paid,4,2,NA,36.86%,21,8,Not Verified,Oct-13,100000219,100000219,100000219,900000219,DL500219,DL500219,MEMBER-220,Software Engineer,Debt consolidation loan,Borrower-written description of the loan purpose.,244,https://example.com/loan/220
221,29367.0, 60 months,10.74%,E,E2,30044.48,29.63,RENT,NY,moving,Fully Paid,2,3,NA,88.1%,3,39,Source Verified,Nov-08,100000220,100000220,100000220,900000220,DL500220,DL500220,MEMBER-221,Nurse,Debt consolidation loan,Borrower-written description of the loan purpose.,859,https://example.com/loan/221
222,10822.23, 36 months,12.19%,B,B2,69535.12,9.75,NONE,MI,moving,Fully Paid,0,0,NA,83.71%,17,32,Source Verified,Dec-08,100000221,100000221,100000221,900000221,DL500221,DL500221,MEMBER-222,Software Engineer,Debt consolidation loan,Borrower-written description of the loan purpose.,247,https://example.com/loan/222
223,23498.07, 60 months,10.94%,D,D2,32594.92,17.37,RENT,FL,house,Fully Paid,2,0,NA,85.43%,24,42,Source Verified,Mar-12,100000222,100000222,100000222,900000222,DL500222,DL500222,MEMBER-223,Driver,Debt consolidation loan,Borrower-written description of the loan purpose.,530,https://example.com/loan/223
224,34198.11, 60 months,17.06%,D,D3,145955.19,17.29,RENT,CA,house,Charged Off,1,3,1,98.83%,14,16,Source Verified,Jul-10,100000223,100000223,100000223,900000223,DL500223,DL500223,MEMBER-224,Driver,Debt consolidation loan,Borrower-written description of the loan purpose.,942,https://example.com/loan/224
225,6471.47, 36 months,15.27%,D,D4,133296.53,14.27,RENT,CA,moving,Current,4,3,NA,19.38%,26,30,Verified,Dec-14,100000224,100000224,100000224,900000224,DL500224,DL500224,MEMBER-225,Driver,Debt consolidation loan,Borrower-written description of the loan purpose.,325,https://example.com/loan/225
226,12195.06, 60 months,15.46%,C,C4,141856.59,15.18,NONE,IL,home_improvement,Charged Off,1,0,0,46.58%,28,47,Not Verified,Aug-17,100000225,100000225,100000225,900000225,DL500225,DL500225,MEMBER-226,Software Engineer,Debt consolidation loan,Borrower-written description of the loan purpose.,611,https://example.com/loan/226
227,6082.01, 60 months,16.69%,G,G5,82502.24,7.44,MORTGAGE,NY,debt_consolidation,Current,3,3,NA,56.18%,10,21,Verified,Oct-09,100000226,100000226,100000226,900000226,DL500226,DL500226,MEMBER-227,Software Engineer,Debt consolidation loan,Borrower-written description of the loan purpose.,327,https://example.com/loan/227
228,31321.45, 60 months,18.53%,A,A5,44006.81,25.96,NONE,OH,debt_consolidation,Fully Paid,3,1,2,73.23%,10,60,Source Verified,Nov-12,100000227,100000227,100000227,900000227,DL500227,DL500227,MEMBER-228,Software Engineer,Debt consolidation loan,Borrower-written description of the loan purpose.,625,https://example.com/loan/228
229,12561.99, 36 months,6.82%,F,F5,173957.38,4.53,MORTGAGE,OH,renewable_energy,Current,0,3,2,86.57%,4,17,Not Verified,Sep-11,100000228,100000228,100000228,900000228,DL500228,DL500228,MEMBER-229,Nurse,Debt consolidation loan,Borrower-written description of the loan purpose.,231,https://example.com/loan/229
230,1000.24, 36 months,14.18%,A,A1,176472.85,16.13,MORTGAGE,NY,credit_card,Current,1,3,NA,40.93%,6,7,Source Verified,Dec-08,100000229,100000229,100000229,900000229,DL500229,DL500229,MEMBER-230,Software Engineer,Debt consolidation loan,Borrower-written description of the loan purpose.,437,https://example.com/loan/230
231,8175.93, 36 months,22.68%,B,B3,94097.42,3.42,MORTGAGE,IL,wedding,Fully Paid,4,0,2,87.61%,15,30,Verified,Jun-17,100000230,100000230,100000230,900000230,DL500230,DL500230,MEMBER-231,Nurse,Debt consolidation loan,Borrower-written description of the loan purpose.,232,https://example.com/loan/231
232,26280.65, 36 months,16.39%,B,B2,142462.74,19.29,NONE,CA,other,Fully Paid,0,2,2,39.26%,13,33,Verified,Aug-16,100000231,100000231,100000231,900000231,DL500231,DL500231,MEMBER-232,Nurse,Debt consolidation loan,Borrower-written description of the loan purpose.,985,https://example.com/loan/232
233,30377.73, 60 months,17.88%,G,G2,150813.15,9.8,MORTGAGE,GA,debt_consolidation,Charged Off,0,1,0,50.11%,6,4,Verified,Jan-17,100000232,100000232,100000232,900000232,DL500232,DL500232,MEMBER-233,Nurse,Debt consolidation loan,Borrower-written description of the loan purpose.,992,https://example.com/loan/233
234,926.93, 60 months,15.58%,G,G4,92412.3,24.36,OWN,FL,small_business,Current,3,2,2,35.05%,16,41,Not Verified,Jun-15,100000233,100000233,100000233,900000233,DL500233,DL500233,MEMBER-234,Retail Associate,Debt consolidation loan,Borrower-written description of the loan purpose.,475,https://example.com/loan/234
235,5990.78, 36 months,22.18%,D,D2,26158.04,1.38,OWN,NY,medical,Fully Paid,1,1,2,76.25%,6,25,Verified,Jul-11,100000234,100000234,100000234,900000234,DL500234,DL500234,MEMBER-235,Driver,Debt consolidation loan,Borrower-written description of the loan purpose.,196,https://example.com/loan/235
236,5104.09, 60 months,7.61%,A,A2,156544.78,17.35,RENT,PA,small_business,Current,4,0,NA,69.59%,21,26,Source Verified,Aug-15,100000235,100000235,100000235,900000235,DL500235,DL500235,MEMBER-236,Retail Associate,Debt consolidation loan,Borrower-written description of the loan purpose.,648,https://example.com/loan/236
237,11213.41, 60 months,10.01%,G,G1,113381.3,21.59,OWN,NY,credit_card,Fully Paid,2,3,NA,90.37%,13,56,Not Verified,Mar-16,100000236,100000236,100000236,900000236,DL500236,DL500236,MEMBER-237,Driver,Debt consolidation loan,Borrower-written description of the loan purpose.,480,https://example.com/loan/237
238,12738.96, 60 months,18.7%,E,E3,162788.89,1.52,RENT,GA,car,Fully Paid,3,2,0,31.97%,19,53,Verified,Feb-18,100000237,100000237,100000237,900000237,DL500237,DL500237,MEMBER-238,Driver,Debt consolidation loan,Borrower-written description of the loan purpose.,932,https://example.com/loan/238
239,9414.81, 60 months,6.72%,C,C5,166612.76,27.37,MORTGAGE,CA,car,Current,4,1,NA,65.41%,6,21,Not Verified,Sep-16,100000238,100000238,100000238,900000238,DL500238,DL500238,MEMBER-239,Driver,Debt consolidation loan,Borrower-written description of the loan purpose.,233,https://example.com/loan/239
240,20162.51, 60 months,18.21%,B,B4,175781.86,7.63,OTHER,NC,major_purchase,Fully Paid,1,1,1,61.74%,21,47,Verified,Oct-17,100000239,100000239,100000239,900000239,DL500239,DL500239,MEMBER-240,Retail Associate,Debt consolidation loan,Borrower-written description of the loan purpose.,111,https://example.com/loan/240
241,9676.15, 60 months,15.92%,A,A2,61468.01,20.56,OTHER,IL,educational,Fully Paid,2,3,2,97.94%,13,7,Verified,Jun-12,100000240,100000240,100000240,900000240,DL500240,DL500240,MEMBER-241,Driver,Debt consolidation loan,Borrower-written description of the loan purpose.,975,https://example.com/loan/241
242,5264.62, 60 months,10.44%,D,D4,195315.31,12.74,OTHER,MI,vacation,Current,3,0,NA,91.43%,12,22,Source Verified,Jan-17,100000241,100000241,100000241,900000241,DL500241,DL500241,MEMBER-242,Software Engineer,Debt consolidation loan,Borrower-written description of the loan purpose.,197,https://example.com/loan/242
243,26855.37, 60 months,9.18%,E,E5,102786.03,11.76,RENT,OH,educational,Fully Paid,3,3,NA,3.31%,15,21,Verified,Feb-18,100000242,100000242,100000242,900000242,DL500242,DL500242,MEMBER-243,Nurse,Debt consolidation loan,Borrower-written description of the loan purpose.,101,https://example.com/loan/243
244,34261.92, 36 months,5.76%,G,G1,127936.88,25.66,OTHER,IL,renewable_energy,Fully Paid,0,3,2,42.18%,30,40,Verified,Mar-08,100000243,100000243,100000243,900000243,DL500243,DL500243,MEMBER-244,Retail Associate,Debt consolidation loan,Borrower-written description of the loan purpose.,760,https://example.com/loan/244
245,7663.73, 60 months,13.79%,G,G4,111447.54,9.42,NONE,GA,car,Current,3,1,1,10.08%,25,17,Source Verified,Nov-15,100000244,100000244,100000244,900000244,DL500244,DL500244,MEMBER-245,Nurse,Debt consolidation loan,Borrower-written description of the loan purpose.,303,https://example.com/loan/245
246,22541.47, 60 months,22.96%,C,C5,129955.81,4.49,MORTGAGE,NC,moving,Current,1,3,NA,49.33%,2,11,Source Verified,May-16,100000245,100000245,100000245,900000245,DL500245,DL500245,MEMBER-246,Driver,Debt consolidation loan,Borrower-written description of the loan purpose.,898,https://example.com/loan/246
247,30071.75, 36 months,24.44%,B,B2,139592.42,6.47,NONE,MI,vacation,Fully Paid,3,2,0,24.75%,20,28,Not Verified,Apr-09,100000246,100000246,100000246,900000246,DL500246,DL500246,MEMBER-247,Driver,Debt consolidation loan,Borrower-written description of the loan purpose.,968,https://example.com/loan/247
248,27832.91, 60 months,22.87%,G,G4,39840.0,1.07,MORTGAGE,NC,small_business,Charged Off,3,0,NA,38.36%,17,25,Not Verified,Jan-08,100000247,100000247,100000247,900000247,DL500247,DL500247,MEMBER-248,Driver,Debt consolidation loan,Borrower-written description of the loan purpose.,353,https://example.com/loan/248
249,8202.99, 60 months,15.28%,D,D1,42028.8,6.06,MORTGAGE,IL,small_business,Current,4,3,1,70.56%,8,37,Source Verified,Aug-16,100000248,100000248,100000248,900000248,DL500248,DL500248,MEMBER-249,Software Engineer,Debt consolidation loan,Borrower-written description of the loan purpose.,443,https://example.com/loan/249
250,18547.7, 36 months,5.44%,A,A2,170009.15,6.24,NONE,IL,renewable_energy,Fully Paid,2,3,2,50.22%,8,16,Verified,Jan-08,100000249,100000249,100000249,900000249,DL500249,DL500249,MEMBER-250,Software Engineer,Debt consolidation loan,Borrower-written description of the loan purpose.,820,https://example.com/loan/250
251,2669.38, 60 months,17.65%,B,B5,60739.8,3.78,OWN,TX,wedding,Current,0,1,NA,78.94%,19,24,Verified,Apr-14,100000250,100000250,100000250,900000250,DL500250,DL500250,MEMBER-251,Nurse,Debt consolidation loan,Borrower-written description of the loan purpose.,517,https://example.com/loan/251
252,12477.0, 60 months,6.66%,F,F5,82371.24,3.78,OWN,CA,house,Fully Paid,4,2,0,27.14%,28,18,Source Verified,Jun-09,100000251,100000251,100000251,900000251,DL500251,DL500251,MEMBER-252,Retail Associate,Debt consolidation loan,Borrower-written description of the loan purpose.,560,https://example.com/loan/252
253,25994.17, 36 months,19.02%,C,C1,122974.34,9.23,MORTGAGE,CA,wedding,Current,2,2,1,93.43%,7,10,Verified,Aug-18,100000252,100000252,100000252,900000252,DL500252,DL500252,MEMBER-253,Software Engineer,Debt consolidation loan,Borrower-written description of the loan purpose.,245,https://example.com/loan/253
254,22939.94, 36 months,12.3%,F,F2,56844.1,23.16,RENT,IL,moving,Fully Paid,0,2,NA,19.39%,27,16,Source Verified,Sep-13,100000253,100000253,100000253,900000253,DL500253,DL500253,MEMBER-254,Nurse,Debt consolidation loan,Borrower-written description of the loan purpose.,116,https://example.com/loan/254
255,6553.72, 60 months,23.88%,C,C1,103222.62,24.01,NONE,IL,car,Charged Off,0,2,0,72.13%,5,3,Verified,Feb-14,100000254,100000254,100000254,900000254,DL500254,DL500254,MEMBER-255,Driver,Debt consolidation loan,Borrower-written description of the loan purpose.,783,https://example.com/loan/255
256,27616.4, 60 months,7.29%,B,B1,51970.6,10.02,RENT,GA,other,Fully Paid,2,1,1,91.0%,14,60,Source Verified,Mar-18,100000255,100000255,100000255,900000255,DL500255,DL500255,MEMBER-256,Software Engineer,Debt consolidation loan,Borrower-written description of the loan purpose.,375,https://example.com/loan/256
257,23926.19, 60 months,23.53%,D,D5,161559.52,5.43,OTHER,IL,credit_card,Current,1,0,0,10.66%,25,59,Not Verified,Oct-09,100000256,100000256,100000256,900000256,DL500256,DL500256,MEMBER-257,Nurse,Debt consolidation loan,Borrower-written description of the loan purpose.,849,https://example.com/loan/257
258,9835.21, 60 months,6.63%,E,E2,40606.52,28.56,RENT,TX,home_improvement,Fully Paid,1,0,NA,22.92%,10,15,Source Verified,May-18,100000257,100000257,100000257,900000257,DL500257,DL500257,MEMBER-258,Nurse,Debt consolidation loan,Borrower-written description of the loan purpose.,635,https://example.com/loan/258
259,8172.13, 60 months,23.49%,C,C5,101588.99,17.9,OWN,FL,vacation,Current,2,2,0,23.18%,16,54,Source Verified,Aug-16,100000258,100000258,100000258,900000258,DL500258,DL500258,MEMBER-259,Software Engineer,Debt consolidation loan,Borrower-written description of the loan purpose.,587,https://example.com/loan/259
260,19361.1, 60 months,19.63%,E,E2,80708.77,13.93,RENT,TX,other,Current,2,1,NA,73.37%,11,2,Source Verified,May-18,100000259,100000259,100000259,900000259,DL500259,DL500259,MEMBER-260,Software Engineer,Debt consolidation loan,Borrower-written description of the loan purpose.,867,https://example.com/loan/260
261,10608.96, 36 months,5.9%,A,A1,85856.38,26.82,OWN,TX,car,Fully Paid,4,0,NA,57.85%,7,57,Not Verified,Nov-14,100000260,100000260,100000260,900000260,DL500260,DL500260,MEMBER-261,Driver,Debt consolidation loan,Borrower-written description of the loan purpose.,193,https://example.com/loan/261
262,5631.77, 36 months,19.24%,A,A4,119018.71,28.51,RENT,IL,vacation,Charged Off,1,2,NA,48.02%,29,59,Verified,Feb-11,100000261,100000261,100000261,900000261,DL500261,DL500261,MEMBER-262,Retail Associate,Debt consolidation loan,Borrower-written description of the loan purpose.,220,https://example.com/loan/262
263,12398.54, 60 months,20.9%,G,G4,91739.08,16.68,OTHER,CA,wedding,Current,1,0,NA,34.73%,18,10,Not Verified,May-13,100000262,100000262,100000262,900000262,DL500262,DL500262,MEMBER-263,Software Engineer,Debt consolidation loan,Borrower-written description of the loan purpose.,716,https://example.com/loan/263
264,14627.28, 60 months,8.91%,G,G3,154393.06,11.98,MORTGAGE,GA,car,Fully Paid,1,0,NA,40.82%,30,52,Verified,Nov-12,100000263,100000263,100000263,900000263,DL500263,DL500263,MEMBER-264,Nurse,Debt consolidation loan,Borrower-written description of the loan purpose.,255,https://example.com/loan/264
265,28840.2, 60 months,13.61%,D,D3,128332.44,25.23,RENT,PA,educational,Current,3,0,0,59.83%,25,28,Not Verified,Nov-16,100000264,100000264,100000264,900000264,DL500264,DL500264,MEMBER-265,Nurse,Debt consolidation loan,Borrower-written description of the loan purpose.,388,https://example.com/loan/265
266,24865.57, 36 months,19.98%,A,A2,115498.19,3.34,OWN,TX,house,Fully Paid,3,3,2,84.35%,14,50,Not Verified,Oct-13,100000265,100000265,100000265,900000265,DL500265,DL500265,MEMBER-266,Nurse,Debt consolidation loan,Borrower-written description of the loan purpose.,560,https://example.com/loan/266
267,20719.62, 36 months,9.08%,A,A1,74561.07,7.51,OTHER,MI,vacation,Current,3,3,0,27.76%,5,34,Not Verified,Nov-13,100000266,100000266,100000266,900000266,DL500266,DL500266,MEMBER-267,Nurse,Debt consolidation loan,Borrower-written description of the loan purpose.,664,https://example.com/loan/267
268,14085.33, 36 months,6.57%,B,B1,36592.88,16.51,OWN,CA,vacation,Fully Paid,3,1,0,15.82%,21,59,Verified,Oct-12,100000267,100000267,100000267,900000267,DL500267,DL500267,MEMBER-268,Retail Associate,Debt consolidation loan,Borrower-written description of the loan purpose.,115,https://example.com/loan/268
269,23153.08, 60 months,14.69%,D,D3,22802.01,4.52,RENT,CA,debt_consolidation,Fully Paid,3,2,2,81.85%,23,27,Verified,Nov-15,100000268,100000268,100000268,900000268,DL500268,DL500268,MEMBER-269,Nurse,Debt consolidation loan,Borrower-written description of the loan purpose.,940,https://example.com/loan/269
270,22842.37, 60 months,13.22%,C,C4,61772.9,6.83,RENT,PA,vacation,Fully Paid,3,2,0,86.35%,14,60,Source Verified,Dec-09,100000269,100000269,100000269,900000269,DL500269,DL500269,MEMBER-270,Driver,Debt consolidation loan,Borrower-written description of the loan purpose.,127,https://example.com/loan/270
271,31981.41, 36 months,5.5%,A,A2,88744.79,1.77,RENT,GA,other,Fully Paid,0,1,2,30.23%,9,43,Source Verified,Aug-16,100000270,100000270,100000270,900000270,DL500270,DL500270,MEMBER-271,Software Engineer,Debt consolidation loan,Borrower-written description of the loan purpose.,898,https://example.com/loan/271
272,22961.74, 60 months,21.05%,A,A1,40847.88,16.49,RENT,GA,car,Fully Paid,2,2,2,5.98%,9,44,Source Verified,Oct-16,100000271,100000271,100000271,900000271,DL500271,DL500271,MEMBER-272,Retail Associate,Debt consolidation loan,Borrower-written description of the loan purpose.,396,https://example.com/loan/272
273,936.32, 60 months,11.67%,G,G1,96533.18,23.95,NONE,CA,moving,Charged Off,2,3,2,23.81%,7,47,Verified,Nov-10,100000272,100000272,100000272,900000272,DL500272,DL500272,MEMBER-273,Software Engineer,Debt consolidation loan,Borrower-written description of the loan purpose.,823,https://example.com/loan/273
274,26595.2, 36 months,20.95%,D,D1,25079.86,4.36,NONE,MI,vacation,Fully Paid,1,3,1,73.82%,1,9,Verified,Jan-10,100000273,100000273,100000273,900000273,DL500273,DL500273,MEMBER-274,Software Engineer,Debt consolidation loan,Borrower-written description of the loan purpose.,303,https://example.com/loan/274
275,5217.52, 60 months,14.13%,E,E4,128507.93,0.84,OTHER,PA,medical,Current,1,2,1,61.3%,24,56,Source Verified,Feb-12,100000274,100000274,100000274,900000274,DL500274,DL500274,MEMBER-275,Retail Associate,Debt consolidation loan,Borrower-written description of the loan purpose.,980,https://example.com/loan/275
276,18568.8, 60 months,11.36%,C,C1,79579.38,20.53,NONE,OH,moving,Current,3,3,0,2.29%,1,43,Source Verified,Jul-12,100000275,100000275,100000275,900000275,DL500275,DL500275,MEMBER-276,Software Engineer,Debt consolidation loan,Borrower-written description of the loan purpose.,342,https://example.com/loan/276
277,16507.48, 36 months,21.0%,E,E5,106650.07,15.86,RENT,CA,other,Current,1,2,0,87.12%,29,10,Not Verified,Mar-09,100000276,100000276,100000276,900000276,DL500276,DL500276,MEMBER-277,Software Engineer,Debt consolidation loan,Borrower-written description of the loan purpose.,967,https://example.com/loan/277
278,25921.0, 36 months,19.06%,C,C5,26698.06,26.69,NONE,PA,small_business,Fully Paid,2,0,0,83.4%,6,21,Source Verified,May-14,100000277,100000277,100000277,900000277,DL500277,DL500277,MEMBER-278,Nurse,Debt consolidation loan,Borrower-written description of the loan purpose.,486,https://example.com/loan/278
279,24816.41, 36 months,9.39%,C,C3,128038.69,8.38,OWN,NC,small_business,Fully Paid,3,0,NA,75.31%,28,51,Verified,Nov-18,100000278,100000278,100000278,900000278,DL500278,DL500278,MEMBER-279,Nurse,Debt consolidation loan,Borrower-written description of the loan purpose.,766,https://example.com/loan/279
280,29507.14, 60 months,13.51%,A,A2,194520.83,27.31,OWN,CA,credit_card,Fully Paid,0,2,2,17.8%,19,8,Not Verified,Mar-11,100000279,100000279,100000279,900000279,DL500279,DL500279,MEMBER-280,Retail Associate,Debt consolidation loan,Borrower-written description of the loan purpose.,183,https://example.com/loan/280
281,28828.9, 60 months,23.69%,B,B5,44148.47,13.38,MORTGAGE,FL,other,Current,4,1,1,85.07%,22,45,Not Verified,Aug-11,100000280,100000280,100000280,900000280,DL500280,DL500280,MEMBER-281,Retail Associate,Debt consolidation loan,Borrower-written description of the loan purpose.,498,https://example.com/loan/281
282,24439.82, 60 months,22.94%,D,D3,190180.12,0.02,OTHER,CA,debt_consolidation,Fully Paid,0,3,NA,86.01%,25,10,Source Verified,Jun-09,100000281,100000281,100000281,900000281,DL500281,DL500281,MEMBER-282,Driver,Debt consolidation loan,Borrower-written description of the loan purpose.,435,https://example.com/loan/282
283,21641.53, 60 months,13.55%,B,B1,71035.37,8.17,RENT,CA,debt_consolidation,Charged Off,0,3,0,68.08%,11,46,Source Verified,Sep-11,100000282,100000282,100000282,900000282,DL500282,DL500282,MEMBER-283,Nurse,Debt consolidation loan,Borrower-written description of the loan purpose.,498,https://example.com/loan/283
284,19531.98, 36 months,16.47%,E,E4,94126.99,27.46,NONE,PA,vacation,Fully Paid,1,2,1,48.33%,28,59,Verified,Jun-12,100000283,100000283,100000283,900000283,DL500283,DL500283,MEMBER-284,Nurse,Debt consolidation loan,Borrower-written description of the loan purpose.,841,https://example.com/loan/284
285,31858.79, 60 months,12.37%,A,A4,37085.58,17.13,RENT,NY,debt_consolidation,Fully Paid,2,0,2,36.35%,13,40,Source Verified,Jan-14,100000284,100000284,100000284,900000284,DL500284,DL500284,MEMBER-285,Nurse,Debt consolidation loan,Borrower-written description of the loan purpose.,542,https://example.com/loan/285
286,23175.45, 60 months,21.28%,A,A2,177048.55,19.26,RENT,IL,house,Fully Paid,2,0,0,38.94%,12,49,Verified,Mar-09,100000285,100000285,100000285,900000285,DL500285,DL500285,MEMBER-286,Software Engineer,Debt consolidation loan,Borrower-written description of the loan purpose.,175,https://example.com/loan/286
287,24148.83, 36 months,23.68%,B,B2,88342.0,12.49,RENT,MI,car,Fully Paid,1,2,1,26.63%,16,27,Source Verified,Sep-16,100000286,100000286,100000286,900000286,DL500286,DL500286,MEMBER-287,Retail Associate,Debt consolidation loan,Borrower-written description of the loan purpose.,200,https://example.com/loan/287
288,15404.62, 36 months,7.61%,F,F4,156853.91,5.55,NONE,MI,other,Fully Paid,0,0,NA,64.34%,1,39,Verified,Jun-12,100000287,100000287,100000287,900000287,DL500287,DL500287,MEMBER-288,Driver,Debt consolidation loan,Borrower-written description of the loan purpose.,714,https://example.com/loan/288
289,32095.2, 60 months,22.3%,G,G3,60171.31,28.61,MORTGAGE,TX,wedding,Fully Paid,0,2,1,90.39%,1,25,Not Verified,Feb-09,100000288,100000288,100000288,900000288,DL500288,DL500288,MEMBER-289,Retail Associate,Debt consolidation loan,Borrower-written description of the loan purpose.,341,https://example.com/loan/289
290,20578.86, 36 months,11.93%,F,F2,130490.89,16.15,NONE,FL,moving,Current,4,2,1,37.62%,21,37,Verified,Nov-14,100000289,100000289,100000289,900000289,DL500289,DL500289,MEMBER-290,Nurse,Debt consolidation loan,Borrower-written description of the loan purpose.,492,https://example.com/loan/290
291,1750.89, 60 months,12.23%,D,D2,47286.47,22.84,NONE,NC,debt_consolidation,Fully Paid,3,2,0,8.68%,5,10,Not Verified,Oct-14,100000290,100000290,100000290,900000290,DL500290,DL500290,MEMBER-291,Retail Associate,Debt consolidation loan,Borrower-written description of the loan purpose.,107,https://example.com/loan/291
292,16188.46, 36 months,5.69%,G,G3,55360.32,5.47,OWN,CA,small_business,Current,4,3,NA,68.45%,24,4,Not Verified,Aug-09,100000291,100000291,100000291,900000291,DL500291,DL500291,MEMBER-292,Driver,Debt consolidation loan,Borrower-written description of the loan purpose.,343,https://example.com/loan/292
293,7875.88, 60 months,19.35%,F,F2,48001.8,26.02,OWN,MI,major_purchase,Fully Paid,4,2,NA,62.94%,14,8,Verified,Mar-17,100000292,100000292,100000292,900000292,DL500292,DL500292,MEMBER-293,Driver,Debt consolidation loan,Borrower-written description of the loan purpose.,392,https://example.com/loan/293
294,10888.63, 60 months,9.3%,D,D3,61813.63,4.18,MORTGAGE,GA,educational,Current,0,3,NA,6.36%,4,27,Not Verified,Sep-12,100000293,100000293,100000293,900000293,DL500293,DL500293,MEMBER-294,Software Engineer,Debt consolidation loan,Borrower-written description of the loan purpose.,542,https://example.com/loan/294
295,25257.53, 36 months,20.66%,C,C3,79901.01,14.23,RENT,TX,major_purchase,Current,0,1,0,99.62%,23,35,Source Verified,Dec-11,100000294,100000294,100000294,900000294,DL500294,DL500294,MEMBER-295,Retail Associate,Debt consolidation loan,Borrower-written description of the loan purpose.,673,https://example.com/loan/295
296,3461.06, 36 months,16.28%,F,F3,117143.99,8.74,OWN,TX,moving,Fully Paid,3,1,NA,66.92%,10,41,Not Verified,Jun-14,100000295,100000295,100000295,900000295,DL500295,DL500295,MEMBER-296,Driver,Debt consolidation loan,Borrower-written description of the loan purpose.,170,https://example.com/loan/296
297,13908.82, 60 months,18.82%,A,A5,57163.64,2.92,MORTGAGE,IL,wedding,Current,2,3,NA,87.5%,14,54,Not Verified,Nov-14,100000296,100000296,100000296,900000296,DL500296,DL500296,MEMBER-297,Nurse,Debt consolidation loan,Borrower-written description of the loan purpose.,205,https://example.com/loan/297
298,12389.4, 60 months,12.3%,D,D4,64030.26,3.73,MORTGAGE,CA,house,Current,0,2,0,99.47%,21,39,Source Verified,Mar-09,100000297,100000297,100000297,900000297,DL500297,DL500297,MEMBER-298,Software Engineer,Debt consolidation loan,Borrower-written description of the loan purpose.,585,https://example.com/loan/298
299,14421.72, 60 months,23.77%,F,F4,36839.29,3.76,OWN,CA,vacation,Fully Paid,4,2,2,17.54%,15,53,Verified,Jan-12,100000298,100000298,100000298,900000298,DL500298,DL500298,MEMBER-299,Driver,Debt consolidation loan,Borrower-written description of the loan purpose.,743,https://example.com/loan/299
300,2699.24, 36 months,22.02%,D,D5,157238.2,11.75,OTHER,PA,debt_consolidation,Fully Paid,3,0,1,81.85%,3,14,Not Verified,Jun-13,100000299,100000299,100000299,900000299,DL500299,DL500299,MEMBER-300,Software Engineer,Debt consolidation loan,Borrower-written description of the loan purpose.,575,https://example.com/loan/300
301,19696.99, 60 months,16.27%,D,D3,24571.0,26.96,RENT,IL,educational,Fully Paid,2,3,2,91.47%,6,42,Source Verified,Jul-13,100000300,100000300,100000300,900000300,DL500300,DL500300,MEMBER-301,Nurse,Debt consolidation loan,Borrower-written description of the loan purpose.,933,https://example.com/loan/301
302,31423.7, 36 months,18.6%,E,E3,54269.98,5.12,OTHER,NC,other,Fully Paid,2,0,NA,14.19%,18,17,Not Verified,Nov-15,100000301,100000301,100000301,900000301,DL500301,DL500301,MEMBER-302,Driver,Debt consolidation loan,Borrower-written description of the loan purpose.,975,https://example.com/loan/302
303,23385.52, 60 months,8.95%,A,A1,173871.41,1.56,RENT,MI,moving,Current,1,1,1,51.9%,26,9,Verified,Feb-12,100000302,100000302,100000302,900000302,DL500302,DL500302,MEMBER-303,Nurse,Debt consolidation loan,Borrower-written description of the loan purpose.,663,https://example.com/loan/303
304,5004.24, 36 months,11.96%,E,E5,30349.45,20.42,MORTGAGE,MI,moving,Fully Paid,4,0,2,18.2%,9,46,Source Verified,Jun-10,100000303,100000303,100000303,900000303,DL500303,DL500303,MEMBER-304,Nurse,Debt consolidation loan,Borrower-written description of the loan purpose.,843,https://example.com/loan/304
305,23857.57, 60 months,8.35%,A,A2,24187.01,17.22,MORTGAGE,OH,house,Fully Paid,1,2,0,92.83%,18,46,Source Verified,Jan-16,100000304,100000304,100000304,900000304,DL500304,DL500304,MEMBER-305,Driver,Debt consolidation loan,Borrower-written description of the loan purpose.,249,https://example.com/loan/305
306,8106.99, 36 months,23.63%,E,E2,85100.82,21.75,NONE,TX,home_improvement,Fully Paid,1,0,2,79.1%,10,24,Verified,Jul-08,100000305,100000305,100000305,900000305,DL500305,DL500305,MEMBER-306,Nurse,Debt consolidation loan,Borrower-written description of the loan purpose.,555,https://example.com/loan/306
307,13508.07, 60 months,7.34%,D,D2,23265.11,8.22,NONE,NC,other,Fully Paid,0,0,2,70.21%,24,60,Source Verified,Jan-13,100000306,100000306,100000306,900000306,DL500306,DL500306,MEMBER-307,Nurse,Debt consolidation loan,Borrower-written description of the loan purpose.,741,https://example.com/loan/307
308,20811.34, 36 months,7.3%,F,F4,122235.17,18.17,OWN,OH,educational,Fully Paid,3,0,2,3.45%,2,39,Source Verified,Dec-08,100000307,100000307,100000307,900000307,DL500307,DL500307,MEMBER-308,Retail Associate,Debt consolidation loan,Borrower-written description of the loan purpose.,656,https://example.com/loan/308
309,27253.88, 36 months,21.54%,C,C5,43522.5,29.92,OTHER,CA,credit_card,Fully Paid,2,3,0,76.59%,15,30,Not Verified,Dec-10,100000308,100000308,100000308,900000308,DL500308,DL500308,MEMBER-309,Nurse,Debt consolidation loan,Borrower-written description of the loan purpose.,568,https://example.com/loan/309
310,27463.17, 60 months,7.23%,C,C1,100366.38,24.32,OWN,OH,medical,Current,2,0,1,28.59%,2,44,Source Verified,Jul-11,100000309,100000309,100000309,900000309,DL500309,DL500309,MEMBER-310,Software Engineer,Debt consolidation loan,Borrower-written description of the loan purpose.,782,https://example.com/loan/310
311,3511.84, 36 months,18.28%,A,A5,184766.76,9.97,RENT,FL,home_improvement,Charged Off,2,3,NA,77.4%,21,18,Not Verified,Sep-11,100000310,100000310,100000310,900000310,DL500310,DL500310,MEMBER-311,Retail Associate,Debt consolidation loan,Borrower-written description of the loan purpose.,339,https://example.com/loan/311
312,32477.86, 60 months,21.52%,G,G2,100249.61,18.02,RENT,GA,home_improvement,Fully Paid,4,1,2,9.09%,25,54,Verified,Jan-11,100000311,100000311,100000311,900000311,DL500311,DL500311,MEMBER-312,Retail Associate,Debt consolidation loan,Borrower-written description of the loan purpose.,199,https://example.com/loan/312
313,34765.2, 36 months,7.85%,D,D3,128106.24,6.74,OTHER,PA,educational,Fully Paid,2,2,1,86.98%,21,41,Verified,Jul-18,100000312,100000312,100000312,900000312,DL500312,DL500312,MEMBER-313,Driver,Debt consolidation loan,Borrower-written description of the loan purpose.,129,https://example.com/loan/313
314,13930.57, 36 months,14.54%,G,G1,109258.45,12.72,OTHER,MI,vacation,Current,0,2,NA,84.53%,23,60,Verified,Apr-15,100000313,100000313,100000313,900000313,DL500313,DL500313,MEMBER-314,Nurse,Debt consolidation loan,Borrower-written description of the loan purpose.,242,https://example.com/loan/314
315,9113.41, 36 months,23.69%,G,G1,55872.46,11.68,MORTGAGE,GA,car,Current,3,1,NA,57.39%,30,59,Verified,Dec-12,100000314,100000314,100000314,900000314,DL500314,DL500314,MEMBER-315,Retail Associate,Debt consolidation loan,Borrower-written description of the loan purpose.,750,https://example.com/loan/315
316,26892.85, 36 months,16.27%,E,E1,145790.84,14.65,OWN,GA,other,Current,1,2,NA,45.28%,1,12,Not Verified,Nov-17,100000315,100000315,100000315,900000315,DL500315,DL500315,MEMBER-316,Driver,Debt consolidation loan,Borrower-written description of the loan purpose.,571,https://example.com/loan/316
317,28004.38, 60 months,6.15%,A,A2,24030.96,8.04,OTHER,TX,renewable_energy,Fully Paid,4,3,0,98.67%,18,11,Verified,Jul-17,100000316,100000316,100000316,900000316,DL500316,DL500316,MEMBER-317,Retail Associate,Debt consolidation loan,Borrower-written description of the loan purpose.,476,https://example.com/loan/317
318,5012.67, 36 months,14.13%,F,F1,78953.67,28.13,OWN,PA,credit_card,Charged Off,1,1,2,8.17%,5,60,Source Verified,Jun-11,100000317,100000317,100000317,900000317,DL500317,DL500317,MEMBER-318,Driver,Debt consolidation loan,Borrower-written description of the loan purpose.,775,https://example.com/loan/318
319,7175.89, 36 months,20.74%,E,E5,92537.73,28.04,OWN,FL,major_purchase,Current,1,2,NA,68.18%,12,53,Source Verified,Aug-09,100000318,100000318,100000318,900000318,DL500318,DL500318,MEMBER-319,Driver,Debt consolidation loan,Borrower-written description of the loan purpose.,917,https://example.com/loan/319
320,23229.39, 36 months,7.52%,E,E4,178120.5,14.93,NONE,TX,house,Fully Paid,3,0,1,76.44%,24,11,Source Verified,Dec-14,100000319,100000319,100000319,900000319,DL500319,DL500319,MEMBER-320,Software Engineer,Debt consolidation loan,Borrower-written description of the loan purpose.,252,https://example.com/loan/320
321,8959.18, 60 months,8.74%,F,F5,66994.58,24.21,MORTGAGE,GA,credit_card,Current,3,3,2,82.62%,12,31,Verified,Nov-08,100000320,100000320,100000320,900000320,DL500320,DL500320,MEMBER-321,Driver,Debt consolidation loan,Borrower-written description of the loan purpose.,646,https://example.com/loan/321
322,9590.88, 36 months,15.5%,C,C5,145232.66,1.12,OTHER,IL,wedding,Fully Paid,2,2,NA,82.11%,24,11,Source Verified,Apr-14,100000321,100000321,100000321,900000321,DL500321,DL500321,MEMBER-322,Nurse,Debt consolidation loan,Borrower-written description of the loan purpose.,966,https://example.com/loan/322
323,13259.03, 36 months,14.19%,C,C4,128503.61,9.23,RENT,NC,moving,Current,1,0,NA,90.36%,7,39,Verified,Oct-15,100000322,100000322,100000322,900000322,DL500322,DL500322,MEMBER-323,Retail Associate,Debt consolidation loan,Borrower-written description of the loan purpose.,289,https://example.com/loan/323
324,18959.44, 60 months,16.68%,E,E4,27685.53,15.06,RENT,OH,house,Current,0,1,0,76.33%,12,55,Source Verified,Mar-12,100000323,100000323,100000323,900000323,DL500323,DL500323,MEMBER-324,Software Engineer,Debt consolidation loan,Borrower-written description of the loan purpose.,562,https://example.com/loan/324
325,33353.94, 36 months,22.93%,A,A2,144495.63,16.61,RENT,GA,educational,Fully Paid,4,2,2,3.68%,22,51,Not Verified,Aug-15,100000324,100000324,100000324,900000324,DL500324,DL500324,MEMBER-325,Software Engineer,Debt consolidation loan,Borrower-written description of the loan purpose.,835,https://example.com/loan/325
326,11600.1, 36 months,6.83%,A,A4,66350.05,25.28,NONE,GA,debt_consolidation,Fully Paid,3,0,0,44.85%,6,55,Source Verified,Aug-17,100000325,100000325,100000325,900000325,DL500325,DL500325,MEMBER-326,Nurse,Debt consolidation loan,Borrower-written description of the loan purpose.,841,https://example.com/loan/326
327,7534.69, 36 months,14.26%,B,B5,65611.22,26.34,RENT,MI,medical,Fully Paid,1,3,NA,11.0%,23,2,Source Verified,Mar-10,100000326,100000326,100000326,900000326,DL500326,DL500326,MEMBER-327,Driver,Debt consolidation loan,Borrower-written description of the loan purpose.,521,https://example.com/loan/327
328,12059.34, 36 months,19.11%,G,G4,99437.44,24.26,RENT,FL,home_improvement,Fully Paid,4,2,1,68.46%,4,18,Source Verified,Oct-16,100000327,100000327,100000327,900000327,DL500327,DL500327,MEMBER-328,Software Engineer,Debt consolidation loan,Borrower-written description of the loan purpose.,257,https://example.com/loan/328
329,13865.38, 36 months,16.26%,D,D3,60034.28,18.74,OWN,CA,other,Charged Off,0,0,NA,84.43%,12,32,Source Verified,Jun-15,100000328,100000328,100000328,900000328,DL500328,DL500328,MEMBER-329,Driver,Debt consolidation loan,Borrower-written description of the loan purpose.,208,https://example.com/loan/329
330,8483.45, 60 months,22.95%,B,B1,73721.49,28.75,OTHER,GA,credit_card,Fully Paid,0,2,0,72.0%,20,27,Not Verified,Jan-09,100000329,100000329,100000329,900000329,DL500329,DL500329,MEMBER-330,Nurse,Debt consolidation loan,Borrower-written description of the loan purpose.,492,https://example.com/loan/330
331,30110.25, 36 months,11.43%,G,G4,90963.32,1.06,NONE,TX,small_business,Current,3,1,NA,13.49%,10,13,Source Verified,Oct-14,100000330,100000330,100000330,900000330,DL500330,DL500330,MEMBER-331,Software Engineer,Debt consolidation loan,Borrower-written description of the loan purpose.,464,https://example.com/loan/331
332,22434.5, 60 months,14.61%,G,G3,139366.72,26.92,RENT,NY,moving,Current,4,3,2,0.59%,13,46,Source Verified,Mar-16,100000331,100000331,100000331,900000331,DL500331,DL500331,MEMBER-332,Software Engineer,Debt consolidation loan,Borrower-written description of the loan purpose.,524,https://example.com/loan/332
333,26710.24, 36 months,14.34%,D,D4,127887.93,22.57,NONE,OH,other,Current,3,1,1,42.1%,27,51,Not Verified,Jan-10,100000332,100000332,100000332,900000332,DL500332,DL500332,MEMBER-333,Software Engineer,Debt consolidation loan,Borrower-written description of the loan purpose.,921,https://example.com/loan/333
334,26625.22, 60 months,8.75%,B,B3,41555.47,16.86,RENT,GA,house,Charged Off,2,1,NA,76.79%,28,25,Verified,Jan-18,100000333,100000333,100000333,900000333,DL500333,DL500333,MEMBER-334,Driver,Debt consolidation loan,Borrower-written description of the loan purpose.,139,https://example.com/loan/334
335,33164.14, 36 months,22.61%,F,F4,199450.08,4.16,RENT,GA,moving,Current,1,2,0,55.86%,5,29,Not Verified,Oct-16,100000334,100000334,100000334,900000334,DL500334,DL500334,MEMBER-335,Driver,Debt consolidation loan,Borrower-written description of the loan purpose.,100,https://example.com/loan/335
336,7679.56, 36 months,23.2%,C,C3,61049.6,14.4,OTHER,FL,small_business,Fully Paid,0,1,NA,33.96%,26,15,Source Verified,Jul-14,100000335,100000335,100000335,900000335,DL500335,DL500335,MEMBER-336,Software Engineer,Debt consolidation loan,Borrower-written description of the loan purpose.,806,https://example.com/loan/336
337,3823.24, 36 months,8.65%,A,A4,57852.2,21.72,OWN,GA,wedding,Current,0,0,1,14.65%,6,25,Not Verified,Aug-09,100000336,100000336,100000336,900000336,DL500336,DL500336,MEMBER-337,Software Engineer,Debt consolidation loan,Borrower-written description of the loan purpose.,801,https://example.com/loan/337
338,5647.65, 60 months,9.91%,F,F3,189737.86,15.45,OWN,NC,small_business,Current,1,0,0,36.69%,21,5,Verified,Jun-14,100000337,100000337,100000337,900000337,DL500337,DL500337,MEMBER-338,Software Engineer,Debt consolidation loan,Borrower-written description of the loan purpose.,866,https://example.com/loan/338
339,13902.33, 60 months,10.45%,C,C4,104971.87,3.93,MORTGAGE,TX,credit_card,Current,0,0,NA,7.82%,5,15,Verified,Mar-14,100000338,100000338,100000338,900000338,DL500338,DL500338,MEMBER-339,Retail Associate,Debt consolidation loan,Borrower-written description of the loan purpose.,810,https://example.com/loan/339
340,21143.68, 60 months,22.03%,C,C3,93183.84,23.94,OTHER,PA,house,Current,1,0,0,92.61%,27,25,Verified,Aug-13,100000339,100000339,100000339,900000339,DL500339,DL500339,MEMBER-340,Driver,Debt consolidation loan,Borrower-written description of the loan purpose.,319,https://example.com/loan/340
341,20511.97, 60 months,23.5%,F,F5,135759.43,0.83,OTHER,CA,car,Current,3,3,NA,41.31%,15,7,Source Verified,Sep-16,100000340,100000340,100000340,900000340,DL500340,DL500340,MEMBER-341,Retail Associate,Debt consolidation loan,Borrower-written description of the loan purpose.,789,https://example.com/loan/341
342,16418.24, 60 months,11.26%,G,G1,59979.08,2.38,OTHER,NY,car,Fully Paid,1,2,2,67.59%,21,37,Source Verified,Mar-12,100000341,100000341,100000341,900000341,DL500341,DL500341,MEMBER-342,Software Engineer,Debt consolidation loan,Borrower-written description of the loan purpose.,393,https://example.com/loan/342
343,24710.54, 36 months,10.09%,D,D5,153767.13,14.77,OTHER,IL,house,Charged Off,3,2,2,30.7%,26,39,Verified,Jun-18,100000342,100000342,100000342,900000342,DL500342,DL500342,MEMBER-343,Driver,Debt consolidation loan,Borrower-written description of the loan purpose.,867,https://example.com/loan/343
344,14964.63, 60 months,19.98%,G,G3,59962.73,8.68,OWN,MI,home_improvement,Fully Paid,1,1,0,31.51%,13,30,Source Verified,May-11,100000343,100000343,100000343,900000343,DL500343,DL500343,MEMBER-344,Retail Associate,Debt consolidation loan,Borrower-written description of the loan purpose.,456,https://example.com/loan/344
345,13301.17, 36 months,17.69%,D,D1,82665.55,25.86,OWN,TX,debt_consolidation,Charged Off,1,0,2,54.71%,12,4,Verified,Mar-08,100000344,100000344,100000344,900000344,DL500344,DL500344,MEMBER-345,Retail Associate,Debt consolidation loan,Borrower-written description of the loan purpose.,777,https://example.com/loan/345
346,15586.98, 36 months,23.33%,C,C1,30667.62,15.42,OTHER,NC,car,Fully Paid,3,2,NA,60.74%,12,3,Verified,Jan-08,100000345,100000345,100000345,900000345,DL500345,DL500345,MEMBER-346,Nurse,Debt consolidation loan,Borrower-written description of the loan purpose.,698,https://example.com/loan/346
347,26397.45, 36 months,16.58%,B,B2,132769.96,27.9,OWN,OH,home_improvement,Fully Paid,0,2,1,94.22%,22,36,Not Verified,Jul-16,100000346,100000346,100000346,900000346,DL500346,DL500346,MEMBER-347,Retail Associate,Debt consolidation loan,Borrower-written description of the loan purpose.,113,https://example.com/loan/347
348,9810.85, 36 months,15.62%,F,F4,32083.81,3.85,NONE,NC,wedding,Fully Paid,0,1,2,78.89%,26,47,Verified,May-14,100000347,100000347,100000347,900000347,DL500347,DL500347,MEMBER-348,Nurse,Debt consolidation loan,Borrower-written description of the loan purpose.,686,https://example.com/loan/348
349,17616.79, 60 months,13.46%,C,C4,49266.21,22.32,OTHER,OH,wedding,Current,1,2,1,84.95%,19,47,Verified,Feb-18,100000348,100000348,100000348,900000348,DL500348,DL500348,MEMBER-349,Driver,Debt consolidation loan,Borrower-written description of the loan purpose.,891,https://example.com/loan/349
350,30546.64, 60 months,14.4%,A,A3,46246.89,25.28,OTHER,IL,small_business,Fully Paid,0,0,2,37.16%,16,29,Source Verified,Nov-18,100000349,100000349,100000349,900000349,DL500349,DL500349,MEMBER-350,Driver,Debt consolidation loan,Borrower-written description of the loan purpose.,348,https://example.com/loan/350
351,7363.47, 36 months,15.68%,C,C3,64226.93,17.51,OWN,IL,car,Fully Paid,2,1,2,98.32%,25,58,Verified,Apr-09,100000350,100000350,100000350,900000350,DL500350,DL500350,MEMBER-351,Nurse,Debt consolidation loan,Borrower-written description of the loan purpose.,732,https://example.com/loan/351
352,18106.07, 60 months,8.78%,D,D4,128564.81,25.47,RENT,NC,major_purchase,Fully Paid,2,1,0,78.47%,18,12,Source Verified,Mar-16,100000351,100000351,100000351,900000351,DL500351,DL500351,MEMBER-352,Nurse,Debt consolidation loan,Borrower-written description of the loan purpose.,196,https://example.com/loan/352
353,1143.75, 36 months,23.23%,D,D5,37183.95,5.16,OWN,GA,other,Fully Paid,1,0,NA,54.39%,27,46,Not Verified,Aug-18,100000352,100000352,100000352,900000352,DL500352,DL500352,MEMBER-353,Software Engineer,Debt consolidation loan,Borrower-written description of the loan purpose.,689,https://example.com/loan/353
354,13571.74, 60 months,12.09%,A,A5,155295.42,4.47,OWN,FL,house,Fully Paid,2,0,0,60.69%,11,32,Source Verified,May-14,100000353,100000353,100000353,900000353,DL500353,DL500353,MEMBER-354,Retail Associate,Debt consolidation loan,Borrower-written description of the loan purpose.,293,https://example.com/loan/354
355,11879.14, 36 months,12.59%,F,F4,40621.42,3.78,RENT,IL,car,Fully Paid,0,1,2,20.94%,8,39,Not Verified,Jan-16,100000354,100000354,100000354,900000354,DL500354,DL500354,MEMBER-355,Nurse,Debt consolidation loan,Borrower-written description of the loan purpose.,177,https://example.com/loan/355
356,26071.74, 36 months,17.1%,E,E4,42737.81,20.94,OWN,NC,car,Fully Paid,1,0,NA,25.9%,20,47,Not Verified,Jul-17,100000355,100000355,100000355,900000355,DL500355,DL500355,MEMBER-356,Software Engineer,Debt consolidation loan,Borrower-written description of the loan purpose.,683,https://example.com/loan/356
357,4011.17, 36 months,6.92%,C,C1,139040.5,28.47,MORTGAGE,GA,major_purchase,Fully Paid,0,0,1,87.07%,24,10,Not Verified,Sep-13,100000356,100000356,100000356,900000356,DL500356,DL500356,MEMBER-357,Nurse,Debt consolidation loan,Borrower-written description of the loan purpose.,111,https://example.com/loan/357
358,21671.71, 60 months,7.3%,A,A4,29683.01,19.85,RENT,GA,renewable_energy,Fully Paid,4,0,2,70.92%,18,7,Not Verified,Jul-10,100000357,100000357,100000357,900000357,DL500357,DL500357,MEMBER-358,Retail Associate,Debt consolidation loan,Borrower-written description of the loan purpose.,200,https://example.com/loan/358
359,18795.23, 36 months,24.34%,E,E3,45586.92,18.76,OTHER,FL,house,Current,2,2,0,66.06%,4,53,Verified,Jun-12,100000358,100000358,100000358,900000358,DL500358,DL500358,MEMBER-359,Driver,Debt consolidation loan,Borrower-written description of the loan purpose.,779,https://example.com/loan/359
360,16342.24, 36 months,16.37%,G,G3,20015.18,25.55,RENT,FL,renewable_energy,Charged Off,3,3,2,40.22%,21,30,Not Verified,Nov-08,100000359,100000359,100000359,900000359,DL500359,DL500359,MEMBER-360,Driver,Debt consolidation loan,Borrower-written description of the loan purpose.,777,https://example.com/loan/360
361,2183.28, 36 months,11.28%,A,A1,139507.03,12.09,NONE,NY,small_business,Fully Paid,4,2,2,8.76%,9,12,Not Verified,Dec-16,100000360,100000360,100000360,900000360,DL500360,DL500360,MEMBER-361,Nurse,Debt consolidation loan,Borrower-written description of the loan purpose.,877,https://example.com/loan/361
362,10544.84, 36 months,11.86%,D,D3,32852.26,9.01,OTHER,FL,car,Charged Off,4,1,1,53.27%,23,59,Source Verified,Apr-15,100000361,100000361,100000361,900000361,DL500361,DL500361,MEMBER-362,Retail Associate,Debt consolidation loan,Borrower-written description of the loan purpose.,370,https://example.com/loan/362
363,28270.22, 60 months,20.74%,G,G1,90058.07,0.2,MORTGAGE,FL,major_purchase,Fully Paid,3,0,1,20.54%,6,38,Verified,Dec-08,100000362,100000362,100000362,900000362,DL500362,DL500362,MEMBER-363,Nurse,Debt consolidation loan,Borrower-written description of the loan purpose.,217,https://example.com/loan/363
364,19821.89, 36 months,16.58%,D,D3,97952.54,11.57,MORTGAGE,FL,wedding,Fully Paid,4,3,1,34.33%,5,47,Source Verified,Apr-17,100000363,100000363,100000363,900000363,DL500363,DL500363,MEMBER-364,Software Engineer,Debt consolidation loan,Borrower-written description of the loan purpose.,690,https://example.com/loan/364
365,18837.18, 60 months,12.45%,B,B4,73170.15,3.54,NONE,CA,educational,Fully Paid,3,3,1,6.0%,7,2,Source Verified,Apr-16,100000364,100000364,100000364,900000364,DL500364,DL500364,MEMBER-365,Nurse,Debt consolidation loan,Borrower-written description of the loan purpose.,658,https://example.com/loan/365
366,25852.89, 36 months,11.6%,D,D3,154420.05,1.35,RENT,OH,vacation,Charged Off,4,3,NA,59.02%,8,52,Verified,May-16,100000365,100000365,100000365,900000365,DL500365,DL500365,MEMBER-366,Software Engineer,Debt consolidation loan,Borrower-written description of the loan purpose.,553,https://example.com/loan/366
367,565.9, 60 months,11.83%,B,B3,105873.61,6.58,OWN,MI,renewable_energy,Fully Paid,4,0,2,10.11%,8,56,Not Verified,Nov-18,100000366,100000366,100000366,900000366,DL500366,DL500366,MEMBER-367,Retail Associate,Debt consolidation loan,Borrower-written description of the loan purpose.,956,https://example.com/loan/367
368,20196.71, 36 months,13.77%,D,D5,58511.81,25.42,OWN,GA,major_purchase,Fully Paid,1,3,NA,63.95%,27,28,Not Verified,Apr-15,100000367,100000367,100000367,900000367,DL500367,DL500367,MEMBER-368,Nurse,Debt consolidation loan,Borrower-written description of the loan purpose.,246,https://example.com/loan/368
369,33504.38, 60 months,17.91%,A,A2,66134.9,3.49,MORTGAGE,OH,moving,Fully Paid,4,0,2,22.89%,24,4,Not Verified,Dec-12,100000368,100000368,100000368,900000368,DL500368,DL500368,MEMBER-369,Driver,Debt consolidation loan,Borrower-written description of the loan purpose.,120,https://example.com/loan/369
370,20912.2, 36 months,15.28%,D,D3,122437.55,28.35,MORTGAGE,FL,car,Fully Paid,3,1,1,73.2%,30,36,Verified,Oct-12,100000369,100000369,100000369,900000369,DL500369,DL500369,MEMBER-370,Driver,Debt consolidation loan,Borrower-written description of the loan purpose.,251,https://example.com/loan/370
371,21155.99, 36 months,17.99%,E,E4,63986.44,18.26,OTHER,NY,wedding,Current,4,1,0,52.78%,22,26,Source Verified,Mar-09,100000370,100000370,100000370,900000370,DL500370,DL500370,MEMBER-371,Nurse,Debt consolidation loan,Borrower-written description of the loan purpose.,665,https://example.com/loan/371
372,26011.23, 36 months,10.42%,D,D5,166913.64,16.55,MORTGAGE,NY,house,Charged Off,0,1,2,72.66%,15,23,Not Verified,Jan-16,100000371,100000371,100000371,900000371,DL500371,DL500371,MEMBER-372,Retail Associate,Debt consolidation loan,Borrower-written description of the loan purpose.,604,https://example.com/loan/372
373,19614.78, 60 months,7.57%,C,C1,88449.32,23.33,MORTGAGE,FL,medical,Fully Paid,2,2,NA,52.79%,25,47,Verified,Jul-12,100000372,100000372,100000372,900000372,DL500372,DL500372,MEMBER-373,Retail Associate,Debt consolidation loan,Borrower-written description of the loan purpose.,798,https://example.com/loan/373
374,9523.6, 36 months,21.58%,G,G5,51171.45,16.5,RENT,IL,major_purchase,Current,2,2,1,66.39%,29,2,Not Verified,Jan-09,100000373,100000373,100000373,900000373,DL500373,DL500373,MEMBER-374,Retail Associate,Debt consolidation loan,Borrower-written description of the loan purpose.,810,https://example.com/loan/374
375,11312.78, 36 months,8.12%,F,F2,119923.22,20.44,NONE,IL,wedding,Current,1,3,1,33.15%,16,24,Not Verified,Dec-14,100000374,100000374,100000374,900000374,DL500374,DL500374,MEMBER-375,Driver,Debt consolidation loan,Borrower-written description of the loan purpose.,544,https://example.com/loan/375
376,27429.13, 60 months,16.4%,B,B5,77707.91,9.17,OTHER,GA,moving,Fully Paid,0,0,2,42.19%,21,10,Source Verified,Oct-16,100000375,100000375,100000375,900000375,DL500375,DL500375,MEMBER-376,Retail Associate,Debt consolidation loan,Borrower-written description of the loan purpose.,631,https://example.com/loan/376
377,20133.74, 60 months,21.06%,D,D3,93936.13,17.01,NONE,OH,car,Fully Paid,0,0,1,56.83%,15,45,Not Verified,Sep-16,100000376,100000376,100000376,900000376,DL500376,DL500376,MEMBER-377,Nurse,Debt consolidation loan,Borrower-written description of the loan purpose.,987,https://example.com/loan/377
378,2226.27, 36 months,16.64%,G,G4,99499.7,0.57,MORTGAGE,OH,debt_consolidation,Current,1,1,NA,53.59%,27,7,Verified,Jan-14,100000377,100000377,100000377,900000377,DL500377,DL500377,MEMBER-378,Retail Associate,Debt consolidation loan,Borrower-written description of the loan purpose.,616,https://example.com/loan/378
379,23362.9, 60 months,17.34%,B,B5,63780.28,5.89,OTHER,NY,moving,Fully Paid,0,1,0,39.18%,13,6,Not Verified,Nov-16,100000378,100000378,100000378,900000378,DL500378,DL500378,MEMBER-379,Driver,Debt consolidation loan,Borrower-written description of the loan purpose.,780,https://example.com/loan/379
380,31362.92, 36 months,21.01%,E,E5,144709.28,8.68,OTHER,NC,wedding,Fully Paid,2,1,2,14.04%,8,60,Source Verified,Feb-17,100000379,100000379,100000379,900000379,DL500379,DL500379,MEMBER-380,Retail Associate,Debt consolidation loan,Borrower-written description of the loan purpose.,779,https://example.com/loan/380
381,2723.76, 36 months,10.93%,G,G3,40922.65,11.0,OTHER,NC,wedding,Current,0,2,NA,68.72%,10,2,Not Verified,Feb-17,100000380,100000380,100000380,900000380,DL500380,DL500380,MEMBER-381,Nurse,Debt consolidation loan,Borrower-written description of the loan purpose.,109,https://example.com/loan/381
382,31079.68, 36 months,13.47%,G,G3,54003.09,29.02,OWN,TX,debt_consolidation,Fully Paid,4,3,2,42.52%,3,42,Source Verified,Aug-13,100000381,100000381,100000381,900000381,DL500381,DL500381,MEMBER-382,Software Engineer,Debt consolidation loan,Borrower-written description of the loan purpose.,985,https://example.com/loan/382
383,22298.67, 60 months,21.62%,C,C5,154488.38,11.74,MORTGAGE,NY,house,Current,4,2,0,78.17%,22,44,Verified,Mar-17,100000382,100000382,100000382,900000382,DL500382,DL500382,MEMBER-383,Nurse,Debt consolidation loan,Borrower-written description of the loan purpose.,648,https://example.com/loan/383
384,31136.67, 36 months,7.85%,E,E5,51462.29,12.25,RENT,MI,house,Charged Off,0,1,0,74.65%,1,16,Not Verified,Mar-08,100000383,100000383,100000383,900000383,DL500383,DL500383,MEMBER-384,Driver,Debt consolidation loan,Borrower-written description of the loan purpose.,173,https://example.com/loan/384
385,7701.11, 60 months,11.78%,G,G4,183082.13,3.21,OWN,NY,car,Fully Paid,3,0,NA,72.96%,1,40,Source Verified,Feb-12,100000384,100000384,100000384,900000384,DL500384,DL500384,MEMBER-385,Nurse,Debt consolidation loan,Borrower-written description of the loan purpose.,783,https://example.com/loan/385
386,30917.84, 60 months,22.82%,D,D5,76715.24,14.32,RENT,FL,debt_consolidation,Fully Paid,1,3,0,72.09%,9,30,Not Verified,Jun-10,100000385,100000385,100000385,900000385,DL500385,DL500385,MEMBER-386,Retail Associate,Debt consolidation loan,Borrower-written description of the loan purpose.,798,https://example.com/loan/386
387,5515.17, 60 months,6.51%,A,A2,117072.49,10.42,MORTGAGE,GA,other,Fully Paid,3,3,0,26.32%,26,49,Verified,Apr-08,100000386,100000386,100000386,900000386,DL500386,DL500386,MEMBER-387,Software Engineer,Debt consolidation loan,Borrower-written description of the loan purpose.,619,https://example.com/loan/387
388,27823.33, 60 months,10.72%,F,F1,85330.89,1.67,MORTGAGE,PA,credit_card,Charged Off,1,1,1,80.38%,18,56,Source Verified,Mar-13,100000387,100000387,100000387,900000387,DL500387,DL500387,MEMBER-388,Driver,Debt consolidation loan,Borrower-written description of the loan purpose.,880,https://example.com/loan/388
389,12413.38, 36 months,13.14%,A,A3,142372.38,14.36,OTHER,NC,educational,Fully Paid,0,2,0,65.79%,13,9,Not Verified,Oct-17,100000388,100000388,100000388,900000388,DL500388,DL500388,MEMBER-389,Software Engineer,Debt consolidation loan,Borrower-written description of the loan purpose.,619,https://example.com/loan/389
390,7662.05, 36 months,9.52%,G,G2,162984.13,2.66,OWN,MI,medical,Fully Paid,0,3,2,35.98%,2,38,Not Verified,Oct-12,100000389,100000389,100000389,900000389,DL500389,DL500389,MEMBER-390,Driver,Debt consolidation loan,Borrower-written description of the loan purpose.,977,https://example.com/loan/390
391,25731.32, 36 months,16.04%,F,F4,65813.99,6.14,RENT,CA,major_purchase,Current,2,3,0,29.35%,9,2,Verified,Sep-12,100000390,100000390,100000390,900000390,DL500390,DL500390,MEMBER-391,Driver,Debt consolidation loan,Borrower-written description of the loan purpose.,650,https://example.com/loan/391
392,23810.85, 36 months,10.38%,F,F4,123711.6,21.14,MORTGAGE,IL,debt_consolidation,Current,3,3,1,17.97%,3,27,Not Verified,Aug-12,100000391,100000391,100000391,900000391,DL500391,DL500391,MEMBER-392,Nurse,Debt consolidation loan,Borrower-written description of the loan purpose.,726,https://example.com/loan/392
393,26942.22, 36 months,9.21%,B,B4,107154.5,28.53,RENT,FL,house,Current,3,3,2,54.62%,14,7,Verified,Sep-10,100000392,100000392,100000392,900000392,DL500392,DL500392,MEMBER-393,Nurse,Debt consolidation loan,Borrower-written description of the loan purpose.,664,https://example.com/loan/393
394,5409.93, 60 months,7.84%,F,F3,90268.72,19.9,NONE,IL,moving,Fully Paid,4,2,2,63.75%,15,54,Verified,Aug-16,100000393,100000393,100000393,900000393,DL500393,DL500393,MEMBER-394,Software Engineer,Debt consolidation loan,Borrower-written description of the loan purpose.,909,https://example.com/loan/394
395,27798.13, 60 months,6.97%,F,F2,178388.08,17.38,NONE,NC,other,Charged Off,4,0,0,36.93%,9,19,Verified,Nov-10,100000394,100000394,100000394,900000394,DL500394,DL500394,MEMBER-395,Software Engineer,Debt consolidation loan,Borrower-written description of the loan purpose.,968,https://example.com/loan/395
396,1498.04, 60 months,21.38%,F,F4,35594.59,9.12,OTHER,GA,house,Fully Paid,4,1,NA,41.83%,12,42,Source Verified,Aug-11,100000395,100000395,100000395,900000395,DL500395,DL500395,MEMBER-396,Driver,Debt consolidation loan,Borrower-written description of the loan purpose.,847,https://example.com/loan/396
397,27047.19, 60 months,5.78%,A,A3,101515.21,9.55,NONE,MI,other,Current,4,3,1,97.83%,24,7,Not Verified,Jun-15,100000396,100000396,100000396,900000396,DL500396,DL500396,MEMBER-397,Driver,Debt consolidation loan,Borrower-written description of the loan purpose.,811,https://example.com/loan/397
398,13064.53, 36 months,16.38%,A,A1,87966.55,2.02,RENT,GA,renewable_energy,Fully Paid,1,3,NA,19.91%,21,31,Verified,Mar-08,100000397,100000397,100000397,900000397,DL500397,DL500397,MEMBER-398,Driver,Debt consolidation loan,Borrower-written description of the loan purpose.,249,https://example.com/loan/398
399,20832.93, 36 months,17.09%,B,B3,143240.57,0.97,OWN,TX,moving,Fully Paid,2,1,1,39.99%,30,55,Verified,Mar-08,100000398,100000398,100000398,900000398,DL500398,DL500398,MEMBER-399,Driver,Debt consolidation loan,Borrower-written description of the loan purpose.,287,https://example.com/loan/399
400,34541.97, 36 months,17.99%,F,F3,34945.74,14.61,OTHER,MI,wedding,Fully Paid,0,2,1,8.82%,17,32,Verified,Apr-10,100000399,100000399,100000399,900000399,DL500399,DL500399,MEMBER-400,Software Engineer,Debt consolidation loan,Borrower-written description of the loan purpose.,468,https://example.com/loan/400
401,10596.36, 60 months,14.71%,E,E2,103608.61,19.56,OTHER,TX,car,Fully Paid,2,3,0,13.78%,22,5,Not Verified,Nov-15,100000400,100000400,100000400,900000400,DL500400,DL500400,MEMBER-401,Driver,Debt consolidation loan,Borrower-written description of the loan purpose.,598,https://example.com/loan/401
402,6398.16, 36 months,13.52%,F,F3,65847.47,29.34,OTHER,GA,home_improvement,Fully Paid,0,0,0,0.9%,24,20,Not Verified,Aug-08,100000401,100000401,100000401,900000401,DL500401,DL500401,MEMBER-402,Nurse,Debt consolidation loan,Borrower-written description of the loan purpose.,131,https://example.com/loan/402
403,24703.62, 36 months,20.06%,A,A2,80977.92,29.65,OWN,NC,debt_consolidation,Charged Off,0,1,0,89.59%,3,58,Source Verified,May-16,100000402,100000402,100000402,900000402,DL500402,DL500402,MEMBER-403,Retail Associate,Debt consolidation loan,Borrower-written description of the loan purpose.,755,https://example.com/loan/403
404,24487.0, 36 months,20.08%,F,F4,125521.36,1.34,OTHER,TX,vacation,Fully Paid,0,2,1,38.83%,20,5,Source Verified,Oct-11,100000403,100000403,100000403,900000403,DL500403,DL500403,MEMBER-404,Software Engineer,Debt consolidation loan,Borrower-written description of the loan purpose.,764,https://example.com/loan/404
405,12133.5, 36 months,21.88%,B,B5,34988.66,15.26,OTHER,NY,debt_consolidation,Fully Paid,2,3,NA,46.51%,7,3,Verified,Aug-12,100000404,100000404,100000404,900000404,DL500404,DL500404,MEMBER-405,Retail Associate,Debt consolidation loan,Borrower-written description of the loan purpose.,824,https://example.com/loan/405
406,7154.19, 60 months,21.74%,F,F1,58830.74,14.05,OWN,OH,educational,Fully Paid,0,2,2,46.97%,5,14,Source Verified,Mar-09,100000405,100000405,100000405,900000405,DL500405,DL500405,MEMBER-406,Driver,Debt consolidation loan,Borrower-written description of the loan purpose.,949,https://example.com/loan/406
407,33728.69, 36 months,21.01%,G,G4,154959.97,21.75,OTHER,OH,credit_card,Fully Paid,1,0,NA,71.31%,29,49,Source Verified,Sep-12,100000406,100000406,100000406,900000406,DL500406,DL500406,MEMBER-407,Retail Associate,Debt consolidation loan,Borrower-written description of the loan purpose.,691,https://example.com/loan/407
408,24071.65, 60 months,6.7%,D,D2,75190.01,24.36,MORTGAGE,FL,small_business,Current,0,1,2,55.18%,3,32,Verified,May-10,100000407,100000407,100000407,900000407,DL500407,DL500407,MEMBER-408,Retail Associate,Debt consolidation loan,Borrower-written description of the loan purpose.,130,https://example.com/loan/408
409,17544.81, 60 months,22.7%,B,B5,162247.13,13.89,OTHER,TX,small_business,Charged Off,2,0,1,64.97%,28,27,Verified,Jul-08,100000408,100000408,100000408,900000408,DL500408,DL500408,MEMBER-409,Software Engineer,Debt consolidation loan,Borrower-written description of the loan purpose.,258,https://example.com/loan/409
410,3001.5, 36 months,23.47%,C,C1,175467.45,16.32,OWN,CA,small_business,Current,1,0,NA,81.29%,10,30,Verified,May-18,100000409,100000409,100000409,900000409,DL500409,DL500409,MEMBER-410,Software Engineer,Debt consolidation loan,Borrower-written description of the loan purpose.,630,https://example.com/loan/410
411,16296.06, 36 months,11.75%,F,F2,22213.7,15.91,OWN,NY,other,Fully Paid,2,0,0,54.18%,29,21,Verified,Oct-18,100000410,100000410,100000410,900000410,DL500410,DL500410,MEMBER-411,Software Engineer,Debt consolidation loan,Borrower-written description of the loan purpose.,897,https://example.com/loan/411
412,34168.23, 60 months,15.52%,E,E5,72878.67,11.27,RENT,TX,renewable_energy,Fully Paid,3,2,1,36.46%,20,14,Not Verified,Feb-17,100000411,100000411,100000411,900000411,DL500411,DL500411,MEMBER-412,Nurse,Debt consolidation loan,Borrower-written description of the loan purpose.,238,https://example.com/loan/412
413,31184.59, 60 months,19.43%,B,B5,188022.28,8.46,MORTGAGE,MI,wedding,Current,0,0,NA,4.15%,14,5,Not Verified,May-13,100000412,100000412,100000412,900000412,DL500412,DL500412,MEMBER-413,Retail Associate,Debt consolidation loan,Borrower-written description of the loan purpose.,762,https://example.com/loan/413
414,27802.09, 36 months,13.13%,D,D2,187468.59,23.08,OWN,GA,house,Charged Off,3,2,0,78.88%,2,59,Verified,Apr-12,100000413,100000413,100000413,900000413,DL500413,DL500413,MEMBER-414,Retail Associate,Debt consolidation loan,Borrower-written description of the loan purpose.,872,https://example.com/loan/414
415,33299.83, 36 months,18.25%,G,G2,79793.08,27.41,OTHER,NC,renewable_energy,Fully Paid,4,2,2,60.6%,12,20,Verified,Jan-13,100000414,100000414,100000414,900000414,DL500414,DL500414,MEMBER-415,Retail Associate,Debt consolidation loan,Borrower-written description of the loan purpose.,930,https://example.com/loan/415
416,24009.06, 60 months,12.12%,C,C1,187928.23,20.71,MORTGAGE,CA,home_improvement,Charged Off,2,0,2,21.66%,22,6,Source Verified,Sep-16,100000415,100000415,100000415,900000415,DL500415,DL500415,MEMBER-416,Nurse,Debt consolidation loan,Borrower-written description of the loan purpose.,513,https://example.com/loan/416
417,14090.39, 60 months,10.9%,B,B1,159974.91,4.56,OWN,IL,small_business,Current,0,2,NA,37.18%,30,27,Source Verified,Jun-09,100000416,100000416,100000416,900000416,DL500416,DL500416,MEMBER-417,Nurse,Debt consolidation loan,Borrower-written description of the loan purpose.,857,https://example.com/loan/417
418,2831.25, 60 months,12.38%,G,G5,153642.84,16.54,NONE,IL,credit_card,Current,1,0,0,64.43%,23,23,Verified,Oct-09,100000417,100000417,100000417,900000417,DL500417,DL500417,MEMBER-418,Retail Associate,Debt consolidation loan,Borrower-written description of the loan purpose.,417,https://example.com/loan/418
419,27088.69, 36 months,16.64%,B,B4,49705.82,9.79,RENT,PA,medical,Fully Paid,4,3,NA,76.57%,3,16,Verified,Apr-12,100000418,100000418,100000418,900000418,DL500418,DL500418,MEMBER-419,Nurse,Debt consolidation loan,Borrower-written description of the loan purpose.,516,https://example.com/loan/419
420,34099.09, 36 months,17.32%,F,F4,34669.88,28.84,RENT,MI,vacation,Fully Paid,1,3,0,41.04%,19,3,Verified,Sep-13,100000419,100000419,100000419,900000419,DL500419,DL500419,MEMBER-420,Retail Associate,Debt consolidation loan,Borrower-written description of the loan purpose.,284,https://example.com/loan/420
421,22002.22, 60 months,6.34%,A,A1,55976.47,27.14,OWN,NC,medical,Charged Off,4,2,0,80.51%,4,25,Source Verified,Apr-16,100000420,100000420,100000420,900000420,DL500420,DL500420,MEMBER-421,Driver,Debt consolidation loan,Borrower-written description of the loan purpose.,564,https://example.com/loan/421
422,19988.42, 60 months,14.02%,A,A2,186227.51,24.9,OTHER,OH,house,Current,3,3,NA,66.53%,15,38,Source Verified,Jul-11,100000421,100000421,100000421,900000421,DL500421,DL500421,MEMBER-422,Nurse,Debt consolidation loan,Borrower-written description of the loan purpose.,294,https://example.com/loan/422
423,22864.89, 60 months,20.61%,E,E2,23387.24,9.44,RENT,PA,car,Fully Paid,1,2,NA,62.47%,4,12,Verified,Apr-09,100000422,100000422,100000422,900000422,DL500422,DL500422,MEMBER-423,Retail Associate,Debt consolidation loan,Borrower-written description of the loan purpose.,153,https://example.com/loan/423
424,11253.62, 36 months,10.27%,E,E4,140765.37,10.19,MORTGAGE,IL,home_improvement,Fully Paid,2,0,2,8.35%,10,53,Verified,Jun-13,100000423,100000423,100000423,900000423,DL500423,DL500423,MEMBER-424,Nurse,Debt consolidation loan,Borrower-written description of the loan purpose.,579,https://example.com/loan/424
425,12055.12, 36 months,13.56%,F,F1,166825.51,8.93,MORTGAGE,NC,medical,Current,3,1,NA,78.9%,24,13,Not Verified,Aug-09,100000424,100000424,100000424,900000424,DL500424,DL500424,MEMBER-425,Driver,Debt consolidation loan,Borrower-written description of the loan purpose.,337,https://example.com/loan/425
426,1450.02, 60 months,7.17%,A,A4,71205.47,9.86,OWN,GA,medical,Charged Off,3,3,1,38.08%,4,10,Not Verified,Aug-09,100000425,100000425,100000425,900000425,DL500425,DL500425,MEMBER-426,Nurse,Debt consolidation loan,Borrower-written description of the loan purpose.,607,https://example.com/loan/426
427,20732.23, 36 months,18.14%,G,G5,197186.48,24.17,OTHER,NY,moving,Fully Paid,0,3,NA,76.77%,23,7,Not Verified,Sep-15,100000426,100000426,100000426,900000426,DL500426,DL500426,MEMBER-427,Nurse,Debt consolidation loan,Borrower-written description of the loan purpose.,386,https://example.com/loan/427
428,8004.8, 36 months,17.44%,D,D4,66255.86,28.46,OWN,CA,educational,Fully Paid,1,1,1,33.44%,17,59,Verified,Dec-16,100000427,100000427,100000427,900000427,DL500427,DL500427,MEMBER-428,Driver,Debt consolidation loan,Borrower-written description of the loan purpose.,792,https://example.com/loan/428
429,10845.49, 36 months,12.96%,B,B5,69001.36,1.88,RENT,CA,car,Fully Paid,2,3,1,39.2%,13,17,Source Verified,Sep-16,100000428,100000428,100000428,900000428,DL500428,DL500428,MEMBER-429,Software Engineer,Debt consolidation loan,Borrower-written description of the loan purpose.,635,https://example.com/loan/429
430,6995.72, 60 months,22.46%,G,G1,92492.62,23.08,NONE,PA,credit_card,Fully Paid,0,2,2,87.74%,5,4,Source Verified,Dec-09,100000429,100000429,100000429,900000429,DL500429,DL500429,MEMBER-430,Nurse,Debt consolidation loan,Borrower-written description of the loan purpose.,821,https://example.com/loan/430
431,31602.03, 36 months,7.12%,B,B1,136623.5,14.81,OWN,NC,moving,Current,4,1,0,44.67%,1,4,Source Verified,Jan-12,100000430,100000430,100000430,900000430,DL500430,DL500430,MEMBER-431,Software Engineer,Debt consolidation loan,Borrower-written description of the loan purpose.,715,https://example.com/loan/431
432,30884.48, 60 months,13.49%,F,F2,105476.46,29.19,RENT,PA,renewable_energy,Fully Paid,2,1,NA,79.0%,11,30,Not Verified,Sep-15,100000431,100000431,100000431,900000431,DL500431,DL500431,MEMBER-432,Driver,Debt consolidation loan,Borrower-written description of the loan purpose.,814,https://example.com/loan/432
433,24250.03, 60 months,10.42%,A,A3,48116.77,10.13,MORTGAGE,CA,small_business,Fully Paid,2,0,NA,39.1%,5,16,Not Verified,May-16,100000432,100000432,100000432,900000432,DL500432,DL500432,MEMBER-433,Retail Associate,Debt consolidation loan,Borrower-written description of the loan purpose.,196,https://example.com/loan/433
434,32205.5, 60 months,21.61%,G,G3,107017.91,2.49,MORTGAGE,OH,educational,Current,2,2,0,6.36%,27,36,Verified,Sep-14,100000433,100000433,100000433,900000433,DL500433,DL500433,MEMBER-434,Nurse,Debt consolidation loan,Borrower-written description of the loan purpose.,491,https://example.com/loan/434
435,18947.16, 60 months,20.65%,C,C1,60324.14,21.61,OTHER,OH,wedding,Fully Paid,3,2,NA,29.89%,6,10,Source Verified,Nov-12,100000434,100000434,100000434,900000434,DL500434,DL500434,MEMBER-435,Retail Associate,Debt consolidation loan,Borrower-written description of the loan purpose.,217,https://example.com/loan/435
436,33411.53, 36 months,21.82%,C,C2,35156.09,5.86,MORTGAGE,GA,house,Fully Paid,4,2,1,95.91%,22,48,Verified,Feb-09,100000435,100000435,100000435,900000435,DL500435,DL500435,MEMBER-436,Retail Associate,Debt consolidation loan,Borrower-written description of the loan purpose.,675,https://example.com/loan/436
437,26355.71, 36 months,13.5%,E,E1,110885.33,5.79,NONE,TX,small_business,Current,2,3,0,35.41%,26,43,Source Verified,Nov-13,100000436,100000436,100000436,900000436,DL500436,DL500436,MEMBER-437,Nurse,Debt consolidation loan,Borrower-written description of the loan purpose.,259,https://example.com/loan/437
438,1421.45, 36 months,7.4%,D,D2,148372.16,8.37,MORTGAGE,FL,credit_card,Charged Off,2,1,1,7.9%,3,10,Source Verified,Aug-09,100000437,100000437,100000437,900000437,DL500437,DL500437,MEMBER-438,Software Engineer,Debt consolidation loan,Borrower-written description of the loan purpose.,100,https://example.com/loan/438
439,1547.92, 60 months,22.55%,E,E3,46533.57,13.21,MORTGAGE,IL,moving,Fully Paid,1,2,2,10.06%,14,25,Verified,Jul-11,100000438,100000438,100000438,900000438,DL500438,DL500438,MEMBER-439,Retail Associate,Debt consolidation loan,Borrower-written description of the loan purpose.,534,https://example.com/loan/439
440,5098.13, 60 months,9.51%,D,D4,199380.89,18.63,OWN,TX,educational,Fully Paid,2,1,NA,51.78%,7,14,Source Verified,Jul-14,100000439,100000439,100000439,900000439,DL500439,DL500439,MEMBER-440,Retail Associate,Debt consolidation loan,Borrower-written description of the loan purpose.,171,https://example.com/loan/440
441,13703.9, 60 months,8.03%,G,G5,156369.78,20.31,OTHER,NY,home_improvement,Current,1,3,0,3.8%,17,18,Source Verified,Feb-13,100000440,100000440,100000440,900000440,DL500440,DL500440,MEMBER-441,Nurse,Debt consolidation loan,Borrower-written description of the loan purpose.,414,https://example.com/loan/441
442,16610.27, 36 months,22.29%,B,B5,177969.85,22.15,MORTGAGE,CA,medical,Fully Paid,4,2,NA,74.01%,27,51,Verified,Jul-08,100000441,100000441,100000441,900000441,DL500441,DL500441,MEMBER-442,Nurse,Debt consolidation loan,Borrower-written description of the loan purpose.,779,https://example.com/loan/442
443,26956.17, 60 months,21.35%,F,F5,100284.84,9.93,RENT,GA,house,Charged Off,3,0,0,6.14%,22,25,Source Verified,May-16,100000442,100000442,100000442,900000442,DL500442,DL500442,MEMBER-443,Nurse,Debt consolidation loan,Borrower-written description of the loan purpose.,975,https://example.com/loan/443
444,29511.44, 36 months,21.65%,A,A1,35547.46,27.09,NONE,MI,vacation,Fully Paid,4,1,1,56.92%,15,11,Verified,Jan-16,100000443,100000443,100000443,900000443,DL500443,DL500443,MEMBER-444,Software Engineer,Debt consolidation loan,Borrower-written description of the loan purpose.,286,https://example.com/loan/444
445,4911.06, 60 months,8.85%,D,D3,77177.25,19.3,NONE,MI,house,Current,0,1,0,79.13%,5,41,Source Verified,Apr-09,100000444,100000444,100000444,900000444,DL500444,DL500444,MEMBER-445,Software Engineer,Debt consolidation loan,Borrower-written description of the loan purpose.,662,https://example.com/loan/445
446,16051.06, 36 months,14.57%,F,F1,159567.28,1.7,MORTGAGE,PA,debt_consolidation,Fully Paid,2,0,0,94.84%,10,34,Not Verified,Feb-17,100000445,100000445,100000445,900000445,DL500445,DL500445,MEMBER-446,Driver,Debt consolidation loan,Borrower-written description of the loan purpose.,162,https://example.com/loan/446
447,15904.72, 36 months,21.3%,D,D2,170001.48,1.74,OWN,GA,educational,Current,0,0,NA,14.57%,22,14,Not Verified,Jan-14,100000446,100000446,100000446,900000446,DL500446,DL500446,MEMBER-447,Retail Associate,Debt consolidation loan,Borrower-written description of the loan purpose.,378,https://example.com/loan/447
448,4633.02, 60 months,24.03%,G,G3,170521.54,12.0,RENT,IL,other,Current,4,3,2,71.84%,9,13,Not Verified,Dec-13,100000447,100000447,100000447,900000447,DL500447,DL500447,MEMBER-448,Nurse,Debt consolidation loan,Borrower-written description of the loan purpose.,885,https://example.com/loan/448
449,16784.52, 36 months,24.11%,C,C2,183470.35,20.32,OWN,MI,educational,Charged Off,2,3,1,66.3%,10,44,Not Verified,Sep-14,100000448,100000448,100000448,900000448,DL500448,DL500448,MEMBER-449,Retail Associate,Debt consolidation loan,Borrower-written description of the loan purpose.,677,https://example.com/loan/449
450,28827.7, 36 months,18.58%,F,F4,128741.51,16.77,OWN,NY,small_business,Charged Off,0,3,2,31.17%,20,23,Not Verified,Jun-16,100000449,100000449,100000449,900000449,DL500449,DL500449,MEMBER-450,Driver,Debt consolidation loan,Borrower-written description of the loan purpose.,430,https://example.com/loan/450
451,20769.28, 36 months,10.57%,B,B2,148267.29,12.67,OWN,FL,wedding,Charged Off,1,3,0,41.61%,17,27,Source Verified,Apr-12,100000450,100000450,100000450,900000450,DL500450,DL500450,MEMBER-451,Driver,Debt consolidation loan,Borrower-written description of the loan purpose.,309,https://example.com/loan/451
452,13998.1, 36 months,20.06%,A,A4,108132.35,20.83,NONE,IL,debt_consolidation,Fully Paid,4,0,1,86.17%,30,30,Source Verified,Aug-18,100000451,100000451,100000451,900000451,DL500451,DL500451,MEMBER-452,Retail Associate,Debt consolidation loan,Borrower-written description of the loan purpose.,295,https://example.com/loan/452
453,8225.26, 60 months,9.82%,D,D3,78141.49,0.96,MORTGAGE,FL,other,Current,2,0,NA,70.79%,15,57,Verified,Jan-16,100000452,100000452,100000452,900000452,DL500452,DL500452,MEMBER-453,Nurse,Debt consolidation loan,Borrower-written description of the loan purpose.,825,https://example.com/loan/453
454,20865.96, 60 months,12.11%,F,F5,70890.93,16.78,MORTGAGE,OH,home_improvement,Fully Paid,4,1,0,60.96%,23,28,Verified,Jan-17,100000453,100000453,100000453,900000453,DL500453,DL500453,MEMBER-454,Nurse,Debt consolidation loan,Borrower-written description of the loan purpose.,721,https://example.com/loan/454
455,29823.63, 60 months,21.78%,D,D3,45286.38,24.84,MORTGAGE,TX,educational,Current,2,3,1,51.69%,11,56,Source Verified,Feb-14,100000454,100000454,100000454,900000454,DL500454,DL500454,MEMBER-455,Retail Associate,Debt consolidation loan,Borrower-written description of the loan purpose.,936,https://example.com/loan/455
456,11300.61, 60 months,7.45%,G,G3,185719.25,2.58,MORTGAGE,NY,small_business,Current,3,2,NA,11.16%,3,2,Source Verified,Mar-08,100000455,100000455,100000455,900000455,DL500455,DL500455,MEMBER-456,Retail Associate,Debt consolidation loan,Borrower-written description of the loan purpose.,873,https://example.com/loan/456
457,31396.59, 60 months,15.58%,A,A2,135731.0,21.53,OTHER,PA,moving,Fully Paid,2,0,NA,35.7%,13,27,Source Verified,Jul-13,100000456,100000456,100000456,900000456,DL500456,DL500456,MEMBER-457,Nurse,Debt consolidation loan,Borrower-written description of the loan purpose.,142,https://example.com/loan/457
458,2439.94, 36 months,23.0%,D,D1,40328.29,23.57,OWN,IL,renewable_energy,Fully Paid,0,0,2,44.75%,17,9,Verified,Feb-12,100000457,100000457,100000457,900000457,DL500457,DL500457,MEMBER-458,Software Engineer,Debt consolidation loan,Borrower-written description of the loan purpose.,218,https://example.com/loan/458
459,13610.21, 60 months,21.09%,B,B2,41204.27,10.67,OWN,GA,home_improvement,Fully Paid,1,1,2,86.27%,20,19,Not Verified,Sep-18,100000458,100000458,100000458,900000458,DL500458,DL500458,MEMBER-459,Retail Associate,Debt consolidation loan,Borrower-written description of the loan purpose.,444,https://example.com/loan/459
460,6379.07, 36 months,15.25%,F,F1,67645.44,8.33,OTHER,PA,other,Fully Paid,1,3,1,48.7%,2,21,Source Verified,Jul-09,100000459,100000459,100000459,900000459,DL500459,DL500459,MEMBER-460,Driver,Debt consolidation loan,Borrower-written description of the loan purpose.,282,https://example.com/loan/460
461,7268.5, 60 months,6.15%,B,B2,51512.97,5.63,RENT,CA,vacation,Current,0,0,NA,34.34%,14,2,Source Verified,May-15,100000460,100000460,100000460,900000460,DL500460,DL500460,MEMBER-461,Retail Associate,Debt consolidation loan,Borrower-written description of the loan purpose.,493,https://example.com/loan/461
462,30018.81, 36 months,9.69%,F,F1,74798.08,19.38,MORTGAGE,NY,home_improvement,Fully Paid,3,3,NA,11.92%,14,21,Source Verified,Jan-09,100000461,100000461,100000461,900000461,DL500461,DL500461,MEMBER-462,Driver,Debt consolidation loan,Borrower-written description of the loan purpose.,163,https://example.com/loan/462
463,18029.59, 36 months,23.99%,B,B3,21816.95,25.85,MORTGAGE,OH,other,Fully Paid,0,2,1,28.99%,5,15,Source Verified,Aug-17,100000462,100000462,100000462,900000462,DL500462,DL500462,MEMBER-463,Driver,Debt consolidation loan,Borrower-written description of the loan purpose.,810,https://example.com/loan/463
464,32160.86, 36 months,12.21%,G,G4,121419.05,5.04,OTHER,IL,credit_card,Fully Paid,2,1,2,55.59%,16,7,Verified,Feb-11,100000463,100000463,100000463,900000463,DL500463,DL500463,MEMBER-464,Nurse,Debt consolidation loan,Borrower-written description of the loan purpose.,103,https://example.com/loan/464
465,6190.03, 36 months,12.67%,A,A4,143285.48,19.25,OWN,GA,house,Fully Paid,1,0,NA,73.39%,30,36,Not Verified,Jun-13,100000464,100000464,100000464,900000464,DL500464,DL500464,MEMBER-465,Nurse,Debt consolidation loan,Borrower-written description of the loan purpose.,865,https://example.com/loan/465
466,24625.6, 60 months,21.12%,D,D5,27276.17,28.61,NONE,OH,debt_consolidation,Current,2,2,NA,40.76%,5,41,Source Verified,Mar-11,100000465,100000465,100000465,900000465,DL500465,DL500465,MEMBER-466,Retail Associate,Debt consolidation loan,Borrower-written description of the loan purpose.,905,https://example.com/loan/466
467,2226.41, 36 months,8.72%,A,A1,50742.89,26.88,MORTGAGE,GA,vacation,Fully Paid,3,0,NA,94.58%,29,55,Not Verified,Jun-14,100000466,100000466,100000466,900000466,DL500466,DL500466,MEMBER-467,Driver,Debt consolidation loan,Borrower-written description of the loan purpose.,667,https://example.com/loan/467
468,20201.44, 36 months,13.26%,B,B5,199255.89,20.72,NONE,OH,small_business,Current,0,0,0,30.06%,15,6,Not Verified,Oct-11,100000467,100000467,100000467,900000467,DL500467,DL500467,MEMBER-468,Software Engineer,Debt consolidation loan,Borrower-written description of the loan purpose.,275,https://example.com/loan/468
469,4776.37, 60 months,14.47%,D,D3,187493.43,14.01,MORTGAGE,NC,wedding,Fully Paid,3,3,NA,64.43%,25,48,Source Verified,Mar-09,100000468,100000468,100000468,900000468,DL500468,DL500468,MEMBER-469,Driver,Debt consolidation loan,Borrower-written description of the loan purpose.,927,https://example.com/loan/469
470,5638.79, 60 months,13.55%,B,B3,68096.09,13.29,OWN,GA,small_business,Current,1,3,NA,18.81%,25,22,Not Verified,Dec-18,100000469,100000469,100000469,900000469,DL500469,DL500469,MEMBER-470,Retail Associate,Debt consolidation loan,Borrower-written description of the loan purpose.,474,https://example.com/loan/470
471,2841.36, 36 months,19.84%,A,A3,146402.91,13.13,NONE,PA,credit_card,Current,1,0,0,88.02%,10,23,Verified,Mar-15,100000470,100000470,100000470,900000470,DL500470,DL500470,MEMBER-471,Software Engineer,Debt consolidation loan,Borrower-written description of the loan purpose.,507,https://example.com/loan/471
472,10482.02, 60 months,22.45%,G,G1,175989.84,28.05,OTHER,OH,major_purchase,Fully Paid,0,1,1,40.91%,10,54,Verified,Jun-12,100000471,100000471,100000471,900000471,DL500471,DL500471,MEMBER-472,Software Engineer,Debt consolidation loan,Borrower-written description of the loan purpose.,229,https://example.com/loan/472
473,12808.91, 60 months,14.51%,F,F1,169848.87,1.42,RENT,CA,small_business,Current,4,1,2,57.02%,1,7,Source Verified,Feb-15,100000472,100000472,100000472,900000472,DL500472,DL500472,MEMBER-473,Driver,Debt consolidation loan,Borrower-written description of the loan purpose.,141,https://example.com/loan/473
474,28860.64, 60 months,16.65%,E,E5,115455.24,4.74,OWN,NY,credit_card,Charged Off,2,2,NA,0.13%,21,41,Verified,Jan-13,100000473,100000473,100000473,900000473,DL500473,DL500473,MEMBER-474,Software Engineer,Debt consolidation loan,Borrower-written description of the loan purpose.,817,https://example.com/loan/474
475,17251.8, 60 months,11.68%,G,G5,48068.26,25.63,NONE,CA,credit_card,Fully Paid,3,3,NA,21.89%,6,37,Not Verified,Jun-18,100000474,100000474,100000474,900000474,DL500474,DL500474,MEMBER-475,Retail Associate,Debt consolidation loan,Borrower-written description of the loan purpose.,851,https://example.com/loan/475
476,21519.6, 36 months,22.88%,F,F3,58859.02,1.02,RENT,GA,major_purchase,Fully Paid,3,3,NA,25.21%,12,54,Source Verified,Jul-10,100000475,100000475,100000475,900000475,DL500475,DL500475,MEMBER-476,Nurse,Debt consolidation loan,Borrower-written description of the loan purpose.,257,https://example.com/loan/476
477,15637.44, 36 months,18.16%,B,B4,168631.0,28.41,MORTGAGE,CA,house,Current,2,3,NA,46.66%,14,43,Not Verified,Sep-18,100000476,100000476,100000476,900000476,DL500476,DL500476,MEMBER-477,Nurse,Debt consolidation loan,Borrower-written description of the loan purpose.,229,https://example.com/loan/477
478,30411.72, 60 months,12.4%,E,E1,21462.67,1.11,OWN,NC,major_purchase,Charged Off,4,2,NA,93.91%,28,35,Source Verified,Nov-18,100000477,100000477,100000477,900000477,DL500477,DL500477,MEMBER-478,Software Engineer,Debt consolidation loan,Borrower-written description of the loan purpose.,614,https://example.com/loan/478
479,2591.16, 36 months,15.99%,F,F3,72447.46,6.05,NONE,MI,other,Current,2,3,1,39.36%,16,18,Not Verified,Jan-08,100000478,100000478,100000478,900000478,DL500478,DL500478,MEMBER-479,Nurse,Debt consolidation loan,Borrower-written description of the loan purpose.,496,https://example.com/loan/479
480,23887.72, 60 months,7.55%,F,F4,148928.18,6.96,RENT,CA,vacation,Charged Off,3,1,0,1.3%,30,48,Source Verified,Oct-13,100000479,100000479,100000479,900000479,DL500479,DL500479,MEMBER-480,Nurse,Debt consolidation loan,Borrower-written description of the loan purpose.,943,https://example.com/loan/480
481,15597.33, 36 months,16.41%,B,B4,77669.33,9.21,MORTGAGE,OH,medical,Charged Off,2,2,2,54.16%,28,35,Verified,Nov-13,100000480,100000480,100000480,900000480,DL500480,DL500480,MEMBER-481,Software Engineer,Debt consolidation loan,Borrower-written description of the loan purpose.,337,https://example.com/loan/481
482,25139.49, 36 months,20.14%,D,D2,75322.76,14.5,NONE,OH,renewable_energy,Current,2,1,NA,11.16%,20,4,Not Verified,Jan-15,100000481,100000481,100000481,900000481,DL500481,DL500481,MEMBER-482,Retail Associate,Debt consolidation loan,Borrower-written description of the loan purpose.,497,https://example.com/loan/482
483,30065.81, 36 months,14.54%,C,C2,119531.21,28.29,OTHER,IL,home_improvement,Fully Paid,3,1,2,26.22%,21,45,Verified,Sep-13,100000482,100000482,100000482,900000482,DL500482,DL500482,MEMBER-483,Software Engineer,Debt consolidation loan,Borrower-written description of the loan purpose.,686,https://example.com/loan/483
484,7144.49, 36 months,11.14%,G,G2,125784.79,13.01,RENT,CA,small_business,Fully Paid,3,1,1,56.38%,4,31,Source Verified,Apr-15,100000483,100000483,100000483,900000483,DL500483,DL500483,MEMBER-484,Nurse,Debt consolidation loan,Borrower-written description of the loan purpose.,166,https://example.com/loan/484
485,33289.91, 60 months,14.89%,B,B2,108983.85,24.9,NONE,OH,wedding,Fully Paid,4,0,1,56.83%,9,8,Not Verified,Aug-12,100000484,100000484,100000484,900000484,DL500484,DL500484,MEMBER-485,Retail Associate,Debt consolidation loan,Borrower-written description of the loan purpose.,769,https://example.com/loan/485
486,34189.79, 60 months,19.49%,G,G2,145530.94,0.06,RENT,NY,other,Fully Paid,1,3,0,5.62%,14,28,Not Verified,Dec-11,100000485,100000485,100000485,900000485,DL500485,DL500485,MEMBER-486,Software Engineer,Debt consolidation loan,Borrower-written description of the loan purpose.,246,https://example.com/loan/486
487,9412.34, 60 months,19.83%,B,B1,154400.44,15.36,RENT,IL,vacation,Current,0,0,1,35.3%,27,50,Not Verified,Oct-15,100000486,100000486,100000486,900000486,DL500486,DL500486,MEMBER-487,Driver,Debt consolidation loan,Borrower-written description of the loan purpose.,416,https://example.com/loan/487
488,16802.73, 36 months,20.47%,C,C3,195434.14,7.61,RENT,NY,vacation,Charged Off,0,0,0,92.9%,5,5,Not Verified,May-10,100000487,100000487,100000487,900000487,DL500487,DL500487,MEMBER-488,Driver,Debt consolidation loan,Borrower-written description of the loan purpose.,327,https://example.com/loan/488
489,23118.6, 36 months,18.28%,B,B4,190950.28,11.77,RENT,CA,house,Fully Paid,2,0,1,42.12%,17,60,Verified,Feb-08,100000488,100000488,100000488,900000488,DL500488,DL500488,MEMBER-489,Retail Associate,Debt consolidation loan,Borrower-written description of the loan purpose.,349,https://example.com/loan/489
490,12272.21, 60 months,14.96%,F,F4,191853.78,3.09,RENT,FL,other,Charged Off,4,2,1,70.31%,2,32,Verified,Sep-18,100000489,100000489,100000489,900000489,DL500489,DL500489,MEMBER-490,Driver,Debt consolidation loan,Borrower-written description of the loan purpose.,530,https://example.com/loan/490
491,6136.02, 60 months,6.35%,E,E4,147574.86,18.53,RENT,TX,vacation,Current,2,3,0,67.34%,11,42,Not Verified,Mar-16,100000490,100000490,100000490,900000490,DL500490,DL500490,MEMBER-491,Software Engineer,Debt consolidation loan,Borrower-written description of the loan purpose.,732,https://example.com/loan/491
492,16892.7, 36 months,11.25%,D,D5,141109.86,10.34,OTHER,FL,major_purchase,Fully Paid,0,3,1,28.84%,4,16,Source Verified,Jun-11,100000491,100000491,100000491,900000491,DL500491,DL500491,MEMBER-492,Retail Associate,Debt consolidation loan,Borrower-written description of the loan purpose.,363,https://example.com/loan/492
493,1633.9, 60 months,12.2%,D,D2,137540.17,5.37,MORTGAGE,OH,other,Current,1,3,2,66.24%,19,2,Source Verified,Jul-15,100000492,100000492,100000492,900000492,DL500492,DL500492,MEMBER-493,Nurse,Debt consolidation loan,Borrower-written description of the loan purpose.,496,https://example.com/loan/493
494,4901.02, 36 months,16.47%,C,C1,157173.57,24.46,OWN,OH,wedding,Fully Paid,2,0,0,91.79%,24,30,Source Verified,Apr-14,100000493,100000493,100000493,900000493,DL500493,DL500493,MEMBER-494,Driver,Debt consolidation loan,Borrower-written description of the loan purpose.,242,https://example.com/loan/494
495,17821.1, 60 months,24.38%,E,E3,105493.76,2.49,MORTGAGE,PA,moving,Charged Off,4,0,0,36.96%,30,39,Verified,Aug-16,100000494,100000494,100000494,900000494,DL500494,DL500494,MEMBER-495,Nurse,Debt consolidation loan,Borrower-written description of the loan purpose.,865,https://example.com/loan/495
496,10579.85, 60 months,5.71%,E,E1,35182.52,29.04,OTHER,CA,moving,Fully Paid,3,2,2,91.62%,4,34,Verified,Oct-09,100000495,100000495,100000495,900000495,DL500495,DL500495,MEMBER-496,Software Engineer,Debt consolidation loan,Borrower-written description of the loan purpose.,557,https://example.com/loan/496
497,14194.42, 60 months,17.5%,F,F4,119493.94,23.03,OTHER,IL,credit_card,Current,2,3,1,53.19%,19,55,Not Verified,Jan-17,100000496,100000496,100000496,900000496,DL500496,DL500496,MEMBER-497,Nurse,Debt consolidation loan,Borrower-written description of the loan purpose.,563,https://example.com/loan/497
498,6720.23, 60 months,6.22%,B,B2,32297.01,23.56,RENT,FL,wedding,Fully Paid,2,2,NA,39.27%,13,17,Not Verified,May-12,100000497,100000497,100000497,900000497,DL500497,DL500497,MEMBER-498,Retail Associate,Debt consolidation loan,Borrower-written description of the loan purpose.,878,https://example.com/loan/498
499,2220.97, 60 months,18.32%,C,C1,178558.8,26.97,NONE,GA,vacation,Fully Paid,0,0,1,51.71%,10,19,Source Verified,Oct-18,100000498,100000498,100000498,900000498,DL500498,DL500498,MEMBER-499,Retail Associate,Debt consolidation loan,Borrower-written description of the loan purpose.,592,https://example.com/loan/499
500,28902.71, 36 months,11.45%,A,A5,87286.29,19.1,MORTGAGE,NC,house,Fully Paid,2,2,NA,72.73%,18,50,Verified,Feb-09,100000499,100000499,100000499,900000499,DL500499,DL500499,MEMBER-500,Retail Associate,Debt consolidation loan,Borrower-written description of the loan purpose.,664,https://example.com/loan/500
501,30061.55, 36 months,7.2%,A,A2,64750.7,14.88,NONE,PA,wedding,Current,0,1,NA,47.03%,16,6,Source Verified,Feb-18,100000500,100000500,100000500,900000500,DL500500,DL500500,MEMBER-501,Nurse,Debt consolidation loan,Borrower-written description of the loan purpose.,841,https://example.com/loan/501
502,29986.58, 36 months,13.98%,A,A4,57593.01,22.74,OWN,OH,debt_consolidation,Fully Paid,2,3,NA,97.43%,6,25,Source Verified,Dec-12,100000501,100000501,100000501,900000501,DL500501,DL500501,MEMBER-502,Retail Associate,Debt consolidation loan,Borrower-written description of the loan purpose.,382,https://example.com/loan/502
503,16136.28, 60 months,22.02%,B,B5,183883.87,15.73,OTHER,CA,wedding,Fully Paid,1,2,1,37.07%,23,38,Verified,Jul-09,100000502,100000502,100000502,900000502,DL500502,DL500502,MEMBER-503,Retail Associate,Debt consolidation loan,Borrower-written description of the loan purpose.,832,https://example.com/loan/503
504,11257.7, 60 months,21.78%,B,B5,131407.55,26.0,OTHER,FL,small_business,Charged Off,0,0,1,24.08%,26,25,Not Verified,Nov-18,100000503,100000503,100000503,900000503,DL500503,DL500503,MEMBER-504,Driver,Debt consolidation loan,Borrower-written description of the loan purpose.,885,https://example.com/loan/504
505,7871.73, 60 months,8.54%,G,G2,159388.99,11.5,OWN,NC,wedding,Fully Paid,3,0,0,19.7%,27,38,Source Verified,Jan-10,100000504,100000504,100000504,900000504,DL500504,DL500504,MEMBER-505,Retail Associate,Debt consolidation loan,Borrower-written description of the loan purpose.,115,https://example.com/loan/505
506,17812.37, 60 months,18.11%,F,F3,118004.65,6.84,OTHER,OH,wedding,Fully Paid,1,0,NA,71.52%,11,6,Not Verified,Sep-15,100000505,100000505,100000505,900000505,DL500505,DL500505,MEMBER-506,Retail Associate,Debt consolidation loan,Borrower-written description of the loan purpose.,183,https://example.com/loan/506
507,26084.75, 36 months,9.28%,E,E1,79745.83,28.16,RENT,CA,renewable_energy,Charged Off,2,0,2,60.56%,27,6,Not Verified,Nov-08,100000506,100000506,100000506,900000506,DL500506,DL500506,MEMBER-507,Software Engineer,Debt consolidation loan,Borrower-written description of the loan purpose.,537,https://example.com/loan/507
508,12202.82, 60 months,11.75%,B,B1,65768.18,22.8,OTHER,TX,major_purchase,Fully Paid,4,3,NA,56.08%,19,51,Source Verified,Feb-10,100000507,100000507,100000507,900000507,DL500507,DL500507,MEMBER-508,Driver,Debt consolidation loan,Borrower-written description of the loan purpose.,708,https://example.com/loan/508
509,12233.95, 60 months,21.96%,E,E1,90794.56,28.73,OWN,PA,renewable_energy,Fully Paid,1,2,1,82.05%,1,18,Not Verified,Apr-17,100000508,100000508,100000508,900000508,DL500508,DL500508,MEMBER-509,Software Engineer,Debt consolidation loan,Borrower-written description of the loan purpose.,591,https://example.com/loan/509
510,19197.15, 36 months,12.09%,C,C1,176910.94,18.64,OTHER,NC,debt_consolidation,Fully Paid,2,2,1,66.36%,25,39,Source Verified,Nov-18,100000509,100000509,100000509,900000509,DL500509,DL500509,MEMBER-510,Retail Associate,Debt consolidation loan,Borrower-written description of the loan purpose.,514,https://example.com/loan/510
511,26161.48, 60 months,9.26%,E,E3,96014.02,3.89,RENT,GA,wedding,Charged Off,0,3,NA,77.79%,22,8,Not Verified,Oct-14,100000510,100000510,100000510,900000510,DL500510,DL500510,MEMBER-511,Retail Associate,Debt consolidation loan,Borrower-written description of the loan purpose.,572,https://example.com/loan/511
512,30643.11, 60 months,13.21%,A,A1,122201.39,7.74,OWN,GA,wedding,Fully Paid,1,1,0,89.86%,29,50,Source Verified,Jan-13,100000511,100000511,100000511,900000511,DL500511,DL500511,MEMBER-512,Retail Associate,Debt consolidation loan,Borrower-written description of the loan purpose.,479,https://example.com/loan/512
513,3387.16, 36 months,11.97%,A,A5,177691.98,29.23,OWN,NY,wedding,Fully Paid,4,3,NA,89.81%,18,44,Verified,Feb-13,100000512,100000512,100000512,900000512,DL500512,DL500512,MEMBER-513,Driver,Debt consolidation loan,Borrower-written description of the loan purpose.,846,https://example.com/loan/513
514,26154.84, 60 months,18.16%,E,E4,38176.19,15.36,OWN,CA,car,Fully Paid,2,2,1,93.83%,18,47,Source Verified,Feb-16,100000513,100000513,100000513,900000513,DL500513,DL500513,MEMBER-514,Driver,Debt consolidation loan,Borrower-written description of the loan purpose.,303,https://example.com/loan/514
515,5821.05, 60 months,16.34%,C,C1,199159.98,19.42,RENT,TX,car,Fully Paid,3,1,NA,61.39%,28,51,Source Verified,Feb-14,100000514,100000514,100000514,900000514,DL500514,DL500514,MEMBER-515,Nurse,Debt consolidation loan,Borrower-written description of the loan purpose.,267,https://example.com/loan/515
516,30210.16, 36 months,9.76%,B,B2,48332.26,8.67,OTHER,NC,house,Current,3,0,1,51.58%,4,22,Not Verified,Jan-16,100000515,100000515,100000515,900000515,DL500515,DL500515,MEMBER-516,Driver,Debt consolidation loan,Borrower-written description of the loan purpose.,592,https://example.com/loan/516
517,9464.64, 60 months,17.88%,E,E4,47654.27,27.04,OWN,TX,house,Fully Paid,1,3,2,6.9%,9,41,Source Verified,May-14,100000516,100000516,100000516,900000516,DL500516,DL500516,MEMBER-517,Driver,Debt consolidation loan,Borrower-written description of the loan purpose.,752,https://example.com/loan/517
518,6170.37, 60 months,12.72%,A,A4,135499.52,20.44,MORTGAGE,MI,house,Fully Paid,1,0,NA,6.67%,19,5,Source Verified,Sep-08,100000517,100000517,100000517,900000517,DL500517,DL500517,MEMBER-518,Nurse,Debt consolidation loan,Borrower-written description of the loan purpose.,218,https://example.com/loan/518
519,30074.64, 36 months,12.54%,F,F4,182314.4,10.38,OTHER,CA,wedding,Current,1,1,0,33.94%,14,50,Source Verified,Oct-18,100000518,100000518,100000518,900000518,DL500518,DL500518,MEMBER-519,Retail Associate,Debt consolidation loan,Borrower-written description of the loan purpose.,969,https://example.com/loan/519
520,31296.43, 36 months,12.42%,A,A4,114954.6,0.85,OTHER,NY,renewable_energy,Fully Paid,3,1,0,57.42%,9,49,Verified,Aug-12,100000519,100000519,100000519,900000519,DL500519,DL500519,MEMBER-520,Driver,Debt consolidation loan,Borrower-written description of the loan purpose.,882,https://example.com/loan/520
521,22559.91, 60 months,19.51%,B,B1,143748.57,5.56,OWN,MI,major_purchase,Fully Paid,0,3,2,70.9%,28,39,Verified,Apr-10,100000520,100000520,100000520,900000520,DL500520,DL500520,MEMBER-521,Driver,Debt consolidation loan,Borrower-written description of the loan purpose.,260,https://example.com/loan/521
522,30701.8, 36 months,19.54%,F,F1,88805.46,22.49,OWN,NC,other,Current,2,1,1,97.47%,22,14,Verified,Dec-12,100000521,100000521,100000521,900000521,DL500521,DL500521,MEMBER-522,Nurse,Debt consolidation loan,Borrower-written description of the loan purpose.,306,https://example.com/loan/522
523,34988.07, 60 months,11.3%,E,E2,139115.19,15.6,OWN,TX,medical,Fully Paid,1,0,1,49.83%,19,42,Not Verified,Mar-13,100000522,100000522,100000522,900000522,DL500522,DL500522,MEMBER-523,Retail Associate,Debt consolidation loan,Borrower-written description of the loan purpose.,303,https://example.com/loan/523
524,31150.8, 36 months,14.97%,A,A3,48998.13,0.61,OWN,MI,wedding,Current,1,1,0,83.31%,4,15,Verified,Dec-13,100000523,100000523,100000523,900000523,DL500523,DL500523,MEMBER-524,Retail Associate,Debt consolidation loan,Borrower-written description of the loan purpose.,421,https://example.com/loan/524
525,25609.75, 60 months,14.69%,E,E4,174766.09,27.69,RENT,MI,debt_consolidation,Fully Paid,1,2,NA,5.42%,10,48,Not Verified,Jul-08,100000524,100000524,100000524,900000524,DL500524,DL500524,MEMBER-525,Nurse,Debt consolidation loan,Borrower-written description of the loan purpose.,868,https://example.com/loan/525
526,19294.84, 36 months,8.34%,C,C2,103154.23,26.27,MORTGAGE,GA,home_improvement,Fully Paid,1,0,NA,46.04%,2,31,Source Verified,Aug-18,100000525,100000525,100000525,900000525,DL500525,DL500525,MEMBER-526,Nurse,Debt consolidation loan,Borrower-written description of the loan purpose.,147,https://example.com/loan/526
527,8603.94, 36 months,20.4%,E,E4,111855.4,24.51,RENT,GA,renewable_energy,Fully Paid,4,0,0,52.18%,9,52,Not Verified,Mar-14,100000526,100000526,100000526,900000526,DL500526,DL500526,MEMBER-527,Retail Associate,Debt consolidation loan,Borrower-written description of the loan purpose.,742,https://example.com/loan/527
528,34009.98, 60 months,9.73%,C,C2,120224.56,16.55,OTHER,OH,wedding,Fully Paid,4,1,1,43.04%,26,41,Not Verified,May-09,100000527,100000527,100000527,900000527,DL500527,DL500527,MEMBER-528,Retail Associate,Debt consolidation loan,Borrower-written description of the loan purpose.,262,https://example.com/loan/528
529,4409.88, 36 months,24.24%,C,C2,120296.17,4.05,NONE,TX,home_improvement,Current,0,3,1,86.63%,6,51,Source Verified,Oct-11,100000528,100000528,100000528,900000528,DL500528,DL500528,MEMBER-529,Software Engineer,Debt consolidation loan,Borrower-written description of the loan purpose.,798,https://example.com/loan/529
530,2100.51, 60 months,9.14%,B,B3,156017.5,14.39,NONE,GA,credit_card,Fully Paid,2,1,2,97.62%,9,22,Not Verified,Nov-08,100000529,100000529,100000529,900000529,DL500529,DL500529,MEMBER-530,Nurse,Debt consolidation loan,Borrower-written description of the loan purpose.,976,https://example.com/loan/530
531,34564.44, 60 months,22.31%,B,B5,26280.49,29.47,OWN,MI,wedding,Fully Paid,3,3,1,16.09%,5,45,Verified,Apr-18,100000530,100000530,100000530,900000530,DL500530,DL500530,MEMBER-531,Retail Associate,Debt consolidation loan,Borrower-written description of the loan purpose.,504,https://example.com/loan/531
532,20489.1, 60 months,12.34%,F,F5,81218.42,27.26,RENT,IL,car,Fully Paid,3,3,1,70.36%,18,16,Source Verified,Dec-09,100000531,100000531,100000531,900000531,DL500531,DL500531,MEMBER-532,Driver,Debt consolidation loan,Borrower-written description of the loan purpose.,819,https://example.com/loan/532
533,24365.56, 60 months,22.81%,F,F3,164405.4,16.77,OWN,TX,major_purchase,Fully Paid,1,3,1,30.49%,19,31,Verified,Mar-15,100000532,100000532,100000532,900000532,DL500532,DL500532,MEMBER-533,Retail Associate,Debt consolidation loan,Borrower-written description of the loan purpose.,166,https://example.com/loan/533
534,21534.57, 60 months,20.03%,E,E5,127446.67,7.96,MORTGAGE,NY,debt_consolidation,Charged Off,0,2,0,61.84%,2,56,Not Verified,Nov-16,100000533,100000533,100000533,900000533,DL500533,DL500533,MEMBER-534,Nurse,Debt consolidation loan,Borrower-written description of the loan purpose.,160,https://example.com/loan/534
535,27873.48, 36 months,20.04%,E,E1,124955.27,29.34,RENT,FL,renewable_energy,Current,2,3,1,17.35%,17,40,Verified,Dec-14,100000534,100000534,100000534,900000534,DL500534,DL500534,MEMBER-535,Software Engineer,Debt consolidation loan,Borrower-written description of the loan purpose.,235,https://example.com/loan/535
536,2648.13, 60 months,20.44%,G,G4,173978.12,1.44,RENT,MI,credit_card,Current,3,3,NA,23.25%,9,51,Not Verified,May-09,100000535,100000535,100000535,900000535,DL500535,DL500535,MEMBER-536,Nurse,Debt consolidation loan,Borrower-written description of the loan purpose.,174,https://example.com/loan/536
537,31680.71, 36 months,24.13%,G,G3,191762.1,10.38,OTHER,CA,wedding,Current,3,2,0,34.56%,13,23,Verified,Jun-17,100000536,100000536,100000536,900000536,DL500536,DL500536,MEMBER-537,Software Engineer,Debt consolidation loan,Borrower-written description of the loan purpose.,668,https://example.com/loan/537
538,4976.47, 60 months,14.07%,F,F3,159238.52,14.13,MORTGAGE,NY,moving,Fully Paid,0,2,0,63.56%,23,55,Verified,Sep-10,100000537,100000537,100000537,900000537,DL500537,DL500537,MEMBER-538,Software Engineer,Debt consolidation loan,Borrower-written description of the loan purpose.,120,https://example.com/loan/538
539,18722.93, 60 months,23.2%,D,D3,157894.06,19.23,NONE,PA,small_business,Fully Paid,0,0,NA,0.81%,19,38,Source Verified,May-12,100000538,100000538,100000538,900000538,DL500538,DL500538,MEMBER-539,Nurse,Debt consolidation loan,Borrower-written description of the loan purpose.,308,https://example.com/loan/539
540,12026.14, 60 months,10.7%,B,B1,141200.09,21.83,NONE,NC,house,Fully Paid,1,1,NA,14.92%,14,58,Not Verified,Nov-08,100000539,100000539,100000539,900000539,DL500539,DL500539,MEMBER-540,Software Engineer,Debt consolidation loan,Borrower-written description of the loan purpose.,929,https://example.com/loan/540
541,562.59, 36 months,19.35%,G,G2,72207.82,29.94,OWN,NY,credit_card,Fully Paid,3,2,NA,27.04%,18,15,Source Verified,Jul-17,100000540,100000540,100000540,900000540,DL500540,DL500540,MEMBER-541,Nurse,Debt consolidation loan,Borrower-written description of the loan purpose.,511,https://example.com/loan/541
542,15598.48, 36 months,20.33%,F,F2,35411.36,9.29,OTHER,NY,educational,Current,2,2,0,97.41%,27,24,Source Verified,May-10,100000541,100000541,100000541,900000541,DL500541,DL500541,MEMBER-542,Nurse,Debt consolidation loan,Borrower-written description of the loan purpose.,645,https://example.com/loan/542
543,25327.69, 60 months,23.58%,G,G3,75544.47,27.71,OWN,TX,home_improvement,Fully Paid,4,3,NA,61.1%,21,42,Verified,Aug-09,100000542,100000542,100000542,900000542,DL500542,DL500542,MEMBER-543,Software Engineer,Debt consolidation loan,Borrower-written description of the loan purpose.,222,https://example.com/loan/543
544,24241.09, 60 months,21.32%,F,F5,146574.97,1.52,NONE,IL,house,Fully Paid,2,0,NA,32.3%,3,28,Verified,Aug-15,100000543,100000543,100000543,900000543,DL500543,DL500543,MEMBER-544,Nurse,Debt consolidation loan,Borrower-written description of the loan purpose.,263,https://example.com/loan/544
545,15521.87, 60 months,19.87%,G,G3,104075.88,1.94,MORTGAGE,MI,credit_card,Current,2,0,0,33.44%,26,40,Source Verified,Sep-09,100000544,100000544,100000544,900000544,DL500544,DL500544,MEMBER-545,Software Engineer,Debt consolidation loan,Borrower-written description of the loan purpose.,982,https://example.com/loan/545
546,21645.91, 60 months,7.93%,D,D4,71698.68,6.97,OWN,PA,wedding,Current,0,0,1,63.21%,5,7,Source Verified,Jul-14,100000545,100000545,100000545,900000545,DL500545,DL500545,MEMBER-546,Retail Associate,Debt consolidation loan,Borrower-written description of the loan purpose.,776,https://example.com/loan/546
547,25455.12, 60 months,11.65%,B,B4,45519.18,21.34,NONE,MI,vacation,Fully Paid,1,0,NA,76.11%,1,6,Not Verified,Mar-17,100000546,100000546,100000546,900000546,DL500546,DL500546,MEMBER-547,Driver,Debt consolidation loan,Borrower-written description of the loan purpose.,640,https://example.com/loan/547
548,6997.5, 60 months,7.85%,C,C3,89948.04,23.73,NONE,NY,wedding,Current,0,3,0,67.74%,14,43,Not Verified,Mar-15,100000547,100000547,100000547,900000547,DL500547,DL500547,MEMBER-548,Retail Associate,Debt consolidation loan,Borrower-written description of the loan purpose.,347,https://example.com/loan/548
549,12463.15, 60 months,19.35%,G,G3,67441.55,8.81,OWN,TX,renewable_energy,Fully Paid,1,1,NA,9.38%,25,49,Source Verified,Jul-13,100000548,100000548,100000548,900000548,DL500548,DL500548,MEMBER-549,Nurse,Debt consolidation loan,Borrower-written description of the loan purpose.,883,https://example.com/loan/549
550,11493.24, 36 months,14.04%,A,A3,142677.0,27.41,MORTGAGE,OH,major_purchase,Fully Paid,4,0,NA,10.12%,5,25,Source Verified,Jun-16,100000549,100000549,100000549,900000549,DL500549,DL500549,MEMBER-550,Driver,Debt consolidation loan,Borrower-written description of the loan purpose.,516,https://example.com/loan/550
551,9097.57, 60 months,18.9%,D,D5,158264.23,0.6,NONE,PA,other,Fully Paid,1,0,0,40.16%,27,28,Verified,Oct-12,100000550,100000550,100000550,900000550,DL500550,DL500550,MEMBER-551,Retail Associate,Debt consolidation loan,Borrower-written description of the loan purpose.,901,https://example.com/loan/551
552,8477.78, 60 months,18.71%,D,D5,174277.28,3.03,MORTGAGE,FL,credit_card,Charged Off,0,0,0,21.51%,8,11,Verified,Oct-13,100000551,100000551,100000551,900000551,DL500551,DL500551,MEMBER-552,Retail Associate,Debt consolidation loan,Borrower-written description of the loan purpose.,534,https://example.com/loan/552
553,10744.52, 60 months,9.25%,E,E3,199688.82,19.02,OTHER,NC,major_purchase,Fully Paid,4,3,2,67.15%,26,3,Source Verified,Apr-11,100000552,100000552,100000552,900000552,DL500552,DL500552,MEMBER-553,Nurse,Debt consolidation loan,Borrower-written description of the loan purpose.,566,https://example.com/loan/553
554,25776.97, 60 months,5.56%,D,D4,126704.68,28.98,RENT,MI,car,Fully Paid,3,2,1,48.6%,22,32,Not Verified,Dec-14,100000553,100000553,100000553,900000553,DL500553,DL500553,MEMBER-554,Nurse,Debt consolidation loan,Borrower-written description of the loan purpose.,830,https://example.com/loan/554
555,21362.59, 60 months,8.01%,D,D2,73392.62,8.46,NONE,CA,moving,Fully Paid,2,1,1,28.45%,9,21,Source Verified,Jan-09,100000554,100000554,100000554,900000554,DL500554,DL500554,MEMBER-555,Retail Associate,Debt consolidation loan,Borrower-written description of the loan purpose.,827,https://example.com/loan/555
556,2217.13, 36 months,24.02%,F,F5,66174.99,13.23,OWN,OH,vacation,Current,2,2,0,11.61%,21,34,Verified,Feb-18,100000555,100000555,100000555,900000555,DL500555,DL500555,MEMBER-556,Nurse,Debt consolidation loan,Borrower-written description of the loan purpose.,229,https://example.com/loan/556
557,11166.43, 36 months,14.31%,F,F2,186964.37,26.91,OWN,GA,wedding,Charged Off,0,2,2,18.5%,27,43,Verified,Nov-11,100000556,100000556,100000556,900000556,DL500556,DL500556,MEMBER-557,Retail Associate,Debt consolidation loan,Borrower-written description of the loan purpose.,399,https://example.com/loan/557
558,22664.93, 60 months,15.04%,F,F2,145116.29,23.29,OTHER,OH,vacation,Fully Paid,0,0,0,22.0%,3,20,Not Verified,Dec-17,100000557,100000557,100000557,900000557,DL500557,DL500557,MEMBER-558,Retail Associate,Debt consolidation loan,Borrower-written description of the loan purpose.,252,https://example.com/loan/558
559,21421.86, 36 months,10.7%,A,A3,78920.76,24.21,RENT,PA,educational,Fully Paid,0,3,0,3.23%,1,46,Not Verified,Nov-12,100000558,100000558,100000558,900000558,DL500558,DL500558,MEMBER-559,Retail Associate,Debt consolidation loan,Borrower-written description of the loan purpose.,275,https://example.com/loan/559
560,8790.83, 60 months,21.6%,E,E4,125960.93,28.99,MORTGAGE,IL,educational,Fully Paid,4,2,NA,35.99%,20,11,Verified,Sep-18,100000559,100000559,100000559,900000559,DL500559,DL500559,MEMBER-560,Driver,Debt consolidation loan,Borrower-written description of the loan purpose.,464,https://example.com/loan/560
561,18178.02, 60 months,9.12%,G,G5,60322.49,18.69,MORTGAGE,PA,house,Fully Paid,1,2,NA,35.83%,15,60,Source Verified,Sep-12,100000560,100000560,100000560,900000560,DL500560,DL500560,MEMBER-561,Driver,Debt consolidation loan,Borrower-written description of the loan purpose.,880,https://example.com/loan/561
562,2702.13, 36 months,14.62%,F,F1,54885.23,4.68,RENT,NY,home_improvement,Fully Paid,1,1,2,19.77%,4,24,Not Verified,Aug-09,100000561,100000561,100000561,900000561,DL500561,DL500561,MEMBER-562,Driver,Debt consolidation loan,Borrower-written description of the loan purpose.,998,https://example.com/loan/562
563,28415.86, 36 months,10.44%,C,C2,146974.09,12.86,NONE,IL,renewable_energy,Fully Paid,0,2,2,82.71%,26,28,Source Verified,Sep-13,100000562,100000562,100000562,900000562,DL500562,DL500562,MEMBER-563,Driver,Debt consolidation loan,Borrower-written description of the loan purpose.,117,https://example.com/loan/563
564,30683.58, 60 months,18.7%,E,E5,54488.26,18.92,OWN,GA,moving,Fully Paid,4,0,NA,44.09%,4,7,Verified,Mar-10,100000563,100000563,100000563,900000563,DL500563,DL500563,MEMBER-564,Nurse,Debt consolidation loan,Borrower-written description of the loan purpose.,638,https://example.com/loan/564
565,23738.57, 60 months,16.75%,D,D3,162706.61,20.02,RENT,GA,vacation,Current,3,0,1,4.83%,20,32,Verified,May-15,100000564,100000564,100000564,900000564,DL500564,DL500564,MEMBER-565,Software Engineer,Debt consolidation loan,Borrower-written description of the loan purpose.,722,https://example.com/loan/565
566,33124.84, 60 months,24.48%,A,A4,176470.39,3.09,NONE,IL,car,Charged Off,0,3,2,54.6%,10,8,Not Verified,Jan-14,100000565,100000565,100000565,900000565,DL500565,DL500565,MEMBER-566,Retail Associate,Debt consolidation loan,Borrower-written description of the loan purpose.,266,https://example.com/loan/566
567,31106.85, 60 months,21.72%,E,E2,178852.62,4.98,OTHER,IL,small_business,Current,2,0,2,71.29%,8,12,Verified,Dec-09,100000566,100000566,100000566,900000566,DL500566,DL500566,MEMBER-567,Driver,Debt consolidation loan,Borrower-written description of the loan purpose.,247,https://example.com/loan/567
568,23161.11, 36 months,8.32%,G,G1,33695.15,24.42,NONE,NC,small_business,Fully Paid,3,3,NA,94.07%,27,9,Source Verified,Nov-08,100000567,100000567,100000567,900000567,DL500567,DL500567,MEMBER-568,Software Engineer,Debt consolidation loan,Borrower-written description of the loan purpose.,369,https://example.com/loan/568
569,4677.53, 36 months,14.14%,C,C5,99427.29,5.24,OWN,CA,educational,Fully Paid,2,1,1,52.14%,25,51,Verified,Nov-18,100000568,100000568,100000568,900000568,DL500568,DL500568,MEMBER-569,Software Engineer,Debt consolidation loan,Borrower-written description of the loan purpose.,754,https://example.com/loan/569
570,15365.27, 60 months,12.73%,A,A2,105118.24,20.85,OTHER,PA,major_purchase,Fully Paid,0,3,1,83.65%,16,35,Source Verified,Apr-17,100000569,100000569,100000569,900000569,DL500569,DL500569,MEMBER-570,Driver,Debt consolidation loan,Borrower-written description of the loan purpose.,502,https://example.com/loan/570
571,25591.28, 60 months,23.15%,B,B2,22408.85,9.17,OWN,NY,major_purchase,Charged Off,4,0,2,40.09%,28,19,Verified,May-12,100000570,100000570,100000570,900000570,DL500570,DL500570,MEMBER-571,Retail Associate,Debt consolidation loan,Borrower-written description of the loan purpose.,704,https://example.com/loan/571
572,13767.89, 60 months,5.58%,C,C1,87144.21,11.92,MORTGAGE,FL,vacation,Current,1,3,NA,43.03%,6,7,Source Verified,Dec-12,100000571,100000571,100000571,900000571,DL500571,DL500571,MEMBER-572,Driver,Debt consolidation loan,Borrower-written description of the loan purpose.,278,https://example.com/loan/572
573,28773.23, 36 months,20.37%,F,F4,132891.8,18.99,OWN,OH,home_improvement,Current,4,2,2,52.58%,14,57,Source Verified,Feb-10,100000572,100000572,100000572,900000572,DL500572,DL500572,MEMBER-573,Retail Associate,Debt consolidation loan,Borrower-written description of the loan purpose.,389,https://example.com/loan/573
574,12491.66, 60 months,13.67%,A,A4,141941.5,17.88,OWN,NC,medical,Charged Off,3,0,0,20.09%,25,34,Verified,Aug-14,100000573,100000573,100000573,900000573,DL500573,DL500573,MEMBER-574,Nurse,Debt consolidation loan,Borrower-written description of the loan purpose.,685,https://example.com/loan/574
575,10014.74, 60 months,15.34%,B,B4,39202.64,21.43,NONE,FL,home_improvement,Fully Paid,0,2,1,5.66%,13,13,Source Verified,Nov-12,100000574,100000574,100000574,900000574,DL500574,DL500574,MEMBER-575,Driver,Debt consolidation loan,Borrower-written description of the loan purpose.,396,https://example.com/loan/575
576,12436.67, 60 months,6.52%,E,E3,67430.04,2.76,NONE,NY,wedding,Charged Off,1,0,1,0.03%,29,29,Not Verified,Mar-13,100000575,100000575,100000575,900000575,DL500575,DL500575,MEMBER-576,Nurse,Debt consolidation loan,Borrower-written description of the loan purpose.,744,https://example.com/loan/576
577,34719.55, 36 months,19.29%,A,A3,102154.99,13.8,NONE,IL,vacation,Fully Paid,4,1,1,36.08%,10,20,Source Verified,Jun-17,100000576,100000576,100000576,900000576,DL500576,DL500576,MEMBER-577,Software Engineer,Debt consolidation loan,Borrower-written description of the loan purpose.,245,https://example.com/loan/577
578,27981.87, 36 months,10.68%,D,D2,91900.62,9.07,RENT,MI,medical,Current,3,0,1,64.74%,14,8,Not Verified,Nov-09,100000577,100000577,100000577,900000577,DL500577,DL500577,MEMBER-578,Nurse,Debt consolidation loan,Borrower-written description of the loan purpose.,569,https://example.com/loan/578
579,9203.19, 36 months,17.33%,A,A4,184004.33,25.98,OWN,MI,wedding,Fully Paid,1,1,NA,7.68%,1,4,Not Verified,Nov-15,100000578,100000578,100000578,900000578,DL500578,DL500578,MEMBER-579,Retail Associate,Debt consolidation loan,Borrower-written description of the loan purpose.,546,https://example.com/loan/579
580,17186.15, 60 months,11.62%,F,F1,172785.84,29.29,OWN,TX,credit_card,Current,2,0,1,28.66%,1,9,Verified,Jan-11,100000579,100000579,100000579,900000579,DL500579,DL500579,MEMBER-580,Software Engineer,Debt consolidation loan,Borrower-written description of the loan purpose.,331,https://example.com/loan/580
581,32065.18, 36 months,6.75%,D,D1,67491.76,28.47,OWN,PA,wedding,Current,1,3,0,28.73%,9,2,Verified,May-15,100000580,100000580,100000580,900000580,DL500580,DL500580,MEMBER-581,Software Engineer,Debt consolidation loan,Borrower-written description of the loan purpose.,684,https://example.com/loan/581
582,32081.47, 60 months,5.98%,F,F1,51723.13,5.86,MORTGAGE,PA,major_purchase,Current,0,3,0,16.57%,7,54,Not Verified,Jan-18,100000581,100000581,100000581,900000581,DL500581,DL500581,MEMBER-582,Driver,Debt consolidation loan,Borrower-written description of the loan purpose.,507,https://example.com/loan/582
583,30383.95, 36 months,8.29%,A,A2,93077.89,15.83,MORTGAGE,TX,major_purchase,Fully Paid,0,0,1,1.08%,8,43,Source Verified,Apr-11,100000582,100000582,100000582,900000582,DL500582,DL500582,MEMBER-583,Nurse,Debt consolidation loan,Borrower-written description of the loan purpose.,339,https://example.com/loan/583
584,14759.59, 60 months,13.71%,A,A4,148648.91,28.89,OTHER,TX,other,Current,4,2,1,54.41%,16,12,Verified,Jan-16,100000583,100000583,100000583,900000583,DL500583,DL500583,MEMBER-584,Software Engineer,Debt consolidation loan,Borrower-written description of the loan purpose.,483,https://example.com/loan/584
585,6317.68, 60 months,21.11%,F,F4,93748.36,22.23,NONE,TX,other,Fully Paid,3,0,NA,59.98%,29,54,Source Verified,Dec-10,100000584,100000584,100000584,900000584,DL500584,DL500584,MEMBER-585,Driver,Debt consolidation loan,Borrower-written description of the loan purpose.,285,https://example.com/loan/585
586,5723.72, 60 months,10.05%,F,F4,113179.32,29.88,RENT,IL,renewable_energy,Current,1,2,0,70.15%,7,45,Verified,Jan-08,100000585,100000585,100000585,900000585,DL500585,DL500585,MEMBER-586,Software Engineer,Debt consolidation loan,Borrower-written description of the loan purpose.,784,https://example.com/loan/586
587,17599.88, 36 months,21.49%,A,A3,198004.62,8.05,NONE,OH,major_purchase,Current,4,0,1,65.16%,22,48,Not Verified,Aug-14,100000586,100000586,100000586,900000586,DL500586,DL500586,MEMBER-587,Driver,Debt consolidation loan,Borrower-written description of the loan purpose.,367,https://example.com/loan/587
588,16760.12, 36 months,20.08%,D,D2,53646.12,29.57,MORTGAGE,IL,debt_consolidation,Current,3,3,2,28.33%,24,56,Source Verified,Sep-16,100000587,100000587,100000587,900000587,DL500587,DL500587,MEMBER-588,Nurse,Debt consolidation loan,Borrower-written description of the loan purpose.,540,https://example.com/loan/588
589,17782.11, 60 months,6.66%,C,C1,86939.91,2.83,OWN,NY,vacation,Fully Paid,0,3,2,72.54%,24,20,Verified,Oct-17,100000588,100000588,100000588,900000588,DL500588,DL500588,MEMBER-589,Retail Associate,Debt consolidation loan,Borrower-written description of the loan purpose.,833,https://example.com/loan/589
590,29123.71, 60 months,22.42%,A,A2,31275.72,12.3,OWN,NC,medical,Fully Paid,2,1,2,23.56%,25,40,Source Verified,Oct-15,100000589,100000589,100000589,900000589,DL500589,DL500589,MEMBER-590,Retail Associate,Debt consolidation loan,Borrower-written description of the loan purpose.,884,https://example.com/loan/590
591,15560.76, 36 months,21.08%,G,G3,104871.21,15.48,OWN,FL,educational,Charged Off,3,0,0,40.14%,5,24,Source Verified,Jan-08,100000590,100000590,100000590,900000590,DL500590,DL500590,MEMBER-591,Driver,Debt consolidation loan,Borrower-written description of the loan purpose.,857,https://example.com/loan/591
592,9809.82, 36 months,16.14%,D,D4,160433.94,0.73,OWN,PA,moving,Fully Paid,2,0,1,6.31%,2,37,Not Verified,Feb-16,100000591,100000591,100000591,900000591,DL500591,DL500591,MEMBER-592,Driver,Debt consolidation loan,Borrower-written description of the loan purpose.,608,https://example.com/loan/592
593,34917.64, 60 months,22.77%,C,C5,71119.74,27.9,RENT,GA,credit_card,Current,1,1,1,77.91%,13,51,Source Verified,Dec-11,100000592,100000592,100000592,900000592,DL500592,DL500592,MEMBER-593,Software Engineer,Debt consolidation loan,Borrower-written description of the loan purpose.,266,https://example.com/loan/593
594,12995.41, 36 months,9.8%,B,B3,149706.87,27.59,OTHER,GA,moving,Fully Paid,2,1,0,40.48%,24,17,Source Verified,Apr-14,100000593,100000593,100000593,900000593,DL500593,DL500593,MEMBER-594,Retail Associate,Debt consolidation loan,Borrower-written description of the loan purpose.,771,https://example.com/loan/594
595,27171.94, 36 months,17.82%,A,A5,198762.23,14.86,OTHER,IL,vacation,Current,2,0,2,63.23%,12,48,Source Verified,Jun-14,100000594,100000594,100000594,900000594,DL500594,DL500594,MEMBER-595,Driver,Debt consolidation loan,Borrower-written description of the loan purpose.,448,https://example.com/loan/595
596,32705.77, 60 months,18.08%,D,D3,76378.05,0.12,RENT,NY,moving,Fully Paid,1,3,0,68.78%,10,4,Not Verified,Dec-17,100000595,100000595,100000595,900000595,DL500595,DL500595,MEMBER-596,Software Engineer,Debt consolidation loan,Borrower-written description of the loan purpose.,459,https://example.com/loan/596
597,19321.1, 60 months,6.69%,A,A1,170097.95,20.49,RENT,CA,house,Fully Paid,2,2,NA,60.99%,24,14,Source Verified,Jul-10,100000596,100000596,100000596,900000596,DL500596,DL500596,MEMBER-597,Retail Associate,Debt consolidation loan,Borrower-written description of the loan purpose.,400,https://example.com/loan/597
598,9091.82, 36 months,14.06%,D,D3,137881.33,25.85,OTHER,NY,moving,Current,2,3,NA,91.38%,24,43,Not Verified,Nov-13,100000597,100000597,100000597,900000597,DL500597,DL500597,MEMBER-598,Driver,Debt consolidation loan,Borrower-written description of the loan purpose.,300,https://example.com/loan/598
599,33089.0, 36 months,8.5%,A,A3,129329.94,18.04,MORTGAGE,CA,debt_consolidation,Fully Paid,4,1,NA,94.26%,9,13,Not Verified,Jan-11,100000598,100000598,100000598,900000598,DL500598,DL500598,MEMBER-599,Nurse,Debt consolidation loan,Borrower-written description of the loan purpose.,593,https://example.com/loan/599
600,20783.97, 36 months,10.94%,B,B1,68563.72,22.07,RENT,MI,credit_card,Fully Paid,1,1,0,61.37%,14,59,Verified,Sep-13,100000599,100000599,100000599,900000599,DL500599,DL500599,MEMBER-600,Software Engineer,Debt consolidation loan,Borrower-written description of the loan purpose.,716,https://example.com/loan/600
601,3475.0, 36 months,22.67%,E,E3,113169.63,28.51,OWN,CA,medical,Fully Paid,4,2,NA,83.39%,16,7,Verified,Nov-15,100000600,100000600,100000600,900000600,DL500600,DL500600,MEMBER-601,Nurse,Debt consolidation loan,Borrower-written description of the loan purpose.,711,https://example.com/loan/601
602,11715.53, 36 months,8.02%,C,C1,151758.92,11.11,NONE,TX,wedding,Fully Paid,0,1,NA,10.42%,29,33,Source Verified,Apr-11,100000601,100000601,100000601,900000601,DL500601,DL500601,MEMBER-602,Retail Associate,Debt consolidation loan,Borrower-written description of the loan purpose.,738,https://example.com/loan/602
603,28563.21, 36 months,19.16%,G,G4,84949.64,29.56,NONE,MI,debt_consolidation,Fully Paid,0,0,0,16.29%,1,57,Verified,May-15,100000602,100000602,100000602,900000602,DL500602,DL500602,MEMBER-603,Retail Associate,Debt consolidation loan,Borrower-written description of the loan purpose.,869,https://example.com/loan/603
604,9037.65, 36 months,20.94%,G,G5,146269.48,9.57,NONE,TX,wedding,Charged Off,3,1,2,45.56%,10,16,Not Verified,Apr-10,100000603,100000603,100000603,900000603,DL500603,DL500603,MEMBER-604,Retail Associate,Debt consolidation loan,Borrower-written description of the loan purpose.,830,https://example.com/loan/604
605,23522.53, 36 months,13.74%,A,A5,60626.34,2.2,RENT,NY,small_business,Current,2,1,NA,54.12%,19,35,Verified,Feb-17,100000604,100000604,100000604,900000604,DL500604,DL500604,MEMBER-605,Nurse,Debt consolidation loan,Borrower-written description of the loan purpose.,348,https://example.com/loan/605
606,26948.27, 60 months,7.25%,D,D2,65743.47,11.12,MORTGAGE,TX,other,Current,3,3,1,2.28%,9,22,Source Verified,Feb-12,100000605,100000605,100000605,900000605,DL500605,DL500605,MEMBER-606,Nurse,Debt consolidation loan,Borrower-written description of the loan purpose.,924,https://example.com/loan/606
607,29313.57, 36 months,10.64%,F,F2,131413.63,17.94,MORTGAGE,IL,house,Fully Paid,1,0,1,60.35%,26,46,Source Verified,Mar-17,100000606,100000606,100000606,900000606,DL500606,DL500606,MEMBER-607,Software Engineer,Debt consolidation loan,Borrower-written description of the loan purpose.,118,https://example.com/loan/607
608,10107.71, 60 months,22.2%,D,D2,100079.3,23.34,OWN,IL,moving,Current,0,2,0,70.09%,4,28,Not Verified,Apr-11,100000607,100000607,100000607,900000607,DL500607,DL500607,MEMBER-608,Nurse,Debt consolidation loan,Borrower-written description of the loan purpose.,163,https://example.com/loan/608
609,7654.38, 36 months,6.33%,A,A3,104646.83,21.22,NONE,PA,car,Current,4,1,NA,5.51%,5,48,Not Verified,Feb-16,100000608,100000608,100000608,900000608,DL500608,DL500608,MEMBER-609,Retail Associate,Debt consolidation loan,Borrower-written description of the loan purpose.,525,https://example.com/loan/609
610,11006.08, 36 months,12.29%,A,A1,188107.66,4.07,OWN,FL,educational,Fully Paid,2,3,NA,1.31%,13,14,Source Verified,Jan-16,100000609,100000609,100000609,900000609,DL500609,DL500609,MEMBER-610,Software Engineer,Debt consolidation loan,Borrower-written description of the loan purpose.,517,https://example.com/loan/610
611,9620.41, 36 months,18.79%,C,C3,177301.03,5.66,NONE,IL,car,Fully Paid,3,1,1,39.83%,2,5,Not Verified,Feb-13,100000610,100000610,100000610,900000610,DL500610,DL500610,MEMBER-611,Software Engineer,Debt consolidation loan,Borrower-written description of the loan purpose.,513,https://example.com/loan/611
612,5752.56, 60 months,13.22%,B,B1,122315.9,5.3,OWN,NC,small_business,Fully Paid,3,0,NA,89.78%,8,28,Verified,Dec-18,100000611,100000611,100000611,900000611,DL500611,DL500611,MEMBER-612,Nurse,Debt consolidation loan,Borrower-written description of the loan purpose.,910,https://example.com/loan/612
613,26135.1, 60 months,8.7%,F,F5,97048.17,6.8,OTHER,IL,home_improvement,Fully Paid,3,1,1,89.66%,12,14,Verified,Jul-16,100000612,100000612,100000612,900000612,DL500612,DL500612,MEMBER-613,Driver,Debt consolidation loan,Borrower-written description of the loan purpose.,781,https://example.com/loan/613
614,4117.06, 60 months,14.06%,F,F3,120466.97,9.82,RENT,MI,house,Fully Paid,3,0,0,38.34%,1,10,Not Verified,Dec-16,100000613,100000613,100000613,900000613,DL500613,DL500613,MEMBER-614,Retail Associate,Debt consolidation loan,Borrower-written description of the loan purpose.,228,https://example.com/loan/614
615,22811.64, 60 months,24.06%,A,A1,69166.74,24.21,NONE,IL,medical,Fully Paid,4,3,2,81.39%,19,5,Source Verified,Dec-15,100000614,100000614,100000614,900000614,DL500614,DL500614,MEMBER-615,Software Engineer,Debt consolidation loan,Borrower-written description of the loan purpose.,886,https://example.com/loan/615
616,13252.16, 60 months,9.56%,G,G2,132435.37,15.13,OWN,CA,home_improvement,Current,1,0,0,91.74%,28,9,Not Verified,Jun-12,100000615,100000615,100000615,900000615,DL500615,DL500615,MEMBER-616,Software Engineer,Debt consolidation loan,Borrower-written description of the loan purpose.,128,https://example.com/loan/616
617,1131.74, 36 months,14.36%,B,B5,131306.09,8.57,RENT,TX,major_purchase,Current,4,1,0,77.33%,19,6,Source Verified,Sep-16,100000616,100000616,100000616,900000616,DL500616,DL500616,MEMBER-617,Driver,Debt consolidation loan,Borrower-written description of the loan purpose.,192,https://example.com/loan/617
618,23094.69, 60 months,14.39%,F,F1,68220.27,9.07,RENT,GA,credit_card,Fully Paid,3,0,NA,53.74%,19,44,Verified,May-08,100000617,100000617,100000617,900000617,DL500617,DL500617,MEMBER-618,Retail Associate,Debt consolidation loan,Borrower-written description of the loan purpose.,647,https://example.com/loan/618
619,12064.23, 36 months,11.28%,B,B4,20119.33,6.46,RENT,MI,small_business,Current,0,0,NA,79.29%,21,54,Not Verified,Jul-10,100000618,100000618,100000618,900000618,DL500618,DL500618,MEMBER-619,Software Engineer,Debt consolidation loan,Borrower-written description of the loan purpose.,471,https://example.com/loan/619
620,18430.69, 60 months,22.23%,G,G4,71887.8,4.06,OTHER,GA,car,Fully Paid,1,0,1,52.24%,28,29,Not Verified,Nov-10,100000619,100000619,100000619,900000619,DL500619,DL500619,MEMBER-620,Retail Associate,Debt consolidation loan,Borrower-written description of the loan purpose.,977,https://example.com/loan/620
621,8818.13, 36 months,8.26%,A,A2,22588.11,10.02,RENT,OH,medical,Fully Paid,3,3,1,90.98%,4,49,Not Verified,Oct-09,100000620,100000620,100000620,900000620,DL500620,DL500620,MEMBER-621,Driver,Debt consolidation loan,Borrower-written description of the loan purpose.,451,https://example.com/loan/621
622,27187.04, 36 months,21.41%,E,E1,113784.9,9.55,OWN,GA,wedding,Fully Paid,1,0,2,83.65%,24,45,Not Verified,Feb-18,100000621,100000621,100000621,900000621,DL500621,DL500621,MEMBER-622,Software Engineer,Debt consolidation loan,Borrower-written description of the loan purpose.,925,https://example.com/loan/622
623,1632.13, 60 months,18.4%,F,F3,107824.82,29.89,RENT,GA,moving,Fully Paid,1,2,1,20.49%,8,60,Verified,Feb-08,100000622,100000622,100000622,900000622,DL500622,DL500622,MEMBER-623,Software Engineer,Debt consolidation loan,Borrower-written description of the loan purpose.,339,https://example.com/loan/623
624,11136.52, 36 months,21.74%,E,E2,186037.77,0.32,MORTGAGE,GA,debt_consolidation,Fully Paid,1,2,NA,3.61%,25,19,Verified,Jul-08,100000623,100000623,100000623,900000623,DL500623,DL500623,MEMBER-624,Nurse,Debt consolidation loan,Borrower-written description of the loan purpose.,948,https://example.com/loan/624
625,32582.02, 60 months,11.3%,F,F2,96338.84,0.63,RENT,CA,other,Fully Paid,2,3,NA,73.99%,18,28,Not Verified,Dec-12,100000624,100000624,100000624,900000624,DL500624,DL500624,MEMBER-625,Software Engineer,Debt consolidation loan,Borrower-written description of the loan purpose.,361,https://example.com/loan/625
626,7939.78, 36 months,6.76%,B,B1,117347.11,26.74,MORTGAGE,PA,vacation,Current,2,0,2,68.53%,27,8,Not Verified,Sep-12,100000625,100000625,100000625,900000625,DL500625,DL500625,MEMBER-626,Driver,Debt consolidation loan,Borrower-written description of the loan purpose.,786,https://example.com/loan/626
627,30165.24, 60 months,15.3%,C,C5,24601.35,3.08,RENT,PA,car,Fully Paid,1,0,NA,21.02%,5,53,Verified,Apr-10,100000626,100000626,100000626,900000626,DL500626,DL500626,MEMBER-627,Driver,Debt consolidation loan,Borrower-written description of the loan purpose.,662,https://example.com/loan/627
628,3737.98, 36 months,12.22%,D,D3,165586.03,23.47,MORTGAGE,FL,wedding,Current,3,1,NA,33.96%,2,3,Verified,Mar-17,100000627,100000627,100000627,900000627,DL500627,DL500627,MEMBER-628,Software Engineer,Debt consolidation loan,Borrower-written description of the loan purpose.,349,https://example.com/loan/628
629,2649.8, 36 months,14.25%,C,C1,135206.09,21.89,MORTGAGE,NC,car,Fully Paid,3,0,0,87.43%,19,51,Not Verified,Jan-11,100000628,100000628,100000628,900000628,DL500628,DL500628,MEMBER-629,Driver,Debt consolidation loan,Borrower-written description of the loan purpose.,386,https://example.com/loan/629
630,17265.15, 36 months,6.98%,D,D1,118721.42,4.07,OTHER,CA,car,Fully Paid,3,3,1,85.76%,27,32,Not Verified,Sep-11,100000629,100000629,100000629,900000629,DL500629,DL500629,MEMBER-630,Driver,Debt consolidation loan,Borrower-written description of the loan purpose.,918,https://example.com/loan/630
631,31194.46, 60 months,20.56%,B,B2,67046.3,4.28,RENT,PA,debt_consolidation,Fully Paid,1,1,NA,44.72%,17,50,Source Verified,Jun-16,100000630,100000630,100000630,900000630,DL500630,DL500630,MEMBER-631,Nurse,Debt consolidation loan,Borrower-written description of the loan purpose.,157,https://example.com/loan/631
632,27596.38, 60 months,11.25%,B,B3,141971.55,21.56,OTHER,IL,small_business,Fully Paid,1,2,1,34.44%,22,44,Verified,Apr-14,100000631,100000631,100000631,900000631,DL500631,DL500631,MEMBER-632,Nurse,Debt consolidation loan,Borrower-written description of the loan purpose.,276,https://example.com/loan/632
633,4388.53, 36 months,15.44%,F,F1,140774.88,11.22,RENT,NC,wedding,Fully Paid,1,0,0,65.94%,12,19,Source Verified,Feb-16,100000632,100000632,100000632,900000632,DL500632,DL500632,MEMBER-633,Retail Associate,Debt consolidation loan,Borrower-written description of the loan purpose.,639,https://example.com/loan/633
634,17787.76, 36 months,10.58%,F,F3,41822.28,9.54,OWN,NC,major_purchase,Charged Off,3,0,NA,64.99%,10,53,Source Verified,Mar-12,100000633,100000633,100000633,900000633,DL500633,DL500633,MEMBER-634,Software Engineer,Debt consolidation loan,Borrower-written description of the loan purpose.,676,https://example.com/loan/634
635,4722.15, 60 months,22.05%,E,E5,155625.78,27.79,OTHER,OH,medical,Fully Paid,0,2,1,34.41%,18,39,Not Verified,Apr-08,100000634,100000634,100000634,900000634,DL500634,DL500634,MEMBER-635,Driver,Debt consolidation loan,Borrower-written description of the loan purpose.,961,https://example.com/loan/635
636,30099.13, 60 months,6.43%,D,D5,149565.67,8.3,OTHER,TX,house,Charged Off,3,3,1,46.56%,9,34,Source Verified,Feb-08,100000635,100000635,100000635,900000635,DL500635,DL500635,MEMBER-636,Retail Associate,Debt consolidation loan,Borrower-written description of the loan purpose.,158,https://example.com/loan/636
637,2875.82, 36 months,12.17%,E,E2,152066.85,21.15,RENT,NY,home_improvement,Fully Paid,4,3,0,35.44%,22,20,Verified,Apr-16,100000636,100000636,100000636,900000636,DL500636,DL500636,MEMBER-637,Nurse,Debt consolidation loan,Borrower-written description of the loan purpose.,315,https://example.com/loan/637
638,24817.13, 60 months,7.43%,G,G4,60481.03,19.92,OTHER,IL,small_business,Current,3,1,2,29.52%,13,20,Not Verified,Aug-15,100000637,100000637,100000637,900000637,DL500637,DL500637,MEMBER-638,Software Engineer,Debt consolidation loan,Borrower-written description of the loan purpose.,122,https://example.com/loan/638
639,33368.69, 36 months,12.24%,F,F2,153867.49,7.23,MORTGAGE,CA,home_improvement,Fully Paid,0,0,NA,47.62%,16,44,Not Verified,Jul-10,100000638,100000638,100000638,900000638,DL500638,DL500638,MEMBER-639,Retail Associate,Debt consolidation loan,Borrower-written description of the loan purpose.,870,https://example.com/loan/639
640,34040.09, 36 months,13.96%,E,E5,50590.77,14.56,NONE,OH,renewable_energy,Fully Paid,1,1,0,12.12%,3,19,Not Verified,Feb-15,100000639,100000639,100000639,900000639,DL500639,DL500639,MEMBER-640,Retail Associate,Debt consolidation loan,Borrower-written description of the loan purpose.,296,https://example.com/loan/640
641,20238.48, 60 months,19.34%,F,F5,44367.52,20.68,MORTGAGE,TX,renewable_energy,Fully Paid,3,2,2,59.93%,1,13,Verified,May-09,100000640,100000640,100000640,900000640,DL500640,DL500640,MEMBER-641,Software Engineer,Debt consolidation loan,Borrower-written description of the loan purpose.,367,https://example.com/loan/641
642,11120.35, 36 months,21.36%,F,F1,47646.24,28.88,OTHER,CA,small_business,Current,4,0,1,90.41%,18,59,Source Verified,Aug-12,100000641,100000641,100000641,900000641,DL500641,DL500641,MEMBER-642,Nurse,Debt consolidation loan,Borrower-written description of the loan purpose.,572,https://example.com/loan/642
643,25982.9, 60 months,5.89%,G,G1,40602.21,28.31,OWN,MI,debt_consolidation,Current,0,2,1,74.65%,25,55,Verified,Sep-10,100000642,100000642,100000642,900000642,DL500642,DL500642,MEMBER-643,Driver,Debt consolidation loan,Borrower-written description of the loan purpose.,165,https://example.com/loan/643
644,30419.34, 60 months,16.95%,C,C1,173022.06,11.55,MORTGAGE,IL,home_improvement,Fully Paid,0,3,2,67.15%,20,10,Verified,Jul-11,100000643,100000643,100000643,900000643,DL500643,DL500643,MEMBER-644,Nurse,Debt consolidation loan,Borrower-written description of the loan purpose.,245,https://example.com/loan/644
645,32983.42, 60 months,23.55%,F,F1,27034.09,28.34,MORTGAGE,NC,debt_consolidation,Current,0,0,NA,21.76%,14,15,Not Verified,Aug-15,100000644,100000644,100000644,900000644,DL500644,DL500644,MEMBER-645,Nurse,Debt consolidation loan,Borrower-written description of the loan purpose.,763,https://example.com/loan/645
646,20846.88, 36 months,16.26%,E,E3,37871.56,20.59,OTHER,NC,house,Fully Paid,2,1,2,37.22%,12,4,Not Verified,Nov-13,100000645,100000645,100000645,900000645,DL500645,DL500645,MEMBER-646,Software Engineer,Debt consolidation loan,Borrower-written description of the loan purpose.,771,https://example.com/loan/646
647,13511.92, 60 months,16.15%,E,E5,21136.46,8.88,NONE,NC,home_improvement,Fully Paid,4,3,0,98.15%,16,29,Not Verified,Feb-12,100000646,100000646,100000646,900000646,DL500646,DL500646,MEMBER-647,Software Engineer,Debt consolidation loan,Borrower-written description of the loan purpose.,212,https://example.com/loan/647
648,4597.67, 36 months,8.06%,F,F4,31358.85,9.2,NONE,NY,house,Fully Paid,4,3,1,2.14%,20,37,Verified,Sep-14,100000647,100000647,100000647,900000647,DL500647,DL500647,MEMBER-648,Software Engineer,Debt consolidation loan,Borrower-written description of the loan purpose.,557,https://example.com/loan/648
649,21601.02, 60 months,12.95%,D,D1,108938.02,5.28,OTHER,PA,major_purchase,Fully Paid,1,3,1,35.98%,5,19,Verified,Aug-09,100000648,100000648,100000648,900000648,DL500648,DL500648,MEMBER-649,Retail Associate,Debt consolidation loan,Borrower-written description of the loan purpose.,107,https://example.com/loan/649
650,2501.94, 60 months,16.4%,D,D4,130338.34,23.13,NONE,TX,small_business,Fully Paid,2,1,2,1.64%,13,32,Not Verified,Jan-10,100000649,100000649,100000649,900000649,DL500649,DL500649,MEMBER-650,Retail Associate,Debt consolidation loan,Borrower-written description of the loan purpose.,571,https://example.com/loan/650
651,21884.56, 36 months,10.91%,E,E3,182274.66,8.69,RENT,NY,car,Current,1,1,1,45.44%,28,56,Verified,May-18,100000650,100000650,100000650,900000650,DL500650,DL500650,MEMBER-651,Software Engineer,Debt consolidation loan,Borrower-written description of the loan purpose.,852,https://example.com/loan/651
652,28185.14, 60 months,20.09%,G,G1,34166.97,27.84,MORTGAGE,GA,other,Fully Paid,1,2,0,75.08%,24,23,Not Verified,Apr-12,100000651,100000651,100000651,900000651,DL500651,DL500651,MEMBER-652,Driver,Debt consolidation loan,Borrower-written description of the loan purpose.,428,https://example.com/loan/652
653,14225.38, 60 months,23.77%,D,D1,154569.39,24.3,MORTGAGE,MI,renewable_energy,Charged Off,0,1,2,94.41%,3,8,Source Verified,May-14,100000652,100000652,100000652,900000652,DL500652,DL500652,MEMBER-653,Nurse,Debt consolidation loan,Borrower-written description of the loan purpose.,558,https://example.com/loan/653
654,13978.58, 36 months,10.96%,B,B4,135788.89,26.56,RENT,MI,home_improvement,Current,0,1,NA,78.5%,3,11,Not Verified,Oct-17,100000653,100000653,100000653,900000653,DL500653,DL500653,MEMBER-654,Software Engineer,Debt consolidation loan,Borrower-written description of the loan purpose.,894,https://example.com/loan/654
655,31427.17, 36 months,24.11%,D,D1,177944.89,25.29,MORTGAGE,FL,wedding,Fully Paid,2,2,2,5.28%,30,41,Source Verified,Apr-10,100000654,100000654,100000654,900000654,DL500654,DL500654,MEMBER-655,Software Engineer,Debt consolidation loan,Borrower-written description of the loan purpose.,780,https://example.com/loan/655
656,34399.83, 36 months,6.24%,B,B5,104856.3,15.72,NONE,CA,home_improvement,Fully Paid,0,2,2,41.08%,13,40,Verified,Feb-09,100000655,100000655,100000655,900000655,DL500655,DL500655,MEMBER-656,Retail Associate,Debt consolidation loan,Borrower-written description of the loan purpose.,536,https://example.com/loan/656
657,7115.99, 60 months,17.82%,E,E3,89445.16,24.01,RENT,PA,major_purchase,Current,0,3,1,96.17%,24,8,Verified,Oct-12,100000656,100000656,100000656,900000656,DL500656,DL500656,MEMBER-657,Nurse,Debt consolidation loan,Borrower-written description of the loan purpose.,777,https://example.com/loan/657
658,647.59, 36 months,10.8%,B,B1,71935.8,26.14,OTHER,CA,credit_card,Fully Paid,1,2,0,40.92%,26,26,Verified,Jul-11,100000657,100000657,100000657,900000657,DL500657,DL500657,MEMBER-658,Nurse,Debt consolidation loan,Borrower-written description of the loan purpose.,409,https://example.com/loan/658
659,30927.55, 60 months,8.53%,D,D3,184843.08,15.67,MORTGAGE,CA,debt_consolidation,Fully Paid,4,3,2,23.44%,23,15,Not Verified,Mar-12,100000658,100000658,100000658,900000658,DL500658,DL500658,MEMBER-659,Nurse,Debt consolidation loan,Borrower-written description of the loan purpose.,231,https://example.com/loan/659
660,14754.87, 36 months,6.04%,F,F3,94492.96,20.84,OWN,MI,educational,Fully Paid,4,3,NA,2.37%,1,26,Verified,May-09,100000659,100000659,100000659,900000659,DL500659,DL500659,MEMBER-660,Driver,Debt consolidation loan,Borrower-written description of the loan purpose.,799,https://example.com/loan/660
661,33000.47, 36 months,6.86%,D,D4,131235.89,28.76,RENT,PA,house,Fully Paid,3,0,NA,56.26%,9,29,Source Verified,Sep-10,100000660,100000660,100000660,900000660,DL500660,DL500660,MEMBER-661,Nurse,Debt consolidation loan,Borrower-written description of the loan purpose.,999,https://example.com/loan/661
662,4961.63, 36 months,19.32%,A,A1,48506.39,24.75,MORTGAGE,OH,major_purchase,Current,1,3,0,15.34%,17,10,Not Verified,Oct-18,100000661,100000661,100000661,900000661,DL500661,DL500661,MEMBER-662,Nurse,Debt consolidation loan,Borrower-written description of the loan purpose.,888,https://example.com/loan/662
663,30854.02, 36 months,10.65%,D,D3,140243.21,27.8,NONE,PA,educational,Charged Off,2,1,2,55.71%,9,48,Source Verified,Dec-14,100000662,100000662,100000662,900000662,DL500662,DL500662,MEMBER-663,Driver,Debt consolidation loan,Borrower-written description of the loan purpose.,601,https://example.com/loan/663
664,19445.22, 36 months,19.86%,A,A3,184289.19,20.0,OTHER,MI,major_purchase,Current,1,2,0,67.77%,28,2,Verified,Sep-14,100000663,100000663,100000663,900000663,DL500663,DL500663,MEMBER-664,Driver,Debt consolidation loan,Borrower-written description of the loan purpose.,260,https://example.com/loan/664
665,3863.5, 60 months,19.95%,G,G3,109620.86,10.09,MORTGAGE,MI,major_purchase,Fully Paid,1,0,2,95.0%,4,54,Verified,Jul-12,100000664,100000664,100000664,900000664,DL500664,DL500664,MEMBER-665,Retail Associate,Debt consolidation loan,Borrower-written description of the loan purpose.,296,https://example.com/loan/665
666,10457.17, 36 months,22.95%,A,A1,163281.91,10.27,NONE,CA,house,Fully Paid,4,3,2,45.77%,15,15,Not Verified,Sep-17,100000665,100000665,100000665,900000665,DL500665,DL500665,MEMBER-666,Nurse,Debt consolidation loan,Borrower-written description of the loan purpose.,695,https://example.com/loan/666
667,18266.65, 60 months,19.1%,B,B4,31300.06,5.07,OTHER,TX,educational,Charged Off,2,3,0,51.88%,4,3,Not Verified,Sep-08,100000666,100000666,100000666,900000666,DL500666,DL500666,MEMBER-667,Driver,Debt consolidation loan,Borrower-written description of the loan purpose.,670,https://example.com/loan/667
668,7932.34, 60 months,11.91%,A,A1,131925.21,25.25,OWN,PA,home_improvement,Fully Paid,2,2,0,62.0%,20,23,Source Verified,Mar-11,100000667,100000667,100000667,900000667,DL500667,DL500667,MEMBER-668,Software Engineer,Debt consolidation loan,Borrower-written description of the loan purpose.,182,https://example.com/loan/668
669,16304.79, 60 months,13.5%,A,A1,134344.38,4.52,RENT,GA,debt_consolidation,Fully Paid,0,0,2,31.32%,2,54,Not Verified,Sep-15,100000668,100000668,100000668,900000668,DL500668,DL500668,MEMBER-669,Software Engineer,Debt consolidation loan,Borrower-written description of the loan purpose.,554,https://example.com/loan/669
670,34164.69, 36 months,21.69%,G,G3,56099.36,0.32,MORTGAGE,MI,major_purchase,Current,4,3,NA,76.81%,13,21,Source Verified,Oct-16,100000669,100000669,100000669,900000669,DL500669,DL500669,MEMBER-670,Driver,Debt consolidation loan,Borrower-written description of the loan purpose.,274,https://example.com/loan/670
671,6051.83, 60 months,10.95%,G,G1,172076.53,2.38,OTHER,CA,small_business,Fully Paid,3,1,2,68.96%,1,47,Verified,Nov-15,100000670,100000670,100000670,900000670,DL500670,DL500670,MEMBER-671,Retail Associate,Debt consolidation loan,Borrower-written description of the loan purpose.,926,https://example.com/loan/671
672,19675.85, 36 months,6.39%,A,A1,196693.61,25.23,RENT,CA,major_purchase,Fully Paid,4,2,NA,75.36%,10,55,Verified,Sep-16,100000671,100000671,100000671,900000671,DL500671,DL500671,MEMBER-672,Software Engineer,Debt consolidation loan,Borrower-written description of the loan purpose.,401,https://example.com/loan/672
673,4488.73, 60 months,16.15%,F,F1,128843.79,11.13,NONE,NY,wedding,Current,2,0,0,54.45%,2,53,Verified,Feb-15,100000672,100000672,100000672,900000672,DL500672,DL500672,MEMBER-673,Nurse,Debt consolidation loan,Borrower-written description of the loan purpose.,295,https://example.com/loan/673
674,31825.25, 60 months,17.57%,B,B5,125286.02,17.29,OWN,PA,renewable_energy,Current,0,0,NA,34.66%,2,24,Verified,Feb-13,100000673,100000673,100000673,900000673,DL500673,DL500673,MEMBER-674,Software Engineer,Debt consolidation loan,Borrower-written description of the loan purpose.,289,https://example.com/loan/674
675,23993.39, 36 months,14.43%,B,B5,89968.19,29.7,OTHER,NC,moving,Fully Paid,2,1,2,70.1%,19,13,Verified,May-17,100000674,100000674,100000674,900000674,DL500674,DL500674,MEMBER-675,Driver,Debt consolidation loan,Borrower-written description of the loan purpose.,261,https://example.com/loan/675
676,8384.31, 60 months,7.01%,A,A4,82882.01,22.09,MORTGAGE,GA,car,Fully Paid,0,3,1,65.37%,7,11,Not Verified,Jul-12,100000675,100000675,100000675,900000675,DL500675,DL500675,MEMBER-676,Nurse,Debt consolidation loan,Borrower-written description of the loan purpose.,803,https://example.com/loan/676
677,769.05, 36 months,8.13%,G,G5,57254.78,3.59,MORTGAGE,CA,major_purchase,Current,3,0,2,56.52%,10,6,Verified,Feb-09,100000676,100000676,100000676,900000676,DL500676,DL500676,MEMBER-677,Nurse,Debt consolidation loan,Borrower-written description of the loan purpose.,307,https://example.com/loan/677
678,24777.14, 36 months,10.64%,C,C3,162549.35,5.78,RENT,FL,debt_consolidation,Fully Paid,3,2,NA,79.24%,14,17,Source Verified,Sep-08,100000677,100000677,100000677,900000677,DL500677,DL500677,MEMBER-678,Driver,Debt consolidation loan,Borrower-written description of the loan purpose.,199,https://example.com/loan/678
679,24719.26, 36 months,21.99%,C,C3,73806.77,27.33,MORTGAGE,IL,vacation,Fully Paid,4,3,NA,16.78%,28,34,Source Verified,Feb-12,100000678,100000678,100000678,900000678,DL500678,DL500678,MEMBER-679,Driver,Debt consolidation loan,Borrower-written description of the loan purpose.,698,https://example.com/loan/679
680,22763.8, 60 months,20.69%,E,E5,168335.91,8.58,NONE,CA,educational,Current,2,3,1,92.23%,5,22,Verified,Sep-09,100000679,100000679,100000679,900000679,DL500679,DL500679,MEMBER-680,Software Engineer,Debt consolidation loan,Borrower-written description of the loan purpose.,242,https://example.com/loan/680
681,4060.09, 36 months,17.36%,C,C2,187921.13,17.07,RENT,FL,credit_card,Fully Paid,4,0,2,65.84%,16,31,Not Verified,Jul-12,100000680,100000680,100000680,900000680,DL500680,DL500680,MEMBER-681,Driver,Debt consolidation loan,Borrower-written description of the loan purpose.,168,https://example.com/loan/681
682,15374.42, 60 months,8.47%,G,G2,26934.96,25.48,RENT,MI,major_purchase,Charged Off,0,3,NA,73.74%,11,23,Not Verified,Mar-18,100000681,100000681,100000681,900000681,DL500681,DL500681,MEMBER-682,Retail Associate,Debt consolidation loan,Borrower-written description of the loan purpose.,355,https://example.com/loan/682
683,4711.11, 36 months,6.14%,F,F4,114113.59,15.19,OTHER,NY,credit_card,Current,4,2,0,90.37%,25,46,Source Verified,Aug-10,100000682,100000682,100000682,900000682,DL500682,DL500682,MEMBER-683,Nurse,Debt consolidation loan,Borrower-written description of the loan purpose.,974,https://example.com/loan/683
684,1807.84, 36 months,7.45%,A,A1,78830.07,17.83,OWN,FL,educational,Charged Off,2,1,2,54.08%,23,19,Not Verified,Aug-18,100000683,100000683,100000683,900000683,DL500683,DL500683,MEMBER-684,Driver,Debt consolidation loan,Borrower-written description of the loan purpose.,376,https://example.com/loan/684
685,13904.12, 60 months,11.11%,G,G4,182827.22,10.46,MORTGAGE,GA,moving,Fully Paid,3,0,1,33.32%,25,25,Not Verified,Jul-11,100000684,100000684,100000684,900000684,DL500684,DL500684,MEMBER-685,Software Engineer,Debt consolidation loan,Borrower-written description of the loan purpose.,733,https://example.com/loan/685
686,3139.49, 60 months,23.21%,E,E1,86142.94,13.61,OWN,IL,credit_card,Charged Off,3,2,0,22.99%,8,29,Not Verified,Jun-17,100000685,100000685,100000685,900000685,DL500685,DL500685,MEMBER-686,Software Engineer,Debt consolidation loan,Borrower-written description of the loan purpose.,160,https://example.com/loan/686
687,34341.0, 60 months,12.79%,C,C4,116100.68,23.76,OTHER,IL,car,Fully Paid,2,3,1,77.19%,6,37,Not Verified,May-18,100000686,100000686,100000686,900000686,DL500686,DL500686,MEMBER-687,Driver,Debt consolidation loan,Borrower-written description of the loan purpose.,689,https://example.com/loan/687
688,3295.71, 36 months,17.65%,G,G2,134333.1,27.99,RENT,PA,home_improvement,Fully Paid,4,1,0,22.81%,21,31,Source Verified,Jan-14,100000687,100000687,100000687,900000687,DL500687,DL500687,MEMBER-688,Nurse,Debt consolidation loan,Borrower-written description of the loan purpose.,612,https://example.com/loan/688
689,22514.32, 60 months,22.11%,B,B1,41466.89,5.58,NONE,FL,home_improvement,Current,1,3,NA,60.8%,7,11,Verified,Dec-14,100000688,100000688,100000688,900000688,DL500688,DL500688,MEMBER-689,Software Engineer,Debt consolidation loan,Borrower-written description of the loan purpose.,932,https://example.com/loan/689
690,22694.41, 60 months,17.12%,F,F1,65434.05,15.76,MORTGAGE,GA,renewable_energy,Current,4,1,NA,34.32%,23,6,Verified,Sep-12,100000689,100000689,100000689,900000689,DL500689,DL500689,MEMBER-690,Software Engineer,Debt consolidation loan,Borrower-written description of the loan purpose.,907,https://example.com/loan/690
691,25706.4, 60 months,23.25%,E,E3,60596.74,24.53,OWN,MI,house,Current,3,2,0,25.54%,1,54,Source Verified,Dec-09,100000690,100000690,100000690,900000690,DL500690,DL500690,MEMBER-691,Nurse,Debt consolidation loan,Borrower-written description of the loan purpose.,156,https://example.com/loan/691
692,9185.5, 36 months,22.97%,E,E4,144603.63,23.86,OWN,MI,educational,Fully Paid,0,2,1,97.88%,25,49,Source Verified,Aug-17,100000691,100000691,100000691,900000691,DL500691,DL500691,MEMBER-692,Software Engineer,Debt consolidation loan,Borrower-written description of the loan purpose.,478,https://example.com/loan/692
693,32859.35, 60 months,22.86%,D,D1,104640.27,25.98,MORTGAGE,FL,other,Fully Paid,1,2,2,35.78%,28,58,Source Verified,Jan-09,100000692,100000692,100000692,900000692,DL500692,DL500692,MEMBER-693,Driver,Debt consolidation loan,Borrower-written description of the loan purpose.,830,https://example.com/loan/693
694,28254.56, 36 months,18.51%,C,C3,112888.55,14.55,MORTGAGE,CA,educational,Current,0,1,NA,65.81%,2,31,Source Verified,Jun-17,100000693,100000693,100000693,900000693,DL500693,DL500693,MEMBER-694,Retail Associate,Debt consolidation loan,Borrower-written description of the loan purpose.,778,https://example.com/loan/694
695,34259.79, 36 months,23.11%,G,G3,146511.87,28.12,NONE,MI,medical,Fully Paid,2,3,0,75.19%,30,38,Verified,Sep-16,100000694,100000694,100000694,900000694,DL500694,DL500694,MEMBER-695,Software Engineer,Debt consolidation loan,Borrower-written description of the loan purpose.,730,https://example.com/loan/695
696,15234.19, 36 months,10.81%,A,A2,185353.51,26.11,OTHER,NY,other,Current,4,2,2,79.62%,27,54,Source Verified,Oct-14,100000695,100000695,100000695,900000695,DL500695,DL500695,MEMBER-696,Nurse,Debt consolidation loan,Borrower-written description of the loan purpose.,973,https://example.com/loan/696
697,28020.13, 36 months,10.07%,E,E2,126732.67,14.91,RENT,NY,small_business,Charged Off,1,2,1,91.71%,13,49,Not Verified,Aug-08,100000696,100000696,100000696,900000696,DL500696,DL500696,MEMBER-697,Retail Associate,Debt consolidation loan,Borrower-written description of the loan purpose.,112,https://example.com/loan/697
698,34588.48, 36 months,15.2%,A,A3,94202.05,21.91,MORTGAGE,IL,major_purchase,Current,1,0,1,51.47%,9,57,Not Verified,May-09,100000697,100000697,100000697,900000697,DL500697,DL500697,MEMBER-698,Retail Associate,Debt consolidation loan,Borrower-written description of the loan purpose.,221,https://example.com/loan/698
699,19574.1, 36 months,18.45%,A,A1,137803.11,12.52,OTHER,PA,car,Fully Paid,2,3,NA,40.34%,25,22,Not Verified,Apr-18,100000698,100000698,100000698,900000698,DL500698,DL500698,MEMBER-699,Driver,Debt consolidation loan,Borrower-written description of the loan purpose.,157,https://example.com/loan/699
700,22583.81, 36 months,9.45%,F,F3,155158.34,15.43,MORTGAGE,OH,vacation,Fully Paid,4,2,1,54.27%,11,2,Verified,Jul-09,100000699,100000699,100000699,900000699,DL500699,DL500699,MEMBER-700,Nurse,Debt consolidation loan,Borrower-written description of the loan purpose.,117,https://example.com/loan/700
701,33692.91, 60 months,17.65%,E,E4,51456.57,4.5,OTHER,FL,home_improvement,Current,2,1,2,17.6%,16,9,Not Verified,Mar-16,100000700,100000700,100000700,900000700,DL500700,DL500700,MEMBER-701,Software Engineer,Debt consolidation loan,Borrower-written description of the loan purpose.,405,https://example.com/loan/701
702,8284.36, 36 months,12.23%,D,D1,37177.71,12.13,OWN,GA,car,Fully Paid,4,0,0,45.19%,6,14,Not Verified,Oct-13,100000701,100000701,100000701,900000701,DL500701,DL500701,MEMBER-702,Retail Associate,Debt consolidation loan,Borrower-written description of the loan purpose.,259,https://example.com/loan/702
703,8730.33, 60 months,23.26%,F,F5,67805.07,17.22,OWN,IL,house,Fully Paid,3,2,NA,26.75%,10,38,Not Verified,Sep-08,100000702,100000702,100000702,900000702,DL500702,DL500702,MEMBER-703,Software Engineer,Debt consolidation loan,Borrower-written description of the loan purpose.,418,https://example.com/loan/703
704,14470.88, 60 months,10.06%,F,F4,63718.5,21.83,MORTGAGE,NY,major_purchase,Fully Paid,1,3,0,89.68%,19,26,Verified,Jul-13,100000703,100000703,100000703,900000703,DL500703,DL500703,MEMBER-704,Software Engineer,Debt consolidation loan,Borrower-written description of the loan purpose.,541,https://example.com/loan/704
705,23852.59, 60 months,10.58%,A,A1,81308.35,22.65,MORTGAGE,FL,home_improvement,Fully Paid,4,3,NA,86.1%,11,58,Verified,Jun-11,100000704,100000704,100000704,900000704,DL500704,DL500704,MEMBER-705,Driver,Debt consolidation loan,Borrower-written description of the loan purpose.,129,https://example.com/loan/705
706,17301.08, 60 months,14.64%,D,D4,46026.92,21.54,RENT,IL,medical,Fully Paid,0,3,NA,31.33%,8,15,Not Verified,Feb-16,100000705,100000705,100000705,900000705,DL500705,DL500705,MEMBER-706,Software Engineer,Debt consolidation loan,Borrower-written description of the loan purpose.,240,https://example.com/loan/706
707,33872.06, 36 months,20.01%,B,B4,36073.32,7.47,OWN,MI,vacation,Fully Paid,0,0,0,17.91%,2,20,Verified,Feb-09,100000706,100000706,100000706,900000706,DL500706,DL500706,MEMBER-707,Nurse,Debt consolidation loan,Borrower-written description of the loan purpose.,816,https://example.com/loan/707
708,23594.06, 60 months,11.47%,C,C3,173744.6,6.64,RENT,OH,home_improvement,Fully Paid,0,0,NA,66.95%,27,23,Not Verified,Mar-10,100000707,100000707,100000707,900000707,DL500707,DL500707,MEMBER-708,Software Engineer,Debt consolidation loan,Borrower-written description of the loan purpose.,922,https://example.com/loan/708
709,33036.39, 36 months,5.98%,E,E2,96131.35,12.73,OWN,CA,other,Charged Off,2,3,0,39.13%,21,44,Verified,Sep-13,100000708,100000708,100000708,900000708,DL500708,DL500708,MEMBER-709,Nurse,Debt consolidation loan,Borrower-written description of the loan purpose.,680,https://example.com/loan/709
710,32562.01, 36 months,18.43%,F,F2,156933.76,28.05,OWN,OH,credit_card,Current,4,2,0,36.46%,1,42,Not Verified,Sep-15,100000709,100000709,100000709,900000709,DL500709,DL500709,MEMBER-710,Retail Associate,Debt consolidation loan,Borrower-written description of the loan purpose.,900,https://example.com/loan/710
711,29943.44, 60 months,15.09%,B,B3,53738.59,18.96,MORTGAGE,NY,major_purchase,Fully Paid,3,3,2,86.27%,25,39,Not Verified,Dec-17,100000710,100000710,100000710,900000710,DL500710,DL500710,MEMBER-711,Retail Associate,Debt consolidation loan,Borrower-written description of the loan purpose.,443,https://example.com/loan/711
712,15333.75, 36 months,11.44%,B,B4,168609.17,28.63,NONE,NC,home_improvement,Fully Paid,3,0,0,6.5%,14,6,Not Verified,Feb-17,100000711,100000711,100000711,900000711,DL500711,DL500711,MEMBER-712,Retail Associate,Debt consolidation loan,Borrower-written description of the loan purpose.,847,https://example.com/loan/712
713,7377.54, 60 months,9.38%,A,A4,149382.3,1.82,OWN,TX,renewable_energy,Fully Paid,3,1,2,40.24%,18,2,Verified,Jan-17,100000712,100000712,100000712,900000712,DL500712,DL500712,MEMBER-713,Nurse,Debt consolidation loan,Borrower-written description of the loan purpose.,561,https://example.com/loan/713
714,4235.27, 60 months,12.66%,C,C1,187018.67,8.36,NONE,NY,home_improvement,Fully Paid,0,0,0,97.09%,23,43,Verified,Aug-13,100000713,100000713,100000713,900000713,DL500713,DL500713,MEMBER-714,Nurse,Debt consolidation loan,Borrower-written description of the loan purpose.,858,https://example.com/loan/714
715,28357.38, 36 months,5.85%,F,F3,140261.44,11.54,OWN,NY,medical,Current,0,3,0,67.04%,20,57,Verified,Jun-10,100000714,100000714,100000714,900000714,DL500714,DL500714,MEMBER-715,Software Engineer,Debt consolidation loan,Borrower-written description of the loan purpose.,297,https://example.com/loan/715
716,6899.51, 60 months,12.79%,F,F3,32480.26,21.3,RENT,GA,other,Fully Paid,1,2,NA,64.73%,28,23,Verified,Nov-08,100000715,100000715,100000715,900000715,DL500715,DL500715,MEMBER-716,Nurse,Debt consolidation loan,Borrower-written description of the loan purpose.,611,https://example.com/loan/716
717,942.34, 60 months,7.53%,E,E3,191984.86,2.61,MORTGAGE,FL,other,Fully Paid,1,2,NA,75.33%,25,2,Not Verified,Dec-16,100000716,100000716,100000716,900000716,DL500716,DL500716,MEMBER-717,Retail Associate,Debt consolidation loan,Borrower-written description of the loan purpose.,609,https://example.com/loan/717
718,9463.99, 36 months,21.88%,G,G2,121787.59,8.95,RENT,TX,other,Fully Paid,4,1,2,20.54%,1,47,Source Verified,Mar-13,100000717,100000717,100000717,900000717,DL500717,DL500717,MEMBER-718,Driver,Debt consolidation loan,Borrower-written description of the loan purpose.,318,https://example.com/loan/718
719,8855.69, 36 months,19.53%,G,G5,60173.69,3.17,OWN,MI,car,Charged Off,0,1,NA,48.14%,21,19,Verified,Nov-16,100000718,100000718,100000718,900000718,DL500718,DL500718,MEMBER-719,Software Engineer,Debt consolidation loan,Borrower-written description of the loan purpose.,875,https://example.com/loan/719
720,23106.12, 36 months,19.98%,D,D5,70495.08,1.67,MORTGAGE,NY,educational,Fully Paid,1,3,2,73.07%,21,22,Source Verified,Jul-13,100000719,100000719,100000719,900000719,DL500719,DL500719,MEMBER-720,Software Engineer,Debt consolidation loan,Borrower-written description of the loan purpose.,583,https://example.com/loan/720
721,12014.38, 60 months,19.5%,C,C3,151766.11,18.45,MORTGAGE,GA,house,Fully Paid,3,3,1,94.53%,8,3,Source Verified,Jul-18,100000720,100000720,100000720,900000720,DL500720,DL500720,MEMBER-721,Nurse,Debt consolidation loan,Borrower-written description of the loan purpose.,779,https://example.com/loan/721
722,9589.14, 60 months,11.42%,A,A1,76268.91,14.22,MORTGAGE,TX,educational,Fully Paid,4,0,2,44.18%,4,53,Verified,Feb-10,100000721,100000721,100000721,900000721,DL500721,DL500721,MEMBER-722,Retail Associate,Debt consolidation loan,Borrower-written description of the loan purpose.,473,https://example.com/loan/722
723,4906.45, 36 months,15.41%,F,F2,132610.09,22.97,NONE,FL,medical,Current,2,0,1,73.02%,11,53,Verified,Feb-12,100000722,100000722,100000722,900000722,DL500722,DL500722,MEMBER-723,Software Engineer,Debt consolidation loan,Borrower-written description of the loan purpose.,557,https://example.com/loan/723
724,14274.21, 36 months,19.12%,G,G5,22837.85,11.72,OTHER,TX,house,Fully Paid,1,2,NA,76.73%,16,12,Not Verified,Oct-15,100000723,100000723,100000723,900000723,DL500723,DL500723,MEMBER-724,Retail Associate,Debt consolidation loan,Borrower-written description of the loan purpose.,871,https://example.com/loan/724
725,19631.86, 60 months,20.33%,A,A4,44384.54,12.07,RENT,PA,debt_consolidation,Fully Paid,0,3,2,84.05%,17,22,Source Verified,Oct-15,100000724,100000724,100000724,900000724,DL500724,DL500724,MEMBER-725,Nurse,Debt consolidation loan,Borrower-written description of the loan purpose.,209,https://example.com/loan/725
726,33292.99, 60 months,14.79%,C,C1,20597.64,25.86,OWN,FL,credit_card,Fully Paid,0,3,NA,74.07%,21,9,Source Verified,Aug-12,100000725,100000725,100000725,900000725,DL500725,DL500725,MEMBER-726,Nurse,Debt consolidation loan,Borrower-written description of the loan purpose.,830,https://example.com/loan/726
727,5523.98, 36 months,23.38%,B,B5,158914.72,4.08,OWN,MI,wedding,Current,1,2,1,15.2%,13,15,Source Verified,Jul-09,100000726,100000726,100000726,900000726,DL500726,DL500726,MEMBER-727,Driver,Debt consolidation loan,Borrower-written description of the loan purpose.,786,https://example.com/loan/727
728,8384.77, 60 months,11.77%,A,A4,154490.69,27.53,MORTGAGE,NY,small_business,Fully Paid,0,1,NA,48.28%,30,42,Not Verified,Nov-18,100000727,100000727,100000727,900000727,DL500727,DL500727,MEMBER-728,Nurse,Debt consolidation loan,Borrower-written description of the loan purpose.,292,https://example.com/loan/728
729,3447.16, 60 months,22.67%,D,D1,92863.71,9.31,MORTGAGE,NC,debt_consolidation,Fully Paid,0,1,NA,85.81%,26,32,Not Verified,Apr-15,100000728,100000728,100000728,900000728,DL500728,DL500728,MEMBER-729,Software Engineer,Debt consolidation loan,Borrower-written description of the loan purpose.,736,https://example.com/loan/729
730,6957.94, 60 months,6.9%,B,B1,156500.56,24.21,OWN,NY,major_purchase,Fully Paid,1,1,NA,81.74%,10,50,Not Verified,Nov-11,100000729,100000729,100000729,900000729,DL500729,DL500729,MEMBER-730,Retail Associate,Debt consolidation loan,Borrower-written description of the loan purpose.,189,https://example.com/loan/730
731,505.97, 60 months,14.75%,D,D5,118245.14,14.13,RENT,CA,educational,Charged Off,4,3,2,34.16%,2,13,Source Verified,Jun-17,100000730,100000730,100000730,900000730,DL500730,DL500730,MEMBER-731,Software Engineer,Debt consolidation loan,Borrower-written description of the loan purpose.,969,https://example.com/loan/731
732,25052.8, 36 months,10.38%,F,F5,76994.98,5.14,MORTGAGE,CA,wedding,Current,2,0,1,14.68%,16,32,Source Verified,May-10,100000731,100000731,100000731,900000731,DL500731,DL500731,MEMBER-732,Nurse,Debt consolidation loan,Borrower-written description of the loan purpose.,968,https://example.com/loan/732
733,33650.96, 36 months,6.31%,G,G2,145406.87,9.06,OTHER,CA,major_purchase,Charged Off,2,0,1,13.22%,12,20,Source Verified,Sep-10,100000732,100000732,100000732,900000732,DL500732,DL500732,MEMBER-733,Nurse,Debt consolidation loan,Borrower-written description of the loan purpose.,352,https://example.com/loan/733
734,13773.83, 36 months,17.2%,F,F2,38019.67,2.22,OTHER,CA,debt_consolidation,Fully Paid,3,3,0,70.88%,28,28,Source Verified,Sep-15,100000733,100000733,100000733,900000733,DL500733,DL500733,MEMBER-734,Software Engineer,Debt consolidation loan,Borrower-written description of the loan purpose.,584,https://example.com/loan/734
735,21606.15, 36 months,19.68%,D,D4,78770.21,23.47,NONE,NC,major_purchase,Fully Paid,0,1,NA,67.17%,17,27,Not Verified,Jan-13,100000734,100000734,100000734,900000734,DL500734,DL500734,MEMBER-735,Software Engineer,Debt consolidation loan,Borrower-written description of the loan purpose.,905,https://example.com/loan/735
736,1208.29, 36 months,17.53%,F,F2,132080.02,20.48,NONE,GA,other,Current,2,3,0,78.12%,20,40,Not Verified,Jul-12,100000735,100000735,100000735,900000735,DL500735,DL500735,MEMBER-736,Driver,Debt consolidation loan,Borrower-written description of the loan purpose.,939,https://example.com/loan/736
737,17737.84, 60 months,20.85%,E,E5,129795.1,19.85,MORTGAGE,OH,credit_card,Charged Off,1,1,1,27.26%,11,36,Source Verified,May-15,100000736,100000736,100000736,900000736,DL500736,DL500736,MEMBER-737,Driver,Debt consolidation loan,Borrower-written description of the loan purpose.,813,https://example.com/loan/737
738,28647.38, 60 months,11.64%,A,A4,73570.57,15.03,NONE,CA,home_improvement,Current,4,1,1,26.12%,9,48,Not Verified,Dec-12,100000737,100000737,100000737,900000737,DL500737,DL500737,MEMBER-738,Nurse,Debt consolidation loan,Borrower-written description of the loan purpose.,279,https://example.com/loan/738
739,10909.23, 60 months,21.62%,F,F1,189631.18,22.31,NONE,IL,debt_consolidation,Current,1,0,2,69.99%,24,59,Not Verified,May-18,100000738,100000738,100000738,900000738,DL500738,DL500738,MEMBER-739,Driver,Debt consolidation loan,Borrower-written description of the loan purpose.,979,https://example.com/loan/739
740,22177.8, 60 months,5.83%,G,G5,94700.42,25.5,RENT,CA,major_purchase,Charged Off,1,2,1,58.58%,17,14,Source Verified,Apr-17,100000739,100000739,100000739,900000739,DL500739,DL500739,MEMBER-740,Software Engineer,Debt consolidation loan,Borrower-written description of the loan purpose.,918,https://example.com/loan/740
741,5988.44, 36 months,17.19%,C,C2,150181.0,23.92,NONE,OH,home_improvement,Charged Off,2,1,NA,28.41%,4,42,Not Verified,Jul-17,100000740,100000740,100000740,900000740,DL500740,DL500740,MEMBER-741,Nurse,Debt consolidation loan,Borrower-written description of the loan purpose.,988,https://example.com/loan/741
742,21271.82, 36 months,18.21%,C,C2,145328.79,24.81,OWN,MI,home_improvement,Fully Paid,1,0,2,20.54%,26,44,Not Verified,Dec-11,100000741,100000741,100000741,900000741,DL500741,DL500741,MEMBER-742,Driver,Debt consolidation loan,Borrower-written description of the loan purpose.,777,https://example.com/loan/742
743,29863.61, 60 months,16.55%,B,B1,101560.18,6.23,MORTGAGE,NC,major_purchase,Charged Off,3,2,2,86.14%,15,2,Verified,Dec-10,100000742,100000742,100000742,900000742,DL500742,DL500742,MEMBER-743,Driver,Debt consolidation loan,Borrower-written description of the loan purpose.,927,https://example.com/loan/743
744,6757.41, 36 months,21.03%,F,F3,158389.86,17.74,OWN,PA,other,Charged Off,2,3,NA,0.8%,1,46,Source Verified,May-14,100000743,100000743,100000743,900000743,DL500743,DL500743,MEMBER-744,Retail Associate,Debt consolidation loan,Borrower-written description of the loan purpose.,386,https://example.com/loan/744
745,4221.13, 60 months,16.35%,E,E1,148319.99,0.27,MORTGAGE,FL,wedding,Fully Paid,1,0,0,0.08%,16,10,Not Verified,Nov-13,100000744,100000744,100000744,900000744,DL500744,DL500744,MEMBER-745,Driver,Debt consolidation loan,Borrower-written description of the loan purpose.,114,https://example.com/loan/745
746,10114.39, 36 months,8.17%,G,G3,83799.86,23.68,MORTGAGE,NC,renewable_energy,Fully Paid,3,3,1,73.23%,14,15,Source Verified,Aug-14,100000745,100000745,100000745,900000745,DL500745,DL500745,MEMBER-746,Nurse,Debt consolidation loan,Borrower-written description of the loan purpose.,743,https://example.com/loan/746
747,13708.7, 36 months,8.36%,F,F3,130242.79,17.24,MORTGAGE,NC,house,Fully Paid,1,1,NA,58.32%,26,16,Not Verified,Oct-16,100000746,100000746,100000746,900000746,DL500746,DL500746,MEMBER-747,Retail Associate,Debt consolidation loan,Borrower-written description of the loan purpose.,369,https://example.com/loan/747
748,7587.11, 36 months,20.42%,B,B1,43512.24,3.92,OWN,PA,major_purchase,Fully Paid,0,2,1,8.19%,16,19,Verified,Jun-17,100000747,100000747,100000747,900000747,DL500747,DL500747,MEMBER-748,Nurse,Debt consolidation loan,Borrower-written description of the loan purpose.,957,https://example.com/loan/748
749,21953.64, 36 months,23.31%,F,F5,184504.12,8.62,RENT,NC,credit_card,Current,3,1,1,18.34%,16,17,Source Verified,Jan-18,100000748,100000748,100000748,900000748,DL500748,DL500748,MEMBER-749,Software Engineer,Debt consolidation loan,Borrower-written description of the loan purpose.,113,https://example.com/loan/749
750,32407.33, 36 months,20.13%,B,B3,28014.31,23.65,OTHER,PA,medical,Fully Paid,1,0,NA,34.21%,4,25,Source Verified,Jul-13,100000749,100000749,100000749,900000749,DL500749,DL500749,MEMBER-750,Software Engineer,Debt consolidation loan,Borrower-written description of the loan purpose.,555,https://example.com/loan/750
751,31186.68, 60 months,24.39%,G,G2,94702.53,24.5,OTHER,CA,car,Fully Paid,0,2,2,65.82%,15,11,Verified,Jul-18,100000750,100000750,100000750,900000750,DL500750,DL500750,MEMBER-751,Retail Associate,Debt consolidation loan,Borrower-written description of the loan purpose.,907,https://example.com/loan/751
752,17745.27, 60 months,8.87%,G,G1,43501.5,9.1,MORTGAGE,GA,educational,Fully Paid,2,2,2,10.83%,11,11,Not Verified,May-14,100000751,100000751,100000751,900000751,DL500751,DL500751,MEMBER-752,Driver,Debt consolidation loan,Borrower-written description of the loan purpose.,566,https://example.com/loan/752
753,23956.77, 60 months,23.33%,F,F3,176056.19,26.02,NONE,OH,other,Fully Paid,1,1,0,25.73%,15,53,Source Verified,Dec-15,100000752,100000752,100000752,900000752,DL500752,DL500752,MEMBER-753,Retail Associate,Debt consolidation loan,Borrower-written description of the loan purpose.,812,https://example.com/loan/753
754,9611.35, 60 months,10.85%,G,G2,26607.73,14.51,RENT,CA,medical,Fully Paid,4,1,2,19.3%,18,17,Source Verified,Nov-08,100000753,100000753,100000753,900000753,DL500753,DL500753,MEMBER-754,Driver,Debt consolidation loan,Borrower-written description of the loan purpose.,210,https://example.com/loan/754
755,1674.82, 60 months,13.67%,G,G2,31531.86,24.64,RENT,CA,debt_consolidation,Fully Paid,0,0,0,56.84%,17,42,Verified,Nov-13,100000754,100000754,100000754,900000754,DL500754,DL500754,MEMBER-755,Nurse,Debt consolidation loan,Borrower-written description of the loan purpose.,621,https://example.com/loan/755
756,1787.04, 60 months,14.82%,G,G1,55436.93,0.31,RENT,NY,wedding,Fully Paid,0,1,NA,45.72%,29,23,Source Verified,Aug-15,100000755,100000755,100000755,900000755,DL500755,DL500755,MEMBER-756,Driver,Debt consolidation loan,Borrower-written description of the loan purpose.,551,https://example.com/loan/756
757,19951.57, 60 months,14.0%,A,A4,102803.75,8.74,RENT,GA,vacation,Current,3,0,0,21.02%,19,33,Source Verified,Jan-09,100000756,100000756,100000756,900000756,DL500756,DL500756,MEMBER-757,Retail Associate,Debt consolidation loan,Borrower-written description of the loan purpose.,201,https://example.com/loan/757
758,18761.02, 60 months,16.05%,G,G3,190622.18,15.26,OWN,MI,medical,Fully Paid,0,0,NA,69.92%,21,22,Verified,Sep-15,100000757,100000757,100000757,900000757,DL500757,DL500757,MEMBER-758,Retail Associate,Debt consolidation loan,Borrower-written description of the loan purpose.,759,https://example.com/loan/758
759,23398.25, 36 months,18.53%,D,D5,156112.39,8.3,OTHER,IL,house,Fully Paid,2,2,2,27.75%,27,3,Verified,Jan-11,100000758,100000758,100000758,900000758,DL500758,DL500758,MEMBER-759,Software Engineer,Debt consolidation loan,Borrower-written description of the loan purpose.,341,https://example.com/loan/759
760,4264.12, 36 months,12.32%,C,C1,185760.98,24.85,OWN,NC,car,Current,3,0,NA,44.87%,27,53,Source Verified,Sep-10,100000759,100000759,100000759,900000759,DL500759,DL500759,MEMBER-760,Software Engineer,Debt consolidation loan,Borrower-written description of the loan purpose.,226,https://example.com/loan/760
761,30228.31, 36 months,10.16%,F,F4,177626.73,10.8,OTHER,FL,credit_card,Charged Off,2,1,0,90.18%,5,24,Not Verified,Apr-13,100000760,100000760,100000760,900000760,DL500760,DL500760,MEMBER-761,Driver,Debt consolidation loan,Borrower-written description of the loan purpose.,885,https://example.com/loan/761
762,13505.66, 60 months,22.32%,D,D3,100886.57,23.38,NONE,NY,debt_consolidation,Charged Off,1,3,0,16.33%,21,14,Not Verified,Feb-08,100000761,100000761,100000761,900000761,DL500761,DL500761,MEMBER-762,Nurse,Debt consolidation loan,Borrower-written description of the loan purpose.,986,https://example.com/loan/762
763,24502.1, 60 months,19.82%,F,F4,68356.2,7.24,OWN,NC,moving,Fully Paid,3,3,0,5.35%,12,47,Source Verified,Jun-14,100000762,100000762,100000762,900000762,DL500762,DL500762,MEMBER-763,Nurse,Debt consolidation loan,Borrower-written description of the loan purpose.,455,https://example.com/loan/763
764,34190.5, 36 months,14.87%,D,D1,190492.03,14.18,MORTGAGE,CA,major_purchase,Fully Paid,4,2,1,52.57%,11,54,Source Verified,Dec-17,100000763,100000763,100000763,900000763,DL500763,DL500763,MEMBER-764,Nurse,Debt consolidation loan,Borrower-written description of the loan purpose.,444,https://example.com/loan/764
765,5553.35, 60 months,22.02%,B,B2,174441.96,28.23,NONE,IL,house,Current,1,0,NA,88.12%,30,54,Source Verified,Sep-18,100000764,100000764,100000764,900000764,DL500764,DL500764,MEMBER-765,Driver,Debt consolidation loan,Borrower-written description of the loan purpose.,418,https://example.com/loan/765
766,19451.08, 36 months,17.71%,F,F3,89869.19,2.03,MORTGAGE,CA,major_purchase,Current,0,1,0,76.88%,27,27,Verified,Aug-16,100000765,100000765,100000765,900000765,DL500765,DL500765,MEMBER-766,Software Engineer,Debt consolidation loan,Borrower-written description of the loan purpose.,247,https://example.com/loan/766
767,28731.97, 60 months,15.13%,F,F2,73593.44,5.32,NONE,GA,house,Charged Off,1,0,1,42.52%,16,56,Source Verified,May-12,100000766,100000766,100000766,900000766,DL500766,DL500766,MEMBER-767,Driver,Debt consolidation loan,Borrower-written description of the loan purpose.,211,https://example.com/loan/767
768,11917.16, 36 months,14.64%,A,A4,108458.15,22.64,OTHER,OH,educational,Fully Paid,3,0,2,74.86%,14,58,Source Verified,Dec-11,100000767,100000767,100000767,900000767,DL500767,DL500767,MEMBER-768,Software Engineer,Debt consolidation loan,Borrower-written description of the loan purpose.,420,https://example.com/loan/768
769,17285.92, 60 months,23.64%,G,G3,96575.85,21.94,OTHER,IL,home_improvement,Current,0,2,0,45.19%,3,40,Not Verified,Apr-17,100000768,100000768,100000768,900000768,DL500768,DL500768,MEMBER-769,Retail Associate,Debt consolidation loan,Borrower-written description of the loan purpose.,534,https://example.com/loan/769
770,31883.79, 36 months,10.39%,F,F4,194469.91,27.58,MORTGAGE,OH,major_purchase,Fully Paid,1,2,NA,29.08%,12,11,Not Verified,Jun-17,100000769,100000769,100000769,900000769,DL500769,DL500769,MEMBER-770,Driver,Debt consolidation loan,Borrower-written description of the loan purpose.,239,https://example.com/loan/770
771,1585.01, 60 months,5.9%,G,G4,66507.45,26.94,RENT,TX,house,Current,0,1,NA,98.47%,29,18,Source Verified,Jul-16,100000770,100000770,100000770,900000770,DL500770,DL500770,MEMBER-771,Retail Associate,Debt consolidation loan,Borrower-written description of the loan purpose.,201,https://example.com/loan/771
772,21375.09, 60 months,21.07%,B,B5,48570.28,19.84,RENT,OH,other,Fully Paid,4,0,NA,14.92%,21,36,Verified,Feb-09,100000771,100000771,100000771,900000771,DL500771,DL500771,MEMBER-772,Driver,Debt consolidation loan,Borrower-written description of the loan purpose.,784,https://example.com/loan/772
773,21903.74, 60 months,9.48%,C,C4,195385.47,29.66,MORTGAGE,OH,moving,Current,3,2,2,73.76%,20,53,Verified,Apr-16,100000772,100000772,100000772,900000772,DL500772,DL500772,MEMBER-773,Driver,Debt consolidation loan,Borrower-written description of the loan purpose.,192,https://example.com/loan/773
774,25052.74, 60 months,6.38%,B,B1,162707.82,29.83,MORTGAGE,OH,major_purchase,Current,3,2,NA,51.53%,8,21,Source Verified,Jul-11,100000773,100000773,100000773,900000773,DL500773,DL500773,MEMBER-774,Software Engineer,Debt consolidation loan,Borrower-written description of the loan purpose.,411,https://example.com/loan/774
775,12296.16, 60 months,11.29%,F,F2,153572.52,21.42,OTHER,NC,credit_card,Fully Paid,4,1,2,1.6%,3,36,Verified,Apr-16,100000774,100000774,100000774,900000774,DL500774,DL500774,MEMBER-775,Nurse,Debt consolidation loan,Borrower-written description of the loan purpose.,594,https://example.com/loan/775
776,14659.83, 36 months,16.55%,C,C1,133121.06,10.41,RENT,NC,car,Fully Paid,2,0,2,27.65%,27,52,Verified,Jan-18,100000775,100000775,100000775,900000775,DL500775,DL500775,MEMBER-776,Nurse,Debt consolidation loan,Borrower-written description of the loan purpose.,400,https://example.com/loan/776
777,1667.69, 36 months,21.57%,G,G5,28392.61,4.38,RENT,PA,small_business,Current,1,3,1,41.51%,25,45,Source Verified,Nov-12,100000776,100000776,100000776,900000776,DL500776,DL500776,MEMBER-777,Nurse,Debt consolidation loan,Borrower-written description of the loan purpose.,727,https://example.com/loan/777
778,29224.04, 36 months,8.48%,F,F5,27192.63,19.46,NONE,MI,renewable_energy,Current,0,1,1,63.29%,18,57,Verified,Nov-11,100000777,100000777,100000777,900000777,DL500777,DL500777,MEMBER-778,Software Engineer,Debt consolidation loan,Borrower-written description of the loan purpose.,504,https://example.com/loan/778
779,7598.76, 60 months,6.59%,B,B1,68514.91,5.84,OTHER,CA,small_business,Current,2,0,0,93.68%,9,33,Not Verified,Jun-15,100000778,100000778,100000778,900000778,DL500778,DL500778,MEMBER-779,Driver,Debt consolidation loan,Borrower-written description of the loan purpose.,485,https://example.com/loan/779
780,28394.39, 60 months,15.79%,D,D5,126800.34,6.33,MORTGAGE,FL,credit_card,Fully Paid,4,3,2,22.35%,11,19,Not Verified,Oct-15,100000779,100000779,100000779,900000779,DL500779,DL500779,MEMBER-780,Software Engineer,Debt consolidation loan,Borrower-written description of the loan purpose.,222,https://example.com/loan/780
781,9640.85, 60 months,18.04%,G,G2,160845.83,17.54,MORTGAGE,IL,small_business,Charged Off,1,1,0,71.07%,7,53,Source Verified,Dec-12,100000780,100000780,100000780,900000780,DL500780,DL500780,MEMBER-781,Nurse,Debt consolidation loan,Borrower-written description of the loan purpose.,366,https://example.com/loan/781
782,28161.76, 60 months,22.25%,C,C4,176885.47,26.76,MORTGAGE,NC,house,Current,1,1,0,68.5%,21,24,Verified,Jun-15,100000781,100000781,100000781,900000781,DL500781,DL500781,MEMBER-782,Retail Associate,Debt consolidation loan,Borrower-written description of the loan purpose.,533,https://example.com/loan/782
783,20740.85, 60 months,9.22%,E,E3,112517.51,3.16,OTHER,NC,debt_consolidation,Fully Paid,4,0,1,43.24%,17,39,Source Verified,Feb-10,100000782,100000782,100000782,900000782,DL500782,DL500782,MEMBER-783,Software Engineer,Debt consolidation loan,Borrower-written description of the loan purpose.,669,https://example.com/loan/783
784,7784.45, 60 months,23.07%,F,F3,143878.91,4.8,OTHER,IL,small_business,Current,0,2,1,7.77%,28,22,Verified,Aug-18,100000783,100000783,100000783,900000783,DL500783,DL500783,MEMBER-784,Retail Associate,Debt consolidation loan,Borrower-written description of the loan purpose.,321,https://example.com/loan/784
785,7927.01, 60 months,22.33%,B,B4,179272.67,18.18,NONE,CA,medical,Fully Paid,3,0,2,96.58%,15,3,Not Verified,Jul-09,100000784,100000784,100000784,900000784,DL500784,DL500784,MEMBER-785,Software Engineer,Debt consolidation loan,Borrower-written description of the loan purpose.,676,https://example.com/loan/785
786,14104.14, 60 months,17.51%,B,B3,21996.74,22.73,MORTGAGE,GA,medical,Charged Off,4,0,2,60.85%,26,20,Source Verified,Jan-08,100000785,100000785,100000785,900000785,DL500785,DL500785,MEMBER-786,Retail Associate,Debt consolidation loan,Borrower-written description of the loan purpose.,523,https://example.com/loan/786
787,18631.24, 60 months,20.93%,E,E2,171314.53,1.64,NONE,NY,house,Current,3,2,0,53.08%,6,19,Source Verified,Apr-08,100000786,100000786,100000786,900000786,DL500786,DL500786,MEMBER-787,Retail Associate,Debt consolidation loan,Borrower-written description of the loan purpose.,169,https://example.com/loan/787
788,1999.51, 36 months,15.8%,E,E1,38778.94,9.4,OTHER,NC,vacation,Current,0,1,NA,10.1%,21,46,Source Verified,Feb-16,100000787,100000787,100000787,900000787,DL500787,DL500787,MEMBER-788,Software Engineer,Debt consolidation loan,Borrower-written description of the loan purpose.,196,https://example.com/loan/788
789,33795.07, 60 months,23.59%,F,F3,86551.49,1.95,MORTGAGE,IL,medical,Current,1,2,1,56.2%,30,58,Verified,Aug-10,100000788,100000788,100000788,900000788,DL500788,DL500788,MEMBER-789,Driver,Debt consolidation loan,Borrower-written description of the loan purpose.,950,https://example.com/loan/789
790,33187.27, 36 months,15.19%,G,G3,171058.74,23.95,MORTGAGE,TX,moving,Fully Paid,0,3,NA,26.41%,4,12,Verified,May-17,100000789,100000789,100000789,900000789,DL500789,DL500789,MEMBER-790,Nurse,Debt consolidation loan,Borrower-written description of the loan purpose.,993,https://example.com/loan/790
791,32306.61, 36 months,19.49%,F,F5,107589.21,26.84,OWN,NY,educational,Fully Paid,0,1,0,52.04%,24,45,Verified,Dec-10,100000790,100000790,100000790,900000790,DL500790,DL500790,MEMBER-791,Nurse,Debt consolidation loan,Borrower-written description of the loan purpose.,523,https://example.com/loan/791
792,12447.4, 60 months,10.84%,E,E4,199808.29,11.78,RENT,MI,small_business,Fully Paid,0,1,2,48.72%,6,38,Source Verified,Jun-09,100000791,100000791,100000791,900000791,DL500791,DL500791,MEMBER-792,Retail Associate,Debt consolidation loan,Borrower-written description of the loan purpose.,136,https://example.com/loan/792
793,14389.29, 36 months,9.45%,D,D1,168311.86,23.31,MORTGAGE,CA,moving,Current,4,3,2,88.65%,17,53,Verified,Jun-14,100000792,100000792,100000792,900000792,DL500792,DL500792,MEMBER-793,Driver,Debt consolidation loan,Borrower-written description of the loan purpose.,160,https://example.com/loan/793
794,12191.58, 60 months,16.61%,D,D5,173523.75,12.82,NONE,NY,car,Current,0,3,NA,55.31%,11,58,Not Verified,Feb-11,100000793,100000793,100000793,900000793,DL500793,DL500793,MEMBER-794,Software Engineer,Debt consolidation loan,Borrower-written description of the loan purpose.,948,https://example.com/loan/794
795,22989.04, 60 months,13.8%,F,F3,179153.28,22.02,MORTGAGE,CA,medical,Charged Off,2,3,NA,0.55%,13,48,Verified,Jan-18,100000794,100000794,100000794,900000794,DL500794,DL500794,MEMBER-795,Nurse,Debt consolidation loan,Borrower-written description of the loan purpose.,575,https://example.com/loan/795
796,9220.34, 36 months,8.82%,C,C4,199934.94,21.57,OWN,IL,other,Charged Off,4,2,2,71.13%,9,55,Source Verified,Mar-12,100000795,100000795,100000795,900000795,DL500795,DL500795,MEMBER-796,Software Engineer,Debt consolidation loan,Borrower-written description of the loan purpose.,631,https://example.com/loan/796
797,7558.55, 60 months,7.48%,D,D3,127348.31,27.13,OWN,FL,wedding,Fully Paid,2,3,1,55.37%,17,43,Source Verified,Jan-12,100000796,100000796,100000796,900000796,DL500796,DL500796,MEMBER-797,Retail Associate,Debt consolidation loan,Borrower-written description of the loan purpose.,385,https://example.com/loan/797
798,9353.98, 36 months,13.02%,A,A2,38583.09,18.73,NONE,PA,medical,Charged Off,0,0,0,61.41%,13,42,Verified,Feb-09,100000797,100000797,100000797,900000797,DL500797,DL500797,MEMBER-798,Software Engineer,Debt consolidation loan,Borrower-written description of the loan purpose.,364,https://example.com/loan/798
799,11717.57, 60 months,16.07%,B,B2,48141.38,6.72,RENT,IL,moving,Current,1,3,1,61.93%,10,44,Source Verified,Feb-13,100000798,100000798,100000798,900000798,DL500798,DL500798,MEMBER-799,Driver,Debt consolidation loan,Borrower-written description of the loan purpose.,297,https://example.com/loan/799
800,9883.33, 36 months,18.88%,A,A5,172536.28,0.38,NONE,IL,credit_card,Fully Paid,4,2,0,57.02%,29,32,Verified,Dec-16,100000799,100000799,100000799,900000799,DL500799,DL500799,MEMBER-800,Retail Associate,Debt consolidation loan,Borrower-written description of the loan purpose.,783,https://example.com/loan/800
801,12404.41, 36 months,16.15%,F,F1,35459.63,9.93,OWN,CA,car,Fully Paid,2,2,2,72.95%,26,38,Source Verified,Oct-14,100000800,100000800,100000800,900000800,DL500800,DL500800,MEMBER-801,Driver,Debt consolidation loan,Borrower-written description of the loan purpose.,246,https://example.com/loan/801
802,30081.16, 60 months,6.05%,A,A2,39781.8,2.42,RENT,FL,home_improvement,Current,4,0,1,53.83%,25,41,Not Verified,Nov-14,100000801,100000801,100000801,900000801,DL500801,DL500801,MEMBER-802,Nurse,Debt consolidation loan,Borrower-written description of the loan purpose.,590,https://example.com/loan/802
803,16105.88, 60 months,14.73%,D,D2,54415.42,19.55,OTHER,FL,moving,Fully Paid,2,2,0,0.28%,13,39,Source Verified,Oct-08,100000802,100000802,100000802,900000802,DL500802,DL500802,MEMBER-803,Retail Associate,Debt consolidation loan,Borrower-written description of the loan purpose.,375,https://example.com/loan/803
804,15771.21, 36 months,7.62%,E,E3,99685.28,8.17,NONE,NC,vacation,Current,1,3,NA,26.43%,26,30,Source Verified,Jan-09,100000803,100000803,100000803,900000803,DL500803,DL500803,MEMBER-804,Nurse,Debt consolidation loan,Borrower-written description of the loan purpose.,996,https://example.com/loan/804
805,12076.8, 36 months,9.22%,A,A5,33204.09,21.33,OTHER,FL,home_improvement,Fully Paid,3,0,0,61.51%,24,31,Verified,Sep-09,100000804,100000804,100000804,900000804,DL500804,DL500804,MEMBER-805,Nurse,Debt consolidation loan,Borrower-written description of the loan purpose.,841,https://example.com/loan/805
806,23896.42, 36 months,11.02%,B,B2,182325.95,26.34,MORTGAGE,PA,moving,Fully Paid,3,1,0,57.8%,16,11,Verified,Nov-12,100000805,100000805,100000805,900000805,DL500805,DL500805,MEMBER-806,Driver,Debt consolidation loan,Borrower-written description of the loan purpose.,839,https://example.com/loan/806
807,11293.65, 36 months,14.62%,C,C3,186848.43,4.64,OTHER,OH,educational,Fully Paid,4,0,NA,37.2%,8,49,Not Verified,Jul-13,100000806,100000806,100000806,900000806,DL500806,DL500806,MEMBER-807,Retail Associate,Debt consolidation loan,Borrower-written description of the loan purpose.,699,https://example.com/loan/807
808,12461.12, 36 months,14.81%,F,F2,134831.82,14.0,OTHER,FL,home_improvement,Charged Off,0,0,1,83.79%,24,31,Source Verified,Oct-08,100000807,100000807,100000807,900000807,DL500807,DL500807,MEMBER-808,Nurse,Debt consolidation loan,Borrower-written description of the loan purpose.,802,https://example.com/loan/808
809,24692.1, 60 months,10.0%,C,C1,166448.32,19.97,MORTGAGE,NC,credit_card,Current,3,1,1,9.08%,25,2,Verified,Mar-15,100000808,100000808,100000808,900000808,DL500808,DL500808,MEMBER-809,Driver,Debt consolidation loan,Borrower-written description of the loan purpose.,340,https://example.com/loan/809
810,25769.91, 36 months,24.33%,F,F3,122151.85,25.26,OTHER,NY,major_purchase,Fully Paid,2,0,NA,4.63%,1,13,Not Verified,Sep-11,100000809,100000809,100000809,900000809,DL500809,DL500809,MEMBER-810,Nurse,Debt consolidation loan,Borrower-written description of the loan purpose.,199,https://example.com/loan/810
811,2067.74, 36 months,6.71%,F,F3,47559.94,23.98,MORTGAGE,CA,wedding,Fully Paid,1,3,0,29.01%,10,10,Not Verified,Apr-08,100000810,100000810,100000810,900000810,DL500810,DL500810,MEMBER-811,Nurse,Debt consolidation loan,Borrower-written description of the loan purpose.,254,https://example.com/loan/811
812,7488.25, 36 months,14.31%,D,D1,44482.09,21.32,MORTGAGE,GA,medical,Current,2,1,1,87.72%,5,51,Source Verified,Nov-15,100000811,100000811,100000811,900000811,DL500811,DL500811,MEMBER-812,Driver,Debt consolidation loan,Borrower-written description of the loan purpose.,753,https://example.com/loan/812
813,16984.32, 36 months,17.24%,D,D2,143247.46,8.74,OTHER,MI,wedding,Current,4,1,1,21.66%,23,32,Source Verified,Dec-14,100000812,100000812,100000812,900000812,DL500812,DL500812,MEMBER-813,Driver,Debt consolidation loan,Borrower-written description of the loan purpose.,145,https://example.com/loan/813
814,21321.96, 36 months,16.1%,B,B5,123955.21,18.48,OTHER,NY,small_business,Fully Paid,1,1,0,70.88%,27,35,Verified,Jun-18,100000813,100000813,100000813,900000813,DL500813,DL500813,MEMBER-814,Driver,Debt consolidation loan,Borrower-written description of the loan purpose.,926,https://example.com/loan/814
815,19471.0, 60 months,10.4%,C,C3,71421.72,18.89,OWN,MI,home_improvement,Current,4,1,NA,87.05%,1,53,Verified,Oct-08,100000814,100000814,100000814,900000814,DL500814,DL500814,MEMBER-815,Nurse,Debt consolidation loan,Borrower-written description of the loan purpose.,329,https://example.com/loan/815
816,1438.68, 36 months,6.11%,C,C2,90082.29,4.68,OTHER,CA,educational,Fully Paid,4,1,NA,42.16%,25,25,Source Verified,Aug-12,100000815,100000815,100000815,900000815,DL500815,DL500815,MEMBER-816,Driver,Debt consolidation loan,Borrower-written description of the loan purpose.,643,https://example.com/loan/816
817,16751.71, 36 months,15.93%,C,C1,47556.2,8.33,OWN,OH,moving,Fully Paid,2,0,0,93.09%,7,43,Verified,Aug-11,100000816,100000816,100000816,900000816,DL500816,DL500816,MEMBER-817,Retail Associate,Debt consolidation loan,Borrower-written description of the loan purpose.,728,https://example.com/loan/817
818,21463.6, 60 months,9.02%,G,G1,103506.96,27.61,OWN,MI,wedding,Charged Off,0,0,2,35.5%,19,27,Verified,Jul-13,100000817,100000817,100000817,900000817,DL500817,DL500817,MEMBER-818,Driver,Debt consolidation loan,Borrower-written description of the loan purpose.,180,https://example.com/loan/818
819,11487.96, 36 months,14.32%,C,C3,52833.61,18.01,NONE,TX,moving,Current,1,1,2,16.3%,2,3,Verified,Jun-08,100000818,100000818,100000818,900000818,DL500818,DL500818,MEMBER-819,Software Engineer,Debt consolidation loan,Borrower-written description of the loan purpose.,662,https://example.com/loan/819
820,21439.92, 60 months,20.69%,G,G4,74657.28,11.74,OTHER,NY,debt_consolidation,Current,3,1,0,13.64%,25,49,Source Verified,Jun-14,100000819,100000819,100000819,900000819,DL500819,DL500819,MEMBER-820,Nurse,Debt consolidation loan,Borrower-written description of the loan purpose.,301,https://example.com/loan/820
821,21488.73, 36 months,24.16%,D,D3,92695.0,27.69,RENT,GA,educational,Fully Paid,3,2,1,74.01%,9,58,Not Verified,Jul-12,100000820,100000820,100000820,900000820,DL500820,DL500820,MEMBER-821,Nurse,Debt consolidation loan,Borrower-written description of the loan purpose.,300,https://example.com/loan/821
822,20044.17, 60 months,8.68%,D,D5,61658.37,13.69,RENT,TX,major_purchase,Current,3,1,1,24.41%,7,29,Verified,Feb-10,100000821,100000821,100000821,900000821,DL500821,DL500821,MEMBER-822,Software Engineer,Debt consolidation loan,Borrower-written description of the loan purpose.,822,https://example.com/loan/822
823,2208.49, 60 months,20.38%,E,E5,159954.57,13.72,OTHER,GA,wedding,Fully Paid,0,0,NA,9.59%,24,17,Not Verified,Feb-08,100000822,100000822,100000822,900000822,DL500822,DL500822,MEMBER-823,Retail Associate,Debt consolidation loan,Borrower-written description of the loan purpose.,191,https://example.com/loan/823
824,24220.08, 60 months,22.92%,G,G1,198627.09,24.02,OTHER,CA,moving,Fully Paid,4,2,0,4.62%,9,59,Not Verified,Nov-14,100000823,100000823,100000823,900000823,DL500823,DL500823,MEMBER-824,Software Engineer,Debt consolidation loan,Borrower-written description of the loan purpose.,879,https://example.com/loan/824
825,34509.13, 60 months,18.88%,E,E4,192115.13,12.58,RENT,NY,wedding,Charged Off,3,3,NA,78.75%,12,38,Verified,Feb-13,100000824,100000824,100000824,900000824,DL500824,DL500824,MEMBER-825,Retail Associate,Debt consolidation loan,Borrower-written description of the loan purpose.,374,https://example.com/loan/825
826,6357.87, 36 months,8.81%,A,A2,165892.5,7.36,NONE,CA,medical,Fully Paid,0,1,1,98.66%,12,52,Source Verified,Mar-09,100000825,100000825,100000825,900000825,DL500825,DL500825,MEMBER-826,Nurse,Debt consolidation loan,Borrower-written description of the loan purpose.,101,https://example.com/loan/826
827,6409.84, 60 months,12.34%,E,E5,108567.26,0.87,MORTGAGE,NC,car,Fully Paid,3,1,1,61.02%,10,49,Not Verified,Nov-17,100000826,100000826,100000826,900000826,DL500826,DL500826,MEMBER-827,Nurse,Debt consolidation loan,Borrower-written description of the loan purpose.,237,https://example.com/loan/827
828,9846.59, 60 months,9.4%,E,E3,90136.53,5.39,OTHER,FL,major_purchase,Charged Off,4,3,NA,49.74%,27,58,Verified,Apr-13,100000827,100000827,100000827,900000827,DL500827,DL500827,MEMBER-828,Retail Associate,Debt consolidation loan,Borrower-written description of the loan purpose.,155,https://example.com/loan/828
829,33178.76, 60 months,7.19%,G,G5,85000.04,24.8,OWN,PA,medical,Current,2,0,0,86.93%,28,43,Verified,Sep-11,100000828,100000828,100000828,900000828,DL500828,DL500828,MEMBER-829,Nurse,Debt consolidation loan,Borrower-written description of the loan purpose.,522,https://example.com/loan/829
830,22981.02, 60 months,24.45%,F,F3,111175.09,16.75,OWN,GA,small_business,Fully Paid,3,2,NA,6.96%,29,38,Verified,Jul-16,100000829,100000829,100000829,900000829,DL500829,DL500829,MEMBER-830,Nurse,Debt consolidation loan,Borrower-written description of the loan purpose.,657,https://example.com/loan/830
831,33972.89, 36 months,13.32%,B,B3,162695.97,5.85,NONE,CA,educational,Current,2,3,2,63.01%,1,22,Not Verified,Jun-17,100000830,100000830,100000830,900000830,DL500830,DL500830,MEMBER-831,Retail Associate,Debt consolidation loan,Borrower-written description of the loan purpose.,343,https://example.com/loan/831
832,10009.29, 36 months,14.41%,D,D4,81377.85,26.93,RENT,GA,educational,Current,4,2,1,92.0%,26,20,Not Verified,Apr-11,100000831,100000831,100000831,900000831,DL500831,DL500831,MEMBER-832,Software Engineer,Debt consolidation loan,Borrower-written description of the loan purpose.,340,https://example.com/loan/832
833,32202.35, 60 months,13.73%,E,E5,32109.65,18.76,OTHER,NY,renewable_energy,Fully Paid,0,1,0,9.25%,18,19,Source Verified,Jun-09,100000832,100000832,100000832,900000832,DL500832,DL500832,MEMBER-833,Software Engineer,Debt consolidation loan,Borrower-written description of the loan purpose.,159,https://example.com/loan/833
834,33537.07, 36 months,15.38%,D,D3,150641.22,21.33,RENT,FL,house,Current,4,0,NA,34.35%,16,20,Source Verified,Jul-18,100000833,100000833,100000833,900000833,DL500833,DL500833,MEMBER-834,Driver,Debt consolidation loan,Borrower-written description of the loan purpose.,511,https://example.com/loan/834
835,12934.7, 36 months,18.12%,E,E5,62114.37,17.73,MORTGAGE,GA,renewable_energy,Current,4,3,NA,40.75%,5,32,Source Verified,Nov-08,100000834,100000834,100000834,900000834,DL500834,DL500834,MEMBER-835,Retail Associate,Debt consolidation loan,Borrower-written description of the loan purpose.,646,https://example.com/loan/835
836,3078.42, 60 months,5.67%,G,G5,184046.02,8.66,RENT,FL,wedding,Fully Paid,1,2,1,28.79%,24,29,Not Verified,Feb-08,100000835,100000835,100000835,900000835,DL500835,DL500835,MEMBER-836,Retail Associate,Debt consolidation loan,Borrower-written description of the loan purpose.,688,https://example.com/loan/836
837,11454.48, 60 months,22.75%,D,D5,42056.24,17.62,OWN,MI,renewable_energy,Fully Paid,4,2,1,45.79%,27,17,Not Verified,Feb-17,100000836,100000836,100000836,900000836,DL500836,DL500836,MEMBER-837,Nurse,Debt consolidation loan,Borrower-written description of the loan purpose.,389,https://example.com/loan/837
838,3119.99, 36 months,12.56%,A,A2,139412.62,19.36,OWN,OH,moving,Fully Paid,1,2,2,56.9%,7,21,Source Verified,Jul-10,100000837,100000837,100000837,900000837,DL500837,DL500837,MEMBER-838,Software Engineer,Debt consolidation loan,Borrower-written description of the loan purpose.,122,https://example.com/loan/838
839,34999.63, 36 months,24.22%,C,C3,122612.96,8.95,OWN,CA,other,Current,2,1,2,92.91%,30,33,Verified,May-10,100000838,100000838,100000838,900000838,DL500838,DL500838,MEMBER-839,Nurse,Debt consolidation loan,Borrower-written description of the loan purpose.,503,https://example.com/loan/839
840,12379.58, 36 months,8.11%,A,A2,98112.17,18.24,NONE,OH,credit_card,Charged Off,3,1,0,30.78%,26,48,Source Verified,Jun-16,100000839,100000839,100000839,900000839,DL500839,DL500839,MEMBER-840,Nurse,Debt consolidation loan,Borrower-written description of the loan purpose.,244,https://example.com/loan/840
841,3862.8, 60 months,17.98%,C,C4,170104.72,25.62,OTHER,FL,credit_card,Fully Paid,4,2,1,28.12%,4,11,Source Verified,Dec-12,100000840,100000840,100000840,900000840,DL500840,DL500840,MEMBER-841,Software Engineer,Debt consolidation loan,Borrower-written description of the loan purpose.,542,https://example.com/loan/841
842,27512.05, 36 months,14.11%,E,E1,89397.08,28.04,RENT,NC,educational,Fully Paid,1,3,NA,27.73%,4,4,Source Verified,Apr-18,100000841,100000841,100000841,900000841,DL500841,DL500841,MEMBER-842,Nurse,Debt consolidation loan,Borrower-written description of the loan purpose.,316,https://example.com/loan/842
843,10157.86, 60 months,13.74%,E,E2,76509.41,13.1,RENT,PA,house,Fully Paid,3,3,1,51.8%,26,28,Not Verified,Dec-09,100000842,100000842,100000842,900000842,DL500842,DL500842,MEMBER-843,Software Engineer,Debt consolidation loan,Borrower-written description of the loan purpose.,658,https://example.com/loan/843
844,22587.04, 36 months,14.43%,D,D1,125056.99,16.51,OWN,IL,moving,Charged Off,1,3,1,23.96%,27,23,Source Verified,Oct-17,100000843,100000843,100000843,900000843,DL500843,DL500843,MEMBER-844,Nurse,Debt consolidation loan,Borrower-written description of the loan purpose.,121,https://example.com/loan/844
845,24492.08, 60 months,15.47%,B,B4,188014.46,25.31,MORTGAGE,NC,educational,Current,0,2,NA,60.88%,29,55,Not Verified,Jul-12,100000844,100000844,100000844,900000844,DL500844,DL500844,MEMBER-845,Driver,Debt consolidation loan,Borrower-written description of the loan purpose.,955,https://example.com/loan/845
846,15691.37, 36 months,21.08%,B,B4,97109.82,4.66,OWN,CA,medical,Fully Paid,3,0,1,48.2%,13,25,Verified,Mar-10,100000845,100000845,100000845,900000845,DL500845,DL500845,MEMBER-846,Nurse,Debt consolidation loan,Borrower-written description of the loan purpose.,958,https://example.com/loan/846
847,30759.12, 60 months,19.15%,B,B3,198075.84,25.61,RENT,NY,small_business,Fully Paid,1,0,0,0.74%,19,49,Not Verified,May-13,100000846,100000846,100000846,900000846,DL500846,DL500846,MEMBER-847,Driver,Debt consolidation loan,Borrower-written description of the loan purpose.,259,https://example.com/loan/847
848,19595.75, 60 months,17.0%,A,A1,84627.87,22.19,RENT,TX,renewable_energy,Current,1,2,1,42.22%,21,51,Source Verified,Jul-10,100000847,100000847,100000847,900000847,DL500847,DL500847,MEMBER-848,Driver,Debt consolidation loan,Borrower-written description of the loan purpose.,723,https://example.com/loan/848
849,4026.92, 36 months,17.0%,A,A1,123962.79,15.81,RENT,TX,debt_consolidation,Fully Paid,0,0,0,49.59%,6,14,Source Verified,Sep-10,100000848,100000848,100000848,900000848,DL500848,DL500848,MEMBER-849,Software Engineer,Debt consolidation loan,Borrower-written description of the loan purpose.,518,https://example.com/loan/849
850,1802.21, 60 months,22.49%,D,D5,142680.04,17.18,MORTGAGE,GA,medical,Fully Paid,2,0,2,7.46%,8,46,Verified,Aug-12,100000849,100000849,100000849,900000849,DL500849,DL500849,MEMBER-850,Nurse,Debt consolidation loan,Borrower-written description of the loan purpose.,773,https://example.com/loan/850
851,12375.82, 36 months,6.0%,A,A2,112631.45,27.01,OWN,NC,wedding,Fully Paid,4,1,0,86.63%,18,47,Verified,Apr-15,100000850,100000850,100000850,900000850,DL500850,DL500850,MEMBER-851,Nurse,Debt consolidation loan,Borrower-written description of the loan purpose.,159,https://example.com/loan/851
852,34702.27, 60 months,8.65%,E,E1,129565.96,11.87,OTHER,GA,moving,Fully Paid,4,2,1,25.38%,24,45,Source Verified,Nov-18,100000851,100000851,100000851,900000851,DL500851,DL500851,MEMBER-852,Retail Associate,Debt consolidation loan,Borrower-written description of the loan purpose.,891,https://example.com/loan/852
853,22283.09, 36 months,23.3%,C,C3,139095.36,6.76,OWN,GA,other,Fully Paid,4,1,NA,81.5%,6,51,Not Verified,Apr-18,100000852,100000852,100000852,900000852,DL500852,DL500852,MEMBER-853,Software Engineer,Debt consolidation loan,Borrower-written description of the loan purpose.,897,https://example.com/loan/853
854,565.02, 36 months,11.04%,D,D2,125175.34,6.71,MORTGAGE,IL,moving,Charged Off,4,3,1,14.44%,24,41,Not Verified,May-08,100000853,100000853,100000853,900000853,DL500853,DL500853,MEMBER-854,Software Engineer,Debt consolidation loan,Borrower-written description of the loan purpose.,732,https://example.com/loan/854
855,33455.29, 36 months,16.07%,A,A3,149092.3,11.5,MORTGAGE,IL,medical,Fully Paid,3,2,1,58.12%,3,15,Verified,Apr-09,100000854,100000854,100000854,900000854,DL500854,DL500854,MEMBER-855,Software Engineer,Debt consolidation loan,Borrower-written description of the loan purpose.,479,https://example.com/loan/855
856,20043.67, 36 months,14.42%,B,B1,137167.48,15.59,RENT,FL,vacation,Fully Paid,0,1,1,80.16%,16,59,Verified,May-13,100000855,100000855,100000855,900000855,DL500855,DL500855,MEMBER-856,Nurse,Debt consolidation loan,Borrower-written description of the loan purpose.,704,https://example.com/loan/856
857,6239.43, 60 months,15.18%,A,A2,180783.37,0.4,RENT,GA,medical,Charged Off,4,1,2,77.4%,20,51,Not Verified,Jul-09,100000856,100000856,100000856,900000856,DL500856,DL500856,MEMBER-857,Retail Associate,Debt consolidation loan,Borrower-written description of the loan purpose.,550,https://example.com/loan/857
858,11126.16, 60 months,11.0%,E,E3,155935.13,9.06,MORTGAGE,CA,vacation,Current,4,0,NA,87.76%,3,12,Not Verified,Jul-08,100000857,100000857,100000857,900000857,DL500857,DL500857,MEMBER-858,Retail Associate,Debt consolidation loan,Borrower-written description of the loan purpose.,515,https://example.com/loan/858
859,28451.85, 60 months,14.9%,F,F1,145026.44,24.1,NONE,TX,major_purchase,Current,3,3,0,12.02%,29,16,Not Verified,May-10,100000858,100000858,100000858,900000858,DL500858,DL500858,MEMBER-859,Retail Associate,Debt consolidation loan,Borrower-written description of the loan purpose.,455,https://example.com/loan/859
860,6457.92, 60 months,17.42%,B,B1,166786.0,25.88,OTHER,GA,other,Charged Off,1,3,0,72.09%,25,26,Not Verified,Aug-10,100000859,100000859,100000859,900000859,DL500859,DL500859,MEMBER-860,Driver,Debt consolidation loan,Borrower-written description of the loan purpose.,693,https://example.com/loan/860
861,9012.78, 60 months,21.39%,D,D5,115375.04,13.6,OTHER,NC,home_improvement,Current,1,2,NA,99.86%,1,45,Source Verified,Aug-09,100000860,100000860,100000860,900000860,DL500860,DL500860,MEMBER-861,Retail Associate,Debt consolidation loan,Borrower-written description of the loan purpose.,838,https://example.com/loan/861
862,30547.93, 36 months,20.45%,C,C3,157397.95,29.01,NONE,TX,other,Fully Paid,1,2,0,76.62%,14,44,Not Verified,Feb-15,100000861,100000861,100000861,900000861,DL500861,DL500861,MEMBER-862,Retail Associate,Debt consolidation loan,Borrower-written description of the loan purpose.,143,https://example.com/loan/862
863,32984.36, 36 months,10.65%,A,A2,113556.27,27.03,OWN,PA,other,Charged Off,3,0,1,78.12%,21,52,Not Verified,Jul-08,100000862,100000862,100000862,900000862,DL500862,DL500862,MEMBER-863,Software Engineer,Debt consolidation loan,Borrower-written description of the loan purpose.,534,https://example.com/loan/863
864,12847.02, 60 months,16.86%,A,A4,34670.65,10.88,MORTGAGE,TX,debt_consolidation,Fully Paid,4,2,0,63.15%,27,44,Verified,Jun-16,100000863,100000863,100000863,900000863,DL500863,DL500863,MEMBER-864,Nurse,Debt consolidation loan,Borrower-written description of the loan purpose.,289,https://example.com/loan/864
865,30169.47, 36 months,13.34%,A,A1,104408.44,22.62,OWN,IL,educational,Current,3,2,2,62.03%,12,41,Source Verified,Feb-18,100000864,100000864,100000864,900000864,DL500864,DL500864,MEMBER-865,Software Engineer,Debt consolidation loan,Borrower-written description of the loan purpose.,918,https://example.com/loan/865
866,28213.55, 36 months,12.26%,E,E1,172070.02,0.39,RENT,MI,educational,Fully Paid,0,3,1,97.46%,3,30,Not Verified,Sep-10,100000865,100000865,100000865,900000865,DL500865,DL500865,MEMBER-866,Software Engineer,Debt consolidation loan,Borrower-written description of the loan purpose.,538,https://example.com/loan/866
867,34689.2, 60 months,13.09%,E,E2,153776.33,16.95,RENT,NC,wedding,Fully Paid,2,2,1,24.26%,4,44,Verified,May-13,100000866,100000866,100000866,900000866,DL500866,DL500866,MEMBER-867,Software Engineer,Debt consolidation loan,Borrower-written description of the loan purpose.,776,https://example.com/loan/867
868,6874.43, 36 months,15.0%,D,D1,91282.07,16.2,OTHER,NC,medical,Current,0,0,NA,30.55%,20,46,Not Verified,Sep-15,100000867,100000867,100000867,900000867,DL500867,DL500867,MEMBER-868,Software Engineer,Debt consolidation loan,Borrower-written description of the loan purpose.,270,https://example.com/loan/868
869,28275.71, 60 months,23.81%,F,F1,56965.03,7.68,OWN,IL,other,Fully Paid,3,0,1,17.02%,30,18,Not Verified,Oct-14,100000868,100000868,100000868,900000868,DL500868,DL500868,MEMBER-869,Driver,Debt consolidation loan,Borrower-written description of the loan purpose.,494,https://example.com/loan/869
870,34400.31, 36 months,9.42%,A,A2,56832.17,24.89,RENT,CA,wedding,Current,1,2,NA,33.32%,14,39,Source Verified,Sep-18,100000869,100000869,100000869,900000869,DL500869,DL500869,MEMBER-870,Retail Associate,Debt consolidation loan,Borrower-written description of the loan purpose.,311,https://example.com/loan/870
871,22430.41, 36 months,22.11%,F,F1,171689.02,0.07,OTHER,GA,home_improvement,Charged Off,0,3,2,16.17%,22,2,Source Verified,May-17,100000870,100000870,100000870,900000870,DL500870,DL500870,MEMBER-871,Nurse,Debt consolidation loan,Borrower-written description of the loan purpose.,143,https://example.com/loan/871
872,3418.78, 60 months,16.47%,A,A4,56615.77,3.18,OTHER,GA,major_purchase,Fully Paid,0,2,0,29.39%,19,19,Not Verified,Feb-18,100000871,100000871,100000871,900000871,DL500871,DL500871,MEMBER-872,Driver,Debt consolidation loan,Borrower-written description of the loan purpose.,311,https://example.com/loan/872
873,31748.11, 36 months,10.98%,E,E2,162937.27,13.07,MORTGAGE,FL,car,Current,2,3,NA,68.59%,30,33,Not Verified,Nov-09,100000872,100000872,100000872,900000872,DL500872,DL500872,MEMBER-873,Driver,Debt consolidation loan,Borrower-written description of the loan purpose.,959,https://example.com/loan/873
874,32459.94, 60 months,8.81%,E,E4,38968.81,18.72,OWN,TX,car,Fully Paid,3,3,0,92.7%,14,9,Verified,Feb-16,100000873,100000873,100000873,900000873,DL500873,DL500873,MEMBER-874,Driver,Debt consolidation loan,Borrower-written description of the loan purpose.,940,https://example.com/loan/874
875,7226.32, 36 months,14.77%,C,C3,29396.58,11.89,MORTGAGE,PA,small_business,Fully Paid,4,3,0,78.92%,10,16,Source Verified,Jul-12,100000874,100000874,100000874,900000874,DL500874,DL500874,MEMBER-875,Driver,Debt consolidation loan,Borrower-written description of the loan purpose.,249,https://example.com/loan/875
876,28662.22, 36 months,16.31%,D,D3,74801.41,11.84,MORTGAGE,FL,home_improvement,Charged Off,0,0,1,36.73%,2,20,Verified,Mar-15,100000875,100000875,100000875,900000875,DL500875,DL500875,MEMBER-876,Software Engineer,Debt consolidation loan,Borrower-written description of the loan purpose.,915,https://example.com/loan/876
877,2664.48, 36 months,10.78%,B,B5,27803.2,6.95,MORTGAGE,CA,moving,Fully Paid,2,3,0,57.87%,5,9,Verified,Aug-12,100000876,100000876,100000876,900000876,DL500876,DL500876,MEMBER-877,Nurse,Debt consolidation loan,Borrower-written description of the loan purpose.,921,https://example.com/loan/877
878,4622.09, 60 months,24.16%,F,F3,195880.45,25.13,RENT,OH,car,Fully Paid,1,3,2,99.03%,6,57,Verified,May-14,100000877,100000877,100000877,900000877,DL500877,DL500877,MEMBER-878,Software Engineer,Debt consolidation loan,Borrower-written description of the loan purpose.,467,https://example.com/loan/878
879,34097.09, 36 months,19.4%,B,B1,117626.59,15.24,MORTGAGE,GA,other,Charged Off,1,2,1,71.65%,3,34,Verified,Oct-14,100000878,100000878,100000878,900000878,DL500878,DL500878,MEMBER-879,Nurse,Debt consolidation loan,Borrower-written description of the loan purpose.,295,https://example.com/loan/879
880,12055.49, 60 months,12.69%,F,F5,155438.27,21.35,NONE,NY,vacation,Charged Off,2,3,NA,72.13%,4,24,Source Verified,May-17,100000879,100000879,100000879,900000879,DL500879,DL500879,MEMBER-880,Software Engineer,Debt consolidation loan,Borrower-written description of the loan purpose.,995,https://example.com/loan/880
881,27450.43, 60 months,21.54%,D,D5,158569.85,16.03,NONE,NY,house,Fully Paid,2,1,2,84.67%,3,3,Not Verified,Oct-16,100000880,100000880,100000880,900000880,DL500880,DL500880,MEMBER-881,Driver,Debt consolidation loan,Borrower-written description of the loan purpose.,911,https://example.com/loan/881
882,4209.91, 36 months,20.24%,F,F4,98735.05,9.37,RENT,IL,credit_card,Fully Paid,2,3,NA,28.68%,6,2,Verified,Jun-11,100000881,100000881,100000881,900000881,DL500881,DL500881,MEMBER-882,Nurse,Debt consolidation loan,Borrower-written description of the loan purpose.,864,https://example.com/loan/882
883,10119.89, 36 months,21.23%,B,B3,58714.69,21.47,MORTGAGE,GA,other,Charged Off,1,2,NA,29.42%,19,60,Not Verified,Nov-13,100000882,100000882,100000882,900000882,DL500882,DL500882,MEMBER-883,Nurse,Debt consolidation loan,Borrower-written description of the loan purpose.,952,https://example.com/loan/883
884,1911.91, 36 months,13.27%,B,B2,194599.0,27.95,NONE,IL,renewable_energy,Current,0,3,1,53.89%,16,55,Not Verified,Jul-10,100000883,100000883,100000883,900000883,DL500883,DL500883,MEMBER-884,Driver,Debt consolidation loan,Borrower-written description of the loan purpose.,824,https://example.com/loan/884
885,25495.92, 60 months,20.1%,C,C4,53819.52,29.08,MORTGAGE,FL,debt_consolidation,Current,2,1,1,46.11%,27,36,Verified,Aug-11,100000884,100000884,100000884,900000884,DL500884,DL500884,MEMBER-885,Software Engineer,Debt consolidation loan,Borrower-written description of the loan purpose.,435,https://example.com/loan/885
886,9756.84, 60 months,16.01%,C,C3,180504.67,19.07,RENT,OH,house,Charged Off,3,1,NA,60.84%,1,45,Verified,May-14,100000885,100000885,100000885,900000885,DL500885,DL500885,MEMBER-886,Retail Associate,Debt consolidation loan,Borrower-written description of the loan purpose.,137,https://example.com/loan/886
887,30382.15, 36 months,16.4%,B,B5,43654.33,29.5,NONE,GA,wedding,Fully Paid,4,2,NA,84.14%,16,10,Verified,Oct-13,100000886,100000886,100000886,900000886,DL500886,DL500886,MEMBER-887,Nurse,Debt consolidation loan,Borrower-written description of the loan purpose.,988,https://example.com/loan/887
888,23792.51, 36 months,21.29%,C,C2,71562.58,0.37,OTHER,IL,other,Current,2,2,0,39.4%,5,10,Not Verified,Aug-18,100000887,100000887,100000887,900000887,DL500887,DL500887,MEMBER-888,Retail Associate,Debt consolidation loan,Borrower-written description of the loan purpose.,192,https://example.com/loan/888
889,10093.25, 60 months,19.6%,B,B3,52148.14,5.02,OWN,MI,car,Fully Paid,3,0,0,3.42%,11,29,Not Verified,Apr-15,100000888,100000888,100000888,900000888,DL500888,DL500888,MEMBER-889,Nurse,Debt consolidation loan,Borrower-written description of the loan purpose.,959,https://example.com/loan/889
890,12467.84, 60 months,5.6%,E,E1,39807.66,17.88,OTHER,GA,educational,Fully Paid,4,3,1,40.44%,26,15,Source Verified,Nov-13,100000889,100000889,100000889,900000889,DL500889,DL500889,MEMBER-890,Retail Associate,Debt consolidation loan,Borrower-written description of the loan purpose.,103,https://example.com/loan/890
891,26780.03, 60 months,14.24%,E,E3,28061.4,3.25,NONE,NY,small_business,Current,1,3,1,39.7%,20,40,Source Verified,Sep-08,100000890,100000890,100000890,900000890,DL500890,DL500890,MEMBER-891,Driver,Debt consolidation loan,Borrower-written description of the loan purpose.,470,https://example.com/loan/891
892,33533.66, 36 months,9.37%,G,G4,180934.57,25.68,MORTGAGE,MI,debt_consolidation,Current,3,2,NA,34.13%,23,24,Verified,Apr-17,100000891,100000891,100000891,900000891,DL500891,DL500891,MEMBER-892,Software Engineer,Debt consolidation loan,Borrower-written description of the loan purpose.,958,https://example.com/loan/892
893,9841.3, 36 months,11.74%,D,D5,169292.47,21.4,RENT,NC,other,Current,4,1,NA,27.68%,19,38,Verified,Feb-10,100000892,100000892,100000892,900000892,DL500892,DL500892,MEMBER-893,Driver,Debt consolidation loan,Borrower-written description of the loan purpose.,225,https://example.com/loan/893
894,5592.34, 60 months,16.82%,F,F1,138219.03,7.38,OWN,GA,moving,Current,1,3,2,82.22%,11,35,Verified,May-18,100000893,100000893,100000893,900000893,DL500893,DL500893,MEMBER-894,Retail Associate,Debt consolidation loan,Borrower-written description of the loan purpose.,939,https://example.com/loan/894
895,25955.76, 36 months,24.36%,G,G3,55905.96,28.49,OWN,FL,educational,Fully Paid,4,0,1,24.22%,26,55,Source Verified,Apr-08,100000894,100000894,100000894,900000894,DL500894,DL500894,MEMBER-895,Software Engineer,Debt consolidation loan,Borrower-written description of the loan purpose.,285,https://example.com/loan/895
896,33468.22, 60 months,18.3%,G,G2,142734.75,15.51,MORTGAGE,FL,vacation,Current,1,2,NA,82.12%,21,46,Source Verified,Apr-16,100000895,100000895,100000895,900000895,DL500895,DL500895,MEMBER-896,Software Engineer,Debt consolidation loan,Borrower-written description of the loan purpose.,136,https://example.com/loan/896
897,23260.73, 36 months,21.21%,D,D5,28863.78,23.94,MORTGAGE,TX,renewable_energy,Fully Paid,3,1,2,99.75%,29,43,Not Verified,Nov-10,100000896,100000896,100000896,900000896,DL500896,DL500896,MEMBER-897,Driver,Debt consolidation loan,Borrower-written description of the loan purpose.,677,https://example.com/loan/897
898,5121.76, 60 months,9.31%,D,D3,166072.3,23.73,OTHER,PA,renewable_energy,Fully Paid,4,3,NA,15.62%,16,32,Verified,May-12,100000897,100000897,100000897,900000897,DL500897,DL500897,MEMBER-898,Driver,Debt consolidation loan,Borrower-written description of the loan purpose.,828,https://example.com/loan/898
899,7295.33, 36 months,19.26%,A,A4,158810.85,21.3,MORTGAGE,TX,house,Fully Paid,2,3,2,75.06%,22,21,Source Verified,Oct-18,100000898,100000898,100000898,900000898,DL500898,DL500898,MEMBER-899,Driver,Debt consolidation loan,Borrower-written description of the loan purpose.,663,https://example.com/loan/899
900,10070.75, 60 months,14.66%,F,F1,109759.55,21.05,OWN,CA,debt_consolidation,Current,3,1,0,4.97%,28,24,Source Verified,Jul-13,100000899,100000899,100000899,900000899,DL500899,DL500899,MEMBER-900,Retail Associate,Debt consolidation loan,Borrower-written description of the loan purpose.,460,https://example.com/loan/900
901,34082.44, 60 months,8.46%,E,E5,39948.48,16.62,OTHER,OH,car,Fully Paid,2,1,0,81.16%,25,2,Verified,May-15,100000900,100000900,100000900,900000900,DL500900,DL500900,MEMBER-901,Nurse,Debt consolidation loan,Borrower-written description of the loan purpose.,320,https://example.com/loan/901
902,4511.91, 60 months,5.95%,A,A4,196385.36,23.77,NONE,NY,car,Fully Paid,2,3,NA,1.15%,15,55,Verified,Sep-12,100000901,100000901,100000901,900000901,DL500901,DL500901,MEMBER-902,Retail Associate,Debt consolidation loan,Borrower-written description of the loan purpose.,784,https://example.com/loan/902
903,26378.88, 60 months,19.03%,C,C1,60869.09,25.87,NONE,NC,other,Fully Paid,2,2,NA,2.55%,13,35,Verified,Apr-09,100000902,100000902,100000902,900000902,DL500902,DL500902,MEMBER-903,Software Engineer,Debt consolidation loan,Borrower-written description of the loan purpose.,557,https://example.com/loan/903
904,15800.71, 60 months,20.88%,E,E2,40520.12,12.05,OWN,NC,renewable_energy,Current,1,2,2,26.96%,23,2,Source Verified,Feb-17,100000903,100000903,100000903,900000903,DL500903,DL500903,MEMBER-904,Driver,Debt consolidation loan,Borrower-written description of the loan purpose.,490,https://example.com/loan/904
905,8665.31, 60 months,12.48%,B,B5,179703.32,21.52,NONE,IL,credit_card,Charged Off,2,3,1,68.0%,15,23,Not Verified,Jun-15,100000904,100000904,100000904,900000904,DL500904,DL500904,MEMBER-905,Driver,Debt consolidation loan,Borrower-written description of the loan purpose.,223,https://example.com/loan/905
906,25483.53, 60 months,16.06%,D,D3,55950.76,15.73,OTHER,MI,other,Fully Paid,3,3,NA,89.99%,8,8,Verified,Aug-13,100000905,100000905,100000905,900000905,DL500905,DL500905,MEMBER-906,Retail Associate,Debt consolidation loan,Borrower-written description of the loan purpose.,454,https://example.com/loan/906
907,5651.55, 36 months,14.45%,A,A2,48131.12,11.55,OTHER,TX,car,Charged Off,1,2,NA,95.78%,3,48,Not Verified,Mar-12,100000906,100000906,100000906,900000906,DL500906,DL500906,MEMBER-907,Software Engineer,Debt consolidation loan,Borrower-written description of the loan purpose.,951,https://example.com/loan/907
908,3767.91, 36 months,10.97%,A,A2,165363.34,18.79,OTHER,PA,debt_consolidation,Fully Paid,0,0,1,53.48%,26,36,Verified,Aug-09,100000907,100000907,100000907,900000907,DL500907,DL500907,MEMBER-908,Retail Associate,Debt consolidation loan,Borrower-written description of the loan purpose.,941,https://example.com/loan/908
909,30051.73, 60 months,6.66%,E,E1,108757.55,17.75,NONE,OH,other,Fully Paid,2,1,NA,83.44%,17,31,Verified,Aug-13,100000908,100000908,100000908,900000908,DL500908,DL500908,MEMBER-909,Retail Associate,Debt consolidation loan,Borrower-written description of the loan purpose.,206,https://example.com/loan/909
910,25707.53, 60 months,11.37%,A,A2,156710.05,19.47,RENT,GA,educational,Fully Paid,2,0,0,35.12%,11,7,Verified,Dec-18,100000909,100000909,100000909,900000909,DL500909,DL500909,MEMBER-910,Driver,Debt consolidation loan,Borrower-written description of the loan purpose.,477,https://example.com/loan/910
911,13675.14, 36 months,20.53%,E,E4,165897.12,16.45,NONE,OH,medical,Fully Paid,3,1,0,73.22%,9,11,Source Verified,Dec-12,100000910,100000910,100000910,900000910,DL500910,DL500910,MEMBER-911,Driver,Debt consolidation loan,Borrower-written description of the loan purpose.,108,https://example.com/loan/911
912,20210.9, 60 months,15.97%,G,G4,66913.53,8.04,OTHER,MI,moving,Charged Off,0,2,1,59.77%,4,20,Source Verified,Jul-17,100000911,100000911,100000911,900000911,DL500911,DL500911,MEMBER-912,Driver,Debt consolidation loan,Borrower-written description of the loan purpose.,193,https://example.com/loan/912
913,24426.04, 36 months,20.57%,A,A4,148913.05,10.07,NONE,PA,other,Fully Paid,2,1,0,19.98%,21,25,Not Verified,Oct-08,100000912,100000912,100000912,900000912,DL500912,DL500912,MEMBER-913,Nurse,Debt consolidation loan,Borrower-written description of the loan purpose.,768,https://example.com/loan/913
914,19544.51, 60 months,23.64%,A,A4,135733.1,28.12,OTHER,TX,medical,Current,1,3,0,78.73%,23,6,Not Verified,Dec-18,100000913,100000913,100000913,900000913,DL500913,DL500913,MEMBER-914,Driver,Debt consolidation loan,Borrower-written description of the loan purpose.,165,https://example.com/loan/914
915,3982.21, 60 months,12.76%,F,F3,131513.46,17.36,OWN,CA,moving,Current,4,2,2,20.86%,18,30,Not Verified,Feb-08,100000914,100000914,100000914,900000914,DL500914,DL500914,MEMBER-915,Nurse,Debt consolidation loan,Borrower-written description of the loan purpose.,599,https://example.com/loan/915
916,31825.13, 36 months,10.96%,B,B1,122253.62,5.24,NONE,NC,vacation,Charged Off,0,0,NA,6.56%,2,35,Source Verified,Aug-09,100000915,100000915,100000915,900000915,DL500915,DL500915,MEMBER-916,Nurse,Debt consolidation loan,Borrower-written description of the loan purpose.,209,https://example.com/loan/916
917,14068.82, 36 months,19.56%,C,C1,197271.97,29.86,RENT,TX,vacation,Fully Paid,4,1,NA,1.77%,16,20,Verified,May-10,100000916,100000916,100000916,900000916,DL500916,DL500916,MEMBER-917,Retail Associate,Debt consolidation loan,Borrower-written description of the loan purpose.,395,https://example.com/loan/917
918,24099.87, 60 months,15.81%,A,A3,130510.52,9.85,MORTGAGE,IL,credit_card,Current,2,2,1,69.0%,24,57,Verified,Jul-13,100000917,100000917,100000917,900000917,DL500917,DL500917,MEMBER-918,Driver,Debt consolidation loan,Borrower-written description of the loan purpose.,928,https://example.com/loan/918
919,24344.2, 60 months,7.79%,F,F5,178985.75,17.09,MORTGAGE,NY,major_purchase,Fully Paid,4,0,2,35.1%,16,18,Verified,Dec-08,100000918,100000918,100000918,900000918,DL500918,DL500918,MEMBER-919,Nurse,Debt consolidation loan,Borrower-written description of the loan purpose.,191,https://example.com/loan/919
920,7633.58, 60 months,20.94%,A,A3,40616.61,13.48,NONE,PA,small_business,Current,1,0,2,18.04%,16,18,Verified,Sep-13,100000919,100000919,100000919,900000919,DL500919,DL500919,MEMBER-920,Nurse,Debt consolidation loan,Borrower-written description of the loan purpose.,710,https://example.com/loan/920
921,33931.21, 36 months,23.71%,B,B1,165664.48,0.6,NONE,CA,credit_card,Charged Off,2,1,2,54.81%,20,35,Not Verified,Jun-18,100000920,100000920,100000920,900000920,DL500920,DL500920,MEMBER-921,Retail Associate,Debt consolidation loan,Borrower-written description of the loan purpose.,411,https://example.com/loan/921
922,23107.93, 60 months,22.15%,B,B2,36573.43,8.01,NONE,PA,renewable_energy,Fully Paid,0,0,2,77.63%,7,40,Source Verified,Jul-17,100000921,100000921,100000921,900000921,DL500921,DL500921,MEMBER-922,Nurse,Debt consolidation loan,Borrower-written description of the loan purpose.,677,https://example.com/loan/922
923,34297.13, 60 months,22.89%,F,F3,68853.68,23.73,OWN,NY,vacation,Fully Paid,3,0,2,33.38%,13,54,Verified,Jun-12,100000922,100000922,100000922,900000922,DL500922,DL500922,MEMBER-923,Software Engineer,Debt consolidation loan,Borrower-written description of the loan purpose.,172,https://example.com/loan/923
924,1647.08, 60 months,10.94%,G,G3,47889.04,5.55,MORTGAGE,CA,moving,Fully Paid,0,0,2,93.77%,11,57,Verified,Aug-10,100000923,100000923,100000923,900000923,DL500923,DL500923,MEMBER-924,Driver,Debt consolidation loan,Borrower-written description of the loan purpose.,263,https://example.com/loan/924
925,11140.53, 60 months,10.18%,B,B4,27854.27,5.25,MORTGAGE,MI,educational,Fully Paid,0,1,0,19.53%,27,34,Verified,Mar-11,100000924,100000924,100000924,900000924,DL500924,DL500924,MEMBER-925,Nurse,Debt consolidation loan,Borrower-written description of the loan purpose.,974,https://example.com/loan/925
926,23485.86, 36 months,20.51%,G,G1,46728.46,21.2,RENT,NC,credit_card,Fully Paid,0,3,2,79.93%,4,56,Not Verified,Oct-10,100000925,100000925,100000925,900000925,DL500925,DL500925,MEMBER-926,Nurse,Debt consolidation loan,Borrower-written description of the loan purpose.,817,https://example.com/loan/926
927,17038.24, 60 months,24.34%,F,F4,164937.07,2.25,RENT,NY,house,Current,0,0,2,41.38%,24,4,Source Verified,Mar-17,100000926,100000926,100000926,900000926,DL500926,DL500926,MEMBER-927,Nurse,Debt consolidation loan,Borrower-written description of the loan purpose.,150,https://example.com/loan/927
928,13368.49, 60 months,5.88%,D,D1,25424.08,25.52,RENT,NY,home_improvement,Charged Off,2,1,NA,78.49%,16,36,Source Verified,Jun-15,100000927,100000927,100000927,900000927,DL500927,DL500927,MEMBER-928,Software Engineer,Debt consolidation loan,Borrower-written description of the loan purpose.,222,https://example.com/loan/928
929,12638.66, 36 months,18.41%,B,B2,196853.09,18.7,MORTGAGE,GA,medical,Current,1,1,NA,58.1%,13,16,Not Verified,May-15,100000928,100000928,100000928,900000928,DL500928,DL500928,MEMBER-929,Nurse,Debt consolidation loan,Borrower-written description of the loan purpose.,410,https://example.com/loan/929
930,31916.68, 36 months,8.39%,F,F3,29360.06,27.42,NONE,CA,educational,Current,0,3,NA,89.91%,6,37,Verified,Aug-15,100000929,100000929,100000929,900000929,DL500929,DL500929,MEMBER-930,Driver,Debt consolidation loan,Borrower-written description of the loan purpose.,257,https://example.com/loan/930
931,27811.35, 60 months,23.1%,E,E5,98211.63,28.9,OTHER,MI,small_business,Fully Paid,2,2,0,39.73%,13,60,Verified,Sep-17,100000930,100000930,100000930,900000930,DL500930,DL500930,MEMBER-931,Retail Associate,Debt consolidation loan,Borrower-written description of the loan purpose.,491,https://example.com/loan/931
932,23472.42, 36 months,23.06%,A,A2,53114.52,16.55,OTHER,GA,house,Charged Off,4,2,2,65.97%,4,33,Source Verified,Jul-08,100000931,100000931,100000931,900000931,DL500931,DL500931,MEMBER-932,Software Engineer,Debt consolidation loan,Borrower-written description of the loan purpose.,961,https://example.com/loan/932
933,10270.26, 60 months,15.83%,G,G4,70912.06,0.67,OTHER,NC,other,Charged Off,0,0,NA,22.89%,26,25,Verified,Sep-12,100000932,100000932,100000932,900000932,DL500932,DL500932,MEMBER-933,Nurse,Debt consolidation loan,Borrower-written description of the loan purpose.,430,https://example.com/loan/933
934,4668.79, 60 months,20.94%,C,C4,127883.21,6.44,NONE,NY,wedding,Fully Paid,3,3,NA,31.65%,26,41,Source Verified,Mar-13,100000933,100000933,100000933,900000933,DL500933,DL500933,MEMBER-934,Driver,Debt consolidation loan,Borrower-written description of the loan purpose.,598,https://example.com/loan/934
935,27167.6, 60 months,22.13%,E,E2,114046.52,5.42,NONE,PA,car,Fully Paid,3,0,0,88.81%,3,39,Not Verified,Apr-12,100000934,100000934,100000934,900000934,DL500934,DL500934,MEMBER-935,Driver,Debt consolidation loan,Borrower-written description of the loan purpose.,937,https://example.com/loan/935
936,3973.71, 60 months,13.33%,C,C5,48230.09,2.88,OWN,NY,medical,Fully Paid,2,0,2,71.77%,25,18,Not Verified,Oct-14,100000935,100000935,100000935,900000935,DL500935,DL500935,MEMBER-936,Driver,Debt consolidation loan,Borrower-written description of the loan purpose.,562,https://example.com/loan/936
937,6235.57, 60 months,9.06%,G,G1,62203.35,29.45,OWN,IL,house,Current,2,2,1,94.96%,28,27,Verified,Mar-18,100000936,100000936,100000936,900000936,DL500936,DL500936,MEMBER-937,Software Engineer,Debt consolidation loan,Borrower-written description of the loan purpose.,719,https://example.com/loan/937
938,26082.75, 36 months,9.53%,B,B2,188148.45,2.63,OTHER,NC,educational,Fully Paid,3,0,0,87.19%,22,58,Source Verified,Jul-13,100000937,100000937,100000937,900000937,DL500937,DL500937,MEMBER-938,Retail Associate,Debt consolidation loan,Borrower-written description of the loan purpose.,381,https://example.com/loan/938
939,16889.41, 36 months,6.1%,B,B1,41644.77,2.55,RENT,PA,other,Fully Paid,2,0,NA,6.68%,4,25,Source Verified,Jun-11,100000938,100000938,100000938,900000938,DL500938,DL500938,MEMBER-939,Software Engineer,Debt consolidation loan,Borrower-written description of the loan purpose.,913,https://example.com/loan/939
940,30828.32, 36 months,13.98%,A,A3,64246.15,26.53,OWN,PA,other,Fully Paid,4,1,2,99.71%,9,57,Verified,Nov-18,100000939,100000939,100000939,900000939,DL500939,DL500939,MEMBER-940,Software Engineer,Debt consolidation loan,Borrower-written description of the loan purpose.,616,https://example.com/loan/940
941,10266.64, 60 months,20.5%,B,B1,46869.48,7.45,NONE,CA,other,Fully Paid,1,3,NA,83.4%,12,53,Source Verified,Mar-14,100000940,100000940,100000940,900000940,DL500940,DL500940,MEMBER-941,Driver,Debt consolidation loan,Borrower-written description of the loan purpose.,231,https://example.com/loan/941
942,34936.54, 36 months,8.16%,B,B3,86673.79,3.8,OTHER,CA,vacation,Fully Paid,2,1,NA,33.78%,7,28,Verified,Apr-17,100000941,100000941,100000941,900000941,DL500941,DL500941,MEMBER-942,Nurse,Debt consolidation loan,Borrower-written description of the loan purpose.,994,https://example.com/loan/942
943,16570.07, 36 months,16.57%,A,A2,109508.99,22.0,OWN,NC,renewable_energy,Current,2,0,0,68.48%,2,47,Source Verified,Jul-13,100000942,100000942,100000942,900000942,DL500942,DL500942,MEMBER-943,Software Engineer,Debt consolidation loan,Borrower-written description of the loan purpose.,435,https://example.com/loan/943
944,22647.8, 60 months,23.8%,C,C4,50057.61,21.06,OTHER,GA,vacation,Fully Paid,1,1,NA,12.71%,17,18,Not Verified,May-08,100000943,100000943,100000943,900000943,DL500943,DL500943,MEMBER-944,Software Engineer,Debt consolidation loan,Borrower-written description of the loan purpose.,435,https://example.com/loan/944
945,8066.77, 60 months,14.55%,E,E2,90529.69,0.07,OWN,GA,debt_consolidation,Fully Paid,4,0,0,75.09%,23,47,Verified,Oct-14,100000944,100000944,100000944,900000944,DL500944,DL500944,MEMBER-945,Software Engineer,Debt consolidation loan,Borrower-written description of the loan purpose.,502,https://example.com/loan/945
946,5553.64, 36 months,17.93%,B,B2,182455.12,8.57,RENT,MI,small_business,Fully Paid,2,1,1,32.05%,6,25,Source Verified,Oct-15,100000945,100000945,100000945,900000945,DL500945,DL500945,MEMBER-946,Driver,Debt consolidation loan,Borrower-written description of the loan purpose.,172,https://example.com/loan/946
947,2977.01, 60 months,10.22%,C,C2,52921.12,15.96,MORTGAGE,MI,car,Fully Paid,4,2,1,14.12%,6,56,Verified,Mar-15,100000946,100000946,100000946,900000946,DL500946,DL500946,MEMBER-947,Driver,Debt consolidation loan,Borrower-written description of the loan purpose.,163,https://example.com/loan/947
948,25784.2, 36 months,14.72%,G,G1,129465.37,25.06,MORTGAGE,GA,credit_card,Fully Paid,1,2,0,2.61%,25,44,Verified,Apr-17,100000947,100000947,100000947,900000947,DL500947,DL500947,MEMBER-948,Nurse,Debt consolidation loan,Borrower-written description of the loan purpose.,355,https://example.com/loan/948
949,15730.09, 60 months,17.22%,A,A4,41593.94,3.66,RENT,FL,other,Fully Paid,4,1,2,85.86%,27,15,Source Verified,Dec-11,100000948,100000948,100000948,900000948,DL500948,DL500948,MEMBER-949,Driver,Debt consolidation loan,Borrower-written description of the loan purpose.,464,https://example.com/loan/949
950,4713.36, 60 months,21.35%,F,F5,64979.4,1.74,NONE,FL,moving,Charged Off,1,0,NA,78.93%,6,8,Not Verified,Feb-18,100000949,100000949,100000949,900000949,DL500949,DL500949,MEMBER-950,Nurse,Debt consolidation loan,Borrower-written description of the loan purpose.,342,https://example.com/loan/950
951,3861.47, 60 months,7.76%,E,E1,33221.15,9.08,OWN,NY,moving,Fully Paid,0,1,2,16.38%,9,29,Not Verified,Aug-13,100000950,100000950,100000950,900000950,DL500950,DL500950,MEMBER-951,Software Engineer,Debt consolidation loan,Borrower-written description of the loan purpose.,312,https://example.com/loan/951
952,5780.87, 60 months,16.39%,E,E5,81345.56,10.14,OWN,OH,vacation,Charged Off,2,3,2,50.45%,9,40,Source Verified,Jun-11,100000951,100000951,100000951,900000951,DL500951,DL500951,MEMBER-952,Driver,Debt consolidation loan,Borrower-written description of the loan purpose.,253,https://example.com/loan/952
953,7454.95, 60 months,21.73%,D,D2,33719.2,14.86,NONE,PA,small_business,Fully Paid,0,1,1,42.34%,5,52,Verified,Aug-10,100000952,100000952,100000952,900000952,DL500952,DL500952,MEMBER-953,Software Engineer,Debt consolidation loan,Borrower-written description of the loan purpose.,879,https://example.com/loan/953
954,25927.29, 36 months,18.4%,E,E3,58775.08,9.29,NONE,NY,major_purchase,Current,2,1,1,84.0%,24,20,Source Verified,Apr-10,100000953,100000953,100000953,900000953,DL500953,DL500953,MEMBER-954,Retail Associate,Debt consolidation loan,Borrower-written description of the loan purpose.,708,https://example.com/loan/954
955,33439.12, 36 months,22.81%,D,D3,167954.62,10.43,OTHER,OH,medical,Fully Paid,0,0,1,87.89%,28,55,Verified,Jun-10,100000954,100000954,100000954,900000954,DL500954,DL500954,MEMBER-955,Software Engineer,Debt consolidation loan,Borrower-written description of the loan purpose.,422,https://example.com/loan/955
956,23543.79, 60 months,6.35%,E,E2,174814.88,18.64,MORTGAGE,IL,debt_consolidation,Fully Paid,0,2,NA,62.11%,14,45,Not Verified,Dec-11,100000955,100000955,100000955,900000955,DL500955,DL500955,MEMBER-956,Driver,Debt consolidation loan,Borrower-written description of the loan purpose.,627,https://example.com/loan/956
957,1153.82, 36 months,11.31%,A,A5,189069.19,16.21,OTHER,PA,medical,Current,2,3,2,46.52%,1,53,Verified,Dec-15,100000956,100000956,100000956,900000956,DL500956,DL500956,MEMBER-957,Retail Associate,Debt consolidation loan,Borrower-written description of the loan purpose.,498,https://example.com/loan/957
958,16539.32, 36 months,10.15%,E,E3,141715.27,15.59,OWN,FL,renewable_energy,Charged Off,4,3,2,20.84%,25,15,Verified,Jun-18,100000957,100000957,100000957,900000957,DL500957,DL500957,MEMBER-958,Driver,Debt consolidation loan,Borrower-written description of the loan purpose.,609,https://example.com/loan/958
959,24409.4, 36 months,22.35%,G,G4,31183.35,6.53,RENT,GA,house,Fully Paid,2,2,0,97.53%,13,10,Not Verified,Nov-14,100000958,100000958,100000958,900000958,DL500958,DL500958,MEMBER-959,Driver,Debt consolidation loan,Borrower-written description of the loan purpose.,339,https://example.com/loan/959
960,31037.15, 36 months,9.3%,C,C1,24400.1,23.08,OTHER,GA,major_purchase,Fully Paid,2,1,0,19.28%,25,43,Not Verified,Aug-18,100000959,100000959,100000959,900000959,DL500959,DL500959,MEMBER-960,Nurse,Debt consolidation loan,Borrower-written description of the loan purpose.,782,https://example.com/loan/960
961,20571.86, 60 months,20.74%,F,F4,147310.44,11.89,NONE,NY,vacation,Fully Paid,0,1,0,20.99%,14,50,Source Verified,Jun-18,100000960,100000960,100000960,900000960,DL500960,DL500960,MEMBER-961,Driver,Debt consolidation loan,Borrower-written description of the loan purpose.,109,https://example.com/loan/961
962,25066.75, 60 months,16.22%,A,A1,146499.12,14.25,OWN,FL,major_purchase,Fully Paid,1,3,2,96.63%,21,56,Verified,Mar-16,100000961,100000961,100000961,900000961,DL500961,DL500961,MEMBER-962,Software Engineer,Debt consolidation loan,Borrower-written description of the loan purpose.,131,https://example.com/loan/962
963,3236.84, 60 months,6.44%,F,F4,108679.13,16.25,OTHER,FL,medical,Fully Paid,3,3,1,86.85%,23,60,Not Verified,Feb-08,100000962,100000962,100000962,900000962,DL500962,DL500962,MEMBER-963,Retail Associate,Debt consolidation loan,Borrower-written description of the loan purpose.,165,https://example.com/loan/963
964,34230.5, 60 months,8.9%,D,D2,93198.75,14.33,NONE,NY,educational,Fully Paid,0,0,NA,84.41%,15,15,Verified,Nov-10,100000963,100000963,100000963,900000963,DL500963,DL500963,MEMBER-964,Driver,Debt consolidation loan,Borrower-written description of the loan purpose.,260,https://example.com/loan/964
965,32374.34, 60 months,15.94%,G,G4,95130.92,25.68,MORTGAGE,IL,car,Fully Paid,0,1,NA,10.01%,12,36,Source Verified,May-15,100000964,100000964,100000964,900000964,DL500964,DL500964,MEMBER-965,Retail Associate,Debt consolidation loan,Borrower-written description of the loan purpose.,197,https://example.com/loan/965
966,10848.51, 60 months,14.22%,G,G2,44458.18,29.83,NONE,FL,medical,Current,4,0,0,84.27%,29,22,Not Verified,Oct-12,100000965,100000965,100000965,900000965,DL500965,DL500965,MEMBER-966,Nurse,Debt consolidation loan,Borrower-written description of the loan purpose.,704,https://example.com/loan/966
967,29459.14, 36 months,17.5%,G,G1,43540.56,1.48,RENT,OH,renewable_energy,Fully Paid,3,2,0,43.52%,3,41,Not Verified,Aug-15,100000966,100000966,100000966,900000966,DL500966,DL500966,MEMBER-967,Retail Associate,Debt consolidation loan,Borrower-written description of the loan purpose.,748,https://example.com/loan/967
968,28654.04, 36 months,8.62%,G,G3,137450.86,12.61,NONE,NY,wedding,Fully Paid,2,0,0,34.16%,28,29,Source Verified,Jun-17,100000967,100000967,100000967,900000967,DL500967,DL500967,MEMBER-968,Driver,Debt consolidation loan,Borrower-written description of the loan purpose.,549,https://example.com/loan/968
969,32936.36, 36 months,11.88%,C,C1,45851.39,13.77,RENT,IL,renewable_energy,Fully Paid,0,3,NA,42.21%,29,58,Not Verified,Jul-10,100000968,100000968,100000968,900000968,DL500968,DL500968,MEMBER-969,Nurse,Debt consolidation loan,Borrower-written description of the loan purpose.,909,https://example.com/loan/969
970,25731.36, 36 months,7.13%,G,G1,137707.69,3.01,MORTGAGE,IL,debt_consolidation,Fully Paid,2,3,0,59.26%,18,12,Source Verified,Jun-10,100000969,100000969,100000969,900000969,DL500969,DL500969,MEMBER-970,Driver,Debt consolidation loan,Borrower-written description of the loan purpose.,247,https://example.com/loan/970
971,15738.86, 36 months,23.96%,C,C2,32469.94,12.74,RENT,PA,medical,Current,2,1,NA,68.47%,17,29,Verified,Apr-17,100000970,100000970,100000970,900000970,DL500970,DL500970,MEMBER-971,Nurse,Debt consolidation loan,Borrower-written description of the loan purpose.,581,https://example.com/loan/971
972,11213.32, 60 months,17.96%,G,G1,32958.7,25.76,OWN,GA,moving,Fully Paid,0,0,NA,43.15%,14,39,Source Verified,Dec-11,100000971,100000971,100000971,900000971,DL500971,DL500971,MEMBER-972,Software Engineer,Debt consolidation loan,Borrower-written description of the loan purpose.,183,https://example.com/loan/972
973,3391.08, 36 months,22.25%,G,G2,154953.93,16.85,MORTGAGE,FL,other,Fully Paid,2,0,2,4.12%,22,11,Source Verified,Jul-16,100000972,100000972,100000972,900000972,DL500972,DL500972,MEMBER-973,Retail Associate,Debt consolidation loan,Borrower-written description of the loan purpose.,233,https://example.com/loan/973
974,25649.22, 36 months,21.09%,F,F1,40077.07,29.42,NONE,MI,small_business,Current,3,0,0,65.95%,8,42,Source Verified,Dec-13,100000973,100000973,100000973,900000973,DL500973,DL500973,MEMBER-974,Retail Associate,Debt consolidation loan,Borrower-written description of the loan purpose.,924,https://example.com/loan/974
975,11859.85, 36 months,22.53%,F,F5,129533.07,0.82,NONE,FL,small_business,Fully Paid,1,1,NA,65.35%,19,10,Source Verified,Jun-11,100000974,100000974,100000974,900000974,DL500974,DL500974,MEMBER-975,Software Engineer,Debt consolidation loan,Borrower-written description of the loan purpose.,687,https://example.com/loan/975
976,18331.68, 60 months,10.32%,E,E3,30336.8,12.15,RENT,IL,wedding,Current,1,1,NA,8.56%,13,54,Source Verified,Aug-09,100000975,100000975,100000975,900000975,DL500975,DL500975,MEMBER-976,Retail Associate,Debt consolidation loan,Borrower-written description of the loan purpose.,626,https://example.com/loan/976
977,27460.03, 60 months,21.15%,C,C2,127524.24,2.35,RENT,TX,house,Fully Paid,4,2,NA,44.17%,25,7,Not Verified,Sep-11,100000976,100000976,100000976,900000976,DL500976,DL500976,MEMBER-977,Retail Associate,Debt consolidation loan,Borrower-written description of the loan purpose.,979,https://example.com/loan/977
978,2947.88, 36 months,9.89%,G,G3,20185.83,23.74,NONE,TX,vacation,Fully Paid,0,1,1,26.44%,30,8,Source Verified,Jul-17,100000977,100000977,100000977,900000977,DL500977,DL500977,MEMBER-978,Nurse,Debt consolidation loan,Borrower-written description of the loan purpose.,415,https://example.com/loan/978
979,31003.73, 36 months,8.16%,F,F3,50943.36,16.14,MORTGAGE,IL,house,Fully Paid,2,3,1,38.17%,9,31,Verified,Apr-16,100000978,100000978,100000978,900000978,DL500978,DL500978,MEMBER-979,Software Engineer,Debt consolidation loan,Borrower-written description of the loan purpose.,260,https://example.com/loan/979
980,11940.05, 36 months,13.72%,C,C4,59107.16,19.43,OWN,NC,vacation,Fully Paid,4,3,NA,25.36%,7,9,Source Verified,Oct-10,100000979,100000979,100000979,900000979,DL500979,DL500979,MEMBER-980,Software Engineer,Debt consolidation loan,Borrower-written description of the loan purpose.,440,https://example.com/loan/980
981,811.95, 36 months,20.43%,D,D1,86019.86,26.08,NONE,NY,house,Charged Off,4,3,0,58.86%,13,40,Verified,Jan-17,100000980,100000980,100000980,900000980,DL500980,DL500980,MEMBER-981,Driver,Debt consolidation loan,Borrower-written description of the loan purpose.,780,https://example.com/loan/981
982,17441.51, 36 months,18.92%,D,D3,46567.71,28.23,OWN,IL,house,Fully Paid,2,1,NA,17.95%,30,36,Not Verified,Apr-13,100000981,100000981,100000981,900000981,DL500981,DL500981,MEMBER-982,Software Engineer,Debt consolidation loan,Borrower-written description of the loan purpose.,935,https://example.com/loan/982
983,26472.41, 60 months,13.34%,A,A3,117498.45,17.23,MORTGAGE,GA,debt_consolidation,Fully Paid,2,2,0,9.16%,18,48,Not Verified,Oct-17,100000982,100000982,100000982,900000982,DL500982,DL500982,MEMBER-983,Driver,Debt consolidation loan,Borrower-written description of the loan purpose.,183,https://example.com/loan/983
984,22471.05, 60 months,9.16%,E,E5,179635.9,21.69,MORTGAGE,FL,other,Fully Paid,0,2,1,19.21%,24,59,Verified,Jan-13,100000983,100000983,100000983,900000983,DL500983,DL500983,MEMBER-984,Nurse,Debt consolidation loan,Borrower-written description of the loan purpose.,843,https://example.com/loan/984
985,7304.33, 36 months,19.61%,B,B3,25132.66,15.46,NONE,OH,moving,Fully Paid,0,3,0,52.09%,3,29,Not Verified,Jan-12,100000984,100000984,100000984,900000984,DL500984,DL500984,MEMBER-985,Software Engineer,Debt consolidation loan,Borrower-written description of the loan purpose.,363,https://example.com/loan/985
986,1837.93, 60 months,22.36%,G,G5,153595.22,21.07,OTHER,PA,moving,Current,1,0,0,43.5%,27,12,Not Verified,Jul-13,100000985,100000985,100000985,900000985,DL500985,DL500985,MEMBER-986,Driver,Debt consolidation loan,Borrower-written description of the loan purpose.,779,https://example.com/loan/986
987,7545.43, 60 months,21.83%,F,F1,57033.36,21.24,OWN,MI,educational,Fully Paid,4,2,2,85.46%,21,2,Verified,Oct-10,100000986,100000986,100000986,900000986,DL500986,DL500986,MEMBER-987,Retail Associate,Debt consolidation loan,Borrower-written description of the loan purpose.,123,https://example.com/loan/987
988,1651.51, 60 months,5.61%,A,A1,154497.65,0.48,OWN,GA,wedding,Fully Paid,2,2,NA,53.19%,22,50,Verified,Mar-08,100000987,100000987,100000987,900000987,DL500987,DL500987,MEMBER-988,Retail Associate,Debt consolidation loan,Borrower-written description of the loan purpose.,738,https://example.com/loan/988
989,2935.93, 36 months,22.05%,A,A3,44275.71,4.3,OTHER,IL,major_purchase,Fully Paid,4,3,NA,4.75%,26,23,Not Verified,Feb-12,100000988,100000988,100000988,900000988,DL500988,DL500988,MEMBER-989,Retail Associate,Debt consolidation loan,Borrower-written description of the loan purpose.,428,https://example.com/loan/989
990,27759.97, 36 months,13.02%,C,C2,124182.12,13.53,OTHER,CA,house,Fully Paid,1,3,NA,21.65%,15,49,Not Verified,Oct-17,100000989,100000989,100000989,900000989,DL500989,DL500989,MEMBER-990,Nurse,Debt consolidation loan,Borrower-written description of the loan purpose.,738,https://example.com/loan/990
991,25253.7, 36 months,23.89%,E,E3,164184.54,2.75,OWN,PA,small_business,Current,4,1,NA,67.07%,4,38,Verified,Sep-13,100000990,100000990,100000990,900000990,DL500990,DL500990,MEMBER-991,Nurse,Debt consolidation loan,Borrower-written description of the loan purpose.,764,https://example.com/loan/991
992,24327.17, 60 months,11.71%,G,G5,181925.51,28.47,OTHER,OH,credit_card,Fully Paid,2,1,NA,39.68%,6,28,Source Verified,Oct-12,100000991,100000991,100000991,900000991,DL500991,DL500991,MEMBER-992,Driver,Debt consolidation loan,Borrower-written description of the loan purpose.,902,https://example.com/loan/992
993,3624.92, 36 months,17.19%,C,C5,170029.36,27.0,RENT,NC,educational,Fully Paid,4,1,2,99.24%,19,8,Source Verified,Feb-11,100000992,100000992,100000992,900000992,DL500992,DL500992,MEMBER-993,Retail Associate,Debt consolidation loan,Borrower-written description of the loan purpose.,135,https://example.com/loan/993
994,19966.15, 36 months,7.55%,E,E1,31548.67,11.33,NONE,FL,wedding,Current,3,3,1,45.1%,10,36,Verified,Feb-09,100000993,100000993,100000993,900000993,DL500993,DL500993,MEMBER-994,Software Engineer,Debt consolidation loan,Borrower-written description of the loan purpose.,821,https://example.com/loan/994
995,11981.48, 60 months,17.52%,G,G4,116699.67,21.03,OTHER,PA,other,Fully Paid,1,0,1,17.71%,6,38,Source Verified,May-17,100000994,100000994,100000994,900000994,DL500994,DL500994,MEMBER-995,Retail Associate,Debt consolidation loan,Borrower-written description of the loan purpose.,166,https://example.com/loan/995
996,30272.61, 36 months,20.34%,E,E5,151395.35,3.86,RENT,PA,medical,Current,0,1,NA,14.45%,5,35,Verified,Nov-10,100000995,100000995,100000995,900000995,DL500995,DL500995,MEMBER-996,Driver,Debt consolidation loan,Borrower-written description of the loan purpose.,123,https://example.com/loan/996
997,19329.75, 60 months,18.71%,G,G3,159886.7,10.44,OTHER,OH,credit_card,Fully Paid,3,2,1,81.49%,17,23,Verified,Nov-12,100000996,100000996,100000996,900000996,DL500996,DL500996,MEMBER-997,Driver,Debt consolidation loan,Borrower-written description of the loan purpose.,792,https://example.com/loan/997
998,30332.04, 60 months,19.87%,A,A5,36051.8,29.67,OTHER,FL,small_business,Current,4,1,1,7.97%,26,24,Not Verified,Apr-10,100000997,100000997,100000997,900000997,DL500997,DL500997,MEMBER-998,Nurse,Debt consolidation loan,Borrower-written description of the loan purpose.,313,https://example.com/loan/998
999,22753.25, 60 months,10.02%,G,G3,33890.01,15.45,MORTGAGE,CA,major_purchase,Current,0,1,2,85.67%,1,25,Not Verified,Sep-17,100000998,100000998,100000998,900000998,DL500998,DL500998,MEMBER-999,Retail Associate,Debt consolidation loan,Borrower-written description of the loan purpose.,304,https://example.com/loan/999
1000,12985.08, 60 months,8.27%,E,E4,158441.5,22.15,RENT,TX,car,Current,3,3,NA,7.96%,5,29,Verified,Feb-13,100000999,100000999,100000999,900000999,DL500999,DL500999,MEMBER-1000,Nurse,Debt consolidation loan,Borrower-written description of the loan purpose.,867,https://example.com/loan/1000
1001,9599.88, 60 months,16.2%,C,C2,92391.04,14.32,OWN,PA,house,Fully Paid,1,1,1,38.58%,25,52,Verified,Jun-09,100001000,100001000,100001000,900001000,DL501000,DL501000,MEMBER-1001,Software Engineer,Debt consolidation loan,Borrower-written description of the loan purpose.,214,https://example.com/loan/1001
1002,6181.96, 60 months,22.36%,D,D3,198204.0,8.3,OTHER,GA,moving,Current,3,0,0,67.45%,28,10,Verified,Aug-09,100001001,100001001,100001001,900001001,DL501001,DL501001,MEMBER-1002,Driver,Debt consolidation loan,Borrower-written description of the loan purpose.,415,https://example.com/loan/1002
1003,21379.64, 36 months,17.77%,E,E5,48744.6,14.31,OTHER,PA,car,Fully Paid,3,0,NA,58.38%,24,36,Not Verified,Sep-12,100001002,100001002,100001002,900001002,DL501002,DL501002,MEMBER-1003,Driver,Debt consolidation loan,Borrower-written description of the loan purpose.,319,https://example.com/loan/1003
1004,1861.72, 60 months,7.56%,B,B2,165725.03,5.17,RENT,MI,home_improvement,Fully Paid,3,0,0,55.65%,28,20,Not Verified,Jul-18,100001003,100001003,100001003,900001003,DL501003,DL501003,MEMBER-1004,Nurse,Debt consolidation loan,Borrower-written description of the loan purpose.,237,https://example.com/loan/1004
1005,9658.97, 36 months,16.07%,G,G2,161500.05,19.95,RENT,FL,other,Current,2,3,2,39.06%,12,12,Verified,Sep-08,100001004,100001004,100001004,900001004,DL501004,DL501004,MEMBER-1005,Software Engineer,Debt consolidation loan,Borrower-written description of the loan purpose.,143,https://example.com/loan/1005
1006,7130.61, 36 months,16.65%,D,D5,101419.06,11.09,OWN,OH,renewable_energy,Fully Paid,4,2,0,27.46%,24,58,Source Verified,Dec-14,100001005,100001005,100001005,900001005,DL501005,DL501005,MEMBER-1006,Retail Associate,Debt consolidation loan,Borrower-written description of the loan purpose.,757,https://example.com/loan/1006
1007,6940.74, 60 months,14.7%,A,A2,65265.36,10.06,OTHER,IL,credit_card,Fully Paid,2,3,1,63.42%,20,17,Verified,Aug-09,100001006,100001006,100001006,900001006,DL501006,DL501006,MEMBER-1007,Software Engineer,Debt consolidation loan,Borrower-written description of the loan purpose.,336,https://example.com/loan/1007
1008,27063.08, 60 months,21.3%,F,F3,187374.65,3.0,RENT,TX,major_purchase,Current,2,2,0,19.55%,2,48,Verified,May-11,100001007,100001007,100001007,900001007,DL501007,DL501007,MEMBER-1008,Software Engineer,Debt consolidation loan,Borrower-written description of the loan purpose.,144,https://example.com/loan/1008
1009,30547.77, 60 months,22.95%,C,C1,147575.85,8.48,MORTGAGE,CA,car,Current,2,0,NA,42.03%,28,18,Not Verified,May-11,100001008,100001008,100001008,900001008,DL501008,DL501008,MEMBER-1009,Driver,Debt consolidation loan,Borrower-written description of the loan purpose.,767,https://example.com/loan/1009
1010,3791.21, 60 months,8.86%,G,G5,174750.99,23.4,NONE,GA,renewable_energy,Fully Paid,0,3,0,21.78%,12,37,Source Verified,Dec-09,100001009,100001009,100001009,900001009,DL501009,DL501009,MEMBER-1010,Nurse,Debt consolidation loan,Borrower-written description of the loan purpose.,283,https://example.com/loan/1010
1011,32719.81, 36 months,9.17%,G,G4,27726.5,12.74,MORTGAGE,MI,car,Fully Paid,4,0,0,53.41%,26,15,Source Verified,Mar-08,100001010,100001010,100001010,900001010,DL501010,DL501010,MEMBER-1011,Retail Associate,Debt consolidation loan,Borrower-written description of the loan purpose.,235,https://example.com/loan/1011
1012,27036.47, 36 months,8.59%,C,C4,75859.24,25.8,OTHER,NC,major_purchase,Current,0,0,2,31.08%,2,52,Not Verified,Dec-18,100001011,100001011,100001011,900001011,DL501011,DL501011,MEMBER-1012,Software Engineer,Debt consolidation loan,Borrower-written description of the loan purpose.,381,https://example.com/loan/1012
1013,24347.01, 36 months,8.36%,D,D4,81864.13,12.63,OWN,PA,debt_consolidation,Fully Paid,0,1,0,99.6%,14,48,Verified,Jun-11,100001012,100001012,100001012,900001012,DL501012,DL501012,MEMBER-1013,Driver,Debt consolidation loan,Borrower-written description of the loan purpose.,659,https://example.com/loan/1013
1014,10100.29, 36 months,22.8%,A,A3,78835.75,13.87,RENT,IL,debt_consolidation,Fully Paid,3,0,2,17.99%,17,58,Source Verified,Nov-15,100001013,100001013,100001013,900001013,DL501013,DL501013,MEMBER-1014,Software Engineer,Debt consolidation loan,Borrower-written description of the loan purpose.,339,https://example.com/loan/1014
1015,14402.03, 36 months,9.49%,C,C2,124388.98,21.43,NONE,OH,wedding,Fully Paid,3,0,2,15.69%,22,14,Source Verified,Jan-17,100001014,100001014,100001014,900001014,DL501014,DL501014,MEMBER-1015,Retail Associate,Debt consolidation loan,Borrower-written description of the loan purpose.,151,https://example.com/loan/1015
1016,7728.39, 60 months,9.21%,G,G1,53858.57,20.38,OTHER,TX,home_improvement,Fully Paid,1,0,2,31.24%,21,46,Not Verified,Dec-14,100001015,100001015,100001015,900001015,DL501015,DL501015,MEMBER-1016,Retail Associate,Debt consolidation loan,Borrower-written description of the loan purpose.,798,https://example.com/loan/1016
1017,30479.94, 36 months,5.89%,A,A4,156727.71,21.8,NONE,FL,vacation,Fully Paid,3,1,NA,31.53%,10,44,Not Verified,Jul-12,100001016,100001016,100001016,900001016,DL501016,DL501016,MEMBER-1017,Retail Associate,Debt consolidation loan,Borrower-written description of the loan purpose.,907,https://example.com/loan/1017
1018,7222.79, 36 months,23.21%,G,G1,99483.09,17.91,RENT,OH,other,Fully Paid,0,2,0,21.36%,26,23,Verified,Nov-11,100001017,100001017,100001017,900001017,DL501017,DL501017,MEMBER-1018,Retail Associate,Debt consolidation loan,Borrower-written description of the loan purpose.,313,https://example.com/loan/1018
1019,20801.06, 60 months,8.87%,B,B5,165348.56,27.08,MORTGAGE,GA,vacation,Fully Paid,0,1,0,60.14%,21,43,Not Verified,Nov-13,100001018,100001018,100001018,900001018,DL501018,DL501018,MEMBER-1019,Software Engineer,Debt consolidation loan,Borrower-written description of the loan purpose.,229,https://example.com/loan/1019
1020,7584.31, 60 months,21.72%,G,G2,83943.07,27.87,OTHER,CA,small_business,Fully Paid,3,3,NA,18.93%,18,26,Source Verified,Apr-15,100001019,100001019,100001019,900001019,DL501019,DL501019,MEMBER-1020,Retail Associate,Debt consolidation loan,Borrower-written description of the loan purpose.,724,https://example.com/loan/1020
1021,19675.84, 36 months,9.58%,A,A1,107226.85,6.56,OWN,PA,renewable_energy,Fully Paid,0,1,0,88.63%,24,53,Source Verified,Aug-11,100001020,100001020,100001020,900001020,DL501020,DL501020,MEMBER-1021,Nurse,Debt consolidation loan,Borrower-written description of the loan purpose.,290,https://example.com/loan/1021
1022,28696.12, 36 months,7.63%,C,C3,135972.64,24.02,MORTGAGE,IL,wedding,Current,1,0,1,28.28%,16,50,Source Verified,Jul-17,100001021,100001021,100001021,900001021,DL501021,DL501021,MEMBER-1022,Driver,Debt consolidation loan,Borrower-written description of the loan purpose.,493,https://example.com/loan/1022
1023,3971.94, 36 months,22.07%,D,D1,193313.39,4.08,RENT,MI,vacation,Fully Paid,2,2,1,12.17%,6,47,Source Verified,Sep-13,100001022,100001022,100001022,900001022,DL501022,DL501022,MEMBER-1023,Retail Associate,Debt consolidation loan,Borrower-written description of the loan purpose.,462,https://example.com/loan/1023
1024,4978.1, 36 months,19.2%,E,E3,47390.24,22.75,NONE,GA,small_business,Charged Off,3,2,1,27.54%,4,35,Source Verified,May-10,100001023,100001023,100001023,900001023,DL501023,DL501023,MEMBER-1024,Driver,Debt consolidation loan,Borrower-written description of the loan purpose.,407,https://example.com/loan/1024
1025,20735.4, 36 months,13.28%,F,F1,120578.15,3.95,OTHER,GA,vacation,Fully Paid,2,3,2,64.96%,20,5,Source Verified,Apr-13,100001024,100001024,100001024,900001024,DL501024,DL501024,MEMBER-1025,Retail Associate,Debt consolidation loan,Borrower-written description of the loan purpose.,994,https://example.com/loan/1025
1026,8614.04, 60 months,15.76%,A,A4,25379.61,0.41,OTHER,MI,car,Current,0,3,NA,72.3%,26,28,Not Verified,Jul-09,100001025,100001025,100001025,900001025,DL501025,DL501025,MEMBER-1026,Retail Associate,Debt consolidation loan,Borrower-written description of the loan purpose.,695,https://example.com/loan/1026
1027,33473.73, 36 months,13.72%,G,G1,64671.07,0.37,MORTGAGE,PA,medical,Charged Off,4,1,NA,12.03%,26,31,Source Verified,Sep-15,100001026,100001026,100001026,900001026,DL501026,DL501026,MEMBER-1027,Software Engineer,Debt consolidation loan,Borrower-written description of the loan purpose.,590,https://example.com/loan/1027
1028,34130.34, 60 months,23.52%,E,E1,125287.95,18.87,RENT,NY,other,Charged Off,1,1,NA,74.35%,20,54,Verified,Jun-17,100001027,100001027,100001027,900001027,DL501027,DL501027,MEMBER-1028,Retail Associate,Debt consolidation loan,Borrower-written description of the loan purpose.,843,https://example.com/loan/1028
1029,26842.47, 60 months,21.21%,D,D2,55531.53,11.47,OTHER,TX,wedding,Charged Off,4,2,NA,60.51%,20,4,Source Verified,Aug-14,100001028,100001028,100001028,900001028,DL501028,DL501028,MEMBER-1029,Driver,Debt consolidation loan,Borrower-written description of the loan purpose.,662,https://example.com/loan/1029
1030,11915.81, 60 months,13.63%,D,D5,157310.63,5.32,OTHER,PA,debt_consolidation,Fully Paid,0,1,NA,79.33%,4,58,Source Verified,May-14,100001029,100001029,100001029,900001029,DL501029,DL501029,MEMBER-1030,Nurse,Debt consolidation loan,Borrower-written description of the loan purpose.,924,https://example.com/loan/1030
1031,11369.42, 36 months,13.08%,E,E4,61766.27,3.33,RENT,MI,small_business,Current,1,1,NA,69.05%,11,51,Source Verified,Mar-15,100001030,100001030,100001030,900001030,DL501030,DL501030,MEMBER-1031,Driver,Debt consolidation loan,Borrower-written description of the loan purpose.,344,https://example.com/loan/1031
1032,21277.99, 60 months,9.86%,F,F3,45030.56,9.49,MORTGAGE,OH,major_purchase,Charged Off,4,0,1,99.69%,9,53,Source Verified,Oct-10,100001031,100001031,100001031,900001031,DL501031,DL501031,MEMBER-1032,Nurse,Debt consolidation loan,Borrower-written description of the loan purpose.,108,https://example.com/loan/1032
1033,26726.85, 60 months,7.54%,C,C4,119315.31,20.51,OTHER,TX,renewable_energy,Fully Paid,0,0,NA,31.0%,8,39,Verified,Apr-08,100001032,100001032,100001032,900001032,DL501032,DL501032,MEMBER-1033,Retail Associate,Debt consolidation loan,Borrower-written description of the loan purpose.,545,https://example.com/loan/1033
1034,3478.61, 60 months,23.02%,F,F3,29341.14,21.77,NONE,IL,credit_card,Current,1,2,NA,30.79%,4,11,Not Verified,May-14,100001033,100001033,100001033,900001033,DL501033,DL501033,MEMBER-1034,Software Engineer,Debt consolidation loan,Borrower-written description of the loan purpose.,216,https://example.com/loan/1034
1035,23525.33, 60 months,18.5%,D,D5,157292.1,14.78,NONE,OH,moving,Charged Off,0,2,0,95.06%,11,12,Verified,Jun-18,100001034,100001034,100001034,900001034,DL501034,DL501034,MEMBER-1035,Retail Associate,Debt consolidation loan,Borrower-written description of the loan purpose.,274,https://example.com/loan/1035
1036,27122.0, 36 months,14.77%,A,A1,59407.94,23.16,RENT,TX,major_purchase,Current,4,0,0,59.05%,10,32,Verified,Jun-14,100001035,100001035,100001035,900001035,DL501035,DL501035,MEMBER-1036,Software Engineer,Debt consolidation loan,Borrower-written description of the loan purpose.,191,https://example.com/loan/1036
1037,6605.18, 60 months,11.9%,B,B2,170812.83,17.13,MORTGAGE,NC,educational,Charged Off,1,1,2,10.89%,21,16,Verified,Mar-17,100001036,100001036,100001036,900001036,DL501036,DL501036,MEMBER-1037,Retail Associate,Debt consolidation loan,Borrower-written description of the loan purpose.,995,https://example.com/loan/1037
1038,12926.89, 60 months,9.23%,F,F5,135577.62,2.8,NONE,PA,other,Fully Paid,3,0,0,92.3%,19,52,Verified,Dec-12,100001037,100001037,100001037,900001037,DL501037,DL501037,MEMBER-1038,Nurse,Debt consolidation loan,Borrower-written description of the loan purpose.,699,https://example.com/loan/1038
1039,32984.11, 36 months,8.05%,G,G4,184731.87,4.43,RENT,GA,renewable_energy,Fully Paid,1,2,2,37.77%,22,56,Not Verified,Nov-16,100001038,100001038,100001038,900001038,DL501038,DL501038,MEMBER-1039,Driver,Debt consolidation loan,Borrower-written description of the loan purpose.,604,https://example.com/loan/1039
1040,6896.4, 36 months,22.3%,G,G5,167857.31,11.79,OTHER,FL,house,Fully Paid,3,3,2,83.2%,2,26,Not Verified,Dec-12,100001039,100001039,100001039,900001039,DL501039,DL501039,MEMBER-1040,Nurse,Debt consolidation loan,Borrower-written description of the loan purpose.,388,https://example.com/loan/1040
1041,24359.21, 60 months,24.19%,A,A1,83335.67,7.43,RENT,FL,debt_consolidation,Current,3,1,0,45.21%,19,38,Verified,May-17,100001040,100001040,100001040,900001040,DL501040,DL501040,MEMBER-1041,Driver,Debt consolidation loan,Borrower-written description of the loan purpose.,497,https://example.com/loan/1041
1042,13724.69, 60 months,13.42%,E,E4,31754.45,20.93,MORTGAGE,OH,home_improvement,Fully Paid,2,0,0,6.11%,6,29,Source Verified,Jul-13,100001041,100001041,100001041,900001041,DL501041,DL501041,MEMBER-1042,Software Engineer,Debt consolidation loan,Borrower-written description of the loan purpose.,366,https://example.com/loan/1042
1043,4923.62, 60 months,19.97%,C,C3,105397.99,16.21,NONE,TX,house,Fully Paid,3,0,NA,27.17%,22,33,Source Verified,Apr-12,100001042,100001042,100001042,900001042,DL501042,DL501042,MEMBER-1043,Driver,Debt consolidation loan,Borrower-written description of the loan purpose.,603,https://example.com/loan/1043
1044,9493.06, 60 months,17.7%,G,G4,162368.16,14.81,NONE,IL,wedding,Current,3,3,NA,18.45%,6,12,Not Verified,Nov-12,100001043,100001043,100001043,900001043,DL501043,DL501043,MEMBER-1044,Retail Associate,Debt consolidation loan,Borrower-written description of the loan purpose.,324,https://example.com/loan/1044
1045,13144.48, 60 months,23.63%,F,F3,48986.82,17.38,RENT,MI,educational,Fully Paid,3,3,NA,78.11%,5,50,Source Verified,Dec-16,100001044,100001044,100001044,900001044,DL501044,DL501044,MEMBER-1045,Nurse,Debt consolidation loan,Borrower-written description of the loan purpose.,422,https://example.com/loan/1045
1046,6171.15, 60 months,11.25%,B,B4,56092.3,3.09,MORTGAGE,FL,credit_card,Current,3,2,0,36.62%,24,45,Source Verified,Sep-08,100001045,100001045,100001045,900001045,DL501045,DL501045,MEMBER-1046,Retail Associate,Debt consolidation loan,Borrower-written description of the loan purpose.,249,https://example.com/loan/1046
1047,34614.99, 60 months,16.34%,E,E4,196521.67,6.58,NONE,MI,medical,Fully Paid,0,1,2,29.23%,9,21,Source Verified,May-15,100001046,100001046,100001046,900001046,DL501046,DL501046,MEMBER-1047,Nurse,Debt consolidation loan,Borrower-written description of the loan purpose.,929,https://example.com/loan/1047
1048,8522.1, 36 months,21.62%,B,B3,66929.31,11.46,MORTGAGE,TX,moving,Fully Paid,4,2,1,74.06%,27,27,Not Verified,Apr-18,100001047,100001047,100001047,900001047,DL501047,DL501047,MEMBER-1048,Nurse,Debt consolidation loan,Borrower-written description of the loan purpose.,995,https://example.com/loan/1048
1049,12260.52, 60 months,22.93%,B,B4,46738.16,28.1,NONE,TX,major_purchase,Current,2,2,0,68.18%,2,17,Not Verified,Jan-08,100001048,100001048,100001048,900001048,DL501048,DL501048,MEMBER-1049,Software Engineer,Debt consolidation loan,Borrower-written description of the loan purpose.,743,https://example.com/loan/1049
1050,24968.83, 36 months,5.77%,C,C3,21520.45,17.49,RENT,CA,house,Charged Off,2,2,1,91.61%,27,46,Not Verified,Jun-14,100001049,100001049,100001049,900001049,DL501049,DL501049,MEMBER-1050,Retail Associate,Debt consolidation loan,Borrower-written description of the loan purpose.,440,https://example.com/loan/1050
1051,30071.09, 36 months,6.95%,A,A1,195226.57,29.44,OWN,PA,home_improvement,Fully Paid,4,1,NA,20.74%,14,13,Source Verified,Feb-17,100001050,100001050,100001050,900001050,DL501050,DL501050,MEMBER-1051,Retail Associate,Debt consolidation loan,Borrower-written description of the loan purpose.,434,https://example.com/loan/1051
1052,4635.85, 60 months,16.76%,C,C1,54342.26,20.99,RENT,NY,major_purchase,Fully Paid,2,3,0,49.41%,30,25,Source Verified,Mar-12,100001051,100001051,100001051,900001051,DL501051,DL501051,MEMBER-1052,Driver,Debt consolidation loan,Borrower-written description of the loan purpose.,479,https://example.com/loan/1052
1053,22157.91, 60 months,14.45%,E,E4,40654.56,20.25,RENT,NC,car,Fully Paid,3,0,2,53.4%,24,13,Verified,Oct-17,100001052,100001052,100001052,900001052,DL501052,DL501052,MEMBER-1053,Nurse,Debt consolidation loan,Borrower-written description of the loan purpose.,331,https://example.com/loan/1053
1054,10384.86, 60 months,7.16%,G,G5,26237.82,21.69,OTHER,NY,moving,Current,4,1,1,57.17%,24,8,Verified,Nov-09,100001053,100001053,100001053,900001053,DL501053,DL501053,MEMBER-1054,Software Engineer,Debt consolidation loan,Borrower-written description of the loan purpose.,634,https://example.com/loan/1054
1055,15523.61, 36 months,16.01%,G,G5,125566.82,14.87,OTHER,OH,other,Fully Paid,2,3,NA,26.21%,1,36,Not Verified,Jul-09,100001054,100001054,100001054,900001054,DL501054,DL501054,MEMBER-1055,Driver,Debt consolidation loan,Borrower-written description of the loan purpose.,233,https://example.com/loan/1055
1056,11213.48, 60 months,16.56%,D,D2,60425.73,10.24,MORTGAGE,OH,vacation,Fully Paid,3,2,2,4.55%,11,16,Verified,Dec-15,100001055,100001055,100001055,900001055,DL501055,DL501055,MEMBER-1056,Software Engineer,Debt consolidation loan,Borrower-written description of the loan purpose.,960,https://example.com/loan/1056
1057,21907.5, 60 months,8.32%,B,B2,93349.88,0.92,MORTGAGE,CA,other,Current,2,1,2,97.25%,22,40,Verified,Aug-17,100001056,100001056,100001056,900001056,DL501056,DL501056,MEMBER-1057,Retail Associate,Debt consolidation loan,Borrower-written description of the loan purpose.,956,https://example.com/loan/1057
1058,31655.39, 60 months,13.75%,D,D4,39392.02,17.59,OWN,MI,wedding,Current,0,1,1,30.81%,3,59,Source Verified,Mar-09,100001057,100001057,100001057,900001057,DL501057,DL501057,MEMBER-1058,Retail Associate,Debt consolidation loan,Borrower-written description of the loan purpose.,456,https://example.com/loan/1058
1059,10352.21, 60 months,12.55%,D,D1,171338.73,18.51,MORTGAGE,NC,debt_consolidation,Current,3,1,NA,51.55%,15,20,Verified,May-11,100001058,100001058,100001058,900001058,DL501058,DL501058,MEMBER-1059,Retail Associate,Debt consolidation loan,Borrower-written description of the loan purpose.,996,https://example.com/loan/1059
1060,16337.66, 36 months,18.5%,C,C3,169942.22,16.14,MORTGAGE,GA,major_purchase,Fully Paid,0,3,NA,88.28%,1,53,Source Verified,Feb-15,100001059,100001059,100001059,900001059,DL501059,DL501059,MEMBER-1060,Software Engineer,Debt consolidation loan,Borrower-written description of the loan purpose.,722,https://example.com/loan/1060
1061,10503.76, 36 months,11.84%,G,G3,121817.47,29.74,OTHER,NC,home_improvement,Current,1,3,1,15.92%,12,43,Verified,Dec-13,100001060,100001060,100001060,900001060,DL501060,DL501060,MEMBER-1061,Nurse,Debt consolidation loan,Borrower-written description of the loan purpose.,957,https://example.com/loan/1061
1062,22712.71, 60 months,7.22%,F,F3,130020.6,21.32,RENT,TX,small_business,Fully Paid,4,3,0,45.88%,18,34,Source Verified,Jun-18,100001061,100001061,100001061,900001061,DL501061,DL501061,MEMBER-1062,Nurse,Debt consolidation loan,Borrower-written description of the loan purpose.,660,https://example.com/loan/1062
1063,18963.43, 36 months,6.72%,B,B3,27597.0,20.81,NONE,NC,credit_card,Fully Paid,2,1,NA,72.1%,25,7,Source Verified,Nov-13,100001062,100001062,100001062,900001062,DL501062,DL501062,MEMBER-1063,Retail Associate,Debt consolidation loan,Borrower-written description of the loan purpose.,557,https://example.com/loan/1063
1064,13200.79, 36 months,7.07%,A,A1,29902.44,2.1,MORTGAGE,OH,home_improvement,Current,0,3,1,24.5%,29,27,Verified,Aug-17,100001063,100001063,100001063,900001063,DL501063,DL501063,MEMBER-1064,Retail Associate,Debt consolidation loan,Borrower-written description of the loan purpose.,342,https://example.com/loan/1064
1065,5997.83, 36 months,23.77%,G,G2,89835.04,22.32,NONE,NC,major_purchase,Current,2,0,NA,60.64%,8,25,Verified,May-08,100001064,100001064,100001064,900001064,DL501064,DL501064,MEMBER-1065,Nurse,Debt consolidation loan,Borrower-written description of the loan purpose.,504,https://example.com/loan/1065
1066,30265.04, 60 months,18.28%,G,G1,116452.66,5.17,NONE,NC,renewable_energy,Current,0,3,NA,57.3%,13,28,Source Verified,Sep-18,100001065,100001065,100001065,900001065,DL501065,DL501065,MEMBER-1066,Retail Associate,Debt consolidation loan,Borrower-written description of the loan purpose.,401,https://example.com/loan/1066
1067,33477.13, 36 months,21.75%,A,A2,49357.17,24.76,OWN,TX,moving,Fully Paid,1,3,NA,50.21%,8,27,Verified,Aug-18,100001066,100001066,100001066,900001066,DL501066,DL501066,MEMBER-1067,Retail Associate,Debt consolidation loan,Borrower-written description of the loan purpose.,306,https://example.com/loan/1067
1068,21159.59, 60 months,11.16%,G,G4,181047.35,20.02,RENT,NY,debt_consolidation,Current,1,2,0,63.14%,27,2,Not Verified,May-13,100001067,100001067,100001067,900001067,DL501067,DL501067,MEMBER-1068,Retail Associate,Debt consolidation loan,Borrower-written description of the loan purpose.,938,https://example.com/loan/1068
1069,27266.08, 60 months,21.1%,G,G1,106680.13,0.66,OWN,CA,major_purchase,Fully Paid,3,1,0,57.08%,15,58,Not Verified,Aug-11,100001068,100001068,100001068,900001068,DL501068,DL501068,MEMBER-1069,Software Engineer,Debt consolidation loan,Borrower-written description of the loan purpose.,246,https://example.com/loan/1069
1070,1637.83, 36 months,11.38%,A,A3,27646.19,16.02,NONE,GA,wedding,Current,2,3,NA,15.58%,10,44,Verified,Oct-17,100001069,100001069,100001069,900001069,DL501069,DL501069,MEMBER-1070,Retail Associate,Debt consolidation loan,Borrower-written description of the loan purpose.,715,https://example.com/loan/1070
1071,31020.33, 36 months,14.98%,A,A4,155787.26,24.68,RENT,NY,wedding,Fully Paid,4,1,2,84.8%,15,53,Source Verified,Sep-10,100001070,100001070,100001070,900001070,DL501070,DL501070,MEMBER-1071,Retail Associate,Debt consolidation loan,Borrower-written description of the loan purpose.,597,https://example.com/loan/1071
1072,28581.72, 60 months,9.53%,E,E2,63473.01,14.92,NONE,MI,credit_card,Fully Paid,4,2,0,70.44%,22,7,Not Verified,Feb-16,100001071,100001071,100001071,900001071,DL501071,DL501071,MEMBER-1072,Retail Associate,Debt consolidation loan,Borrower-written description of the loan purpose.,970,https://example.com/loan/1072
1073,29264.08, 60 months,9.99%,D,D4,159936.34,26.27,NONE,NY,debt_consolidation,Fully Paid,2,2,2,51.83%,17,37,Source Verified,Nov-16,100001072,100001072,100001072,900001072,DL501072,DL501072,MEMBER-1073,Driver,Debt consolidation loan,Borrower-written description of the loan purpose.,429,https://example.com/loan/1073
1074,19827.6, 36 months,5.58%,G,G5,25816.83,22.22,MORTGAGE,OH,medical,Current,1,0,0,67.24%,29,59,Source Verified,Mar-10,100001073,100001073,100001073,900001073,DL501073,DL501073,MEMBER-1074,Retail Associate,Debt consolidation loan,Borrower-written description of the loan purpose.,123,https://example.com/loan/1074
1075,4150.94, 36 months,6.54%,G,G1,62838.68,23.57,OWN,NY,car,Current,2,0,1,27.93%,29,36,Verified,Jun-15,100001074,100001074,100001074,900001074,DL501074,DL501074,MEMBER-1075,Nurse,Debt consolidation loan,Borrower-written description of the loan purpose.,464,https://example.com/loan/1075
1076,18870.29, 60 months,8.74%,E,E4,125397.69,16.34,OWN,GA,credit_card,Fully Paid,3,3,0,11.52%,11,24,Source Verified,Jan-15,100001075,100001075,100001075,900001075,DL501075,DL501075,MEMBER-1076,Software Engineer,Debt consolidation loan,Borrower-written description of the loan purpose.,595,https://example.com/loan/1076
1077,16747.13, 60 months,23.99%,F,F1,47163.11,16.71,OWN,NY,house,Fully Paid,4,2,0,61.06%,20,35,Verified,Apr-12,100001076,100001076,100001076,900001076,DL501076,DL501076,MEMBER-1077,Nurse,Debt consolidation loan,Borrower-written description of the loan purpose.,620,https://example.com/loan/1077
1078,28963.64, 60 months,7.55%,D,D4,133926.68,28.78,MORTGAGE,FL,renewable_energy,Current,3,0,NA,1.86%,18,19,Source Verified,Sep-18,100001077,100001077,100001077,900001077,DL501077,DL501077,MEMBER-1078,Driver,Debt consolidation loan,Borrower-written description of the loan purpose.,612,https://example.com/loan/1078
1079,21198.93, 60 months,14.73%,G,G3,182591.93,5.76,NONE,NC,house,Fully Paid,0,0,2,57.11%,29,27,Verified,Sep-14,100001078,100001078,100001078,900001078,DL501078,DL501078,MEMBER-1079,Software Engineer,Debt consolidation loan,Borrower-written description of the loan purpose.,621,https://example.com/loan/1079
1080,19461.77, 36 months,13.8%,F,F4,104534.48,20.48,OTHER,NY,house,Fully Paid,4,0,1,98.68%,19,3,Verified,Oct-16,100001079,100001079,100001079,900001079,DL501079,DL501079,MEMBER-1080,Software Engineer,Debt consolidation loan,Borrower-written description of the loan purpose.,390,https://example.com/loan/1080
1081,6227.78, 60 months,21.48%,D,D1,40801.25,16.59,MORTGAGE,NC,credit_card,Current,4,2,1,31.35%,5,40,Source Verified,Oct-18,100001080,100001080,100001080,900001080,DL501080,DL501080,MEMBER-1081,Driver,Debt consolidation loan,Borrower-written description of the loan purpose.,368,https://example.com/loan/1081
1082,10203.93, 36 months,15.6%,G,G2,88930.34,21.98,NONE,FL,vacation,Current,4,3,1,86.89%,18,60,Source Verified,Apr-08,100001081,100001081,100001081,900001081,DL501081,DL501081,MEMBER-1082,Nurse,Debt consolidation loan,Borrower-written description of the loan purpose.,828,https://example.com/loan/1082
1083,5676.73, 60 months,22.09%,D,D2,48151.48,20.24,OTHER,MI,vacation,Fully Paid,4,0,0,50.71%,1,37,Source Verified,Apr-18,100001082,100001082,100001082,900001082,DL501082,DL501082,MEMBER-1083,Software Engineer,Debt consolidation loan,Borrower-written description of the loan purpose.,619,https://example.com/loan/1083
1084,18286.71, 36 months,10.36%,F,F2,115771.78,22.9,MORTGAGE,PA,wedding,Fully Paid,1,2,1,22.83%,24,33,Not Verified,Apr-13,100001083,100001083,100001083,900001083,DL501083,DL501083,MEMBER-1084,Driver,Debt consolidation loan,Borrower-written description of the loan purpose.,785,https://example.com/loan/1084
1085,18156.79, 36 months,22.46%,F,F1,37088.94,14.84,OWN,NC,car,Fully Paid,2,2,2,6.08%,7,37,Verified,Dec-11,100001084,100001084,100001084,900001084,DL501084,DL501084,MEMBER-1085,Retail Associate,Debt consolidation loan,Borrower-written description of the loan purpose.,108,https://example.com/loan/1085
1086,31727.85, 60 months,23.15%,F,F5,103508.36,16.8,OWN,NY,vacation,Current,1,1,2,35.61%,21,10,Source Verified,Dec-08,100001085,100001085,100001085,900001085,DL501085,DL501085,MEMBER-1086,Retail Associate,Debt consolidation loan,Borrower-written description of the loan purpose.,540,https://example.com/loan/1086
1087,18336.53, 36 months,18.6%,B,B1,27687.01,15.22,NONE,GA,medical,Current,2,2,1,10.35%,5,29,Verified,Jul-14,100001086,100001086,100001086,900001086,DL501086,DL501086,MEMBER-1087,Software Engineer,Debt consolidation loan,Borrower-written description of the loan purpose.,528,https://example.com/loan/1087
1088,33215.26, 36 months,11.15%,B,B1,186516.58,18.23,OTHER,CA,debt_consolidation,Current,4,1,NA,57.24%,6,23,Not Verified,Jan-10,100001087,100001087,100001087,900001087,DL501087,DL501087,MEMBER-1088,Driver,Debt consolidation loan,Borrower-written description of the loan purpose.,231,https://example.com/loan/1088
1089,5863.19, 36 months,21.66%,F,F1,127905.31,25.47,NONE,CA,other,Charged Off,0,2,1,14.53%,30,30,Verified,Apr-18,100001088,100001088,100001088,900001088,DL501088,DL501088,MEMBER-1089,Nurse,Debt consolidation loan,Borrower-written description of the loan purpose.,145,https://example.com/loan/1089
1090,15555.0, 60 months,22.63%,F,F4,46051.93,25.97,OTHER,TX,medical,Fully Paid,0,1,0,54.58%,24,2,Not Verified,Oct-09,100001089,100001089,100001089,900001089,DL501089,DL501089,MEMBER-1090,Nurse,Debt consolidation loan,Borrower-written description of the loan purpose.,254,https://example.com/loan/1090
1091,858.56, 36 months,17.57%,C,C3,142741.97,0.04,NONE,MI,house,Current,4,2,1,2.53%,2,44,Verified,Jun-08,100001090,100001090,100001090,900001090,DL501090,DL501090,MEMBER-1091,Software Engineer,Debt consolidation loan,Borrower-written description of the loan purpose.,289,https://example.com/loan/1091
1092,8253.93, 36 months,18.44%,A,A1,64758.2,19.81,OTHER,NC,other,Fully Paid,4,0,0,3.78%,3,25,Source Verified,Apr-15,100001091,100001091,100001091,900001091,DL501091,DL501091,MEMBER-1092,Software Engineer,Debt consolidation loan,Borrower-written description of the loan purpose.,647,https://example.com/loan/1092
1093,23873.47, 36 months,21.64%,F,F2,97059.16,21.91,OWN,NY,educational,Current,4,3,1,38.72%,28,45,Source Verified,Mar-16,100001092,100001092,100001092,900001092,DL501092,DL501092,MEMBER-1093,Driver,Debt consolidation loan,Borrower-written description of the loan purpose.,145,https://example.com/loan/1093
1094,8258.14, 60 months,20.0%,F,F4,61800.64,4.56,NONE,FL,medical,Fully Paid,3,3,1,21.85%,28,31,Not Verified,Aug-14,100001093,100001093,100001093,900001093,DL501093,DL501093,MEMBER-1094,Software Engineer,Debt consolidation loan,Borrower-written description of the loan purpose.,172,https://example.com/loan/1094
1095,11131.67, 36 months,19.22%,C,C1,158505.81,7.57,NONE,TX,home_improvement,Fully Paid,3,1,1,82.85%,3,35,Verified,Jul-09,100001094,100001094,100001094,900001094,DL501094,DL501094,MEMBER-1095,Retail Associate,Debt consolidation loan,Borrower-written description of the loan purpose.,592,https://example.com/loan/1095
1096,3765.93, 36 months,14.42%,A,A1,136624.94,12.85,RENT,IL,other,Fully Paid,4,0,NA,61.37%,30,49,Not Verified,Nov-11,100001095,100001095,100001095,900001095,DL501095,DL501095,MEMBER-1096,Driver,Debt consolidation loan,Borrower-written description of the loan purpose.,685,https://example.com/loan/1096
1097,9684.71, 36 months,24.3%,A,A1,84514.15,24.81,NONE,TX,major_purchase,Current,0,1,0,23.77%,3,22,Source Verified,Jan-18,100001096,100001096,100001096,900001096,DL501096,DL501096,MEMBER-1097,Retail Associate,Debt consolidation loan,Borrower-written description of the loan purpose.,111,https://example.com/loan/1097
1098,4224.36, 60 months,15.06%,D,D3,113581.77,2.15,RENT,PA,medical,Current,1,1,NA,30.39%,20,17,Source Verified,Sep-09,100001097,100001097,100001097,900001097,DL501097,DL501097,MEMBER-1098,Driver,Debt consolidation loan,Borrower-written description of the loan purpose.,438,https://example.com/loan/1098
1099,27591.17, 60 months,12.98%,E,E5,139602.63,18.72,OTHER,NY,house,Current,2,3,2,70.03%,17,44,Not Verified,Feb-09,100001098,100001098,100001098,900001098,DL501098,DL501098,MEMBER-1099,Driver,Debt consolidation loan,Borrower-written description of the loan purpose.,537,https://example.com/loan/1099
1100,14424.66, 36 months,16.13%,E,E1,24903.28,11.0,NONE,GA,renewable_energy,Fully Paid,4,2,1,36.88%,24,55,Not Verified,Oct-15,100001099,100001099,100001099,900001099,DL501099,DL501099,MEMBER-1100,Software Engineer,Debt consolidation loan,Borrower-written description of the loan purpose.,765,https://example.com/loan/1100
1101,15386.6, 60 months,12.44%,B,B2,77392.17,4.71,RENT,TX,major_purchase,Current,3,1,1,55.52%,13,57,Not Verified,Jan-12,100001100,100001100,100001100,900001100,DL501100,DL501100,MEMBER-1101,Driver,Debt consolidation loan,Borrower-written description of the loan purpose.,548,https://example.com/loan/1101
1102,21450.87, 36 months,7.81%,A,A3,38838.54,2.31,MORTGAGE,NY,renewable_energy,Charged Off,0,3,2,55.42%,18,16,Not Verified,Jan-12,100001101,100001101,100001101,900001101,DL501101,DL501101,MEMBER-1102,Nurse,Debt consolidation loan,Borrower-written description of the loan purpose.,149,https://example.com/loan/1102
1103,3414.32, 36 months,9.08%,F,F2,61898.45,5.97,OWN,IL,small_business,Fully Paid,1,0,2,12.81%,4,7,Verified,Mar-10,100001102,100001102,100001102,900001102,DL501102,DL501102,MEMBER-1103,Software Engineer,Debt consolidation loan,Borrower-written description of the loan purpose.,573,https://example.com/loan/1103
1104,22175.58, 60 months,10.6%,C,C2,165778.6,20.49,OWN,NC,debt_consolidation,Fully Paid,0,1,2,97.63%,1,46,Verified,Nov-13,100001103,100001103,100001103,900001103,DL501103,DL501103,MEMBER-1104,Nurse,Debt consolidation loan,Borrower-written description of the loan purpose.,658,https://example.com/loan/1104
1105,6804.5, 60 months,24.01%,E,E5,180260.09,10.45,RENT,NY,wedding,Fully Paid,3,1,1,39.06%,19,24,Source Verified,Aug-12,100001104,100001104,100001104,900001104,DL501104,DL501104,MEMBER-1105,Retail Associate,Debt consolidation loan,Borrower-written description of the loan purpose.,151,https://example.com/loan/1105
1106,7396.44, 60 months,18.88%,C,C5,26491.03,24.91,MORTGAGE,CA,educational,Current,4,2,NA,57.71%,25,3,Source Verified,Mar-15,100001105,100001105,100001105,900001105,DL501105,DL501105,MEMBER-1106,Software Engineer,Debt consolidation loan,Borrower-written description of the loan purpose.,572,https://example.com/loan/1106
1107,34116.87, 60 months,22.53%,E,E3,32546.96,2.42,OWN,TX,house,Charged Off,0,1,2,34.72%,10,13,Not Verified,Jun-12,100001106,100001106,100001106,900001106,DL501106,DL501106,MEMBER-1107,Driver,Debt consolidation loan,Borrower-written description of the loan purpose.,354,https://example.com/loan/1107
1108,22242.77, 60 months,7.79%,D,D5,51507.37,19.28,MORTGAGE,OH,educational,Fully Paid,4,1,0,65.76%,24,30,Not Verified,Mar-17,100001107,100001107,100001107,900001107,DL501107,DL501107,MEMBER-1108,Nurse,Debt consolidation loan,Borrower-written description of the loan purpose.,445,https://example.com/loan/1108
1109,2986.27, 60 months,19.41%,G,G4,147106.58,6.59,RENT,PA,car,Fully Paid,3,2,1,83.52%,18,45,Not Verified,Jul-11,100001108,100001108,100001108,900001108,DL501108,DL501108,MEMBER-1109,Software Engineer,Debt consolidation loan,Borrower-written description of the loan purpose.,411,https://example.com/loan/1109
1110,8977.93, 36 months,8.72%,C,C3,27510.94,16.32,OWN,FL,wedding,Current,3,0,NA,36.43%,22,4,Verified,Apr-08,100001109,100001109,100001109,900001109,DL501109,DL501109,MEMBER-1110,Retail Associate,Debt consolidation loan,Borrower-written description of the loan purpose.,866,https://example.com/loan/1110
1111,20881.82, 60 months,15.01%,G,G1,144189.8,29.08,NONE,NC,other,Charged Off,2,0,0,60.83%,3,59,Verified,Nov-09,100001110,100001110,100001110,900001110,DL501110,DL501110,MEMBER-1111,Retail Associate,Debt consolidation loan,Borrower-written description of the loan purpose.,535,https://example.com/loan/1111
1112,6547.13, 60 months,6.59%,F,F1,48603.83,14.8,MORTGAGE,FL,renewable_energy,Fully Paid,2,3,0,56.99%,2,10,Not Verified,Sep-17,100001111,100001111,100001111,900001111,DL501111,DL501111,MEMBER-1112,Driver,Debt consolidation loan,Borrower-written description of the loan purpose.,967,https://example.com/loan/1112
1113,30204.93, 36 months,20.4%,A,A3,172988.4,18.63,RENT,OH,educational,Current,0,2,1,11.08%,24,47,Source Verified,May-18,100001112,100001112,100001112,900001112,DL501112,DL501112,MEMBER-1113,Nurse,Debt consolidation loan,Borrower-written description of the loan purpose.,117,https://example.com/loan/1113
1114,31342.9, 36 months,20.7%,G,G4,89636.37,13.3,OWN,CA,moving,Fully Paid,1,2,2,78.95%,1,21,Source Verified,Mar-17,100001113,100001113,100001113,900001113,DL501113,DL501113,MEMBER-1114,Software Engineer,Debt consolidation loan,Borrower-written description of the loan purpose.,868,https://example.com/loan/1114
1115,16284.13, 60 months,12.25%,E,E5,79268.37,8.83,OWN,OH,other,Charged Off,0,1,0,85.04%,24,8,Verified,Mar-08,100001114,100001114,100001114,900001114,DL501114,DL501114,MEMBER-1115,Retail Associate,Debt consolidation loan,Borrower-written description of the loan purpose.,177,https://example.com/loan/1115
1116,21793.08, 36 months,21.87%,E,E4,155285.9,14.41,OWN,MI,moving,Fully Paid,1,2,0,99.87%,16,17,Source Verified,May-10,100001115,100001115,100001115,900001115,DL501115,DL501115,MEMBER-1116,Software Engineer,Debt consolidation loan,Borrower-written description of the loan purpose.,864,https://example.com/loan/1116
1117,2370.49, 60 months,22.37%,C,C1,114372.72,11.22,OTHER,CA,credit_card,Current,3,1,0,7.57%,18,9,Source Verified,Oct-11,100001116,100001116,100001116,900001116,DL501116,DL501116,MEMBER-1117,Retail Associate,Debt consolidation loan,Borrower-written description of the loan purpose.,704,https://example.com/loan/1117
1118,34045.21, 60 months,8.71%,B,B5,62216.74,28.35,OWN,NC,moving,Current,3,2,NA,43.19%,26,46,Verified,May-15,100001117,100001117,100001117,900001117,DL501117,DL501117,MEMBER-1118,Software Engineer,Debt consolidation loan,Borrower-written description of the loan purpose.,570,https://example.com/loan/1118
1119,22330.78, 36 months,8.3%,E,E5,178028.94,1.52,MORTGAGE,PA,small_business,Fully Paid,0,1,0,84.85%,11,12,Source Verified,May-16,100001118,100001118,100001118,900001118,DL501118,DL501118,MEMBER-1119,Retail Associate,Debt consolidation loan,Borrower-written description of the loan purpose.,261,https://example.com/loan/1119
1120,12217.09, 36 months,16.79%,F,F3,103902.0,4.01,OWN,FL,wedding,Charged Off,0,1,0,40.14%,12,52,Verified,Nov-17,100001119,100001119,100001119,900001119,DL501119,DL501119,MEMBER-1120,Retail Associate,Debt consolidation loan,Borrower-written description of the loan purpose.,267,https://example.com/loan/1120
1121,17007.1, 36 months,18.53%,D,D3,142730.13,6.2,MORTGAGE,MI,debt_consolidation,Fully Paid,4,3,0,64.79%,1,22,Not Verified,Jul-09,100001120,100001120,100001120,900001120,DL501120,DL501120,MEMBER-1121,Software Engineer,Debt consolidation loan,Borrower-written description of the loan purpose.,702,https://example.com/loan/1121
1122,26521.35, 60 months,12.38%,E,E3,179783.45,12.51,NONE,MI,car,Current,3,2,0,1.86%,16,42,Not Verified,Nov-16,100001121,100001121,100001121,900001121,DL501121,DL501121,MEMBER-1122,Software Engineer,Debt consolidation loan,Borrower-written description of the loan purpose.,623,https://example.com/loan/1122
1123,22161.81, 60 months,20.62%,G,G4,73984.19,27.16,OWN,NC,medical,Current,4,1,NA,9.37%,27,46,Not Verified,Feb-13,100001122,100001122,100001122,900001122,DL501122,DL501122,MEMBER-1123,Nurse,Debt consolidation loan,Borrower-written description of the loan purpose.,500,https://example.com/loan/1123
1124,27078.82, 60 months,9.14%,F,F4,75851.34,22.77,OWN,PA,car,Fully Paid,1,2,1,20.0%,3,60,Not Verified,May-08,100001123,100001123,100001123,900001123,DL501123,DL501123,MEMBER-1124,Software Engineer,Debt consolidation loan,Borrower-written description of the loan purpose.,649,https://example.com/loan/1124
1125,5137.5, 36 months,11.13%,G,G1,108826.34,17.0,NONE,GA,moving,Current,3,0,0,48.31%,28,25,Source Verified,May-11,100001124,100001124,100001124,900001124,DL501124,DL501124,MEMBER-1125,Software Engineer,Debt consolidation loan,Borrower-written description of the loan purpose.,668,https://example.com/loan/1125
1126,19725.49, 36 months,7.32%,F,F5,103324.15,15.42,NONE,CA,educational,Fully Paid,1,3,2,1.82%,3,50,Verified,Aug-17,100001125,100001125,100001125,900001125,DL501125,DL501125,MEMBER-1126,Nurse,Debt consolidation loan,Borrower-written description of the loan purpose.,238,https://example.com/loan/1126
1127,18117.84, 60 months,12.22%,E,E4,22738.03,5.79,RENT,PA,moving,Current,3,3,1,96.2%,23,12,Verified,Jan-18,100001126,100001126,100001126,900001126,DL501126,DL501126,MEMBER-1127,Retail Associate,Debt consolidation loan,Borrower-written description of the loan purpose.,134,https://example.com/loan/1127
1128,11760.16, 60 months,17.37%,G,G5,63144.25,14.0,RENT,PA,major_purchase,Fully Paid,1,1,1,10.78%,27,24,Source Verified,Dec-13,100001127,100001127,100001127,900001127,DL501127,DL501127,MEMBER-1128,Software Engineer,Debt consolidation loan,Borrower-written description of the loan purpose.,801,https://example.com/loan/1128
1129,21931.6, 36 months,23.28%,C,C5,123052.33,9.39,MORTGAGE,MI,home_improvement,Fully Paid,3,3,0,80.8%,3,36,Not Verified,Nov-13,100001128,100001128,100001128,900001128,DL501128,DL501128,MEMBER-1129,Nurse,Debt consolidation loan,Borrower-written description of the loan purpose.,502,https://example.com/loan/1129
1130,31945.73, 36 months,15.99%,D,D4,124829.88,22.45,MORTGAGE,FL,home_improvement,Fully Paid,4,2,2,64.9%,13,37,Verified,Jan-12,100001129,100001129,100001129,900001129,DL501129,DL501129,MEMBER-1130,Driver,Debt consolidation loan,Borrower-written description of the loan purpose.,682,https://example.com/loan/1130
1131,4361.58, 36 months,5.51%,A,A5,160887.62,2.54,OTHER,GA,renewable_energy,Charged Off,3,1,1,89.15%,5,17,Not Verified,Nov-14,100001130,100001130,100001130,900001130,DL501130,DL501130,MEMBER-1131,Retail Associate,Debt consolidation loan,Borrower-written description of the loan purpose.,497,https://example.com/loan/1131
1132,9542.63, 36 months,21.32%,A,A4,60729.47,3.71,NONE,OH,moving,Fully Paid,2,2,2,59.34%,3,10,Source Verified,Feb-09,100001131,100001131,100001131,900001131,DL501131,DL501131,MEMBER-1132,Software Engineer,Debt consolidation loan,Borrower-written description of the loan purpose.,857,https://example.com/loan/1132
1133,12101.17, 36 months,16.83%,C,C4,25542.22,11.11,OTHER,NC,home_improvement,Current,0,0,1,18.85%,17,32,Source Verified,Apr-12,100001132,100001132,100001132,900001132,DL501132,DL501132,MEMBER-1133,Driver,Debt consolidation loan,Borrower-written description of the loan purpose.,582,https://example.com/loan/1133
1134,29813.38, 36 months,16.36%,D,D4,161818.07,22.81,OWN,NC,car,Fully Paid,4,0,1,64.42%,26,56,Source Verified,Apr-12,100001133,100001133,100001133,900001133,DL501133,DL501133,MEMBER-1134,Software Engineer,Debt consolidation loan,Borrower-written description of the loan purpose.,391,https://example.com/loan/1134
1135,20793.06, 60 months,21.7%,F,F5,128788.82,4.79,OTHER,CA,vacation,Current,1,3,1,33.27%,3,28,Not Verified,Nov-08,100001134,100001134,100001134,900001134,DL501134,DL501134,MEMBER-1135,Software Engineer,Debt consolidation loan,Borrower-written description of the loan purpose.,695,https://example.com/loan/1135
1136,30528.9, 60 months,18.0%,G,G3,71317.03,12.93,NONE,OH,moving,Fully Paid,2,0,2,46.55%,3,35,Source Verified,Dec-08,100001135,100001135,100001135,900001135,DL501135,DL501135,MEMBER-1136,Retail Associate,Debt consolidation loan,Borrower-written description of the loan purpose.,783,https://example.com/loan/1136
1137,9040.77, 60 months,6.63%,G,G2,165960.51,3.1,OWN,NC,vacation,Fully Paid,0,2,0,75.63%,12,8,Not Verified,Apr-14,100001136,100001136,100001136,900001136,DL501136,DL501136,MEMBER-1137,Retail Associate,Debt consolidation loan,Borrower-written description of the loan purpose.,621,https://example.com/loan/1137
1138,2125.52, 60 months,17.99%,C,C1,88867.25,8.65,RENT,PA,wedding,Current,0,3,NA,67.35%,7,22,Source Verified,Dec-16,100001137,100001137,100001137,900001137,DL501137,DL501137,MEMBER-1138,Retail Associate,Debt consolidation loan,Borrower-written description of the loan purpose.,362,https://example.com/loan/1138
1139,17424.33, 36 months,22.27%,C,C3,76333.53,11.92,OTHER,CA,vacation,Fully Paid,2,1,1,3.01%,10,25,Not Verified,Aug-10,100001138,100001138,100001138,900001138,DL501138,DL501138,MEMBER-1139,Retail Associate,Debt consolidation loan,Borrower-written description of the loan purpose.,305,https://example.com/loan/1139
1140,32358.04, 60 months,24.59%,A,A3,137897.46,20.78,OWN,IL,medical,Current,3,2,1,77.76%,10,37,Verified,May-12,100001139,100001139,100001139,900001139,DL501139,DL501139,MEMBER-1140,Retail Associate,Debt consolidation loan,Borrower-written description of the loan purpose.,244,https://example.com/loan/1140
1141,28817.19, 60 months,6.48%,B,B4,155111.08,6.56,OWN,TX,small_business,Fully Paid,0,1,0,75.77%,14,2,Not Verified,Sep-13,100001140,100001140,100001140,900001140,DL501140,DL501140,MEMBER-1141,Retail Associate,Debt consolidation loan,Borrower-written description of the loan purpose.,860,https://example.com/loan/1141
1142,31207.93, 60 months,15.09%,C,C3,156609.49,17.67,MORTGAGE,NY,credit_card,Current,3,2,1,50.22%,19,58,Not Verified,Apr-11,100001141,100001141,100001141,900001141,DL501141,DL501141,MEMBER-1142,Software Engineer,Debt consolidation loan,Borrower-written description of the loan purpose.,966,https://example.com/loan/1142
1143,16030.1, 60 months,8.42%,A,A1,42843.41,2.65,OTHER,IL,educational,Fully Paid,0,2,1,24.92%,4,6,Not Verified,Nov-15,100001142,100001142,100001142,900001142,DL501142,DL501142,MEMBER-1143,Retail Associate,Debt consolidation loan,Borrower-written description of the loan purpose.,298,https://example.com/loan/1143
1144,12119.43, 36 months,23.34%,B,B3,111450.81,17.78,OWN,GA,other,Fully Paid,2,3,2,75.65%,8,31,Verified,Jul-12,100001143,100001143,100001143,900001143,DL501143,DL501143,MEMBER-1144,Driver,Debt consolidation loan,Borrower-written description of the loan purpose.,478,https://example.com/loan/1144
1145,4027.25, 36 months,15.27%,D,D2,84035.62,11.87,OWN,TX,debt_consolidation,Charged Off,4,0,2,91.81%,18,43,Source Verified,Feb-10,100001144,100001144,100001144,900001144,DL501144,DL501144,MEMBER-1145,Nurse,Debt consolidation loan,Borrower-written description of the loan purpose.,527,https://example.com/loan/1145
1146,11735.88, 36 months,12.45%,B,B3,167771.03,6.65,NONE,CA,renewable_energy,Charged Off,2,1,1,90.79%,23,23,Source Verified,Apr-17,100001145,100001145,100001145,900001145,DL501145,DL501145,MEMBER-1146,Software Engineer,Debt consolidation loan,Borrower-written description of the loan purpose.,310,https://example.com/loan/1146
1147,27311.63, 60 months,19.28%,E,E3,191397.6,4.76,OTHER,FL,moving,Charged Off,1,3,2,97.5%,23,16,Not Verified,Feb-10,100001146,100001146,100001146,900001146,DL501146,DL501146,MEMBER-1147,Software Engineer,Debt consolidation loan,Borrower-written description of the loan purpose.,921,https://example.com/loan/1147
1148,9184.7, 60 months,12.35%,B,B3,137099.21,15.9,OWN,FL,vacation,Current,1,2,NA,26.77%,18,59,Verified,Aug-14,100001147,100001147,100001147,900001147,DL501147,DL501147,MEMBER-1148,Nurse,Debt consolidation loan,Borrower-written description of the loan purpose.,150,https://example.com/loan/1148
1149,23989.67, 60 months,17.61%,A,A4,107805.34,26.26,MORTGAGE,FL,vacation,Fully Paid,2,0,2,63.2%,12,6,Not Verified,Jun-16,100001148,100001148,100001148,900001148,DL501148,DL501148,MEMBER-1149,Driver,Debt consolidation loan,Borrower-written description of the loan purpose.,122,https://example.com/loan/1149
1150,20455.61, 36 months,17.38%,C,C2,99696.26,2.65,NONE,IL,credit_card,Current,4,3,0,36.47%,26,53,Verified,Dec-14,100001149,100001149,100001149,900001149,DL501149,DL501149,MEMBER-1150,Nurse,Debt consolidation loan,Borrower-written description of the loan purpose.,151,https://example.com/loan/1150
1151,17521.79, 36 months,9.42%,E,E4,109572.65,20.86,OTHER,OH,house,Fully Paid,3,2,2,14.62%,4,11,Verified,Oct-12,100001150,100001150,100001150,900001150,DL501150,DL501150,MEMBER-1151,Software Engineer,Debt consolidation loan,Borrower-written description of the loan purpose.,111,https://example.com/loan/1151
1152,23152.6, 36 months,8.79%,A,A5,187631.42,8.14,NONE,GA,renewable_energy,Fully Paid,3,1,NA,27.83%,4,43,Source Verified,Aug-10,100001151,100001151,100001151,900001151,DL501151,DL501151,MEMBER-1152,Retail Associate,Debt consolidation loan,Borrower-written description of the loan purpose.,148,https://example.com/loan/1152
1153,14800.18, 36 months,20.64%,C,C1,36290.09,26.89,OWN,NY,car,Fully Paid,4,0,NA,50.2%,2,13,Not Verified,Jul-08,100001152,100001152,100001152,900001152,DL501152,DL501152,MEMBER-1153,Nurse,Debt consolidation loan,Borrower-written description of the loan purpose.,609,https://example.com/loan/1153
1154,22007.15, 36 months,22.3%,C,C1,44970.68,12.36,NONE,IL,small_business,Current,0,0,1,29.41%,13,36,Verified,Dec-08,100001153,100001153,100001153,900001153,DL501153,DL501153,MEMBER-1154,Driver,Debt consolidation loan,Borrower-written description of the loan purpose.,218,https://example.com/loan/1154
1155,21764.46, 60 months,19.09%,C,C4,44074.98,15.69,RENT,GA,vacation,Fully Paid,0,0,1,23.49%,15,47,Verified,Aug-12,100001154,100001154,100001154,900001154,DL501154,DL501154,MEMBER-1155,Nurse,Debt consolidation loan,Borrower-written description of the loan purpose.,496,https://example.com/loan/1155
1156,19216.23, 60 months,12.03%,C,C2,188276.47,22.95,OTHER,CA,small_business,Charged Off,3,1,0,70.46%,27,52,Not Verified,Jun-12,100001155,100001155,100001155,900001155,DL501155,DL501155,MEMBER-1156,Retail Associate,Debt consolidation loan,Borrower-written description of the loan purpose.,498,https://example.com/loan/1156
1157,4591.88, 60 months,13.39%,C,C4,75723.72,8.89,RENT,FL,home_improvement,Fully Paid,4,0,1,25.37%,2,26,Not Verified,Sep-15,100001156,100001156,100001156,900001156,DL501156,DL501156,MEMBER-1157,Retail Associate,Debt consolidation loan,Borrower-written description of the loan purpose.,697,https://example.com/loan/1157
1158,21422.95, 36 months,19.47%,G,G3,179686.56,22.82,OTHER,NY,small_business,Fully Paid,1,3,2,35.21%,29,25,Source Verified,Jul-15,100001157,100001157,100001157,900001157,DL501157,DL501157,MEMBER-1158,Nurse,Debt consolidation loan,Borrower-written description of the loan purpose.,340,https://example.com/loan/1158
1159,20139.8, 36 months,14.34%,G,G4,145346.58,12.48,OWN,MI,home_improvement,Charged Off,0,2,NA,55.66%,20,41,Not Verified,Jun-09,100001158,100001158,100001158,900001158,DL501158,DL501158,MEMBER-1159,Software Engineer,Debt consolidation loan,Borrower-written description of the loan purpose.,895,https://example.com/loan/1159
1160,9849.47, 36 months,19.56%,A,A4,68092.38,20.63,OTHER,MI,educational,Current,2,2,2,57.56%,27,24,Not Verified,Sep-09,100001159,100001159,100001159,900001159,DL501159,DL501159,MEMBER-1160,Retail Associate,Debt consolidation loan,Borrower-written description of the loan purpose.,146,https://example.com/loan/1160
1161,18687.15, 60 months,10.83%,D,D5,154000.06,10.87,OWN,NC,vacation,Current,3,1,NA,73.76%,16,13,Verified,Mar-12,100001160,100001160,100001160,900001160,DL501160,DL501160,MEMBER-1161,Driver,Debt consolidation loan,Borrower-written description of the loan purpose.,516,https://example.com/loan/1161
1162,34913.98, 36 months,23.51%,F,F3,55787.88,1.51,NONE,PA,vacation,Fully Paid,0,1,0,65.8%,30,46,Verified,Sep-09,100001161,100001161,100001161,900001161,DL501161,DL501161,MEMBER-1162,Driver,Debt consolidation loan,Borrower-written description of the loan purpose.,883,https://example.com/loan/1162
1163,10748.19, 60 months,14.84%,G,G5,199591.93,9.66,NONE,IL,debt_consolidation,Current,2,2,0,33.55%,24,43,Not Verified,Sep-09,100001162,100001162,100001162,900001162,DL501162,DL501162,MEMBER-1163,Retail Associate,Debt consolidation loan,Borrower-written description of the loan purpose.,487,https://example.com/loan/1163
1164,17447.09, 60 months,9.51%,E,E4,63575.2,0.61,OWN,CA,vacation,Fully Paid,0,0,NA,54.99%,14,22,Source Verified,Nov-11,100001163,100001163,100001163,900001163,DL501163,DL501163,MEMBER-1164,Nurse,Debt consolidation loan,Borrower-written description of the loan purpose.,623,https://example.com/loan/1164
1165,5522.44, 36 months,17.91%,E,E4,23295.83,27.13,MORTGAGE,CA,moving,Charged Off,0,2,1,43.76%,1,31,Not Verified,Dec-17,100001164,100001164,100001164,900001164,DL501164,DL501164,MEMBER-1165,Nurse,Debt consolidation loan,Borrower-written description of the loan purpose.,872,https://example.com/loan/1165
1166,30032.93, 60 months,24.45%,F,F4,79130.65,25.18,OWN,PA,house,Current,3,3,NA,92.77%,6,29,Source Verified,Aug-12,100001165,100001165,100001165,900001165,DL501165,DL501165,MEMBER-1166,Driver,Debt consolidation loan,Borrower-written description of the loan purpose.,244,https://example.com/loan/1166
1167,13848.84, 36 months,9.44%,C,C2,125992.04,17.74,NONE,GA,moving,Fully Paid,1,0,NA,97.34%,12,2,Verified,Feb-15,100001166,100001166,100001166,900001166,DL501166,DL501166,MEMBER-1167,Software Engineer,Debt consolidation loan,Borrower-written description of the loan purpose.,334,https://example.com/loan/1167
1168,10076.33, 60 months,7.82%,D,D1,43735.54,3.87,MORTGAGE,NY,debt_consolidation,Fully Paid,4,3,2,46.61%,5,6,Source Verified,Apr-13,100001167,100001167,100001167,900001167,DL501167,DL501167,MEMBER-1168,Driver,Debt consolidation loan,Borrower-written description of the loan purpose.,199,https://example.com/loan/1168
1169,16370.1, 36 months,7.54%,G,G4,35015.42,6.72,OTHER,IL,vacation,Current,2,2,NA,38.63%,30,13,Not Verified,Jul-18,100001168,100001168,100001168,900001168,DL501168,DL501168,MEMBER-1169,Nurse,Debt consolidation loan,Borrower-written description of the loan purpose.,705,https://example.com/loan/1169
1170,17781.19, 60 months,16.99%,A,A1,96759.49,20.01,OTHER,PA,wedding,Fully Paid,2,0,2,16.11%,8,19,Source Verified,Jul-12,100001169,100001169,100001169,900001169,DL501169,DL501169,MEMBER-1170,Software Engineer,Debt consolidation loan,Borrower-written description of the loan purpose.,626,https://example.com/loan/1170
1171,14320.14, 60 months,18.31%,G,G2,132624.28,16.7,OWN,OH,major_purchase,Current,4,1,1,34.02%,30,7,Not Verified,Feb-17,100001170,100001170,100001170,900001170,DL501170,DL501170,MEMBER-1171,Software Engineer,Debt consolidation loan,Borrower-written description of the loan purpose.,130,https://example.com/loan/1171
1172,15958.3, 36 months,6.35%,A,A4,53132.1,26.32,OTHER,OH,home_improvement,Fully Paid,4,3,1,68.3%,18,44,Not Verified,Nov-12,100001171,100001171,100001171,900001171,DL501171,DL501171,MEMBER-1172,Driver,Debt consolidation loan,Borrower-written description of the loan purpose.,191,https://example.com/loan/1172
1173,13054.27, 36 months,19.75%,F,F3,72005.86,22.65,OTHER,TX,vacation,Fully Paid,0,3,NA,14.39%,4,14,Verified,Aug-10,100001172,100001172,100001172,900001172,DL501172,DL501172,MEMBER-1173,Software Engineer,Debt consolidation loan,Borrower-written description of the loan purpose.,311,https://example.com/loan/1173
1174,31115.49, 36 months,17.4%,D,D2,85548.49,0.07,RENT,OH,other,Fully Paid,1,1,NA,65.9%,12,20,Source Verified,Dec-11,100001173,100001173,100001173,900001173,DL501173,DL501173,MEMBER-1174,Retail Associate,Debt consolidation loan,Borrower-written description of the loan purpose.,773,https://example.com/loan/1174
1175,30422.03, 36 months,9.53%,D,D2,152491.57,0.91,RENT,NY,major_purchase,Fully Paid,1,3,1,40.52%,28,37,Not Verified,Apr-12,100001174,100001174,100001174,900001174,DL501174,DL501174,MEMBER-1175,Software Engineer,Debt consolidation loan,Borrower-written description of the loan purpose.,290,https://example.com/loan/1175
1176,23808.14, 60 months,10.42%,F,F3,28876.38,28.58,RENT,NY,educational,Fully Paid,3,1,1,67.68%,3,15,Source Verified,Jul-13,100001175,100001175,100001175,900001175,DL501175,DL501175,MEMBER-1176,Software Engineer,Debt consolidation loan,Borrower-written description of the loan purpose.,381,https://example.com/loan/1176
1177,15046.87, 60 months,24.59%,G,G5,135723.38,23.8,OTHER,NC,wedding,Fully Paid,1,2,1,75.1%,8,12,Source Verified,Feb-09,100001176,100001176,100001176,900001176,DL501176,DL501176,MEMBER-1177,Retail Associate,Debt consolidation loan,Borrower-written description of the loan purpose.,877,https://example.com/loan/1177
1178,5455.29, 60 months,14.59%,E,E5,83619.55,28.39,OWN,MI,medical,Fully Paid,3,1,2,7.66%,11,31,Not Verified,Jul-10,100001177,100001177,100001177,900001177,DL501177,DL501177,MEMBER-1178,Software Engineer,Debt consolidation loan,Borrower-written description of the loan purpose.,671,https://example.com/loan/1178
1179,6763.13, 60 months,17.05%,C,C2,151915.08,5.62,NONE,TX,vacation,Fully Paid,3,1,0,94.19%,15,9,Verified,Apr-17,100001178,100001178,100001178,900001178,DL501178,DL501178,MEMBER-1179,Driver,Debt consolidation loan,Borrower-written description of the loan purpose.,937,https://example.com/loan/1179
1180,9898.27, 60 months,19.08%,A,A2,141089.24,27.14,OWN,CA,wedding,Fully Paid,1,1,2,23.74%,2,7,Not Verified,May-18,100001179,100001179,100001179,900001179,DL501179,DL501179,MEMBER-1180,Retail Associate,Debt consolidation loan,Borrower-written description of the loan purpose.,131,https://example.com/loan/1180
1181,17793.89, 36 months,20.47%,E,E5,178599.42,23.52,NONE,PA,credit_card,Fully Paid,1,0,NA,43.48%,21,7,Source Verified,May-14,100001180,100001180,100001180,900001180,DL501180,DL501180,MEMBER-1181,Software Engineer,Debt consolidation loan,Borrower-written description of the loan purpose.,445,https://example.com/loan/1181
1182,28657.69, 60 months,22.43%,C,C2,34442.73,1.32,MORTGAGE,TX,renewable_energy,Current,3,2,NA,42.83%,20,60,Source Verified,Jul-08,100001181,100001181,100001181,900001181,DL501181,DL501181,MEMBER-1182,Driver,Debt consolidation loan,Borrower-written description of the loan purpose.,578,https://example.com/loan/1182
1183,2845.67, 36 months,12.56%,F,F5,74337.95,12.11,OTHER,GA,other,Fully Paid,4,1,NA,75.28%,18,47,Not Verified,Jul-13,100001182,100001182,100001182,900001182,DL501182,DL501182,MEMBER-1183,Retail Associate,Debt consolidation loan,Borrower-written description of the loan purpose.,155,https://example.com/loan/1183
1184,15473.15, 36 months,23.72%,D,D2,169706.37,20.95,OWN,IL,car,Fully Paid,0,1,0,20.68%,20,4,Not Verified,Nov-12,100001183,100001183,100001183,900001183,DL501183,DL501183,MEMBER-1184,Driver,Debt consolidation loan,Borrower-written description of the loan purpose.,785,https://example.com/loan/1184
1185,33333.27, 60 months,13.98%,E,E1,81930.4,6.92,OWN,FL,moving,Charged Off,3,3,NA,17.72%,11,53,Source Verified,May-08,100001184,100001184,100001184,900001184,DL501184,DL501184,MEMBER-1185,Retail Associate,Debt consolidation loan,Borrower-written description of the loan purpose.,670,https://example.com/loan/1185
1186,16064.94, 36 months,17.52%,F,F2,39466.62,14.78,OTHER,GA,car,Fully Paid,3,2,2,3.88%,16,10,Verified,Jul-12,100001185,100001185,100001185,900001185,DL501185,DL501185,MEMBER-1186,Driver,Debt consolidation loan,Borrower-written description of the loan purpose.,615,https://example.com/loan/1186
1187,33807.26, 60 months,15.62%,F,F4,175877.27,23.14,OWN,MI,wedding,Current,0,2,NA,68.79%,24,52,Source Verified,Aug-09,100001186,100001186,100001186,900001186,DL501186,DL501186,MEMBER-1187,Retail Associate,Debt consolidation loan,Borrower-written description of the loan purpose.,602,https://example.com/loan/1187
1188,29866.98, 60 months,13.87%,C,C3,116283.04,21.53,NONE,CA,renewable_energy,Current,0,1,NA,3.04%,12,45,Not Verified,Apr-17,100001187,100001187,100001187,900001187,DL501187,DL501187,MEMBER-1188,Nurse,Debt consolidation loan,Borrower-written description of the loan purpose.,633,https://example.com/loan/1188
1189,1155.53, 60 months,23.99%,C,C1,52154.01,20.35,OTHER,NY,medical,Fully Paid,1,0,1,0.93%,12,23,Source Verified,May-14,100001188,100001188,100001188,900001188,DL501188,DL501188,MEMBER-1189,Retail Associate,Debt consolidation loan,Borrower-written description of the loan purpose.,748,https://example.com/loan/1189
1190,25531.65, 60 months,16.89%,D,D4,76886.38,24.21,NONE,MI,wedding,Charged Off,0,0,1,89.02%,23,51,Source Verified,Nov-15,100001189,100001189,100001189,900001189,DL501189,DL501189,MEMBER-1190,Software Engineer,Debt consolidation loan,Borrower-written description of the loan purpose.,691,https://example.com/loan/1190
1191,21462.77, 36 months,10.16%,D,D5,77491.41,13.95,OWN,TX,moving,Fully Paid,2,3,NA,0.28%,2,60,Source Verified,Apr-08,100001190,100001190,100001190,900001190,DL501190,DL501190,MEMBER-1191,Driver,Debt consolidation loan,Borrower-written description of the loan purpose.,696,https://example.com/loan/1191
1192,9106.51, 36 months,20.79%,F,F3,45257.47,16.2,OTHER,FL,car,Fully Paid,0,0,NA,0.21%,16,7,Source Verified,Nov-09,100001191,100001191,100001191,900001191,DL501191,DL501191,MEMBER-1192,Driver,Debt consolidation loan,Borrower-written description of the loan purpose.,407,https://example.com/loan/1192
1193,27937.92, 36 months,7.86%,A,A4,165611.48,23.88,MORTGAGE,OH,moving,Current,1,3,0,17.79%,6,18,Verified,Jun-14,100001192,100001192,100001192,900001192,DL501192,DL501192,MEMBER-1193,Driver,Debt consolidation loan,Borrower-written description of the loan purpose.,712,https://example.com/loan/1193
1194,9407.01, 60 months,19.18%,A,A2,85816.91,14.84,NONE,MI,moving,Fully Paid,3,3,0,96.42%,25,22,Not Verified,Jul-12,100001193,100001193,100001193,900001193,DL501193,DL501193,MEMBER-1194,Nurse,Debt consolidation loan,Borrower-written description of the loan purpose.,415,https://example.com/loan/1194
1195,23939.88, 60 months,11.12%,G,G2,63322.31,15.19,NONE,MI,small_business,Fully Paid,1,0,2,96.41%,9,46,Source Verified,Mar-08,100001194,100001194,100001194,900001194,DL501194,DL501194,MEMBER-1195,Driver,Debt consolidation loan,Borrower-written description of the loan purpose.,902,https://example.com/loan/1195
1196,26919.68, 60 months,18.73%,C,C2,49044.05,25.34,NONE,OH,other,Charged Off,4,2,1,67.48%,28,2,Source Verified,Mar-14,100001195,100001195,100001195,900001195,DL501195,DL501195,MEMBER-1196,Nurse,Debt consolidation loan,Borrower-written description of the loan purpose.,278,https://example.com/loan/1196
1197,26068.76, 60 months,23.94%,E,E4,137684.45,2.66,RENT,FL,educational,Fully Paid,1,0,1,76.85%,6,41,Source Verified,May-10,100001196,100001196,100001196,900001196,DL501196,DL501196,MEMBER-1197,Retail Associate,Debt consolidation loan,Borrower-written description of the loan purpose.,179,https://example.com/loan/1197
1198,21453.75, 60 months,9.46%,E,E3,113372.31,25.55,OWN,OH,small_business,Current,3,0,1,58.95%,24,13,Verified,Dec-11,100001197,100001197,100001197,900001197,DL501197,DL501197,MEMBER-1198,Nurse,Debt consolidation loan,Borrower-written description of the loan purpose.,263,https://example.com/loan/1198
1199,26973.38, 36 months,15.5%,G,G5,169980.86,27.88,MORTGAGE,IL,major_purchase,Current,0,0,2,49.1%,29,34,Verified,Jun-17,100001198,100001198,100001198,900001198,DL501198,DL501198,MEMBER-1199,Nurse,Debt consolidation loan,Borrower-written description of the loan purpose.,710,https://example.com/loan/1199
1200,4316.83, 36 months,10.36%,C,C4,66967.97,20.11,RENT,CA,educational,Fully Paid,3,1,0,95.23%,5,11,Source Verified,Dec-12,100001199,100001199,100001199,900001199,DL501199,DL501199,MEMBER-1200,Software Engineer,Debt consolidation loan,Borrower-written description of the loan purpose.,161,https://example.com/loan/1200
1201,25009.74, 60 months,11.7%,A,A1,168012.48,18.0,OTHER,NC,moving,Current,4,3,2,53.15%,10,28,Not Verified,Dec-09,100001200,100001200,100001200,900001200,DL501200,DL501200,MEMBER-1201,Software Engineer,Debt consolidation loan,Borrower-written description of the loan purpose.,422,https://example.com/loan/1201
1202,23730.88, 60 months,10.64%,C,C4,22387.78,3.57,NONE,IL,wedding,Fully Paid,1,2,0,13.41%,19,9,Source Verified,May-17,100001201,100001201,100001201,900001201,DL501201,DL501201,MEMBER-1202,Nurse,Debt consolidation loan,Borrower-written description of the loan purpose.,888,https://example.com/loan/1202
1203,14129.09, 60 months,14.02%,F,F1,109093.14,10.81,MORTGAGE,GA,major_purchase,Fully Paid,2,3,0,29.77%,8,45,Source Verified,Apr-17,100001202,100001202,100001202,900001202,DL501202,DL501202,MEMBER-1203,Nurse,Debt consolidation loan,Borrower-written description of the loan purpose.,674,https://example.com/loan/1203
1204,31667.92, 60 months,23.41%,E,E4,138247.1,4.06,RENT,OH,renewable_energy,Current,3,1,NA,15.08%,27,21,Not Verified,Dec-13,100001203,100001203,100001203,900001203,DL501203,DL501203,MEMBER-1204,Software Engineer,Debt consolidation loan,Borrower-written description of the loan purpose.,583,https://example.com/loan/1204
1205,28336.13, 60 months,14.33%,B,B5,136018.84,20.3,OTHER,CA,educational,Current,1,3,2,85.91%,21,16,Source Verified,Dec-13,100001204,100001204,100001204,900001204,DL501204,DL501204,MEMBER-1205,Retail Associate,Debt consolidation loan,Borrower-written description of the loan purpose.,754,https://example.com/loan/1205
1206,2008.08, 60 months,7.97%,D,D4,92234.68,20.76,MORTGAGE,GA,house,Current,2,1,NA,40.45%,4,24,Not Verified,Dec-18,100001205,100001205,100001205,900001205,DL501205,DL501205,MEMBER-1206,Nurse,Debt consolidation loan,Borrower-written description of the loan purpose.,126,https://example.com/loan/1206
1207,10935.89, 36 months,16.76%,G,G5,20767.14,15.86,RENT,NC,debt_consolidation,Fully Paid,1,2,1,29.78%,4,56,Verified,Jun-10,100001206,100001206,100001206,900001206,DL501206,DL501206,MEMBER-1207,Nurse,Debt consolidation loan,Borrower-written description of the loan purpose.,451,https://example.com/loan/1207
1208,25937.69, 36 months,12.39%,D,D1,21209.07,5.82,RENT,FL,house,Charged Off,4,1,1,58.72%,11,38,Source Verified,Sep-09,100001207,100001207,100001207,900001207,DL501207,DL501207,MEMBER-1208,Software Engineer,Debt consolidation loan,Borrower-written description of the loan purpose.,367,https://example.com/loan/1208
1209,18702.46, 60 months,20.66%,E,E2,147313.08,26.63,NONE,TX,car,Charged Off,3,0,2,24.47%,26,26,Not Verified,Nov-12,100001208,100001208,100001208,900001208,DL501208,DL501208,MEMBER-1209,Software Engineer,Debt consolidation loan,Borrower-written description of the loan purpose.,228,https://example.com/loan/1209
1210,18637.23, 36 months,23.23%,F,F2,148970.65,27.68,MORTGAGE,GA,car,Charged Off,3,2,1,59.0%,28,48,Verified,Oct-13,100001209,100001209,100001209,900001209,DL501209,DL501209,MEMBER-1210,Software Engineer,Debt consolidation loan,Borrower-written description of the loan purpose.,241,https://example.com/loan/1210
1211,15419.88, 36 months,23.58%,G,G4,177873.9,19.1,NONE,CA,major_purchase,Fully Paid,3,3,1,55.61%,13,50,Not Verified,Dec-17,100001210,100001210,100001210,900001210,DL501210,DL501210,MEMBER-1211,Software Engineer,Debt consolidation loan,Borrower-written description of the loan purpose.,833,https://example.com/loan/1211
1212,10487.66, 60 months,17.09%,E,E2,113424.11,7.42,RENT,IL,car,Fully Paid,4,2,1,93.7%,13,38,Verified,Apr-14,100001211,100001211,100001211,900001211,DL501211,DL501211,MEMBER-1212,Driver,Debt consolidation loan,Borrower-written description of the loan purpose.,839,https://example.com/loan/1212
1213,3964.18, 36 months,12.33%,D,D5,188595.42,16.23,RENT,NC,major_purchase,Fully Paid,3,2,0,98.45%,23,27,Not Verified,May-14,100001212,100001212,100001212,900001212,DL501212,DL501212,MEMBER-1213,Retail Associate,Debt consolidation loan,Borrower-written description of the loan purpose.,509,https://example.com/loan/1213
1214,33716.32, 36 months,19.75%,D,D2,143878.14,20.62,OWN,GA,moving,Current,0,0,NA,26.1%,29,35,Not Verified,Aug-15,100001213,100001213,100001213,900001213,DL501213,DL501213,MEMBER-1214,Nurse,Debt consolidation loan,Borrower-written description of the loan purpose.,694,https://example.com/loan/1214
1215,26378.28, 60 months,18.51%,A,A1,188037.24,2.74,OWN,NY,debt_consolidation,Fully Paid,0,3,NA,83.94%,25,37,Not Verified,Oct-12,100001214,100001214,100001214,900001214,DL501214,DL501214,MEMBER-1215,Driver,Debt consolidation loan,Borrower-written description of the loan purpose.,482,https://example.com/loan/1215
1216,29742.81, 36 months,23.07%,C,C4,60964.75,8.04,MORTGAGE,MI,educational,Fully Paid,4,2,2,4.21%,12,30,Verified,Sep-13,100001215,100001215,100001215,900001215,DL501215,DL501215,MEMBER-1216,Nurse,Debt consolidation loan,Borrower-written description of the loan purpose.,178,https://example.com/loan/1216
1217,29455.35, 60 months,12.77%,C,C3,198631.75,26.06,RENT,PA,educational,Current,1,1,0,22.6%,17,46,Verified,Sep-11,100001216,100001216,100001216,900001216,DL501216,DL501216,MEMBER-1217,Software Engineer,Debt consolidation loan,Borrower-written description of the loan purpose.,328,https://example.com/loan/1217
1218,10012.97, 60 months,9.44%,E,E3,33774.9,1.27,NONE,PA,moving,Current,3,2,2,23.67%,5,20,Verified,Oct-12,100001217,100001217,100001217,900001217,DL501217,DL501217,MEMBER-1218,Driver,Debt consolidation loan,Borrower-written description of the loan purpose.,597,https://example.com/loan/1218
1219,17660.97, 60 months,15.02%,B,B5,68326.52,21.67,RENT,IL,other,Fully Paid,2,1,2,96.58%,28,21,Not Verified,Dec-14,100001218,100001218,100001218,900001218,DL501218,DL501218,MEMBER-1219,Retail Associate,Debt consolidation loan,Borrower-written description of the loan purpose.,269,https://example.com/loan/1219
1220,18927.61, 36 months,6.98%,D,D4,94687.51,19.4,RENT,MI,wedding,Fully Paid,4,3,NA,96.1%,23,41,Not Verified,Dec-12,100001219,100001219,100001219,900001219,DL501219,DL501219,MEMBER-1220,Nurse,Debt consolidation loan,Borrower-written description of the loan purpose.,275,https://example.com/loan/1220
1221,15948.92, 60 months,15.01%,A,A2,195228.82,25.96,OTHER,MI,small_business,Fully Paid,3,0,1,66.15%,14,53,Source Verified,Jul-15,100001220,100001220,100001220,900001220,DL501220,DL501220,MEMBER-1221,Software Engineer,Debt consolidation loan,Borrower-written description of the loan purpose.,459,https://example.com/loan/1221
1222,21112.15, 60 months,15.48%,A,A4,131661.19,20.51,OWN,TX,major_purchase,Fully Paid,3,2,0,14.14%,3,21,Verified,Nov-12,100001221,100001221,100001221,900001221,DL501221,DL501221,MEMBER-1222,Retail Associate,Debt consolidation loan,Borrower-written description of the loan purpose.,946,https://example.com/loan/1222
1223,18955.95, 60 months,11.92%,D,D4,134727.57,3.07,MORTGAGE,GA,renewable_energy,Current,1,2,NA,30.95%,14,40,Not Verified,May-18,100001222,100001222,100001222,900001222,DL501222,DL501222,MEMBER-1223,Software Engineer,Debt consolidation loan,Borrower-written description of the loan purpose.,552,https://example.com/loan/1223
1224,27170.78, 36 months,18.7%,E,E4,41126.45,6.14,OTHER,TX,car,Current,2,0,NA,92.48%,14,48,Verified,Mar-09,100001223,100001223,100001223,900001223,DL501223,DL501223,MEMBER-1224,Retail Associate,Debt consolidation loan,Borrower-written description of the loan purpose.,264,https://example.com/loan/1224
1225,32352.91, 36 months,18.57%,G,G1,164427.12,16.27,MORTGAGE,GA,debt_consolidation,Current,3,2,1,79.05%,23,11,Verified,May-16,100001224,100001224,100001224,900001224,DL501224,DL501224,MEMBER-1225,Nurse,Debt consolidation loan,Borrower-written description of the loan purpose.,233,https://example.com/loan/1225
1226,21766.43, 36 months,20.04%,B,B2,139072.0,23.47,MORTGAGE,NY,medical,Charged Off,3,3,NA,44.07%,25,52,Not Verified,Aug-15,100001225,100001225,100001225,900001225,DL501225,DL501225,MEMBER-1226,Driver,Debt consolidation loan,Borrower-written description of the loan purpose.,100,https://example.com/loan/1226
1227,26343.2, 36 months,23.59%,A,A2,38981.14,3.94,OWN,NY,moving,Current,2,1,NA,79.5%,1,17,Not Verified,Sep-17,100001226,100001226,100001226,900001226,DL501226,DL501226,MEMBER-1227,Software Engineer,Debt consolidation loan,Borrower-written description of the loan purpose.,583,https://example.com/loan/1227
1228,20366.34, 60 months,13.47%,F,F2,193535.48,25.71,OTHER,PA,other,Fully Paid,3,2,0,12.1%,19,25,Not Verified,Oct-14,100001227,100001227,100001227,900001227,DL501227,DL501227,MEMBER-1228,Software Engineer,Debt consolidation loan,Borrower-written description of the loan purpose.,438,https://example.com/loan/1228
1229,31526.05, 36 months,9.26%,A,A2,55380.08,21.9,OWN,MI,educational,Fully Paid,4,0,0,85.26%,19,45,Verified,Aug-13,100001228,100001228,100001228,900001228,DL501228,DL501228,MEMBER-1229,Driver,Debt consolidation loan,Borrower-written description of the loan purpose.,592,https://example.com/loan/1229
1230,5866.29, 60 months,24.5%,E,E2,163117.09,26.85,RENT,PA,moving,Fully Paid,3,3,2,48.63%,12,23,Not Verified,Nov-16,100001229,100001229,100001229,900001229,DL501229,DL501229,MEMBER-1230,Retail Associate,Debt consolidation loan,Borrower-written description of the loan purpose.,597,https://example.com/loan/1230
1231,22022.88, 36 months,21.15%,G,G1,139995.57,27.28,NONE,PA,renewable_energy,Charged Off,1,0,NA,72.53%,14,19,Not Verified,Jun-16,100001230,100001230,100001230,900001230,DL501230,DL501230,MEMBER-1231,Retail Associate,Debt consolidation loan,Borrower-written description of the loan purpose.,396,https://example.com/loan/1231
1232,16518.28, 60 months,11.28%,A,A5,46521.56,25.19,RENT,IL,home_improvement,Current,1,1,NA,26.35%,3,43,Verified,Jun-09,100001231,100001231,100001231,900001231,DL501231,DL501231,MEMBER-1232,Retail Associate,Debt consolidation loan,Borrower-written description of the loan purpose.,190,https://example.com/loan/1232
1233,1992.72, 60 months,10.92%,B,B3,121929.37,12.43,MORTGAGE,TX,vacation,Charged Off,1,1,2,86.34%,2,6,Verified,Feb-14,100001232,100001232,100001232,900001232,DL501232,DL501232,MEMBER-1233,Software Engineer,Debt consolidation loan,Borrower-written description of the loan purpose.,884,https://example.com/loan/1233
1234,1791.5, 60 months,6.66%,A,A4,63046.08,17.3,NONE,TX,car,Fully Paid,3,2,NA,89.02%,21,55,Not Verified,May-10,100001233,100001233,100001233,900001233,DL501233,DL501233,MEMBER-1234,Software Engineer,Debt consolidation loan,Borrower-written description of the loan purpose.,996,https://example.com/loan/1234
1235,1021.78, 60 months,9.37%,F,F4,133908.36,4.35,RENT,MI,home_improvement,Current,1,3,NA,85.07%,3,43,Verified,Sep-12,100001234,100001234,100001234,900001234,DL501234,DL501234,MEMBER-1235,Retail Associate,Debt consolidation loan,Borrower-written description of the loan purpose.,936,https://example.com/loan/1235
1236,1853.06, 60 months,20.78%,G,G1,141565.23,27.61,RENT,NC,house,Current,2,3,1,14.0%,23,15,Verified,Feb-18,100001235,100001235,100001235,900001235,DL501235,DL501235,MEMBER-1236,Driver,Debt consolidation loan,Borrower-written description of the loan purpose.,220,https://example.com/loan/1236
1237,22794.1, 60 months,9.91%,D,D4,166374.09,6.73,NONE,FL,educational,Current,1,3,NA,83.43%,18,36,Not Verified,Mar-16,100001236,100001236,100001236,900001236,DL501236,DL501236,MEMBER-1237,Software Engineer,Debt consolidation loan,Borrower-written description of the loan purpose.,314,https://example.com/loan/1237
1238,23551.41, 36 months,9.36%,G,G5,72246.63,20.35,RENT,PA,moving,Current,1,2,2,64.42%,26,22,Verified,Apr-15,100001237,100001237,100001237,900001237,DL501237,DL501237,MEMBER-1238,Software Engineer,Debt consolidation loan,Borrower-written description of the loan purpose.,544,https://example.com/loan/1238
1239,24519.89, 60 months,17.25%,G,G1,90578.44,7.99,OTHER,IL,moving,Fully Paid,0,2,0,88.91%,28,46,Source Verified,Feb-13,100001238,100001238,100001238,900001238,DL501238,DL501238,MEMBER-1239,Nurse,Debt consolidation loan,Borrower-written description of the loan purpose.,929,https://example.com/loan/1239
1240,3720.22, 60 months,10.28%,C,C3,34567.48,12.38,NONE,OH,moving,Fully Paid,4,2,NA,6.04%,24,48,Source Verified,Oct-11,100001239,100001239,100001239,900001239,DL501239,DL501239,MEMBER-1240,Software Engineer,Debt consolidation loan,Borrower-written description of the loan purpose.,919,https://example.com/loan/1240
1241,16025.04, 60 months,24.3%,B,B2,182896.33,17.77,OWN,NC,other,Current,2,3,0,47.38%,24,35,Verified,May-18,100001240,100001240,100001240,900001240,DL501240,DL501240,MEMBER-1241,Driver,Debt consolidation loan,Borrower-written description of the loan purpose.,853,https://example.com/loan/1241
1242,23853.09, 36 months,16.27%,C,C2,67860.11,20.09,OWN,NC,wedding,Fully Paid,4,1,NA,52.72%,6,39,Not Verified,May-08,100001241,100001241,100001241,900001241,DL501241,DL501241,MEMBER-1242,Driver,Debt consolidation loan,Borrower-written description of the loan purpose.,641,https://example.com/loan/1242
1243,12008.74, 36 months,10.96%,F,F3,97143.27,5.38,OWN,TX,wedding,Fully Paid,4,3,NA,21.9%,1,31,Not Verified,Nov-13,100001242,100001242,100001242,900001242,DL501242,DL501242,MEMBER-1243,Retail Associate,Debt consolidation loan,Borrower-written description of the loan purpose.,382,https://example.com/loan/1243
1244,16533.53, 36 months,21.7%,A,A3,44813.33,8.79,OTHER,GA,moving,Current,2,1,2,31.96%,3,6,Verified,May-13,100001243,100001243,100001243,900001243,DL501243,DL501243,MEMBER-1244,Nurse,Debt consolidation loan,Borrower-written description of the loan purpose.,539,https://example.com/loan/1244
1245,11798.82, 36 months,17.09%,D,D4,69391.03,17.61,MORTGAGE,CA,other,Fully Paid,4,1,NA,44.05%,18,21,Verified,Jun-12,100001244,100001244,100001244,900001244,DL501244,DL501244,MEMBER-1245,Software Engineer,Debt consolidation loan,Borrower-written description of the loan purpose.,643,https://example.com/loan/1245
1246,8589.62, 60 months,17.59%,C,C3,79825.97,18.05,MORTGAGE,CA,house,Fully Paid,3,2,1,28.26%,18,10,Source Verified,Feb-16,100001245,100001245,100001245,900001245,DL501245,DL501245,MEMBER-1246,Retail Associate,Debt consolidation loan,Borrower-written description of the loan purpose.,144,https://example.com/loan/1246
1247,13514.01, 36 months,19.98%,A,A2,76227.7,16.65,MORTGAGE,OH,debt_consolidation,Current,3,3,2,77.95%,12,12,Verified,May-16,100001246,100001246,100001246,900001246,DL501246,DL501246,MEMBER-1247,Retail Associate,Debt consolidation loan,Borrower-written description of the loan purpose.,638,https://example.com/loan/1247
1248,19388.79, 36 months,19.1%,D,D2,158825.39,21.69,OTHER,IL,other,Fully Paid,3,3,0,49.73%,16,6,Not Verified,Aug-08,100001247,100001247,100001247,900001247,DL501247,DL501247,MEMBER-1248,Software Engineer,Debt consolidation loan,Borrower-written description of the loan purpose.,885,https://example.com/loan/1248
1249,7900.44, 60 months,6.83%,G,G4,176394.37,0.36,OTHER,GA,educational,Current,4,1,2,60.96%,4,41,Not Verified,Mar-14,100001248,100001248,100001248,900001248,DL501248,DL501248,MEMBER-1249,Nurse,Debt consolidation loan,Borrower-written description of the loan purpose.,152,https://example.com/loan/1249
1250,3534.05, 36 months,9.98%,A,A1,129199.1,1.19,MORTGAGE,NC,home_improvement,Fully Paid,4,0,2,66.69%,19,17,Verified,May-12,100001249,100001249,100001249,900001249,DL501249,DL501249,MEMBER-1250,Software Engineer,Debt consolidation loan,Borrower-written description of the loan purpose.,637,https://example.com/loan/1250
1251,22586.83, 36 months,18.2%,D,D1,142765.31,28.74,RENT,FL,vacation,Current,2,1,NA,16.6%,22,52,Source Verified,Feb-17,100001250,100001250,100001250,900001250,DL501250,DL501250,MEMBER-1251,Software Engineer,Debt consolidation loan,Borrower-written description of the loan purpose.,751,https://example.com/loan/1251
1252,21900.75, 60 months,6.12%,B,B4,50212.61,3.26,RENT,CA,moving,Fully Paid,4,2,NA,41.72%,11,47,Not Verified,Sep-11,100001251,100001251,100001251,900001251,DL501251,DL501251,MEMBER-1252,Nurse,Debt consolidation loan,Borrower-written description of the loan purpose.,283,https://example.com/loan/1252
1253,19676.85, 36 months,12.3%,D,D3,166397.76,10.01,OTHER,TX,medical,Current,0,3,0,4.66%,18,42,Source Verified,Aug-17,100001252,100001252,100001252,900001252,DL501252,DL501252,MEMBER-1253,Retail Associate,Debt consolidation loan,Borrower-written description of the loan purpose.,880,https://example.com/loan/1253
1254,27049.07, 60 months,20.21%,B,B3,167186.05,7.38,NONE,FL,wedding,Charged Off,1,3,2,74.66%,3,19,Source Verified,Jul-16,100001253,100001253,100001253,900001253,DL501253,DL501253,MEMBER-1254,Retail Associate,Debt consolidation loan,Borrower-written description of the loan purpose.,780,https://example.com/loan/1254
1255,31086.9, 60 months,9.18%,D,D5,62310.52,5.45,OTHER,TX,moving,Fully Paid,3,0,NA,57.59%,14,26,Source Verified,May-15,100001254,100001254,100001254,900001254,DL501254,DL501254,MEMBER-1255,Nurse,Debt consolidation loan,Borrower-written description of the loan purpose.,896,https://example.com/loan/1255
1256,13410.61, 36 months,20.8%,A,A4,110052.0,28.0,OTHER,CA,small_business,Fully Paid,0,3,1,3.68%,16,39,Verified,May-08,100001255,100001255,100001255,900001255,DL501255,DL501255,MEMBER-1256,Driver,Debt consolidation loan,Borrower-written description of the loan purpose.,715,https://example.com/loan/1256
1257,25159.17, 36 months,13.49%,E,E5,137429.72,7.79,RENT,PA,small_business,Fully Paid,0,3,2,57.4%,12,27,Source Verified,May-18,100001256,100001256,100001256,900001256,DL501256,DL501256,MEMBER-1257,Retail Associate,Debt consolidation loan,Borrower-written description of the loan purpose.,297,https://example.com/loan/1257
1258,9228.84, 36 months,13.37%,E,E1,187158.69,5.68,MORTGAGE,NC,credit_card,Current,1,0,0,94.45%,26,50,Not Verified,May-11,100001257,100001257,100001257,900001257,DL501257,DL501257,MEMBER-1258,Retail Associate,Debt consolidation loan,Borrower-written description of the loan purpose.,821,https://example.com/loan/1258
1259,25368.05, 36 months,6.28%,F,F5,154999.52,18.22,MORTGAGE,TX,medical,Fully Paid,4,0,1,44.58%,1,37,Verified,Apr-11,100001258,100001258,100001258,900001258,DL501258,DL501258,MEMBER-1259,Retail Associate,Debt consolidation loan,Borrower-written description of the loan purpose.,505,https://example.com/loan/1259
1260,23135.59, 36 months,15.64%,B,B4,46900.29,21.99,MORTGAGE,NC,vacation,Current,3,2,1,95.41%,8,43,Verified,Dec-13,100001259,100001259,100001259,900001259,DL501259,DL501259,MEMBER-1260,Retail Associate,Debt consolidation loan,Borrower-written description of the loan purpose.,377,https://example.com/loan/1260
1261,2213.47, 36 months,14.75%,C,C3,22499.22,3.81,OTHER,PA,debt_consolidation,Fully Paid,0,3,2,92.17%,30,38,Source Verified,Mar-11,100001260,100001260,100001260,900001260,DL501260,DL501260,MEMBER-1261,Nurse,Debt consolidation loan,Borrower-written description of the loan purpose.,976,https://example.com/loan/1261
1262,13236.38, 36 months,17.49%,F,F5,45123.8,10.91,OWN,TX,home_improvement,Current,3,3,NA,69.96%,22,47,Verified,Sep-17,100001261,100001261,100001261,900001261,DL501261,DL501261,MEMBER-1262,Driver,Debt consolidation loan,Borrower-written description of the loan purpose.,121,https://example.com/loan/1262
1263,17497.93, 36 months,6.46%,A,A4,32543.42,13.84,MORTGAGE,CA,vacation,Current,4,3,0,97.72%,7,9,Verified,Mar-12,100001262,100001262,100001262,900001262,DL501262,DL501262,MEMBER-1263,Nurse,Debt consolidation loan,Borrower-written description of the loan purpose.,647,https://example.com/loan/1263
1264,18049.75, 36 months,16.04%,A,A5,84087.71,23.76,OTHER,CA,renewable_energy,Fully Paid,4,1,NA,83.57%,13,42,Verified,Jan-10,100001263,100001263,100001263,900001263,DL501263,DL501263,MEMBER-1264,Nurse,Debt consolidation loan,Borrower-written description of the loan purpose.,486,https://example.com/loan/1264
1265,16633.85, 36 months,12.07%,E,E5,63273.72,21.51,OTHER,GA,home_improvement,Fully Paid,2,1,NA,25.59%,16,21,Source Verified,Apr-15,100001264,100001264,100001264,900001264,DL501264,DL501264,MEMBER-1265,Retail Associate,Debt consolidation loan,Borrower-written description of the loan purpose.,989,https://example.com/loan/1265
1266,27153.03, 60 months,22.6%,E,E5,171938.23,29.58,OWN,CA,small_business,Fully Paid,3,3,2,43.86%,30,59,Not Verified,Jul-09,100001265,100001265,100001265,900001265,DL501265,DL501265,MEMBER-1266,Nurse,Debt consolidation loan,Borrower-written description of the loan purpose.,660,https://example.com/loan/1266
1267,32275.61, 36 months,21.72%,A,A1,100352.34,2.61,OTHER,PA,wedding,Fully Paid,0,1,0,65.21%,10,24,Verified,Jan-10,100001266,100001266,100001266,900001266,DL501266,DL501266,MEMBER-1267,Driver,Debt consolidation loan,Borrower-written description of the loan purpose.,727,https://example.com/loan/1267
1268,6277.98, 60 months,22.9%,F,F3,79908.88,20.76,RENT,MI,car,Fully Paid,1,1,2,10.48%,26,26,Source Verified,Oct-17,100001267,100001267,100001267,900001267,DL501267,DL501267,MEMBER-1268,Nurse,Debt consolidation loan,Borrower-written description of the loan purpose.,189,https://example.com/loan/1268
1269,28443.2, 36 months,13.94%,D,D2,119666.79,12.52,NONE,GA,vacation,Charged Off,0,3,NA,88.86%,18,39,Not Verified,Apr-13,100001268,100001268,100001268,900001268,DL501268,DL501268,MEMBER-1269,Retail Associate,Debt consolidation loan,Borrower-written description of the loan purpose.,351,https://example.com/loan/1269
1270,5406.88, 60 months,14.62%,A,A4,118307.33,6.23,OTHER,GA,wedding,Charged Off,0,1,NA,22.53%,25,19,Verified,Mar-18,100001269,100001269,100001269,900001269,DL501269,DL501269,MEMBER-1270,Retail Associate,Debt consolidation loan,Borrower-written description of the loan purpose.,702,https://example.com/loan/1270
1271,8319.9, 36 months,22.5%,D,D1,149452.6,15.92,OWN,IL,car,Fully Paid,1,3,2,56.28%,20,13,Source Verified,Mar-17,100001270,100001270,100001270,900001270,DL501270,DL501270,MEMBER-1271,Software Engineer,Debt consolidation loan,Borrower-written description of the loan purpose.,254,https://example.com/loan/1271
1272,1697.63, 60 months,23.52%,G,G2,40466.39,26.21,OWN,OH,house,Charged Off,0,1,1,40.91%,16,45,Not Verified,Jul-08,100001271,100001271,100001271,900001271,DL501271,DL501271,MEMBER-1272,Retail Associate,Debt consolidation loan,Borrower-written description of the loan purpose.,375,https://example.com/loan/1272
1273,34023.55, 60 months,21.2%,C,C5,68828.37,7.0,MORTGAGE,NY,educational,Fully Paid,2,0,1,42.36%,29,54,Not Verified,Jul-12,100001272,100001272,100001272,900001272,DL501272,DL501272,MEMBER-1273,Retail Associate,Debt consolidation loan,Borrower-written description of the loan purpose.,199,https://example.com/loan/1273
1274,5134.19, 36 months,15.33%,G,G5,59791.19,23.9,NONE,CA,moving,Charged Off,4,1,NA,82.97%,28,9,Not Verified,May-16,100001273,100001273,100001273,900001273,DL501273,DL501273,MEMBER-1274,Nurse,Debt consolidation loan,Borrower-written description of the loan purpose.,177,https://example.com/loan/1274
1275,31473.03, 36 months,18.47%,G,G2,110668.5,13.3,MORTGAGE,PA,educational,Current,3,3,NA,65.14%,10,22,Verified,May-15,100001274,100001274,100001274,900001274,DL501274,DL501274,MEMBER-1275,Retail Associate,Debt consolidation loan,Borrower-written description of the loan purpose.,930,https://example.com/loan/1275
1276,19248.34, 36 months,24.58%,D,D5,87478.83,24.49,NONE,IL,renewable_energy,Fully Paid,4,0,NA,85.36%,14,37,Source Verified,Jan-10,100001275,100001275,100001275,900001275,DL501275,DL501275,MEMBER-1276,Driver,Debt consolidation loan,Borrower-written description of the loan purpose.,328,https://example.com/loan/1276
1277,30114.11, 60 months,12.29%,D,D4,179359.77,27.87,MORTGAGE,NC,wedding,Fully Paid,3,0,1,13.64%,28,16,Verified,Aug-12,100001276,100001276,100001276,900001276,DL501276,DL501276,MEMBER-1277,Software Engineer,Debt consolidation loan,Borrower-written description of the loan purpose.,292,https://example.com/loan/1277
1278,13902.11, 60 months,14.72%,C,C5,168528.11,4.01,MORTGAGE,TX,medical,Current,2,0,NA,5.47%,10,52,Not Verified,Jan-09,100001277,100001277,100001277,900001277,DL501277,DL501277,MEMBER-1278,Retail Associate,Debt consolidation loan,Borrower-written description of the loan purpose.,769,https://example.com/loan/1278
1279,27834.71, 36 months,9.32%,C,C5,185144.14,16.56,RENT,NC,renewable_energy,Current,4,2,NA,32.35%,26,4,Verified,Jun-10,100001278,100001278,100001278,900001278,DL501278,DL501278,MEMBER-1279,Nurse,Debt consolidation loan,Borrower-written description of the loan purpose.,254,https://example.com/loan/1279
1280,30510.22, 36 months,13.42%,A,A2,101350.79,12.26,OTHER,IL,moving,Fully Paid,0,2,0,27.71%,13,37,Not Verified,Aug-10,100001279,100001279,100001279,900001279,DL501279,DL501279,MEMBER-1280,Retail Associate,Debt consolidation loan,Borrower-written description of the loan purpose.,972,https://example.com/loan/1280
1281,13527.95, 60 months,22.63%,D,D2,143245.57,21.04,OTHER,CA,wedding,Fully Paid,2,1,2,58.04%,5,11,Source Verified,Aug-18,100001280,100001280,100001280,900001280,DL501280,DL501280,MEMBER-1281,Nurse,Debt consolidation loan,Borrower-written description of the loan purpose.,937,https://example.com/loan/1281
1282,33515.12, 60 months,9.58%,E,E2,190167.2,12.42,NONE,OH,educational,Fully Paid,3,1,NA,92.52%,19,50,Not Verified,Oct-14,100001281,100001281,100001281,900001281,DL501281,DL501281,MEMBER-1282,Driver,Debt consolidation loan,Borrower-written description of the loan purpose.,160,https://example.com/loan/1282
1283,31886.48, 36 months,13.26%,C,C5,116454.6,29.47,RENT,GA,renewable_energy,Current,2,2,NA,50.71%,30,49,Source Verified,Jun-18,100001282,100001282,100001282,900001282,DL501282,DL501282,MEMBER-1283,Nurse,Debt consolidation loan,Borrower-written description of the loan purpose.,920,https://example.com/loan/1283
1284,15197.14, 36 months,14.9%,G,G4,91213.77,13.86,MORTGAGE,TX,educational,Fully Paid,0,1,NA,1.8%,29,47,Verified,May-09,100001283,100001283,100001283,900001283,DL501283,DL501283,MEMBER-1284,Software Engineer,Debt consolidation loan,Borrower-written description of the loan purpose.,670,https://example.com/loan/1284
1285,25672.51, 36 months,14.72%,E,E5,143026.52,24.29,RENT,NC,medical,Current,0,0,2,6.52%,17,40,Not Verified,Jun-14,100001284,100001284,100001284,900001284,DL501284,DL501284,MEMBER-1285,Driver,Debt consolidation loan,Borrower-written description of the loan purpose.,774,https://example.com/loan/1285
1286,29991.91, 60 months,7.46%,G,G4,178676.23,28.76,OTHER,TX,medical,Fully Paid,2,3,2,47.67%,22,20,Source Verified,Oct-10,100001285,100001285,100001285,900001285,DL501285,DL501285,MEMBER-1286,Software Engineer,Debt consolidation loan,Borrower-written description of the loan purpose.,554,https://example.com/loan/1286
1287,26330.04, 60 months,10.9%,G,G4,129943.1,28.72,NONE,IL,credit_card,Current,1,3,0,59.53%,11,42,Source Verified,Oct-08,100001286,100001286,100001286,900001286,DL501286,DL501286,MEMBER-1287,Nurse,Debt consolidation loan,Borrower-written description of the loan purpose.,437,https://example.com/loan/1287
1288,21950.22, 60 months,19.73%,G,G1,62440.12,9.51,MORTGAGE,MI,renewable_energy,Current,1,0,2,85.17%,14,4,Source Verified,Sep-12,100001287,100001287,100001287,900001287,DL501287,DL501287,MEMBER-1288,Retail Associate,Debt consolidation loan,Borrower-written description of the loan purpose.,357,https://example.com/loan/1288
1289,24807.63, 36 months,8.29%,F,F2,49875.93,18.38,OWN,NY,educational,Fully Paid,4,1,NA,49.26%,30,50,Not Verified,Mar-16,100001288,100001288,100001288,900001288,DL501288,DL501288,MEMBER-1289,Retail Associate,Debt consolidation loan,Borrower-written description of the loan purpose.,565,https://example.com/loan/1289
1290,21643.29, 36 months,14.64%,F,F5,101950.64,8.9,OTHER,TX,home_improvement,Current,4,1,2,23.67%,3,53,Verified,Sep-17,100001289,100001289,100001289,900001289,DL501289,DL501289,MEMBER-1290,Nurse,Debt consolidation loan,Borrower-written description of the loan purpose.,612,https://example.com/loan/1290
1291,26068.43, 60 months,11.0%,B,B3,41863.35,0.56,NONE,MI,moving,Fully Paid,0,3,2,65.22%,19,15,Not Verified,Oct-14,100001290,100001290,100001290,900001290,DL501290,DL501290,MEMBER-1291,Driver,Debt consolidation loan,Borrower-written description of the loan purpose.,783,https://example.com/loan/1291
1292,17761.55, 36 months,9.12%,E,E2,110595.28,8.03,OWN,OH,moving,Current,4,1,NA,55.19%,15,6,Verified,Nov-09,100001291,100001291,100001291,900001291,DL501291,DL501291,MEMBER-1292,Driver,Debt consolidation loan,Borrower-written description of the loan purpose.,389,https://example.com/loan/1292
1293,32764.09, 36 months,13.01%,G,G2,176654.82,11.54,RENT,TX,credit_card,Fully Paid,2,0,0,74.79%,16,21,Not Verified,Jan-09,100001292,100001292,100001292,900001292,DL501292,DL501292,MEMBER-1293,Nurse,Debt consolidation loan,Borrower-written description of the loan purpose.,900,https://example.com/loan/1293
1294,28338.94, 60 months,9.46%,E,E1,31658.99,0.67,NONE,PA,medical,Fully Paid,3,2,NA,58.39%,18,16,Verified,Dec-10,100001293,100001293,100001293,900001293,DL501293,DL501293,MEMBER-1294,Nurse,Debt consolidation loan,Borrower-written description of the loan purpose.,141,https://example.com/loan/1294
1295,23925.27, 60 months,24.21%,E,E5,199671.04,19.36,RENT,CA,debt_consolidation,Current,4,1,NA,57.08%,3,32,Verified,Dec-11,100001294,100001294,100001294,900001294,DL501294,DL501294,MEMBER-1295,Software Engineer,Debt consolidation loan,Borrower-written description of the loan purpose.,774,https://example.com/loan/1295
1296,21976.56, 60 months,19.94%,F,F4,179442.69,6.25,NONE,GA,home_improvement,Fully Paid,4,2,2,72.55%,24,44,Not Verified,Nov-08,100001295,100001295,100001295,900001295,DL501295,DL501295,MEMBER-1296,Driver,Debt consolidation loan,Borrower-written description of the loan purpose.,594,https://example.com/loan/1296
1297,12034.02, 36 months,7.87%,G,G5,197610.79,2.42,RENT,PA,medical,Current,4,1,0,60.8%,15,42,Not Verified,Aug-08,100001296,100001296,100001296,900001296,DL501296,DL501296,MEMBER-1297,Nurse,Debt consolidation loan,Borrower-written description of the loan purpose.,960,https://example.com/loan/1297
1298,30368.1, 36 months,9.92%,C,C1,119040.19,22.36,OWN,IL,renewable_energy,Fully Paid,3,3,NA,24.39%,16,4,Not Verified,Apr-09,100001297,100001297,100001297,900001297,DL501297,DL501297,MEMBER-1298,Driver,Debt consolidation loan,Borrower-written description of the loan purpose.,662,https://example.com/loan/1298
1299,33335.51, 60 months,16.94%,B,B3,23286.69,21.31,NONE,TX,home_improvement,Fully Paid,2,0,NA,80.04%,25,60,Source Verified,Jul-09,100001298,100001298,100001298,900001298,DL501298,DL501298,MEMBER-1299,Driver,Debt consolidation loan,Borrower-written description of the loan purpose.,515,https://example.com/loan/1299
1300,29419.02, 36 months,10.7%,F,F3,111254.29,15.89,RENT,NY,moving,Charged Off,3,3,2,41.69%,19,7,Verified,Mar-11,100001299,100001299,100001299,900001299,DL501299,DL501299,MEMBER-1300,Driver,Debt consolidation loan,Borrower-written description of the loan purpose.,137,https://example.com/loan/1300
1301,26835.7, 60 months,12.07%,E,E1,155496.71,22.68,OTHER,GA,home_improvement,Charged Off,2,3,0,15.88%,5,15,Verified,Aug-14,100001300,100001300,100001300,900001300,DL501300,DL501300,MEMBER-1301,Nurse,Debt consolidation loan,Borrower-written description of the loan purpose.,927,https://example.com/loan/1301
1302,8521.2, 36 months,17.9%,C,C1,192111.2,27.99,OTHER,MI,other,Current,1,0,0,24.66%,17,51,Verified,Feb-08,100001301,100001301,100001301,900001301,DL501301,DL501301,MEMBER-1302,Nurse,Debt consolidation loan,Borrower-written description of the loan purpose.,607,https://example.com/loan/1302
1303,33211.65, 60 months,14.48%,D,D5,152097.92,14.6,OWN,NC,wedding,Fully Paid,2,2,NA,69.07%,27,37,Source Verified,Apr-11,100001302,100001302,100001302,900001302,DL501302,DL501302,MEMBER-1303,Driver,Debt consolidation loan,Borrower-written description of the loan purpose.,277,https://example.com/loan/1303
1304,24319.48, 60 months,20.37%,A,A5,99538.12,2.06,OWN,MI,wedding,Charged Off,3,0,0,31.52%,1,6,Source Verified,Dec-15,100001303,100001303,100001303,900001303,DL501303,DL501303,MEMBER-1304,Driver,Debt consolidation loan,Borrower-written description of the loan purpose.,417,https://example.com/loan/1304
1305,34749.93, 36 months,18.11%,D,D4,155128.26,5.69,MORTGAGE,TX,credit_card,Fully Paid,1,2,1,72.89%,27,4,Not Verified,May-09,100001304,100001304,100001304,900001304,DL501304,DL501304,MEMBER-1305,Driver,Debt consolidation loan,Borrower-written description of the loan purpose.,470,https://example.com/loan/1305
1306,33534.3, 36 months,18.39%,B,B3,97990.31,15.43,RENT,FL,vacation,Current,4,2,0,11.16%,12,57,Not Verified,May-08,100001305,100001305,100001305,900001305,DL501305,DL501305,MEMBER-1306,Software Engineer,Debt consolidation loan,Borrower-written description of the loan purpose.,901,https://example.com/loan/1306
1307,29658.46, 60 months,24.44%,F,F1,153736.92,18.45,RENT,GA,moving,Current,4,1,2,65.02%,28,4,Verified,Feb-17,100001306,100001306,100001306,900001306,DL501306,DL501306,MEMBER-1307,Retail Associate,Debt consolidation loan,Borrower-written description of the loan purpose.,685,https://example.com/loan/1307
1308,23557.59, 60 months,11.42%,C,C2,117802.84,5.07,OTHER,MI,wedding,Fully Paid,2,3,NA,58.51%,27,21,Not Verified,Sep-13,100001307,100001307,100001307,900001307,DL501307,DL501307,MEMBER-1308,Nurse,Debt consolidation loan,Borrower-written description of the loan purpose.,670,https://example.com/loan/1308
1309,23242.07, 36 months,19.37%,E,E1,198100.08,16.46,OWN,GA,renewable_energy,Current,1,2,NA,12.87%,20,31,Verified,Dec-12,100001308,100001308,100001308,900001308,DL501308,DL501308,MEMBER-1309,Software Engineer,Debt consolidation loan,Borrower-written description of the loan purpose.,854,https://example.com/loan/1309
1310,33314.77, 60 months,12.54%,A,A2,173066.41,28.05,MORTGAGE,FL,medical,Fully Paid,1,3,NA,48.69%,10,6,Not Verified,Oct-13,100001309,100001309,100001309,900001309,DL501309,DL501309,MEMBER-1310,Driver,Debt consolidation loan,Borrower-written description of the loan purpose.,361,https://example.com/loan/1310
1311,8102.5, 36 months,14.95%,E,E2,168832.38,12.89,OWN,NC,vacation,Fully Paid,3,3,NA,52.6%,27,13,Source Verified,Jul-08,100001310,100001310,100001310,900001310,DL501310,DL501310,MEMBER-1311,Nurse,Debt consolidation loan,Borrower-written description of the loan purpose.,345,https://example.com/loan/1311
1312,30840.91, 60 months,12.75%,D,D1,180885.56,0.52,OTHER,FL,debt_consolidation,Current,1,0,1,14.38%,2,41,Source Verified,Oct-08,100001311,100001311,100001311,900001311,DL501311,DL501311,MEMBER-1312,Software Engineer,Debt consolidation loan,Borrower-written description of the loan purpose.,290,https://example.com/loan/1312
1313,5600.88, 60 months,16.43%,E,E5,123869.99,27.69,NONE,FL,educational,Fully Paid,3,0,2,7.32%,23,35,Source Verified,Dec-13,100001312,100001312,100001312,900001312,DL501312,DL501312,MEMBER-1313,Driver,Debt consolidation loan,Borrower-written description of the loan purpose.,169,https://example.com/loan/1313
1314,3717.92, 36 months,13.59%,D,D2,143117.92,22.74,NONE,GA,vacation,Fully Paid,2,1,1,18.14%,22,6,Source Verified,Nov-12,100001313,100001313,100001313,900001313,DL501313,DL501313,MEMBER-1314,Software Engineer,Debt consolidation loan,Borrower-written description of the loan purpose.,625,https://example.com/loan/1314
1315,34379.14, 36 months,9.04%,G,G2,85877.15,27.02,NONE,PA,moving,Fully Paid,4,1,2,47.41%,11,57,Source Verified,Nov-15,100001314,100001314,100001314,900001314,DL501314,DL501314,MEMBER-1315,Software Engineer,Debt consolidation loan,Borrower-written description of the loan purpose.,306,https://example.com/loan/1315
1316,16176.34, 60 months,6.99%,A,A4,174762.72,28.79,NONE,FL,house,Current,0,3,0,75.17%,14,56,Not Verified,Nov-09,100001315,100001315,100001315,900001315,DL501315,DL501315,MEMBER-1316,Software Engineer,Debt consolidation loan,Borrower-written description of the loan purpose.,641,https://example.com/loan/1316
1317,5243.24, 36 months,17.74%,A,A3,87165.63,19.04,RENT,PA,major_purchase,Fully Paid,2,0,NA,51.1%,11,3,Source Verified,Oct-13,100001316,100001316,100001316,900001316,DL501316,DL501316,MEMBER-1317,Retail Associate,Debt consolidation loan,Borrower-written description of the loan purpose.,171,https://example.com/loan/1317
1318,4711.89, 36 months,21.85%,E,E3,176122.48,24.06,MORTGAGE,FL,house,Current,3,0,0,27.58%,5,9,Source Verified,May-11,100001317,100001317,100001317,900001317,DL501317,DL501317,MEMBER-1318,Nurse,Debt consolidation loan,Borrower-written description of the loan purpose.,785,https://example.com/loan/1318
1319,19975.16, 60 months,16.85%,B,B2,141407.54,12.47,OTHER,MI,vacation,Charged Off,3,3,NA,89.45%,24,14,Verified,Sep-10,100001318,100001318,100001318,900001318,DL501318,DL501318,MEMBER-1319,Nurse,Debt consolidation loan,Borrower-written description of the loan purpose.,545,https://example.com/loan/1319
1320,14686.73, 60 months,16.1%,A,A3,40227.22,23.21,NONE,GA,small_business,Fully Paid,0,3,2,99.13%,2,2,Source Verified,Mar-16,100001319,100001319,100001319,900001319,DL501319,DL501319,MEMBER-1320,Retail Associate,Debt consolidation loan,Borrower-written description of the loan purpose.,174,https://example.com/loan/1320
1321,19022.3, 36 months,12.08%,C,C5,147911.02,25.88,OTHER,FL,vacation,Fully Paid,2,3,0,24.06%,1,42,Verified,Dec-10,100001320,100001320,100001320,900001320,DL501320,DL501320,MEMBER-1321,Nurse,Debt consolidation loan,Borrower-written description of the loan purpose.,161,https://example.com/loan/1321
1322,5258.54, 36 months,6.59%,A,A2,198054.96,10.2,MORTGAGE,IL,medical,Charged Off,3,2,0,9.05%,1,28,Source Verified,Sep-08,100001321,100001321,100001321,900001321,DL501321,DL501321,MEMBER-1322,Driver,Debt consolidation loan,Borrower-written description of the loan purpose.,675,https://example.com/loan/1322
1323,10165.36, 36 months,16.45%,G,G3,56687.21,8.74,OWN,PA,major_purchase,Fully Paid,3,1,1,69.78%,29,45,Verified,Jun-12,100001322,100001322,100001322,900001322,DL501322,DL501322,MEMBER-1323,Driver,Debt consolidation loan,Borrower-written description of the loan purpose.,857,https://example.com/loan/1323
1324,27023.16, 36 months,15.68%,B,B3,169407.8,24.56,MORTGAGE,OH,moving,Charged Off,2,0,0,38.84%,17,47,Verified,Oct-17,100001323,100001323,100001323,900001323,DL501323,DL501323,MEMBER-1324,Nurse,Debt consolidation loan,Borrower-written description of the loan purpose.,255,https://example.com/loan/1324
1325,31841.7, 36 months,16.11%,C,C2,41557.17,24.31,OWN,OH,educational,Fully Paid,2,3,0,9.21%,4,5,Not Verified,Apr-11,100001324,100001324,100001324,900001324,DL501324,DL501324,MEMBER-1325,Nurse,Debt consolidation loan,Borrower-written description of the loan purpose.,770,https://example.com/loan/1325
1326,25285.73, 36 months,21.31%,B,B1,167690.03,25.71,NONE,MI,medical,Fully Paid,3,0,NA,86.02%,20,22,Source Verified,Jul-12,100001325,100001325,100001325,900001325,DL501325,DL501325,MEMBER-1326,Retail Associate,Debt consolidation loan,Borrower-written description of the loan purpose.,584,https://example.com/loan/1326
1327,15888.17, 36 months,20.05%,C,C4,113222.23,10.28,MORTGAGE,NY,car,Fully Paid,2,1,0,93.93%,6,25,Not Verified,Aug-13,100001326,100001326,100001326,900001326,DL501326,DL501326,MEMBER-1327,Software Engineer,Debt consolidation loan,Borrower-written description of the loan purpose.,355,https://example.com/loan/1327
1328,19959.66, 36 months,6.09%,E,E5,196281.23,12.64,RENT,MI,house,Fully Paid,2,3,2,75.17%,4,16,Verified,Dec-15,100001327,100001327,100001327,900001327,DL501327,DL501327,MEMBER-1328,Nurse,Debt consolidation loan,Borrower-written description of the loan purpose.,870,https://example.com/loan/1328
1329,24527.33, 36 months,21.17%,C,C1,110249.56,1.48,OTHER,OH,medical,Current,1,1,NA,31.54%,16,59,Verified,Jul-13,100001328,100001328,100001328,900001328,DL501328,DL501328,MEMBER-1329,Driver,Debt consolidation loan,Borrower-written description of the loan purpose.,958,https://example.com/loan/1329
1330,6355.39, 36 months,12.69%,F,F2,38827.87,17.87,OWN,TX,home_improvement,Fully Paid,2,0,NA,87.07%,8,46,Verified,Feb-15,100001329,100001329,100001329,900001329,DL501329,DL501329,MEMBER-1330,Driver,Debt consolidation loan,Borrower-written description of the loan purpose.,928,https://example.com/loan/1330
1331,31459.94, 60 months,15.94%,B,B3,163814.15,3.9,RENT,IL,vacation,Fully Paid,2,1,2,2.88%,19,8,Verified,Jul-12,100001330,100001330,100001330,900001330,DL501330,DL501330,MEMBER-1331,Driver,Debt consolidation loan,Borrower-written description of the loan purpose.,768,https://example.com/loan/1331
1332,2813.48, 36 months,12.24%,B,B4,147999.99,12.96,OTHER,MI,credit_card,Charged Off,3,1,0,18.36%,28,21,Source Verified,Jun-13,100001331,100001331,100001331,900001331,DL501331,DL501331,MEMBER-1332,Retail Associate,Debt consolidation loan,Borrower-written description of the loan purpose.,619,https://example.com/loan/1332
1333,23800.86, 60 months,20.93%,D,D1,38011.93,23.73,OTHER,PA,small_business,Current,4,0,0,65.63%,9,53,Source Verified,May-09,100001332,100001332,100001332,900001332,DL501332,DL501332,MEMBER-1333,Retail Associate,Debt consolidation loan,Borrower-written description of the loan purpose.,122,https://example.com/loan/1333
1334,17231.22, 36 months,23.06%,C,C5,27921.73,17.74,RENT,GA,vacation,Current,1,2,1,8.7%,24,14,Verified,Dec-08,100001333,100001333,100001333,900001333,DL501333,DL501333,MEMBER-1334,Retail Associate,Debt consolidation loan,Borrower-written description of the loan purpose.,614,https://example.com/loan/1334
1335,2274.69, 60 months,21.74%,D,D1,80953.13,29.97,MORTGAGE,CA,house,Charged Off,2,0,NA,15.13%,25,17,Verified,May-09,100001334,100001334,100001334,900001334,DL501334,DL501334,MEMBER-1335,Nurse,Debt consolidation loan,Borrower-written description of the loan purpose.,310,https://example.com/loan/1335
1336,28147.58, 60 months,24.57%,E,E1,84025.65,21.05,MORTGAGE,OH,other,Fully Paid,3,3,2,28.72%,5,53,Verified,Jan-15,100001335,100001335,100001335,900001335,DL501335,DL501335,MEMBER-1336,Nurse,Debt consolidation loan,Borrower-written description of the loan purpose.,690,https://example.com/loan/1336
1337,9219.45, 36 months,7.86%,A,A4,173712.7,29.5,OWN,FL,educational,Current,4,2,NA,75.58%,14,27,Not Verified,Jul-09,100001336,100001336,100001336,900001336,DL501336,DL501336,MEMBER-1337,Software Engineer,Debt consolidation loan,Borrower-written description of the loan purpose.,608,https://example.com/loan/1337
1338,22046.27, 36 months,19.76%,E,E1,168744.74,9.88,OTHER,FL,debt_consolidation,Fully Paid,4,3,2,8.96%,4,40,Not Verified,Apr-17,100001337,100001337,100001337,900001337,DL501337,DL501337,MEMBER-1338,Nurse,Debt consolidation loan,Borrower-written description of the loan purpose.,798,https://example.com/loan/1338
1339,4689.57, 36 months,13.36%,C,C4,152378.84,12.19,RENT,MI,medical,Fully Paid,2,1,2,41.6%,8,34,Verified,Nov-08,100001338,100001338,100001338,900001338,DL501338,DL501338,MEMBER-1339,Software Engineer,Debt consolidation loan,Borrower-written description of the loan purpose.,298,https://example.com/loan/1339
1340,29928.83, 60 months,6.97%,D,D3,187853.77,25.56,NONE,PA,car,Fully Paid,2,0,0,90.86%,17,27,Not Verified,Jun-16,100001339,100001339,100001339,900001339,DL501339,DL501339,MEMBER-1340,Driver,Debt consolidation loan,Borrower-written description of the loan purpose.,904,https://example.com/loan/1340
1341,8372.06, 60 months,10.21%,F,F4,68433.1,1.62,OWN,TX,credit_card,Fully Paid,1,3,2,24.96%,27,22,Verified,Jun-14,100001340,100001340,100001340,900001340,DL501340,DL501340,MEMBER-1341,Retail Associate,Debt consolidation loan,Borrower-written description of the loan purpose.,625,https://example.com/loan/1341
1342,15442.86, 36 months,11.61%,G,G3,34051.52,22.18,OTHER,OH,debt_consolidation,Current,1,2,2,21.47%,27,44,Not Verified,May-18,100001341,100001341,100001341,900001341,DL501341,DL501341,MEMBER-1342,Driver,Debt consolidation loan,Borrower-written description of the loan purpose.,190,https://example.com/loan/1342
1343,7697.9, 36 months,21.19%,D,D3,85264.79,13.84,MORTGAGE,CA,other,Fully Paid,1,3,NA,86.58%,14,58,Source Verified,Jul-11,100001342,100001342,100001342,900001342,DL501342,DL501342,MEMBER-1343,Nurse,Debt consolidation loan,Borrower-written description of the loan purpose.,894,https://example.com/loan/1343
1344,12493.27, 60 months,22.54%,B,B2,149489.92,26.47,RENT,TX,medical,Charged Off,4,1,1,14.62%,6,28,Source Verified,Apr-18,100001343,100001343,100001343,900001343,DL501343,DL501343,MEMBER-1344,Nurse,Debt consolidation loan,Borrower-written description of the loan purpose.,610,https://example.com/loan/1344
1345,14003.74, 36 months,19.43%,D,D3,98621.33,4.29,MORTGAGE,OH,home_improvement,Fully Paid,1,3,NA,79.26%,4,56,Verified,Mar-17,100001344,100001344,100001344,900001344,DL501344,DL501344,MEMBER-1345,Nurse,Debt consolidation loan,Borrower-written description of the loan purpose.,883,https://example.com/loan/1345
1346,10344.93, 60 months,10.99%,D,D4,28952.71,29.07,MORTGAGE,GA,medical,Current,3,1,NA,67.91%,17,28,Not Verified,Aug-15,100001345,100001345,100001345,900001345,DL501345,DL501345,MEMBER-1346,Driver,Debt consolidation loan,Borrower-written description of the loan purpose.,193,https://example.com/loan/1346
1347,12905.32, 36 months,8.51%,C,C4,84451.95,11.85,OTHER,OH,wedding,Current,0,1,0,73.79%,9,4,Verified,Jul-14,100001346,100001346,100001346,900001346,DL501346,DL501346,MEMBER-1347,Retail Associate,Debt consolidation loan,Borrower-written description of the loan purpose.,789,https://example.com/loan/1347
1348,26444.6, 60 months,10.77%,C,C4,102341.17,13.2,MORTGAGE,OH,educational,Charged Off,0,2,1,7.29%,29,60,Source Verified,Mar-13,100001347,100001347,100001347,900001347,DL501347,DL501347,MEMBER-1348,Software Engineer,Debt consolidation loan,Borrower-written description of the loan purpose.,438,https://example.com/loan/1348
1349,29539.95, 36 months,11.32%,E,E4,165396.54,1.33,NONE,GA,moving,Current,3,0,1,9.71%,16,38,Source Verified,Nov-18,100001348,100001348,100001348,900001348,DL501348,DL501348,MEMBER-1349,Nurse,Debt consolidation loan,Borrower-written description of the loan purpose.,756,https://example.com/loan/1349
1350,29633.76, 60 months,12.52%,D,D5,102971.38,18.63,NONE,PA,moving,Fully Paid,1,2,1,51.75%,4,55,Source Verified,Dec-08,100001349,100001349,100001349,900001349,DL501349,DL501349,MEMBER-1350,Software Engineer,Debt consolidation loan,Borrower-written description of the loan purpose.,758,https://example.com/loan/1350
1351,27270.72, 60 months,22.99%,F,F3,175762.57,11.74,OWN,NC,major_purchase,Fully Paid,4,1,2,27.07%,21,42,Not Verified,Oct-14,100001350,100001350,100001350,900001350,DL501350,DL501350,MEMBER-1351,Driver,Debt consolidation loan,Borrower-written description of the loan purpose.,815,https://example.com/loan/1351
1352,1067.63, 60 months,12.53%,G,G3,27766.56,18.52,OWN,NC,educational,Current,1,1,2,33.32%,23,9,Not Verified,Apr-18,100001351,100001351,100001351,900001351,DL501351,DL501351,MEMBER-1352,Retail Associate,Debt consolidation loan,Borrower-written description of the loan purpose.,956,https://example.com/loan/1352
1353,33911.56, 36 months,7.26%,G,G5,128523.72,23.98,NONE,GA,credit_card,Fully Paid,4,2,1,99.39%,13,11,Source Verified,Aug-08,100001352,100001352,100001352,900001352,DL501352,DL501352,MEMBER-1353,Retail Associate,Debt consolidation loan,Borrower-written description of the loan purpose.,743,https://example.com/loan/1353
1354,32082.63, 60 months,20.92%,D,D1,137161.98,25.08,NONE,IL,debt_consolidation,Fully Paid,2,3,NA,97.99%,21,49,Source Verified,Nov-18,100001353,100001353,100001353,900001353,DL501353,DL501353,MEMBER-1354,Retail Associate,Debt consolidation loan,Borrower-written description of the loan purpose.,313,https://example.com/loan/1354
1355,14282.02, 60 months,7.53%,E,E3,63947.96,24.37,MORTGAGE,PA,house,Charged Off,4,3,0,49.72%,24,4,Not Verified,Sep-13,100001354,100001354,100001354,900001354,DL501354,DL501354,MEMBER-1355,Software Engineer,Debt consolidation loan,Borrower-written description of the loan purpose.,495,https://example.com/loan/1355
1356,8315.03, 60 months,18.06%,E,E2,126815.11,0.79,NONE,TX,vacation,Fully Paid,2,3,0,32.15%,6,18,Verified,Mar-10,100001355,100001355,100001355,900001355,DL501355,DL501355,MEMBER-1356,Driver,Debt consolidation loan,Borrower-written description of the loan purpose.,619,https://example.com/loan/1356
1357,4459.5, 60 months,8.32%,B,B1,42351.59,3.38,NONE,IL,educational,Current,0,1,1,7.48%,19,40,Not Verified,Sep-12,100001356,100001356,100001356,900001356,DL501356,DL501356,MEMBER-1357,Software Engineer,Debt consolidation loan,Borrower-written description of the loan purpose.,640,https://example.com/loan/1357
1358,12629.89, 60 months,22.34%,C,C5,77840.23,20.1,NONE,GA,small_business,Fully Paid,0,1,0,55.77%,11,48,Not Verified,Aug-14,100001357,100001357,100001357,900001357,DL501357,DL501357,MEMBER-1358,Nurse,Debt consolidation loan,Borrower-written description of the loan purpose.,132,https://example.com/loan/1358
1359,10232.87, 60 months,16.27%,F,F4,190607.97,2.48,RENT,IL,wedding,Current,1,2,NA,2.18%,10,57,Verified,Jan-15,100001358,100001358,100001358,900001358,DL501358,DL501358,MEMBER-1359,Driver,Debt consolidation loan,Borrower-written description of the loan purpose.,282,https://example.com/loan/1359
1360,28038.55, 60 months,5.49%,G,G4,173878.16,14.55,OWN,TX,home_improvement,Current,3,3,1,79.53%,25,54,Verified,Jan-10,100001359,100001359,100001359,900001359,DL501359,DL501359,MEMBER-1360,Software Engineer,Debt consolidation loan,Borrower-written description of the loan purpose.,554,https://example.com/loan/1360
1361,15168.86, 36 months,23.46%,G,G5,164732.89,14.01,OTHER,CA,small_business,Current,4,1,2,32.97%,7,7,Verified,Jun-14,100001360,100001360,100001360,900001360,DL501360,DL501360,MEMBER-1361,Retail Associate,Debt consolidation loan,Borrower-written description of the loan purpose.,255,https://example.com/loan/1361
1362,5165.16, 36 months,19.99%,E,E1,128818.95,24.84,RENT,NC,educational,Fully Paid,0,0,1,55.11%,25,46,Not Verified,Sep-16,100001361,100001361,100001361,900001361,DL501361,DL501361,MEMBER-1362,Driver,Debt consolidation loan,Borrower-written description of the loan purpose.,263,https://example.com/loan/1362
1363,3612.83, 60 months,9.77%,E,E4,51325.05,22.88,MORTGAGE,NY,credit_card,Current,1,0,1,54.94%,2,13,Verified,Apr-17,100001362,100001362,100001362,900001362,DL501362,DL501362,MEMBER-1363,Driver,Debt consolidation loan,Borrower-written description of the loan purpose.,623,https://example.com/loan/1363
1364,8777.35, 60 months,14.93%,D,D5,95184.62,0.28,NONE,FL,wedding,Current,1,0,2,69.57%,22,35,Not Verified,Oct-12,100001363,100001363,100001363,900001363,DL501363,DL501363,MEMBER-1364,Software Engineer,Debt consolidation loan,Borrower-written description of the loan purpose.,413,https://example.com/loan/1364
1365,30234.01, 36 months,18.78%,B,B3,135519.72,8.07,NONE,OH,major_purchase,Current,4,0,1,79.45%,6,60,Source Verified,Sep-09,100001364,100001364,100001364,900001364,DL501364,DL501364,MEMBER-1365,Nurse,Debt consolidation loan,Borrower-written description of the loan purpose.,114,https://example.com/loan/1365
1366,3398.06, 36 months,20.98%,E,E2,143797.25,20.34,OWN,OH,small_business,Fully Paid,4,0,0,52.63%,12,11,Not Verified,Sep-17,100001365,100001365,100001365,900001365,DL501365,DL501365,MEMBER-1366,Driver,Debt consolidation loan,Borrower-written description of the loan purpose.,702,https://example.com/loan/1366
1367,20768.73, 36 months,19.75%,D,D5,30777.9,17.64,OWN,IL,debt_consolidation,Fully Paid,1,2,2,93.01%,5,40,Source Verified,Mar-10,100001366,100001366,100001366,900001366,DL501366,DL501366,MEMBER-1367,Retail Associate,Debt consolidation loan,Borrower-written description of the loan purpose.,730,https://example.com/loan/1367
1368,13843.59, 36 months,22.84%,G,G3,179236.63,14.54,MORTGAGE,TX,debt_consolidation,Charged Off,4,1,1,27.78%,26,11,Source Verified,May-11,100001367,100001367,100001367,900001367,DL501367,DL501367,MEMBER-1368,Software Engineer,Debt consolidation loan,Borrower-written description of the loan purpose.,178,https://example.com/loan/1368
1369,20861.96, 36 months,14.71%,D,D5,85275.62,6.86,OWN,MI,educational,Fully Paid,3,2,2,16.04%,4,8,Verified,Jun-13,100001368,100001368,100001368,900001368,DL501368,DL501368,MEMBER-1369,Retail Associate,Debt consolidation loan,Borrower-written description of the loan purpose.,887,https://example.com/loan/1369
1370,27610.0, 60 months,10.93%,C,C4,188732.0,28.57,NONE,NC,home_improvement,Charged Off,1,1,NA,1.57%,24,54,Not Verified,Jul-16,100001369,100001369,100001369,900001369,DL501369,DL501369,MEMBER-1370,Driver,Debt consolidation loan,Borrower-written description of the loan purpose.,716,https://example.com/loan/1370
1371,5527.19, 36 months,18.29%,A,A4,84636.84,4.01,MORTGAGE,FL,educational,Current,2,1,1,4.58%,7,35,Source Verified,Mar-08,100001370,100001370,100001370,900001370,DL501370,DL501370,MEMBER-1371,Driver,Debt consolidation loan,Borrower-written description of the loan purpose.,544,https://example.com/loan/1371
1372,23710.23, 36 months,5.71%,D,D3,152458.11,2.82,OWN,OH,moving,Fully Paid,3,3,1,57.54%,15,39,Source Verified,Oct-10,100001371,100001371,100001371,900001371,DL501371,DL501371,MEMBER-1372,Software Engineer,Debt consolidation loan,Borrower-written description of the loan purpose.,991,https://example.com/loan/1372
1373,4348.48, 36 months,8.2%,D,D2,58960.12,8.48,MORTGAGE,GA,medical,Fully Paid,1,2,2,10.68%,24,17,Not Verified,Nov-16,100001372,100001372,100001372,900001372,DL501372,DL501372,MEMBER-1373,Nurse,Debt consolidation loan,Borrower-written description of the loan purpose.,603,https://example.com/loan/1373
1374,33735.25, 60 months,23.39%,A,A1,54638.22,10.72,OTHER,NC,vacation,Fully Paid,2,1,2,35.32%,22,34,Not Verified,Jul-08,100001373,100001373,100001373,900001373,DL501373,DL501373,MEMBER-1374,Nurse,Debt consolidation loan,Borrower-written description of the loan purpose.,672,https://example.com/loan/1374
1375,23785.28, 60 months,18.46%,C,C2,124377.9,13.05,MORTGAGE,NY,renewable_energy,Charged Off,2,3,1,76.51%,15,36,Not Verified,Mar-12,100001374,100001374,100001374,900001374,DL501374,DL501374,MEMBER-1375,Retail Associate,Debt consolidation loan,Borrower-written description of the loan purpose.,212,https://example.com/loan/1375
1376,23425.97, 60 months,12.22%,D,D4,49423.97,27.15,RENT,MI,renewable_energy,Fully Paid,4,2,0,15.48%,3,6,Not Verified,Sep-13,100001375,100001375,100001375,900001375,DL501375,DL501375,MEMBER-1376,Software Engineer,Debt consolidation loan,Borrower-written description of the loan purpose.,318,https://example.com/loan/1376
1377,4228.18, 60 months,12.33%,C,C1,183542.51,9.91,MORTGAGE,IL,moving,Fully Paid,3,1,2,53.83%,9,14,Not Verified,Jan-13,100001376,100001376,100001376,900001376,DL501376,DL501376,MEMBER-1377,Driver,Debt consolidation loan,Borrower-written description of the loan purpose.,823,https://example.com/loan/1377
1378,1732.96, 60 months,21.53%,A,A5,118473.8,23.61,NONE,TX,educational,Fully Paid,0,1,1,85.86%,17,36,Verified,Jun-17,100001377,100001377,100001377,900001377,DL501377,DL501377,MEMBER-1378,Retail Associate,Debt consolidation loan,Borrower-written description of the loan purpose.,647,https://example.com/loan/1378
1379,28329.04, 36 months,10.95%,F,F4,172636.14,12.83,MORTGAGE,FL,credit_card,Fully Paid,1,0,0,40.24%,26,44,Source Verified,Jan-16,100001378,100001378,100001378,900001378,DL501378,DL501378,MEMBER-1379,Driver,Debt consolidation loan,Borrower-written description of the loan purpose.,200,https://example.com/loan/1379
1380,23179.61, 36 months,23.55%,D,D2,90937.32,8.34,MORTGAGE,TX,small_business,Current,1,2,2,98.9%,4,21,Source Verified,Aug-13,100001379,100001379,100001379,900001379,DL501379,DL501379,MEMBER-1380,Retail Associate,Debt consolidation loan,Borrower-written description of the loan purpose.,582,https://example.com/loan/1380
1381,16622.03, 60 months,5.62%,F,F3,71384.43,8.4,MORTGAGE,NY,car,Fully Paid,3,3,2,69.82%,1,57,Source Verified,Oct-15,100001380,100001380,100001380,900001380,DL501380,DL501380,MEMBER-1381,Software Engineer,Debt consolidation loan,Borrower-written description of the loan purpose.,534,https://example.com/loan/1381
1382,4362.53, 60 months,17.48%,D,D1,36515.47,25.0,MORTGAGE,NY,home_improvement,Current,0,3,0,5.93%,13,8,Not Verified,Jun-11,100001381,100001381,100001381,900001381,DL501381,DL501381,MEMBER-1382,Retail Associate,Debt consolidation loan,Borrower-written description of the loan purpose.,680,https://example.com/loan/1382
1383,13320.87, 60 months,22.79%,A,A2,197610.25,19.06,OTHER,TX,house,Charged Off,2,2,0,73.21%,7,44,Not Verified,Jan-15,100001382,100001382,100001382,900001382,DL501382,DL501382,MEMBER-1383,Nurse,Debt consolidation loan,Borrower-written description of the loan purpose.,479,https://example.com/loan/1383
1384,6511.47, 60 months,13.83%,B,B1,188148.96,2.02,NONE,PA,other,Fully Paid,4,0,1,23.28%,3,36,Not Verified,Jul-08,100001383,100001383,100001383,900001383,DL501383,DL501383,MEMBER-1384,Driver,Debt consolidation loan,Borrower-written description of the loan purpose.,256,https://example.com/loan/1384
1385,26065.69, 60 months,5.46%,A,A4,126448.62,9.36,RENT,NY,house,Current,1,1,2,42.08%,5,13,Verified,Jan-18,100001384,100001384,100001384,900001384,DL501384,DL501384,MEMBER-1385,Software Engineer,Debt consolidation loan,Borrower-written description of the loan purpose.,384,https://example.com/loan/1385
1386,11257.99, 36 months,12.87%,B,B2,188726.46,1.98,MORTGAGE,NC,moving,Fully Paid,2,1,NA,71.33%,6,46,Source Verified,May-17,100001385,100001385,100001385,900001385,DL501385,DL501385,MEMBER-1386,Retail Associate,Debt consolidation loan,Borrower-written description of the loan purpose.,413,https://example.com/loan/1386
1387,3768.05, 36 months,21.84%,E,E4,99344.08,3.76,OTHER,PA,car,Fully Paid,0,3,NA,35.76%,19,33,Not Verified,Jul-09,100001386,100001386,100001386,900001386,DL501386,DL501386,MEMBER-1387,Retail Associate,Debt consolidation loan,Borrower-written description of the loan purpose.,500,https://example.com/loan/1387
1388,26827.42, 36 months,18.82%,D,D5,132231.11,9.55,OTHER,GA,home_improvement,Fully Paid,4,2,2,5.6%,25,60,Not Verified,Mar-16,100001387,100001387,100001387,900001387,DL501387,DL501387,MEMBER-1388,Nurse,Debt consolidation loan,Borrower-written description of the loan purpose.,294,https://example.com/loan/1388
1389,18870.37, 60 months,8.39%,C,C2,131373.96,13.63,MORTGAGE,GA,medical,Fully Paid,4,3,2,29.32%,1,44,Not Verified,Nov-18,100001388,100001388,100001388,900001388,DL501388,DL501388,MEMBER-1389,Retail Associate,Debt consolidation loan,Borrower-written description of the loan purpose.,293,https://example.com/loan/1389
1390,25222.1, 60 months,5.89%,F,F3,167566.79,6.62,MORTGAGE,TX,major_purchase,Fully Paid,2,0,1,56.69%,5,19,Not Verified,Apr-18,100001389,100001389,100001389,900001389,DL501389,DL501389,MEMBER-1390,Retail Associate,Debt consolidation loan,Borrower-written description of the loan purpose.,159,https://example.com/loan/1390
1391,5430.18, 36 months,13.45%,E,E1,87969.26,1.42,OWN,PA,home_improvement,Charged Off,3,1,NA,14.41%,8,16,Verified,Jul-14,100001390,100001390,100001390,900001390,DL501390,DL501390,MEMBER-1391,Nurse,Debt consolidation loan,Borrower-written description of the loan purpose.,523,https://example.com/loan/1391
1392,1437.99, 60 months,6.67%,F,F5,125937.32,29.63,NONE,CA,moving,Fully Paid,2,1,NA,25.83%,27,32,Verified,May-18,100001391,100001391,100001391,900001391,DL501391,DL501391,MEMBER-1392,Software Engineer,Debt consolidation loan,Borrower-written description of the loan purpose.,979,https://example.com/loan/1392
1393,14295.17, 60 months,19.91%,F,F5,186687.51,14.06,OTHER,NY,moving,Current,4,1,1,75.33%,4,7,Not Verified,Jan-09,100001392,100001392,100001392,900001392,DL501392,DL501392,MEMBER-1393,Software Engineer,Debt consolidation loan,Borrower-written description of the loan purpose.,411,https://example.com/loan/1393
1394,25395.33, 36 months,10.84%,E,E1,107246.06,26.79,OWN,NC,educational,Current,4,2,1,98.73%,5,44,Source Verified,Apr-17,100001393,100001393,100001393,900001393,DL501393,DL501393,MEMBER-1394,Nurse,Debt consolidation loan,Borrower-written description of the loan purpose.,213,https://example.com/loan/1394
1395,6912.08, 60 months,22.42%,C,C5,66619.95,15.2,NONE,IL,major_purchase,Fully Paid,1,3,2,59.3%,15,58,Not Verified,Jul-12,100001394,100001394,100001394,900001394,DL501394,DL501394,MEMBER-1395,Driver,Debt consolidation loan,Borrower-written description of the loan purpose.,670,https://example.com/loan/1395
1396,33282.01, 36 months,16.28%,A,A4,60381.9,25.98,RENT,TX,vacation,Charged Off,1,3,0,38.51%,5,10,Not Verified,Sep-08,100001395,100001395,100001395,900001395,DL501395,DL501395,MEMBER-1396,Nurse,Debt consolidation loan,Borrower-written description of the loan purpose.,413,https://example.com/loan/1396
1397,30533.49, 60 months,13.98%,B,B5,160845.08,23.15,OTHER,IL,car,Current,1,0,NA,95.98%,27,30,Not Verified,Jul-11,100001396,100001396,100001396,900001396,DL501396,DL501396,MEMBER-1397,Software Engineer,Debt consolidation loan,Borrower-written description of the loan purpose.,431,https://example.com/loan/1397
1398,6733.99, 60 months,9.73%,C,C5,127990.33,17.38,OWN,IL,small_business,Current,4,1,1,93.2%,23,32,Source Verified,Nov-14,100001397,100001397,100001397,900001397,DL501397,DL501397,MEMBER-1398,Software Engineer,Debt consolidation loan,Borrower-written description of the loan purpose.,298,https://example.com/loan/1398
1399,17294.97, 36 months,22.22%,E,E5,127384.99,18.19,MORTGAGE,PA,credit_card,Current,4,1,2,76.76%,14,37,Source Verified,May-15,100001398,100001398,100001398,900001398,DL501398,DL501398,MEMBER-1399,Driver,Debt consolidation loan,Borrower-written description of the loan purpose.,393,https://example.com/loan/1399
1400,22831.87, 36 months,17.87%,A,A4,83141.45,13.75,RENT,MI,home_improvement,Current,4,0,2,66.1%,5,10,Source Verified,Jan-14,100001399,100001399,100001399,900001399,DL501399,DL501399,MEMBER-1400,Software Engineer,Debt consolidation loan,Borrower-written description of the loan purpose.,837,https://example.com/loan/1400
1401,5004.87, 60 months,8.61%,A,A4,62790.7,14.86,NONE,FL,house,Fully Paid,1,1,0,11.44%,28,53,Not Verified,May-08,100001400,100001400,100001400,900001400,DL501400,DL501400,MEMBER-1401,Software Engineer,Debt consolidation loan,Borrower-written description of the loan purpose.,325,https://example.com/loan/1401
1402,27104.47, 60 months,19.68%,B,B5,87982.84,23.96,NONE,MI,moving,Fully Paid,1,3,2,96.44%,14,16,Source Verified,Mar-12,100001401,100001401,100001401,900001401,DL501401,DL501401,MEMBER-1402,Software Engineer,Debt consolidation loan,Borrower-written description of the loan purpose.,155,https://example.com/loan/1402
1403,24569.37, 60 months,16.03%,E,E3,164134.06,21.23,RENT,MI,major_purchase,Current,4,0,0,65.79%,24,13,Not Verified,Apr-12,100001402,100001402,100001402,900001402,DL501402,DL501402,MEMBER-1403,Driver,Debt consolidation loan,Borrower-written description of the loan purpose.,544,https://example.com/loan/1403
1404,10352.58, 36 months,9.26%,B,B1,126957.33,22.28,RENT,NY,major_purchase,Charged Off,1,2,NA,98.04%,16,7,Not Verified,Jun-09,100001403,100001403,100001403,900001403,DL501403,DL501403,MEMBER-1404,Driver,Debt consolidation loan,Borrower-written description of the loan purpose.,299,https://example.com/loan/1404
1405,22193.86, 36 months,16.79%,A,A3,64505.08,9.55,OWN,NC,renewable_energy,Fully Paid,3,3,0,76.5%,8,47,Verified,Mar-11,100001404,100001404,100001404,900001404,DL501404,DL501404,MEMBER-1405,Retail Associate,Debt consolidation loan,Borrower-written description of the loan purpose.,159,https://example.com/loan/1405
1406,6996.83, 36 months,19.17%,D,D3,189358.21,17.56,RENT,TX,renewable_energy,Fully Paid,0,3,NA,96.15%,20,32,Not Verified,Jan-09,100001405,100001405,100001405,900001405,DL501405,DL501405,MEMBER-1406,Software Engineer,Debt consolidation loan,Borrower-written description of the loan purpose.,898,https://example.com/loan/1406
1407,12052.27, 60 months,17.85%,F,F1,56232.98,28.9,OTHER,IL,home_improvement,Charged Off,1,1,0,25.65%,13,2,Source Verified,Feb-16,100001406,100001406,100001406,900001406,DL501406,DL501406,MEMBER-1407,Retail Associate,Debt consolidation loan,Borrower-written description of the loan purpose.,556,https://example.com/loan/1407
1408,24218.86, 60 months,9.0%,E,E4,37438.85,16.6,OWN,TX,medical,Fully Paid,1,3,2,8.89%,25,41,Verified,Jun-17,100001407,100001407,100001407,900001407,DL501407,DL501407,MEMBER-1408,Software Engineer,Debt consolidation loan,Borrower-written description of the loan purpose.,717,https://example.com/loan/1408
1409,10538.37, 36 months,9.04%,D,D1,155068.42,11.82,RENT,CA,house,Current,1,3,1,21.59%,25,42,Not Verified,Dec-08,100001408,100001408,100001408,900001408,DL501408,DL501408,MEMBER-1409,Nurse,Debt consolidation loan,Borrower-written description of the loan purpose.,128,https://example.com/loan/1409
1410,5830.54, 36 months,10.5%,G,G3,128066.02,15.7,OWN,OH,car,Fully Paid,0,3,1,58.0%,19,23,Verified,Sep-18,100001409,100001409,100001409,900001409,DL501409,DL501409,MEMBER-1410,Software Engineer,Debt consolidation loan,Borrower-written description of the loan purpose.,590,https://example.com/loan/1410
1411,30380.1, 60 months,11.05%,G,G1,111021.94,16.28,OWN,MI,moving,Fully Paid,1,0,2,57.9%,2,40,Not Verified,Apr-08,100001410,100001410,100001410,900001410,DL501410,DL501410,MEMBER-1411,Software Engineer,Debt consolidation loan,Borrower-written description of the loan purpose.,338,https://example.com/loan/1411
1412,30458.78, 36 months,22.58%,E,E3,129996.55,18.16,MORTGAGE,MI,house,Fully Paid,2,3,NA,16.81%,24,31,Not Verified,Mar-08,100001411,100001411,100001411,900001411,DL501411,DL501411,MEMBER-1412,Driver,Debt consolidation loan,Borrower-written description of the loan purpose.,360,https://example.com/loan/1412
1413,34338.05, 36 months,8.74%,D,D1,153257.93,0.13,NONE,PA,major_purchase,Fully Paid,0,1,NA,66.78%,17,44,Not Verified,Sep-08,100001412,100001412,100001412,900001412,DL501412,DL501412,MEMBER-1413,Nurse,Debt consolidation loan,Borrower-written description of the loan purpose.,239,https://example.com/loan/1413
1414,15532.1, 36 months,7.34%,C,C3,54697.85,7.56,RENT,GA,major_purchase,Fully Paid,2,2,2,21.58%,8,53,Verified,May-12,100001413,100001413,100001413,900001413,DL501413,DL501413,MEMBER-1414,Nurse,Debt consolidation loan,Borrower-written description of the loan purpose.,783,https://example.com/loan/1414
1415,2332.53, 36 months,10.72%,C,C2,86687.56,29.35,OWN,NC,renewable_energy,Fully Paid,1,0,2,46.29%,23,59,Not Verified,Dec-11,100001414,100001414,100001414,900001414,DL501414,DL501414,MEMBER-1415,Retail Associate,Debt consolidation loan,Borrower-written description of the loan purpose.,473,https://example.com/loan/1415
1416,2193.78, 36 months,19.4%,C,C5,83951.03,28.0,NONE,IL,credit_card,Fully Paid,2,3,1,10.53%,11,29,Verified,Nov-15,100001415,100001415,100001415,900001415,DL501415,DL501415,MEMBER-1416,Nurse,Debt consolidation loan,Borrower-written description of the loan purpose.,151,https://example.com/loan/1416
1417,15716.67, 36 months,17.38%,E,E3,108055.61,9.07,OTHER,TX,credit_card,Charged Off,2,1,0,73.72%,24,46,Source Verified,Jul-08,100001416,100001416,100001416,900001416,DL501416,DL501416,MEMBER-1417,Driver,Debt consolidation loan,Borrower-written description of the loan purpose.,548,https://example.com/loan/1417
1418,16089.91, 60 months,14.63%,F,F4,145729.14,10.67,MORTGAGE,TX,other,Fully Paid,3,3,0,88.37%,23,17,Source Verified,Aug-18,100001417,100001417,100001417,900001417,DL501417,DL501417,MEMBER-1418,Driver,Debt consolidation loan,Borrower-written description of the loan purpose.,195,https://example.com/loan/1418
1419,7526.08, 60 months,13.89%,B,B1,25251.95,18.34,OWN,NY,debt_consolidation,Fully Paid,4,0,2,5.42%,13,3,Verified,Feb-13,100001418,100001418,100001418,900001418,DL501418,DL501418,MEMBER-1419,Software Engineer,Debt consolidation loan,Borrower-written description of the loan purpose.,603,https://example.com/loan/1419
1420,17989.41, 36 months,14.85%,E,E2,120895.22,15.78,RENT,NC,medical,Fully Paid,1,1,0,95.96%,18,30,Source Verified,Mar-10,100001419,100001419,100001419,900001419,DL501419,DL501419,MEMBER-1420,Driver,Debt consolidation loan,Borrower-written description of the loan purpose.,135,https://example.com/loan/1420
1421,7159.58, 60 months,20.25%,E,E2,108761.86,29.89,MORTGAGE,TX,vacation,Fully Paid,1,1,0,20.41%,21,39,Source Verified,Jun-11,100001420,100001420,100001420,900001420,DL501420,DL501420,MEMBER-1421,Nurse,Debt consolidation loan,Borrower-written description of the loan purpose.,278,https://example.com/loan/1421
1422,10504.09, 60 months,21.41%,A,A2,99559.4,17.35,OTHER,GA,wedding,Fully Paid,4,1,NA,86.57%,12,59,Source Verified,Jun-09,100001421,100001421,100001421,900001421,DL501421,DL501421,MEMBER-1422,Software Engineer,Debt consolidation loan,Borrower-written description of the loan purpose.,557,https://example.com/loan/1422
1423,14647.21, 36 months,21.65%,C,C4,190718.4,21.91,OTHER,FL,credit_card,Current,1,1,1,19.84%,8,46,Verified,Nov-11,100001422,100001422,100001422,900001422,DL501422,DL501422,MEMBER-1423,Nurse,Debt consolidation loan,Borrower-written description of the loan purpose.,277,https://example.com/loan/1423
1424,12305.06, 36 months,16.69%,A,A2,133128.07,17.07,OTHER,MI,medical,Current,2,2,2,41.77%,2,5,Verified,Mar-16,100001423,100001423,100001423,900001423,DL501423,DL501423,MEMBER-1424,Retail Associate,Debt consolidation loan,Borrower-written description of the loan purpose.,210,https://example.com/loan/1424
1425,14109.96, 60 months,12.59%,E,E3,53025.12,23.96,NONE,GA,moving,Current,4,0,NA,9.77%,27,15,Not Verified,May-16,100001424,100001424,100001424,900001424,DL501424,DL501424,MEMBER-1425,Retail Associate,Debt consolidation loan,Borrower-written description of the loan purpose.,563,https://example.com/loan/1425
1426,8575.94, 60 months,10.68%,C,C3,119149.67,19.33,MORTGAGE,PA,vacation,Current,4,2,1,23.61%,18,8,Source Verified,Mar-18,100001425,100001425,100001425,900001425,DL501425,DL501425,MEMBER-1426,Driver,Debt consolidation loan,Borrower-written description of the loan purpose.,442,https://example.com/loan/1426
1427,7990.94, 60 months,20.3%,F,F2,160595.16,0.03,MORTGAGE,TX,small_business,Fully Paid,2,0,1,40.23%,3,19,Verified,Dec-12,100001426,100001426,100001426,900001426,DL501426,DL501426,MEMBER-1427,Software Engineer,Debt consolidation loan,Borrower-written description of the loan purpose.,843,https://example.com/loan/1427
1428,4174.48, 60 months,16.02%,A,A1,128091.01,3.94,RENT,CA,house,Fully Paid,2,0,NA,5.62%,20,49,Source Verified,Sep-09,100001427,100001427,100001427,900001427,DL501427,DL501427,MEMBER-1428,Retail Associate,Debt consolidation loan,Borrower-written description of the loan purpose.,105,https://example.com/loan/1428
1429,22085.54, 36 months,9.82%,E,E5,110547.98,2.3,RENT,PA,moving,Charged Off,4,2,NA,88.89%,19,22,Verified,Oct-15,100001428,100001428,100001428,900001428,DL501428,DL501428,MEMBER-1429,Software Engineer,Debt consolidation loan,Borrower-written description of the loan purpose.,366,https://example.com/loan/1429
1430,12366.18, 36 months,17.03%,A,A3,156669.94,10.0,NONE,NY,wedding,Current,4,2,0,28.9%,21,6,Source Verified,Nov-16,100001429,100001429,100001429,900001429,DL501429,DL501429,MEMBER-1430,Nurse,Debt consolidation loan,Borrower-written description of the loan purpose.,682,https://example.com/loan/1430
1431,4129.61, 36 months,6.18%,C,C5,91616.46,25.01,NONE,NY,vacation,Fully Paid,3,1,NA,17.24%,10,56,Not Verified,Mar-18,100001430,100001430,100001430,900001430,DL501430,DL501430,MEMBER-1431,Retail Associate,Debt consolidation loan,Borrower-written description of the loan purpose.,149,https://example.com/loan/1431
1432,15202.61, 60 months,13.04%,B,B3,36141.0,27.25,RENT,CA,car,Fully Paid,4,0,2,65.2%,18,10,Source Verified,Sep-11,100001431,100001431,100001431,900001431,DL501431,DL501431,MEMBER-1432,Nurse,Debt consolidation loan,Borrower-written description of the loan purpose.,456,https://example.com/loan/1432
1433,2346.12, 60 months,24.0%,A,A3,33480.57,24.64,NONE,IL,renewable_energy,Fully Paid,4,2,2,55.5%,6,20,Source Verified,Nov-17,100001432,100001432,100001432,900001432,DL501432,DL501432,MEMBER-1433,Software Engineer,Debt consolidation loan,Borrower-written description of the loan purpose.,397,https://example.com/loan/1433
1434,11351.44, 60 months,16.73%,B,B5,103736.12,24.51,OWN,GA,renewable_energy,Fully Paid,0,0,2,13.33%,10,20,Not Verified,Feb-09,100001433,100001433,100001433,900001433,DL501433,DL501433,MEMBER-1434,Software Engineer,Debt consolidation loan,Borrower-written description of the loan purpose.,242,https://example.com/loan/1434
1435,5590.38, 36 months,24.2%,F,F3,83649.73,4.78,MORTGAGE,NC,other,Current,4,1,NA,59.91%,29,34,Not Verified,Jun-18,100001434,100001434,100001434,900001434,DL501434,DL501434,MEMBER-1435,Retail Associate,Debt consolidation loan,Borrower-written description of the loan purpose.,849,https://example.com/loan/1435
1436,13720.09, 36 months,22.24%,E,E5,117111.42,18.35,MORTGAGE,FL,debt_consolidation,Current,1,1,NA,86.63%,30,37,Not Verified,Apr-11,100001435,100001435,100001435,900001435,DL501435,DL501435,MEMBER-1436,Nurse,Debt consolidation loan,Borrower-written description of the loan purpose.,843,https://example.com/loan/1436
1437,4784.47, 36 months,20.87%,E,E2,28711.59,4.41,MORTGAGE,IL,small_business,Fully Paid,3,0,NA,52.37%,13,19,Not Verified,Sep-17,100001436,100001436,100001436,900001436,DL501436,DL501436,MEMBER-1437,Driver,Debt consolidation loan,Borrower-written description of the loan purpose.,442,https://example.com/loan/1437
1438,19901.92, 36 months,12.66%,G,G3,64183.79,1.84,OWN,FL,credit_card,Fully Paid,2,1,NA,21.49%,21,19,Source Verified,Sep-13,100001437,100001437,100001437,900001437,DL501437,DL501437,MEMBER-1438,Driver,Debt consolidation loan,Borrower-written description of the loan purpose.,794,https://example.com/loan/1438
1439,9907.59, 36 months,20.56%,D,D2,155946.01,4.9,OWN,MI,vacation,Fully Paid,4,1,2,52.08%,19,34,Source Verified,May-11,100001438,100001438,100001438,900001438,DL501438,DL501438,MEMBER-1439,Retail Associate,Debt consolidation loan,Borrower-written description of the loan purpose.,720,https://example.com/loan/1439
1440,4589.61, 60 months,10.22%,E,E3,190034.97,15.93,RENT,TX,other,Fully Paid,0,3,2,30.87%,26,53,Verified,Jul-09,100001439,100001439,100001439,900001439,DL501439,DL501439,MEMBER-1440,Nurse,Debt consolidation loan,Borrower-written description of the loan purpose.,773,https://example.com/loan/1440
1441,28253.23, 60 months,16.45%,C,C1,194082.48,25.24,NONE,NY,major_purchase,Current,4,3,NA,58.11%,12,28,Source Verified,Aug-10,100001440,100001440,100001440,900001440,DL501440,DL501440,MEMBER-1441,Software Engineer,Debt consolidation loan,Borrower-written description of the loan purpose.,892,https://example.com/loan/1441
1442,8330.62, 60 months,21.73%,A,A3,95466.86,18.05,OWN,OH,medical,Fully Paid,4,0,1,7.78%,6,37,Verified,Mar-13,100001441,100001441,100001441,900001441,DL501441,DL501441,MEMBER-1442,Driver,Debt consolidation loan,Borrower-written description of the loan purpose.,190,https://example.com/loan/1442
1443,23491.55, 60 months,24.27%,A,A5,59729.78,19.68,RENT,NY,renewable_energy,Current,3,3,2,31.38%,8,13,Source Verified,Jan-18,100001442,100001442,100001442,900001442,DL501442,DL501442,MEMBER-1443,Driver,Debt consolidation loan,Borrower-written description of the loan purpose.,803,https://example.com/loan/1443
1444,4301.96, 60 months,5.9%,E,E4,133021.79,11.72,OTHER,NC,medical,Current,3,3,NA,12.62%,30,12,Not Verified,Jun-13,100001443,100001443,100001443,900001443,DL501443,DL501443,MEMBER-1444,Retail Associate,Debt consolidation loan,Borrower-written description of the loan purpose.,822,https://example.com/loan/1444
1445,10400.74, 36 months,13.14%,E,E4,193038.57,8.34,OWN,GA,vacation,Current,2,0,1,70.85%,4,16,Verified,May-10,100001444,100001444,100001444,900001444,DL501444,DL501444,MEMBER-1445,Software Engineer,Debt consolidation loan,Borrower-written description of the loan purpose.,433,https://example.com/loan/1445
1446,13298.33, 60 months,13.98%,A,A5,32924.83,27.58,OTHER,OH,home_improvement,Fully Paid,3,1,2,73.84%,20,2,Not Verified,Aug-09,100001445,100001445,100001445,900001445,DL501445,DL501445,MEMBER-1446,Retail Associate,Debt consolidation loan,Borrower-written description of the loan purpose.,380,https://example.com/loan/1446
1447,18708.76, 60 months,14.79%,A,A5,134321.78,17.76,OWN,TX,small_business,Charged Off,4,0,0,14.88%,22,27,Not Verified,Dec-14,100001446,100001446,100001446,900001446,DL501446,DL501446,MEMBER-1447,Nurse,Debt consolidation loan,Borrower-written description of the loan purpose.,839,https://example.com/loan/1447
1448,27656.93, 36 months,23.77%,B,B3,79558.12,21.79,OWN,MI,medical,Fully Paid,3,3,1,60.99%,30,22,Not Verified,Feb-10,100001447,100001447,100001447,900001447,DL501447,DL501447,MEMBER-1448,Retail Associate,Debt consolidation loan,Borrower-written description of the loan purpose.,959,https://example.com/loan/1448
1449,18753.74, 60 months,18.51%,D,D3,140000.05,18.59,RENT,CA,small_business,Fully Paid,0,0,2,80.99%,22,25,Verified,Nov-14,100001448,100001448,100001448,900001448,DL501448,DL501448,MEMBER-1449,Nurse,Debt consolidation loan,Borrower-written description of the loan purpose.,486,https://example.com/loan/1449
1450,22465.75, 36 months,9.39%,G,G4,125360.21,25.56,NONE,NC,debt_consolidation,Current,2,3,2,71.37%,25,45,Source Verified,Nov-09,100001449,100001449,100001449,900001449,DL501449,DL501449,MEMBER-1450,Nurse,Debt consolidation loan,Borrower-written description of the loan purpose.,226,https://example.com/loan/1450
1451,15104.91, 36 months,15.29%,D,D5,33732.53,28.7,OTHER,TX,moving,Current,0,2,1,53.44%,7,47,Verified,Oct-11,100001450,100001450,100001450,900001450,DL501450,DL501450,MEMBER-1451,Driver,Debt consolidation loan,Borrower-written description of the loan purpose.,896,https://example.com/loan/1451
1452,5583.21, 60 months,15.08%,A,A4,107684.83,2.65,OWN,NY,moving,Fully Paid,4,1,NA,43.37%,11,55,Verified,Feb-14,100001451,100001451,100001451,900001451,DL501451,DL501451,MEMBER-1452,Software Engineer,Debt consolidation loan,Borrower-written description of the loan purpose.,190,https://example.com/loan/1452
1453,18680.22, 36 months,23.06%,A,A3,188827.96,17.48,NONE,TX,home_improvement,Fully Paid,4,1,0,94.8%,19,7,Source Verified,Jun-12,100001452,100001452,100001452,900001452,DL501452,DL501452,MEMBER-1453,Software Engineer,Debt consolidation loan,Borrower-written description of the loan purpose.,552,https://example.com/loan/1453
1454,10076.15, 60 months,23.66%,C,C5,23201.44,20.99,RENT,NC,moving,Fully Paid,4,2,1,19.2%,17,44,Not Verified,Sep-10,100001453,100001453,100001453,900001453,DL501453,DL501453,MEMBER-1454,Nurse,Debt consolidation loan,Borrower-written description of the loan purpose.,556,https://example.com/loan/1454
1455,27542.54, 60 months,15.73%,E,E1,136310.1,7.82,OTHER,NY,educational,Fully Paid,0,0,1,84.27%,16,31,Verified,Feb-17,100001454,100001454,100001454,900001454,DL501454,DL501454,MEMBER-1455,Retail Associate,Debt consolidation loan,Borrower-written description of the loan purpose.,992,https://example.com/loan/1455
1456,31914.08, 36 months,21.79%,E,E4,191293.32,12.62,OWN,IL,moving,Fully Paid,3,2,NA,32.62%,20,28,Source Verified,May-09,100001455,100001455,100001455,900001455,DL501455,DL501455,MEMBER-1456,Nurse,Debt consolidation loan,Borrower-written description of the loan purpose.,807,https://example.com/loan/1456
1457,33179.48, 60 months,15.51%,F,F5,58068.82,4.87,RENT,IL,small_business,Charged Off,4,2,2,83.15%,19,39,Source Verified,Aug-17,100001456,100001456,100001456,900001456,DL501456,DL501456,MEMBER-1457,Nurse,Debt consolidation loan,Borrower-written description of the loan purpose.,898,https://example.com/loan/1457
1458,3638.77, 36 months,21.98%,B,B3,186273.59,18.28,NONE,MI,house,Current,4,3,2,23.56%,26,28,Source Verified,Feb-14,100001457,100001457,100001457,900001457,DL501457,DL501457,MEMBER-1458,Software Engineer,Debt consolidation loan,Borrower-written description of the loan purpose.,425,https://example.com/loan/1458
1459,4239.78, 36 months,7.27%,F,F3,61659.9,22.56,NONE,CA,vacation,Fully Paid,2,0,2,15.89%,9,2,Not Verified,Mar-17,100001458,100001458,100001458,900001458,DL501458,DL501458,MEMBER-1459,Software Engineer,Debt consolidation loan,Borrower-written description of the loan purpose.,168,https://example.com/loan/1459
1460,30378.44, 36 months,22.3%,B,B1,37875.85,16.38,OWN,NC,medical,Fully Paid,0,1,NA,79.23%,21,15,Not Verified,Jul-15,100001459,100001459,100001459,900001459,DL501459,DL501459,MEMBER-1460,Nurse,Debt consolidation loan,Borrower-written description of the loan purpose.,795,https://example.com/loan/1460
1461,1024.89, 36 months,14.66%,E,E2,191942.67,29.5,OWN,TX,home_improvement,Fully Paid,0,1,0,57.16%,18,39,Verified,Jun-15,100001460,100001460,100001460,900001460,DL501460,DL501460,MEMBER-1461,Driver,Debt consolidation loan,Borrower-written description of the loan purpose.,895,https://example.com/loan/1461
1462,3717.85, 36 months,23.02%,C,C4,168849.25,14.87,NONE,PA,major_purchase,Current,1,3,NA,5.66%,24,8,Not Verified,Nov-10,100001461,100001461,100001461,900001461,DL501461,DL501461,MEMBER-1462,Driver,Debt consolidation loan,Borrower-written description of the loan purpose.,461,https://example.com/loan/1462
1463,8631.33, 60 months,23.83%,E,E1,188758.69,10.7,NONE,FL,major_purchase,Fully Paid,3,2,0,50.12%,8,36,Verified,Jul-16,100001462,100001462,100001462,900001462,DL501462,DL501462,MEMBER-1463,Retail Associate,Debt consolidation loan,Borrower-written description of the loan purpose.,279,https://example.com/loan/1463
1464,30737.53, 60 months,13.11%,F,F4,52195.86,3.52,OWN,GA,other,Current,0,0,2,54.38%,19,14,Source Verified,Oct-09,100001463,100001463,100001463,900001463,DL501463,DL501463,MEMBER-1464,Retail Associate,Debt consolidation loan,Borrower-written description of the loan purpose.,558,https://example.com/loan/1464
1465,24863.83, 36 months,14.19%,E,E4,157106.81,11.02,OWN,FL,educational,Fully Paid,2,1,0,38.68%,20,47,Source Verified,Jun-08,100001464,100001464,100001464,900001464,DL501464,DL501464,MEMBER-1465,Driver,Debt consolidation loan,Borrower-written description of the loan purpose.,294,https://example.com/loan/1465
1466,12999.78, 60 months,17.7%,A,A1,142270.18,23.14,MORTGAGE,NC,vacation,Current,2,1,2,53.7%,8,27,Verified,Mar-09,100001465,100001465,100001465,900001465,DL501465,DL501465,MEMBER-1466,Nurse,Debt consolidation loan,Borrower-written description of the loan purpose.,481,https://example.com/loan/1466
1467,29680.24, 60 months,18.89%,F,F4,129906.06,28.67,OTHER,OH,renewable_energy,Charged Off,1,3,2,88.2%,12,7,Verified,Nov-10,100001466,100001466,100001466,900001466,DL501466,DL501466,MEMBER-1467,Software Engineer,Debt consolidation loan,Borrower-written description of the loan purpose.,881,https://example.com/loan/1467
1468,30754.93, 36 months,22.21%,B,B1,156177.32,27.05,OTHER,NC,moving,Current,0,0,0,29.83%,30,54,Source Verified,Jun-13,100001467,100001467,100001467,900001467,DL501467,DL501467,MEMBER-1468,Nurse,Debt consolidation loan,Borrower-written description of the loan purpose.,578,https://example.com/loan/1468
1469,16629.12, 60 months,22.19%,D,D1,154650.89,8.44,OWN,IL,vacation,Current,0,1,NA,71.99%,27,18,Verified,Aug-16,100001468,100001468,100001468,900001468,DL501468,DL501468,MEMBER-1469,Nurse,Debt consolidation loan,Borrower-written description of the loan purpose.,169,https://example.com/loan/1469
1470,22187.32, 36 months,24.36%,C,C4,122145.35,25.07,NONE,IL,moving,Current,2,0,NA,64.96%,13,33,Verified,Dec-08,100001469,100001469,100001469,900001469,DL501469,DL501469,MEMBER-1470,Software Engineer,Debt consolidation loan,Borrower-written description of the loan purpose.,270,https://example.com/loan/1470
1471,18347.12, 36 months,10.53%,F,F1,59221.74,14.46,OWN,FL,debt_consolidation,Fully Paid,0,3,1,83.18%,19,47,Verified,Aug-13,100001470,100001470,100001470,900001470,DL501470,DL501470,MEMBER-1471,Driver,Debt consolidation loan,Borrower-written description of the loan purpose.,445,https://example.com/loan/1471
1472,16548.66, 60 months,7.32%,D,D3,101034.63,27.46,NONE,FL,other,Current,0,1,0,35.7%,23,60,Source Verified,Dec-18,100001471,100001471,100001471,900001471,DL501471,DL501471,MEMBER-1472,Software Engineer,Debt consolidation loan,Borrower-written description of the loan purpose.,836,https://example.com/loan/1472
1473,2948.63, 60 months,24.04%,A,A2,137936.07,0.89,RENT,NY,wedding,Fully Paid,4,1,1,10.36%,28,7,Not Verified,Apr-09,100001472,100001472,100001472,900001472,DL501472,DL501472,MEMBER-1473,Software Engineer,Debt consolidation loan,Borrower-written description of the loan purpose.,979,https://example.com/loan/1473
1474,33122.55, 60 months,17.91%,C,C2,142099.11,8.97,NONE,TX,moving,Fully Paid,0,2,1,25.27%,4,27,Verified,Mar-13,100001473,100001473,100001473,900001473,DL501473,DL501473,MEMBER-1474,Software Engineer,Debt consolidation loan,Borrower-written description of the loan purpose.,976,https://example.com/loan/1474
1475,10514.97, 36 months,7.46%,G,G2,105686.28,8.78,OWN,IL,educational,Fully Paid,2,3,NA,43.1%,3,45,Not Verified,Nov-16,100001474,100001474,100001474,900001474,DL501474,DL501474,MEMBER-1475,Software Engineer,Debt consolidation loan,Borrower-written description of the loan purpose.,868,https://example.com/loan/1475
1476,32465.26, 60 months,19.68%,C,C1,197811.21,17.76,RENT,IL,wedding,Current,3,1,NA,33.21%,28,48,Not Verified,Apr-17,100001475,100001475,100001475,900001475,DL501475,DL501475,MEMBER-1476,Software Engineer,Debt consolidation loan,Borrower-written description of the loan purpose.,597,https://example.com/loan/1476
1477,13036.37, 36 months,12.66%,E,E1,190172.11,2.55,NONE,CA,renewable_energy,Current,3,0,2,54.97%,26,59,Verified,Dec-17,100001476,100001476,100001476,900001476,DL501476,DL501476,MEMBER-1477,Driver,Debt consolidation loan,Borrower-written description of the loan purpose.,903,https://example.com/loan/1477
1478,3324.49, 60 months,20.77%,E,E5,33459.02,18.59,OTHER,IL,moving,Fully Paid,1,0,0,17.06%,13,44,Source Verified,Sep-18,100001477,100001477,100001477,900001477,DL501477,DL501477,MEMBER-1478,Nurse,Debt consolidation loan,Borrower-written description of the loan purpose.,318,https://example.com/loan/1478
1479,21266.69, 36 months,18.79%,C,C1,47699.12,28.8,RENT,IL,medical,Current,3,0,2,90.09%,8,6,Not Verified,May-10,100001478,100001478,100001478,900001478,DL501478,DL501478,MEMBER-1479,Nurse,Debt consolidation loan,Borrower-written description of the loan purpose.,721,https://example.com/loan/1479
1480,8961.15, 60 months,6.01%,D,D4,163838.11,13.57,NONE,TX,credit_card,Charged Off,3,0,NA,76.49%,19,8,Source Verified,Oct-10,100001479,100001479,100001479,900001479,DL501479,DL501479,MEMBER-1480,Retail Associate,Debt consolidation loan,Borrower-written description of the loan purpose.,634,https://example.com/loan/1480
1481,17648.57, 60 months,18.45%,F,F4,163512.13,15.26,OWN,TX,renewable_energy,Current,3,0,NA,88.65%,17,53,Not Verified,Sep-12,100001480,100001480,100001480,900001480,DL501480,DL501480,MEMBER-1481,Driver,Debt consolidation loan,Borrower-written description of the loan purpose.,210,https://example.com/loan/1481
1482,29872.52, 36 months,10.9%,D,D5,107022.76,25.72,MORTGAGE,IL,wedding,Fully Paid,2,3,NA,52.57%,30,3,Verified,Apr-16,100001481,100001481,100001481,900001481,DL501481,DL501481,MEMBER-1482,Software Engineer,Debt consolidation loan,Borrower-written description of the loan purpose.,504,https://example.com/loan/1482
1483,22958.86, 60 months,16.82%,D,D3,82384.66,1.72,NONE,FL,major_purchase,Current,2,3,1,66.51%,4,42,Not Verified,Mar-08,100001482,100001482,100001482,900001482,DL501482,DL501482,MEMBER-1483,Driver,Debt consolidation loan,Borrower-written description of the loan purpose.,256,https://example.com/loan/1483
1484,29516.34, 36 months,14.33%,B,B5,103454.73,5.23,MORTGAGE,OH,vacation,Current,0,0,2,17.51%,7,36,Verified,Jan-16,100001483,100001483,100001483,900001483,DL501483,DL501483,MEMBER-1484,Driver,Debt consolidation loan,Borrower-written description of the loan purpose.,437,https://example.com/loan/1484
1485,19635.13, 60 months,8.46%,C,C4,131711.86,17.51,RENT,PA,debt_consolidation,Fully Paid,3,0,NA,80.89%,28,48,Source Verified,Aug-13,100001484,100001484,100001484,900001484,DL501484,DL501484,MEMBER-1485,Nurse,Debt consolidation loan,Borrower-written description of the loan purpose.,543,https://example.com/loan/1485
1486,18691.25, 36 months,7.92%,F,F1,95090.35,29.85,OWN,FL,credit_card,Charged Off,0,1,2,65.14%,13,27,Verified,Oct-13,100001485,100001485,100001485,900001485,DL501485,DL501485,MEMBER-1486,Driver,Debt consolidation loan,Borrower-written description of the loan purpose.,556,https://example.com/loan/1486
1487,26854.34, 60 months,7.2%,D,D4,78887.37,23.94,MORTGAGE,NC,house,Fully Paid,4,3,0,7.5%,6,33,Source Verified,Aug-11,100001486,100001486,100001486,900001486,DL501486,DL501486,MEMBER-1487,Driver,Debt consolidation loan,Borrower-written description of the loan purpose.,600,https://example.com/loan/1487
1488,2718.56, 36 months,22.46%,B,B1,143671.76,10.92,NONE,CA,debt_consolidation,Current,2,2,NA,90.63%,11,8,Source Verified,Apr-10,100001487,100001487,100001487,900001487,DL501487,DL501487,MEMBER-1488,Retail Associate,Debt consolidation loan,Borrower-written description of the loan purpose.,755,https://example.com/loan/1488
1489,30412.51, 60 months,13.71%,D,D1,82231.19,2.36,OTHER,NY,major_purchase,Fully Paid,3,3,2,93.4%,23,58,Source Verified,May-10,100001488,100001488,100001488,900001488,DL501488,DL501488,MEMBER-1489,Software Engineer,Debt consolidation loan,Borrower-written description of the loan purpose.,455,https://example.com/loan/1489
1490,26336.6, 36 months,23.63%,C,C5,47191.25,1.49,MORTGAGE,PA,credit_card,Fully Paid,2,0,0,69.59%,27,23,Not Verified,Aug-18,100001489,100001489,100001489,900001489,DL501489,DL501489,MEMBER-1490,Software Engineer,Debt consolidation loan,Borrower-written description of the loan purpose.,184,https://example.com/loan/1490
1491,14598.05, 36 months,22.21%,B,B4,28130.32,3.34,MORTGAGE,FL,home_improvement,Current,3,3,2,90.5%,22,3,Source Verified,Jun-09,100001490,100001490,100001490,900001490,DL501490,DL501490,MEMBER-1491,Software Engineer,Debt consolidation loan,Borrower-written description of the loan purpose.,940,https://example.com/loan/1491
1492,5453.1, 60 months,12.16%,C,C1,79217.76,19.51,NONE,MI,other,Fully Paid,4,1,1,74.23%,12,38,Verified,May-11,100001491,100001491,100001491,900001491,DL501491,DL501491,MEMBER-1492,Nurse,Debt consolidation loan,Borrower-written description of the loan purpose.,730,https://example.com/loan/1492
1493,32530.33, 36 months,20.79%,C,C1,79226.79,16.02,OWN,GA,wedding,Fully Paid,4,3,2,73.74%,22,9,Source Verified,May-16,100001492,100001492,100001492,900001492,DL501492,DL501492,MEMBER-1493,Retail Associate,Debt consolidation loan,Borrower-written description of the loan purpose.,524,https://example.com/loan/1493
1494,7252.12, 60 months,13.98%,F,F3,115718.71,15.02,OWN,MI,debt_consolidation,Fully Paid,0,3,NA,21.2%,27,50,Source Verified,Apr-17,100001493,100001493,100001493,900001493,DL501493,DL501493,MEMBER-1494,Nurse,Debt consolidation loan,Borrower-written description of the loan purpose.,304,https://example.com/loan/1494
1495,15539.18, 60 months,9.55%,E,E1,182715.63,22.03,MORTGAGE,NC,medical,Charged Off,1,1,0,37.3%,9,46,Verified,Dec-12,100001494,100001494,100001494,900001494,DL501494,DL501494,MEMBER-1495,Retail Associate,Debt consolidation loan,Borrower-written description of the loan purpose.,345,https://example.com/loan/1495
1496,25693.39, 60 months,15.24%,C,C3,64737.94,21.51,OWN,TX,house,Fully Paid,2,1,NA,35.87%,12,52,Source Verified,Aug-13,100001495,100001495,100001495,900001495,DL501495,DL501495,MEMBER-1496,Software Engineer,Debt consolidation loan,Borrower-written description of the loan purpose.,952,https://example.com/loan/1496
1497,1616.98, 36 months,14.95%,A,A3,26981.89,23.31,OWN,IL,renewable_energy,Fully Paid,3,2,NA,40.04%,4,34,Verified,Dec-13,100001496,100001496,100001496,900001496,DL501496,DL501496,MEMBER-1497,Driver,Debt consolidation loan,Borrower-written description of the loan purpose.,691,https://example.com/loan/1497
1498,24706.66, 36 months,16.59%,C,C5,133227.35,18.26,MORTGAGE,MI,moving,Fully Paid,0,0,2,75.38%,3,2,Verified,Jul-10,100001497,100001497,100001497,900001497,DL501497,DL501497,MEMBER-1498,Software Engineer,Debt consolidation loan,Borrower-written description of the loan purpose.,213,https://example.com/loan/1498
1499,26723.59, 60 months,17.12%,C,C4,90591.42,28.48,OTHER,MI,small_business,Current,4,0,2,32.28%,26,53,Source Verified,Nov-12,100001498,100001498,100001498,900001498,DL501498,DL501498,MEMBER-1499,Driver,Debt consolidation loan,Borrower-written description of the loan purpose.,623,https://example.com/loan/1499
1500,9825.16, 36 months,13.13%,D,D2,67720.47,5.78,MORTGAGE,IL,debt_consolidation,Current,0,3,0,36.01%,15,60,Verified,Nov-11,100001499,100001499,100001499,900001499,DL501499,DL501499,MEMBER-1500,Nurse,Debt consolidation loan,Borrower-written description of the loan purpose.,757,https://example.com/loan/1500
1501,26303.61, 36 months,10.03%,F,F2,28476.98,29.75,OWN,IL,wedding,Current,0,0,NA,17.1%,3,9,Verified,May-13,100001500,100001500,100001500,900001500,DL501500,DL501500,MEMBER-1501,Retail Associate,Debt consolidation loan,Borrower-written description of the loan purpose.,450,https://example.com/loan/1501
1502,15534.22, 36 months,13.37%,E,E3,42607.92,20.17,RENT,IL,car,Charged Off,2,0,2,77.95%,13,59,Not Verified,Jun-16,100001501,100001501,100001501,900001501,DL501501,DL501501,MEMBER-1502,Nurse,Debt consolidation loan,Borrower-written description of the loan purpose.,305,https://example.com/loan/1502
1503,26306.8, 60 months,20.67%,B,B3,130533.01,24.72,RENT,FL,educational,Current,3,2,NA,14.95%,10,43,Not Verified,Nov-11,100001502,100001502,100001502,900001502,DL501502,DL501502,MEMBER-1503,Software Engineer,Debt consolidation loan,Borrower-written description of the loan purpose.,373,https://example.com/loan/1503
1504,26240.94, 60 months,22.37%,A,A1,191168.53,16.86,RENT,TX,house,Fully Paid,2,2,1,4.53%,2,44,Not Verified,Dec-15,100001503,100001503,100001503,900001503,DL501503,DL501503,MEMBER-1504,Software Engineer,Debt consolidation loan,Borrower-written description of the loan purpose.,361,https://example.com/loan/1504
1505,30016.67, 60 months,13.05%,G,G4,153634.43,16.03,RENT,OH,car,Current,0,0,NA,56.92%,12,58,Not Verified,Aug-11,100001504,100001504,100001504,900001504,DL501504,DL501504,MEMBER-1505,Retail Associate,Debt consolidation loan,Borrower-written description of the loan purpose.,827,https://example.com/loan/1505
1506,12262.46, 60 months,5.88%,F,F5,142942.26,27.25,OTHER,TX,wedding,Fully Paid,4,2,NA,21.08%,1,39,Verified,Jul-16,100001505,100001505,100001505,900001505,DL501505,DL501505,MEMBER-1506,Retail Associate,Debt consolidation loan,Borrower-written description of the loan purpose.,539,https://example.com/loan/1506
1507,23991.91, 60 months,22.05%,F,F2,158504.05,8.52,OWN,OH,debt_consolidation,Fully Paid,0,0,2,85.04%,14,39,Source Verified,Oct-14,100001506,100001506,100001506,900001506,DL501506,DL501506,MEMBER-1507,Software Engineer,Debt consolidation loan,Borrower-written description of the loan purpose.,149,https://example.com/loan/1507
1508,25015.89, 36 months,24.04%,D,D1,32847.21,18.96,NONE,NY,house,Current,1,3,2,39.14%,4,9,Not Verified,Sep-12,100001507,100001507,100001507,900001507,DL501507,DL501507,MEMBER-1508,Driver,Debt consolidation loan,Borrower-written description of the loan purpose.,116,https://example.com/loan/1508
1509,1433.7, 36 months,13.53%,F,F2,182767.85,15.32,NONE,CA,renewable_energy,Fully Paid,3,2,0,94.3%,6,20,Verified,Jul-15,100001508,100001508,100001508,900001508,DL501508,DL501508,MEMBER-1509,Nurse,Debt consolidation loan,Borrower-written description of the loan purpose.,337,https://example.com/loan/1509
1510,15270.02, 60 months,20.32%,D,D2,182683.85,27.91,RENT,GA,major_purchase,Fully Paid,1,3,NA,70.61%,23,46,Verified,Dec-17,100001509,100001509,100001509,900001509,DL501509,DL501509,MEMBER-1510,Nurse,Debt consolidation loan,Borrower-written description of the loan purpose.,644,https://example.com/loan/1510
1511,14138.13, 60 months,8.28%,E,E2,58639.57,22.4,OWN,NC,small_business,Fully Paid,2,3,0,84.38%,18,41,Source Verified,May-12,100001510,100001510,100001510,900001510,DL501510,DL501510,MEMBER-1511,Retail Associate,Debt consolidation loan,Borrower-written description of the loan purpose.,203,https://example.com/loan/1511
1512,4368.29, 36 months,12.14%,F,F2,140417.86,13.52,OWN,PA,home_improvement,Current,2,1,0,59.17%,29,23,Verified,Sep-09,100001511,100001511,100001511,900001511,DL501511,DL501511,MEMBER-1512,Nurse,Debt consolidation loan,Borrower-written description of the loan purpose.,169,https://example.com/loan/1512
1513,901.03, 60 months,8.06%,F,F4,156438.45,1.71,RENT,IL,house,Fully Paid,0,0,NA,3.87%,5,32,Not Verified,Apr-13,100001512,100001512,100001512,900001512,DL501512,DL501512,MEMBER-1513,Software Engineer,Debt consolidation loan,Borrower-written description of the loan purpose.,502,https://example.com/loan/1513
1514,6768.49, 36 months,9.66%,D,D2,28618.16,7.83,OTHER,IL,vacation,Current,2,0,0,47.53%,1,29,Verified,Sep-09,100001513,100001513,100001513,900001513,DL501513,DL501513,MEMBER-1514,Retail Associate,Debt consolidation loan,Borrower-written description of the loan purpose.,680,https://example.com/loan/1514
1515,31406.38, 60 months,18.02%,E,E4,148585.84,5.13,OWN,PA,renewable_energy,Fully Paid,0,1,0,63.82%,19,59,Verified,Jun-10,100001514,100001514,100001514,900001514,DL501514,DL501514,MEMBER-1515,Software Engineer,Debt consolidation loan,Borrower-written description of the loan purpose.,584,https://example.com/loan/1515
1516,34375.21, 60 months,22.5%,A,A1,94925.87,24.27,MORTGAGE,NC,debt_consolidation,Fully Paid,2,1,NA,35.23%,17,11,Not Verified,Jan-18,100001515,100001515,100001515,900001515,DL501515,DL501515,MEMBER-1516,Nurse,Debt consolidation loan,Borrower-written description of the loan purpose.,402,https://example.com/loan/1516
1517,21735.47, 36 months,6.82%,E,E3,167869.53,12.19,NONE,FL,house,Fully Paid,3,3,2,29.9%,22,4,Not Verified,Sep-13,100001516,100001516,100001516,900001516,DL501516,DL501516,MEMBER-1517,Driver,Debt consolidation loan,Borrower-written description of the loan purpose.,353,https://example.com/loan/1517
1518,27464.16, 60 months,22.85%,E,E4,25255.25,22.6,MORTGAGE,CA,vacation,Fully Paid,2,1,NA,91.4%,29,53,Source Verified,Jul-08,100001517,100001517,100001517,900001517,DL501517,DL501517,MEMBER-1518,Retail Associate,Debt consolidation loan,Borrower-written description of the loan purpose.,151,https://example.com/loan/1518
1519,32876.93, 60 months,23.55%,A,A2,65115.38,13.9,OWN,IL,moving,Fully Paid,2,0,2,53.93%,22,46,Verified,Sep-09,100001518,100001518,100001518,900001518,DL501518,DL501518,MEMBER-1519,Retail Associate,Debt consolidation loan,Borrower-written description of the loan purpose.,997,https://example.com/loan/1519
1520,12117.74, 60 months,21.27%,A,A5,193137.2,16.93,NONE,CA,house,Fully Paid,1,2,0,49.54%,13,50,Not Verified,Jun-12,100001519,100001519,100001519,900001519,DL501519,DL501519,MEMBER-1520,Driver,Debt consolidation loan,Borrower-written description of the loan purpose.,844,https://example.com/loan/1520
1521,21821.07, 60 months,24.4%,G,G2,74531.8,21.63,OWN,NC,wedding,Fully Paid,4,0,0,63.07%,9,37,Not Verified,May-16,100001520,100001520,100001520,900001520,DL501520,DL501520,MEMBER-1521,Nurse,Debt consolidation loan,Borrower-written description of the loan purpose.,902,https://example.com/loan/1521
1522,8606.59, 60 months,7.32%,E,E2,83311.22,19.65,RENT,FL,educational,Current,0,3,1,75.85%,7,17,Verified,Dec-12,100001521,100001521,100001521,900001521,DL501521,DL501521,MEMBER-1522,Driver,Debt consolidation loan,Borrower-written description of the loan purpose.,278,https://example.com/loan/1522
1523,27007.68, 36 months,8.77%,A,A3,60675.71,19.4,MORTGAGE,NY,educational,Current,0,2,2,75.56%,25,57,Source Verified,Apr-09,100001522,100001522,100001522,900001522,DL501522,DL501522,MEMBER-1523,Nurse,Debt consolidation loan,Borrower-written description of the loan purpose.,901,https://example.com/loan/1523
1524,34770.41, 60 months,19.9%,C,C1,58173.48,18.58,NONE,OH,debt_consolidation,Charged Off,3,1,0,58.11%,14,4,Verified,Mar-18,100001523,100001523,100001523,900001523,DL501523,DL501523,MEMBER-1524,Nurse,Debt consolidation loan,Borrower-written description of the loan purpose.,159,https://example.com/loan/1524
1525,11466.42, 60 months,11.35%,D,D1,174498.14,13.6,MORTGAGE,OH,car,Fully Paid,0,2,NA,43.95%,9,35,Source Verified,May-13,100001524,100001524,100001524,900001524,DL501524,DL501524,MEMBER-1525,Driver,Debt consolidation loan,Borrower-written description of the loan purpose.,360,https://example.com/loan/1525
1526,19328.39, 36 months,21.32%,E,E4,76985.75,9.7,MORTGAGE,IL,educational,Current,3,2,0,99.0%,24,5,Source Verified,Aug-18,100001525,100001525,100001525,900001525,DL501525,DL501525,MEMBER-1526,Retail Associate,Debt consolidation loan,Borrower-written description of the loan purpose.,396,https://example.com/loan/1526
1527,6817.6, 36 months,10.04%,A,A4,120135.21,26.49,RENT,FL,other,Current,4,2,NA,1.31%,29,41,Verified,Mar-16,100001526,100001526,100001526,900001526,DL501526,DL501526,MEMBER-1527,Driver,Debt consolidation loan,Borrower-written description of the loan purpose.,328,https://example.com/loan/1527
1528,23022.55, 36 months,23.32%,G,G3,54018.69,19.36,RENT,NY,medical,Fully Paid,0,2,1,61.07%,5,34,Source Verified,May-14,100001527,100001527,100001527,900001527,DL501527,DL501527,MEMBER-1528,Retail Associate,Debt consolidation loan,Borrower-written description of the loan purpose.,838,https://example.com/loan/1528
1529,20045.14, 36 months,9.98%,A,A1,130961.18,21.38,MORTGAGE,OH,car,Charged Off,2,0,1,1.52%,13,26,Not Verified,May-12,100001528,100001528,100001528,900001528,DL501528,DL501528,MEMBER-1529,Software Engineer,Debt consolidation loan,Borrower-written description of the loan purpose.,627,https://example.com/loan/1529
1530,17753.79, 36 months,12.77%,C,C2,125619.53,1.03,OTHER,FL,wedding,Fully Paid,1,3,0,9.9%,13,16,Not Verified,Apr-12,100001529,100001529,100001529,900001529,DL501529,DL501529,MEMBER-1530,Software Engineer,Debt consolidation loan,Borrower-written description of the loan purpose.,308,https://example.com/loan/1530
1531,3198.68, 36 months,11.88%,B,B2,108928.2,4.66,OTHER,GA,educational,Current,4,1,NA,24.69%,3,30,Not Verified,Jan-10,100001530,100001530,100001530,900001530,DL501530,DL501530,MEMBER-1531,Retail Associate,Debt consolidation loan,Borrower-written description of the loan purpose.,644,https://example.com/loan/1531
1532,26442.37, 36 months,12.75%,A,A4,131997.25,21.54,RENT,MI,other,Fully Paid,2,0,2,21.64%,2,55,Not Verified,Oct-17,100001531,100001531,100001531,900001531,DL501531,DL501531,MEMBER-1532,Retail Associate,Debt consolidation loan,Borrower-written description of the loan purpose.,327,https://example.com/loan/1532
1533,4828.42, 36 months,10.78%,G,G3,146372.93,7.36,RENT,NC,moving,Fully Paid,0,1,NA,83.23%,5,21,Verified,Feb-16,100001532,100001532,100001532,900001532,DL501532,DL501532,MEMBER-1533,Driver,Debt consolidation loan,Borrower-written description of the loan purpose.,818,https://example.com/loan/1533
1534,11939.12, 36 months,13.96%,D,D4,135902.31,6.14,MORTGAGE,OH,home_improvement,Fully Paid,4,0,1,26.0%,15,50,Source Verified,Jun-14,100001533,100001533,100001533,900001533,DL501533,DL501533,MEMBER-1534,Retail Associate,Debt consolidation loan,Borrower-written description of the loan purpose.,526,https://example.com/loan/1534
1535,21187.45, 60 months,8.09%,A,A5,34115.8,23.47,NONE,PA,wedding,Current,3,1,NA,26.03%,20,16,Source Verified,Nov-17,100001534,100001534,100001534,900001534,DL501534,DL501534,MEMBER-1535,Driver,Debt consolidation loan,Borrower-written description of the loan purpose.,799,https://example.com/loan/1535
1536,8730.42, 36 months,14.45%,E,E4,55109.98,26.64,MORTGAGE,NY,educational,Charged Off,1,2,0,75.06%,12,14,Not Verified,Oct-16,100001535,100001535,100001535,900001535,DL501535,DL501535,MEMBER-1536,Software Engineer,Debt consolidation loan,Borrower-written description of the loan purpose.,838,https://example.com/loan/1536
1537,23597.16, 36 months,20.99%,E,E2,23928.07,1.88,RENT,FL,wedding,Fully Paid,3,0,1,32.14%,26,18,Source Verified,Jul-08,100001536,100001536,100001536,900001536,DL501536,DL501536,MEMBER-1537,Nurse,Debt consolidation loan,Borrower-written description of the loan purpose.,678,https://example.com/loan/1537
1538,10679.72, 36 months,23.14%,C,C4,107938.57,7.79,OWN,PA,medical,Current,0,3,0,93.58%,3,20,Source Verified,Dec-09,100001537,100001537,100001537,900001537,DL501537,DL501537,MEMBER-1538,Software Engineer,Debt consolidation loan,Borrower-written description of the loan purpose.,448,https://example.com/loan/1538
1539,25065.12, 60 months,16.01%,F,F1,148865.05,26.72,NONE,MI,small_business,Fully Paid,3,2,1,77.67%,4,9,Not Verified,Nov-11,100001538,100001538,100001538,900001538,DL501538,DL501538,MEMBER-1539,Retail Associate,Debt consolidation loan,Borrower-written description of the loan purpose.,430,https://example.com/loan/1539
1540,5171.51, 60 months,10.43%,F,F2,150590.35,13.89,NONE,PA,renewable_energy,Fully Paid,3,0,NA,28.53%,12,31,Source Verified,May-14,100001539,100001539,100001539,900001539,DL501539,DL501539,MEMBER-1540,Software Engineer,Debt consolidation loan,Borrower-written description of the loan purpose.,638,https://example.com/loan/1540
1541,7531.9, 60 months,10.43%,B,B3,46863.77,16.86,NONE,PA,wedding,Current,4,3,0,5.37%,18,15,Source Verified,Jul-18,100001540,100001540,100001540,900001540,DL501540,DL501540,MEMBER-1541,Driver,Debt consolidation loan,Borrower-written description of the loan purpose.,965,https://example.com/loan/1541
1542,22050.79, 60 months,12.78%,A,A5,182014.06,15.18,RENT,TX,medical,Fully Paid,4,2,2,40.21%,14,24,Verified,Nov-18,100001541,100001541,100001541,900001541,DL501541,DL501541,MEMBER-1542,Nurse,Debt consolidation loan,Borrower-written description of the loan purpose.,529,https://example.com/loan/1542
1543,868.0, 36 months,16.35%,G,G4,45512.57,4.25,OWN,IL,vacation,Fully Paid,0,1,2,82.48%,19,49,Verified,Jan-17,100001542,100001542,100001542,900001542,DL501542,DL501542,MEMBER-1543,Software Engineer,Debt consolidation loan,Borrower-written description of the loan purpose.,600,https://example.com/loan/1543
1544,29577.22, 60 months,13.83%,E,E1,141160.98,22.94,MORTGAGE,NY,vacation,Charged Off,1,1,2,39.54%,4,14,Not Verified,Feb-18,100001543,100001543,100001543,900001543,DL501543,DL501543,MEMBER-1544,Driver,Debt consolidation loan,Borrower-written description of the loan purpose.,868,https://example.com/loan/1544
1545,2205.51, 60 months,21.34%,A,A4,95665.38,10.53,MORTGAGE,MI,car,Current,0,1,2,5.12%,15,20,Source Verified,Nov-08,100001544,100001544,100001544,900001544,DL501544,DL501544,MEMBER-1545,Retail Associate,Debt consolidation loan,Borrower-written description of the loan purpose.,949,https://example.com/loan/1545
1546,28790.38, 36 months,7.81%,G,G5,69387.94,10.01,OTHER,GA,small_business,Current,4,3,1,63.72%,20,51,Source Verified,Jul-11,100001545,100001545,100001545,900001545,DL501545,DL501545,MEMBER-1546,Software Engineer,Debt consolidation loan,Borrower-written description of the loan purpose.,329,https://example.com/loan/1546
1547,30706.47, 36 months,12.72%,C,C3,31391.02,27.16,RENT,MI,other,Fully Paid,2,0,NA,91.6%,1,40,Verified,Jun-12,100001546,100001546,100001546,900001546,DL501546,DL501546,MEMBER-1547,Driver,Debt consolidation loan,Borrower-written description of the loan purpose.,613,https://example.com/loan/1547
1548,5522.54, 36 months,15.13%,D,D3,99455.46,20.57,MORTGAGE,TX,moving,Current,4,0,1,8.75%,28,28,Verified,Dec-18,100001547,100001547,100001547,900001547,DL501547,DL501547,MEMBER-1548,Nurse,Debt consolidation loan,Borrower-written description of the loan purpose.,171,https://example.com/loan/1548
1549,19827.14, 60 months,8.23%,A,A2,73636.24,3.8,OTHER,IL,other,Fully Paid,3,0,1,25.33%,20,21,Source Verified,Mar-17,100001548,100001548,100001548,900001548,DL501548,DL501548,MEMBER-1549,Software Engineer,Debt consolidation loan,Borrower-written description of the loan purpose.,801,https://example.com/loan/1549
1550,1155.28, 60 months,22.07%,E,E4,117118.96,1.85,OTHER,TX,house,Current,2,1,2,70.22%,2,24,Not Verified,Oct-10,100001549,100001549,100001549,900001549,DL501549,DL501549,MEMBER-1550,Software Engineer,Debt consolidation loan,Borrower-written description of the loan purpose.,904,https://example.com/loan/1550
1551,4936.04, 60 months,19.2%,B,B2,81825.61,9.73,RENT,MI,car,Fully Paid,2,3,0,88.89%,1,53,Verified,Oct-11,100001550,100001550,100001550,900001550,DL501550,DL501550,MEMBER-1551,Retail Associate,Debt consolidation loan,Borrower-written description of the loan purpose.,236,https://example.com/loan/1551
1552,28284.65, 60 months,24.42%,D,D1,44005.83,20.13,MORTGAGE,MI,vacation,Fully Paid,1,0,2,30.55%,27,30,Verified,Jul-10,100001551,100001551,100001551,900001551,DL501551,DL501551,MEMBER-1552,Retail Associate,Debt consolidation loan,Borrower-written description of the loan purpose.,442,https://example.com/loan/1552
1553,19778.29, 36 months,18.38%,F,F4,104606.83,11.25,MORTGAGE,PA,renewable_energy,Fully Paid,1,1,0,36.9%,8,35,Not Verified,Apr-15,100001552,100001552,100001552,900001552,DL501552,DL501552,MEMBER-1553,Software Engineer,Debt consolidation loan,Borrower-written description of the loan purpose.,275,https://example.com/loan/1553
1554,2088.87, 36 months,20.99%,A,A5,145802.98,25.16,OWN,CA,debt_consolidation,Current,3,1,1,11.06%,7,55,Not Verified,Aug-12,100001553,100001553,100001553,900001553,DL501553,DL501553,MEMBER-1554,Nurse,Debt consolidation loan,Borrower-written description of the loan purpose.,106,https://example.com/loan/1554
1555,11579.5, 60 months,8.88%,B,B4,82708.84,26.54,MORTGAGE,MI,wedding,Fully Paid,0,2,NA,47.27%,8,21,Not Verified,Nov-10,100001554,100001554,100001554,900001554,DL501554,DL501554,MEMBER-1555,Nurse,Debt consolidation loan,Borrower-written description of the loan purpose.,530,https://example.com/loan/1555
1556,28711.09, 36 months,15.26%,E,E3,177361.31,4.71,MORTGAGE,PA,debt_consolidation,Fully Paid,4,1,1,93.19%,18,50,Verified,Apr-12,100001555,100001555,100001555,900001555,DL501555,DL501555,MEMBER-1556,Retail Associate,Debt consolidation loan,Borrower-written description of the loan purpose.,793,https://example.com/loan/1556
1557,23463.71, 36 months,6.23%,E,E2,31067.05,28.69,OWN,IL,house,Fully Paid,1,3,1,35.48%,21,59,Not Verified,May-12,100001556,100001556,100001556,900001556,DL501556,DL501556,MEMBER-1557,Driver,Debt consolidation loan,Borrower-written description of the loan purpose.,581,https://example.com/loan/1557
1558,22819.7, 60 months,24.17%,D,D1,50358.47,18.7,NONE,IL,house,Charged Off,0,1,2,78.32%,11,18,Verified,Jul-13,100001557,100001557,100001557,900001557,DL501557,DL501557,MEMBER-1558,Driver,Debt consolidation loan,Borrower-written description of the loan purpose.,684,https://example.com/loan/1558
1559,11764.57, 60 months,20.18%,F,F4,24546.36,8.49,NONE,CA,credit_card,Fully Paid,2,3,NA,75.35%,20,9,Not Verified,Feb-11,100001558,100001558,100001558,900001558,DL501558,DL501558,MEMBER-1559,Nurse,Debt consolidation loan,Borrower-written description of the loan purpose.,142,https://example.com/loan/1559
1560,29200.37, 60 months,20.4%,G,G2,190870.42,24.41,MORTGAGE,GA,small_business,Fully Paid,2,0,NA,44.93%,22,36,Source Verified,Feb-12,100001559,100001559,100001559,900001559,DL501559,DL501559,MEMBER-1560,Nurse,Debt consolidation loan,Borrower-written description of the loan purpose.,143,https://example.com/loan/1560
1561,33232.02, 60 months,9.39%,F,F4,128095.53,1.98,OTHER,MI,home_improvement,Fully Paid,2,0,0,58.02%,19,27,Source Verified,Feb-14,100001560,100001560,100001560,900001560,DL501560,DL501560,MEMBER-1561,Nurse,Debt consolidation loan,Borrower-written description of the loan purpose.,435,https://example.com/loan/1561
1562,13406.12, 60 months,8.2%,E,E3,119683.69,20.91,NONE,PA,major_purchase,Fully Paid,1,2,0,45.09%,20,2,Verified,Feb-15,100001561,100001561,100001561,900001561,DL501561,DL501561,MEMBER-1562,Retail Associate,Debt consolidation loan,Borrower-written description of the loan purpose.,349,https://example.com/loan/1562
1563,17300.23, 36 months,19.66%,F,F3,113327.0,13.03,NONE,FL,renewable_energy,Fully Paid,3,1,2,52.34%,8,5,Verified,Dec-09,100001562,100001562,100001562,900001562,DL501562,DL501562,MEMBER-1563,Driver,Debt consolidation loan,Borrower-written description of the loan purpose.,458,https://example.com/loan/1563
1564,28970.47, 60 months,14.55%,A,A1,72744.2,14.57,NONE,CA,other,Fully Paid,4,0,2,32.68%,30,5,Source Verified,Feb-13,100001563,100001563,100001563,900001563,DL501563,DL501563,MEMBER-1564,Software Engineer,Debt consolidation loan,Borrower-written description of the loan purpose.,572,https://example.com/loan/1564
1565,9123.98, 60 months,15.25%,G,G1,104994.3,4.27,MORTGAGE,CA,small_business,Fully Paid,0,2,2,61.64%,4,39,Verified,Feb-15,100001564,100001564,100001564,900001564,DL501564,DL501564,MEMBER-1565,Driver,Debt consolidation loan,Borrower-written description of the loan purpose.,591,https://example.com/loan/1565
1566,20149.21, 36 months,23.79%,G,G3,197912.47,0.97,NONE,PA,house,Fully Paid,2,3,NA,56.99%,19,33,Verified,Oct-17,100001565,100001565,100001565,900001565,DL501565,DL501565,MEMBER-1566,Nurse,Debt consolidation loan,Borrower-written description of the loan purpose.,315,https://example.com/loan/1566
1567,22089.42, 60 months,18.31%,F,F2,127410.09,18.11,NONE,PA,small_business,Current,0,2,2,33.06%,22,28,Not Verified,Dec-12,100001566,100001566,100001566,900001566,DL501566,DL501566,MEMBER-1567,Driver,Debt consolidation loan,Borrower-written description of the loan purpose.,706,https://example.com/loan/1567
1568,24542.88, 36 months,24.47%,G,G5,185140.79,13.11,MORTGAGE,NY,home_improvement,Fully Paid,1,3,1,85.71%,5,38,Verified,Jan-14,100001567,100001567,100001567,900001567,DL501567,DL501567,MEMBER-1568,Software Engineer,Debt consolidation loan,Borrower-written description of the loan purpose.,431,https://example.com/loan/1568
1569,19545.28, 36 months,16.1%,C,C5,109558.22,22.35,RENT,CA,house,Current,0,0,2,69.17%,10,8,Source Verified,Apr-08,100001568,100001568,100001568,900001568,DL501568,DL501568,MEMBER-1569,Nurse,Debt consolidation loan,Borrower-written description of the loan purpose.,324,https://example.com/loan/1569
1570,28494.02, 60 months,13.66%,F,F4,194614.41,2.56,RENT,CA,small_business,Current,3,2,2,18.21%,9,13,Not Verified,Jul-17,100001569,100001569,100001569,900001569,DL501569,DL501569,MEMBER-1570,Driver,Debt consolidation loan,Borrower-written description of the loan purpose.,499,https://example.com/loan/1570
1571,4024.66, 60 months,14.31%,A,A3,158892.08,21.21,MORTGAGE,NY,vacation,Current,1,2,1,36.38%,19,59,Source Verified,Feb-13,100001570,100001570,100001570,900001570,DL501570,DL501570,MEMBER-1571,Retail Associate,Debt consolidation loan,Borrower-written description of the loan purpose.,488,https://example.com/loan/1571
1572,6681.42, 60 months,17.26%,A,A4,120307.89,3.24,RENT,OH,small_business,Fully Paid,1,2,0,80.9%,22,33,Verified,Apr-10,100001571,100001571,100001571,900001571,DL501571,DL501571,MEMBER-1572,Software Engineer,Debt consolidation loan,Borrower-written description of the loan purpose.,261,https://example.com/loan/1572
1573,22562.34, 60 months,18.82%,E,E1,170672.89,26.74,NONE,TX,medical,Current,1,3,NA,95.27%,18,23,Source Verified,Nov-16,100001572,100001572,100001572,900001572,DL501572,DL501572,MEMBER-1573,Retail Associate,Debt consolidation loan,Borrower-written description of the loan purpose.,809,https://example.com/loan/1573
1574,16467.7, 60 months,7.25%,G,G3,126212.08,28.07,OWN,MI,house,Current,2,1,NA,85.92%,30,24,Verified,Jul-17,100001573,100001573,100001573,900001573,DL501573,DL501573,MEMBER-1574,Retail Associate,Debt consolidation loan,Borrower-written description of the loan purpose.,892,https://example.com/loan/1574
1575,22460.3, 60 months,12.71%,D,D2,129890.0,25.36,OTHER,FL,vacation,Current,3,3,NA,41.8%,18,22,Not Verified,Aug-13,100001574,100001574,100001574,900001574,DL501574,DL501574,MEMBER-1575,Retail Associate,Debt consolidation loan,Borrower-written description of the loan purpose.,352,https://example.com/loan/1575
1576,7212.06, 60 months,11.17%,E,E2,199286.03,23.55,NONE,FL,wedding,Current,1,2,1,18.1%,4,2,Source Verified,Nov-08,100001575,100001575,100001575,900001575,DL501575,DL501575,MEMBER-1576,Nurse,Debt consolidation loan,Borrower-written description of the loan purpose.,652,https://example.com/loan/1576
1577,7094.08, 36 months,10.18%,G,G1,88763.82,11.97,MORTGAGE,TX,moving,Current,1,2,1,2.91%,16,31,Not Verified,Jun-16,100001576,100001576,100001576,900001576,DL501576,DL501576,MEMBER-1577,Retail Associate,Debt consolidation loan,Borrower-written description of the loan purpose.,490,https://example.com/loan/1577
1578,9121.92, 60 months,19.92%,D,D5,124976.72,17.99,OWN,CA,educational,Fully Paid,0,0,0,13.57%,20,32,Not Verified,Mar-11,100001577,100001577,100001577,900001577,DL501577,DL501577,MEMBER-1578,Driver,Debt consolidation loan,Borrower-written description of the loan purpose.,100,https://example.com/loan/1578
1579,15406.55, 60 months,23.1%,D,D3,58352.03,3.93,RENT,IL,vacation,Fully Paid,2,0,2,17.34%,13,31,Not Verified,Sep-08,100001578,100001578,100001578,900001578,DL501578,DL501578,MEMBER-1579,Nurse,Debt consolidation loan,Borrower-written description of the loan purpose.,904,https://example.com/loan/1579
1580,7421.25, 60 months,20.68%,C,C1,56683.09,10.44,OTHER,OH,medical,Current,2,0,NA,74.74%,10,35,Verified,Oct-11,100001579,100001579,100001579,900001579,DL501579,DL501579,MEMBER-1580,Nurse,Debt consolidation loan,Borrower-written description of the loan purpose.,332,https://example.com/loan/1580
1581,26481.93, 60 months,8.12%,B,B3,84482.41,8.13,OWN,PA,educational,Current,2,0,0,76.69%,14,53,Source Verified,Aug-10,100001580,100001580,100001580,900001580,DL501580,DL501580,MEMBER-1581,Driver,Debt consolidation loan,Borrower-written description of the loan purpose.,347,https://example.com/loan/1581
1582,22617.84, 36 months,5.68%,E,E2,144352.52,11.37,OWN,NC,renewable_energy,Fully Paid,1,1,1,25.63%,15,31,Source Verified,Jun-09,100001581,100001581,100001581,900001581,DL501581,DL501581,MEMBER-1582,Software Engineer,Debt consolidation loan,Borrower-written description of the loan purpose.,596,https://example.com/loan/1582
1583,9473.45, 36 months,9.74%,F,F4,191062.24,10.25,OWN,PA,medical,Fully Paid,2,1,NA,31.18%,23,11,Source Verified,May-14,100001582,100001582,100001582,900001582,DL501582,DL501582,MEMBER-1583,Driver,Debt consolidation loan,Borrower-written description of the loan purpose.,161,https://example.com/loan/1583
1584,6627.59, 60 months,9.25%,A,A2,28748.2,10.08,OWN,PA,other,Charged Off,2,2,1,86.47%,7,38,Source Verified,Jun-12,100001583,100001583,100001583,900001583,DL501583,DL501583,MEMBER-1584,Software Engineer,Debt consolidation loan,Borrower-written description of the loan purpose.,178,https://example.com/loan/1584
1585,5655.44, 36 months,7.85%,C,C1,168264.05,5.16,NONE,TX,wedding,Fully Paid,4,3,0,19.93%,21,53,Not Verified,Jun-16,100001584,100001584,100001584,900001584,DL501584,DL501584,MEMBER-1585,Software Engineer,Debt consolidation loan,Borrower-written description of the loan purpose.,601,https://example.com/loan/1585
1586,23516.28, 60 months,15.66%,A,A2,90627.84,17.98,MORTGAGE,MI,educational,Fully Paid,2,0,NA,86.01%,28,13,Source Verified,Jan-08,100001585,100001585,100001585,900001585,DL501585,DL501585,MEMBER-1586,Software Engineer,Debt consolidation loan,Borrower-written description of the loan purpose.,315,https://example.com/loan/1586
1587,21301.65, 60 months,24.29%,D,D5,50708.23,22.14,OWN,FL,major_purchase,Fully Paid,1,2,NA,71.6%,12,34,Not Verified,Dec-13,100001586,100001586,100001586,900001586,DL501586,DL501586,MEMBER-1587,Retail Associate,Debt consolidation loan,Borrower-written description of the loan purpose.,114,https://example.com/loan/1587
1588,9948.17, 60 months,12.7%,A,A5,107008.53,28.73,RENT,FL,credit_card,Current,2,1,0,17.78%,11,60,Not Verified,Mar-16,100001587,100001587,100001587,900001587,DL501587,DL501587,MEMBER-1588,Retail Associate,Debt consolidation loan,Borrower-written description of the loan purpose.,638,https://example.com/loan/1588
1589,2012.02, 36 months,10.34%,E,E5,102841.9,8.1,NONE,IL,credit_card,Fully Paid,4,0,0,71.13%,27,58,Not Verified,Aug-15,100001588,100001588,100001588,900001588,DL501588,DL501588,MEMBER-1589,Retail Associate,Debt consolidation loan,Borrower-written description of the loan purpose.,628,https://example.com/loan/1589
1590,34168.4, 36 months,24.31%,A,A2,80034.41,6.74,NONE,PA,major_purchase,Current,0,1,0,0.58%,28,54,Source Verified,Aug-12,100001589,100001589,100001589,900001589,DL501589,DL501589,MEMBER-1590,Retail Associate,Debt consolidation loan,Borrower-written description of the loan purpose.,765,https://example.com/loan/1590
1591,16993.03, 60 months,22.51%,A,A2,76658.12,22.19,NONE,MI,wedding,Fully Paid,0,0,1,22.95%,15,29,Source Verified,Jan-11,100001590,100001590,100001590,900001590,DL501590,DL501590,MEMBER-1591,Retail Associate,Debt consolidation loan,Borrower-written description of the loan purpose.,516,https://example.com/loan/1591
1592,3770.67, 36 months,6.72%,D,D3,72488.03,26.39,OTHER,CA,car,Fully Paid,0,0,0,46.02%,14,17,Not Verified,Dec-17,100001591,100001591,100001591,900001591,DL501591,DL501591,MEMBER-1592,Retail Associate,Debt consolidation loan,Borrower-written description of the loan purpose.,388,https://example.com/loan/1592
1593,18012.8, 60 months,18.56%,C,C4,41174.77,28.15,OTHER,MI,moving,Charged Off,2,1,2,40.75%,25,40,Verified,May-13,100001592,100001592,100001592,900001592,DL501592,DL501592,MEMBER-1593,Nurse,Debt consolidation loan,Borrower-written description of the loan purpose.,935,https://example.com/loan/1593
1594,10186.69, 36 months,5.63%,C,C3,85773.5,7.76,OWN,NY,vacation,Fully Paid,1,1,NA,15.96%,22,23,Verified,Nov-18,100001593,100001593,100001593,900001593,DL501593,DL501593,MEMBER-1594,Software Engineer,Debt consolidation loan,Borrower-written description of the loan purpose.,436,https://example.com/loan/1594
1595,27151.57, 36 months,17.52%,D,D5,111972.88,3.99,OWN,MI,moving,Fully Paid,1,0,1,42.81%,15,58,Source Verified,Dec-14,100001594,100001594,100001594,900001594,DL501594,DL501594,MEMBER-1595,Software Engineer,Debt consolidation loan,Borrower-written description of the loan purpose.,397,https://example.com/loan/1595
1596,28125.33, 60 months,10.89%,A,A4,130429.84,17.88,NONE,OH,small_business,Current,4,1,NA,26.14%,16,3,Not Verified,Oct-13,100001595,100001595,100001595,900001595,DL501595,DL501595,MEMBER-1596,Driver,Debt consolidation loan,Borrower-written description of the loan purpose.,595,https://example.com/loan/1596
1597,31597.11, 60 months,7.08%,F,F1,178474.1,5.17,MORTGAGE,NY,educational,Current,3,0,0,43.33%,16,11,Verified,Sep-17,100001596,100001596,100001596,900001596,DL501596,DL501596,MEMBER-1597,Software Engineer,Debt consolidation loan,Borrower-written description of the loan purpose.,415,https://example.com/loan/1597
1598,15889.1, 36 months,13.01%,G,G3,73507.53,28.76,RENT,MI,moving,Fully Paid,2,1,NA,3.63%,28,22,Not Verified,Feb-08,100001597,100001597,100001597,900001597,DL501597,DL501597,MEMBER-1598,Retail Associate,Debt consolidation loan,Borrower-written description of the loan purpose.,857,https://example.com/loan/1598
1599,22836.37, 36 months,11.89%,B,B1,43200.33,25.49,OTHER,CA,educational,Fully Paid,3,1,0,90.74%,20,6,Source Verified,Nov-08,100001598,100001598,100001598,900001598,DL501598,DL501598,MEMBER-1599,Driver,Debt consolidation loan,Borrower-written description of the loan purpose.,843,https://example.com/loan/1599
1600,25390.29, 60 months,10.17%,D,D2,171827.99,11.31,RENT,NY,debt_consolidation,Fully Paid,1,1,1,80.87%,15,60,Not Verified,Nov-10,100001599,100001599,100001599,900001599,DL501599,DL501599,MEMBER-1600,Nurse,Debt consolidation loan,Borrower-written description of the loan purpose.,343,https://example.com/loan/1600
1601,29488.88, 36 months,5.77%,C,C3,183451.17,1.59,NONE,CA,home_improvement,Current,2,2,0,53.73%,4,4,Not Verified,Jul-11,100001600,100001600,100001600,900001600,DL501600,DL501600,MEMBER-1601,Nurse,Debt consolidation loan,Borrower-written description of the loan purpose.,185,https://example.com/loan/1601
1602,25125.98, 36 months,21.9%,E,E4,143765.28,17.89,MORTGAGE,GA,car,Fully Paid,2,2,1,96.92%,23,19,Verified,Nov-08,100001601,100001601,100001601,900001601,DL501601,DL501601,MEMBER-1602,Software Engineer,Debt consolidation loan,Borrower-written description of the loan purpose.,703,https://example.com/loan/1602
1603,12700.18, 36 months,18.15%,C,C1,165358.26,3.19,OTHER,PA,vacation,Current,0,1,NA,23.81%,17,7,Not Verified,Mar-14,100001602,100001602,100001602,900001602,DL501602,DL501602,MEMBER-1603,Driver,Debt consolidation loan,Borrower-written description of the loan purpose.,917,https://example.com/loan/1603
1604,20488.16, 60 months,22.08%,B,B3,114588.66,22.7,OWN,NY,educational,Current,1,1,1,63.19%,25,2,Not Verified,Sep-09,100001603,100001603,100001603,900001603,DL501603,DL501603,MEMBER-1604,Retail Associate,Debt consolidation loan,Borrower-written description of the loan purpose.,931,https://example.com/loan/1604
1605,11436.77, 60 months,7.6%,D,D5,117838.53,22.23,RENT,NC,other,Current,3,3,NA,29.54%,20,55,Source Verified,Sep-10,100001604,100001604,100001604,900001604,DL501604,DL501604,MEMBER-1605,Driver,Debt consolidation loan,Borrower-written description of the loan purpose.,789,https://example.com/loan/1605
1606,25362.52, 60 months,9.15%,F,F1,106114.38,14.06,RENT,PA,credit_card,Current,2,3,2,68.21%,14,53,Verified,Aug-16,100001605,100001605,100001605,900001605,DL501605,DL501605,MEMBER-1606,Nurse,Debt consolidation loan,Borrower-written description of the loan purpose.,409,https://example.com/loan/1606
1607,8333.35, 36 months,18.5%,A,A2,59317.33,22.08,RENT,NC,renewable_energy,Fully Paid,3,2,2,55.49%,23,37,Not Verified,Jun-16,100001606,100001606,100001606,900001606,DL501606,DL501606,MEMBER-1607,Retail Associate,Debt consolidation loan,Borrower-written description of the loan purpose.,510,https://example.com/loan/1607
1608,7886.82, 60 months,13.29%,E,E5,45913.71,23.0,OTHER,GA,educational,Charged Off,2,0,2,25.16%,27,5,Verified,Jan-18,100001607,100001607,100001607,900001607,DL501607,DL501607,MEMBER-1608,Driver,Debt consolidation loan,Borrower-written description of the loan purpose.,147,https://example.com/loan/1608
1609,7414.91, 36 months,12.2%,E,E5,35927.98,29.09,RENT,NC,home_improvement,Fully Paid,2,2,2,37.23%,14,49,Source Verified,Oct-14,100001608,100001608,100001608,900001608,DL501608,DL501608,MEMBER-1609,Driver,Debt consolidation loan,Borrower-written description of the loan purpose.,580,https://example.com/loan/1609
1610,11151.91, 36 months,15.85%,C,C4,152462.56,6.8,RENT,NY,house,Current,0,0,2,59.47%,5,37,Verified,Jul-09,100001609,100001609,100001609,900001609,DL501609,DL501609,MEMBER-1610,Driver,Debt consolidation loan,Borrower-written description of the loan purpose.,512,https://example.com/loan/1610
1611,3842.12, 36 months,19.19%,A,A1,166516.78,8.88,RENT,TX,educational,Fully Paid,2,1,1,47.51%,16,2,Not Verified,Oct-14,100001610,100001610,100001610,900001610,DL501610,DL501610,MEMBER-1611,Software Engineer,Debt consolidation loan,Borrower-written description of the loan purpose.,672,https://example.com/loan/1611
1612,20567.04, 60 months,7.13%,C,C5,26891.95,20.01,MORTGAGE,MI,wedding,Current,4,0,1,77.68%,9,31,Verified,Jan-16,100001611,100001611,100001611,900001611,DL501611,DL501611,MEMBER-1612,Software Engineer,Debt consolidation loan,Borrower-written description of the loan purpose.,674,https://example.com/loan/1612
1613,22593.66, 36 months,16.64%,E,E2,71588.94,25.46,NONE,CA,other,Fully Paid,1,1,2,75.53%,30,36,Source Verified,Sep-11,100001612,100001612,100001612,900001612,DL501612,DL501612,MEMBER-1613,Nurse,Debt consolidation loan,Borrower-written description of the loan purpose.,478,https://example.com/loan/1613
1614,19341.67, 36 months,18.74%,F,F5,82024.48,2.62,NONE,NC,car,Fully Paid,0,1,NA,17.42%,15,31,Source Verified,Apr-12,100001613,100001613,100001613,900001613,DL501613,DL501613,MEMBER-1614,Driver,Debt consolidation loan,Borrower-written description of the loan purpose.,654,https://example.com/loan/1614
1615,11966.45, 36 months,22.67%,B,B3,62855.9,9.9,RENT,NC,car,Current,0,1,NA,71.81%,2,32,Not Verified,May-10,100001614,100001614,100001614,900001614,DL501614,DL501614,MEMBER-1615,Nurse,Debt consolidation loan,Borrower-written description of the loan purpose.,852,https://example.com/loan/1615
1616,2039.49, 60 months,6.7%,A,A5,174871.02,11.55,RENT,PA,small_business,Charged Off,0,0,1,8.68%,15,31,Not Verified,Feb-14,100001615,100001615,100001615,900001615,DL501615,DL501615,MEMBER-1616,Software Engineer,Debt consolidation loan,Borrower-written description of the loan purpose.,709,https://example.com/loan/1616
1617,23473.43, 60 months,14.08%,C,C3,167217.59,12.47,MORTGAGE,FL,wedding,Current,2,0,2,58.96%,25,49,Source Verified,Feb-09,100001616,100001616,100001616,900001616,DL501616,DL501616,MEMBER-1617,Driver,Debt consolidation loan,Borrower-written description of the loan purpose.,925,https://example.com/loan/1617
1618,30923.12, 36 months,7.46%,A,A1,139486.05,2.79,OTHER,GA,vacation,Fully Paid,0,0,NA,14.5%,7,38,Source Verified,Sep-17,100001617,100001617,100001617,900001617,DL501617,DL501617,MEMBER-1618,Software Engineer,Debt consolidation loan,Borrower-written description of the loan purpose.,339,https://example.com/loan/1618
1619,14790.03, 60 months,17.01%,C,C2,148610.26,14.6,MORTGAGE,TX,moving,Current,0,3,NA,26.62%,6,30,Source Verified,Nov-14,100001618,100001618,100001618,900001618,DL501618,DL501618,MEMBER-1619,Driver,Debt consolidation loan,Borrower-written description of the loan purpose.,656,https://example.com/loan/1619
1620,7264.71, 60 months,21.35%,A,A4,100262.52,25.73,OWN,NC,debt_consolidation,Fully Paid,1,2,1,8.61%,18,28,Verified,Feb-08,100001619,100001619,100001619,900001619,DL501619,DL501619,MEMBER-1620,Software Engineer,Debt consolidation loan,Borrower-written description of the loan purpose.,602,https://example.com/loan/1620
1621,2969.04, 60 months,14.88%,E,E5,161595.41,7.51,NONE,CA,small_business,Fully Paid,0,3,2,82.21%,10,45,Not Verified,Apr-18,100001620,100001620,100001620,900001620,DL501620,DL501620,MEMBER-1621,Retail Associate,Debt consolidation loan,Borrower-written description of the loan purpose.,687,https://example.com/loan/1621
1622,27135.28, 60 months,18.52%,F,F1,158466.27,27.28,OTHER,CA,other,Fully Paid,1,2,NA,21.23%,15,43,Source Verified,Jun-11,100001621,100001621,100001621,900001621,DL501621,DL501621,MEMBER-1622,Software Engineer,Debt consolidation loan,Borrower-written description of the loan purpose.,447,https://example.com/loan/1622
1623,26779.0, 36 months,14.32%,C,C2,39315.04,4.03,OTHER,MI,moving,Current,4,0,NA,16.56%,3,19,Source Verified,Oct-18,100001622,100001622,100001622,900001622,DL501622,DL501622,MEMBER-1623,Driver,Debt consolidation loan,Borrower-written description of the loan purpose.,579,https://example.com/loan/1623
1624,15915.75, 36 months,7.58%,G,G5,198885.74,29.24,OTHER,TX,renewable_energy,Fully Paid,2,3,1,62.83%,5,13,Verified,Nov-18,100001623,100001623,100001623,900001623,DL501623,DL501623,MEMBER-1624,Nurse,Debt consolidation loan,Borrower-written description of the loan purpose.,232,https://example.com/loan/1624
1625,28864.73, 36 months,12.72%,F,F2,185307.02,13.49,RENT,GA,other,Fully Paid,2,1,1,16.16%,29,58,Verified,Oct-15,100001624,100001624,100001624,900001624,DL501624,DL501624,MEMBER-1625,Nurse,Debt consolidation loan,Borrower-written description of the loan purpose.,793,https://example.com/loan/1625
1626,33330.02, 60 months,14.97%,D,D1,68874.34,23.87,RENT,IL,wedding,Current,4,1,1,26.45%,6,53,Not Verified,Apr-12,100001625,100001625,100001625,900001625,DL501625,DL501625,MEMBER-1626,Nurse,Debt consolidation loan,Borrower-written description of the loan purpose.,365,https://example.com/loan/1626
1627,5434.79, 36 months,6.89%,E,E4,136214.8,24.14,NONE,GA,medical,Charged Off,2,0,2,60.5%,1,50,Not Verified,Nov-16,100001626,100001626,100001626,900001626,DL501626,DL501626,MEMBER-1627,Driver,Debt consolidation loan,Borrower-written description of the loan purpose.,815,https://example.com/loan/1627
1628,16855.8, 60 months,7.89%,E,E1,63961.11,9.17,OWN,CA,wedding,Fully Paid,1,0,0,34.5%,15,16,Not Verified,Jul-12,100001627,100001627,100001627,900001627,DL501627,DL501627,MEMBER-1628,Nurse,Debt consolidation loan,Borrower-written description of the loan purpose.,431,https://example.com/loan/1628
1629,23559.9, 36 months,12.64%,A,A3,52980.33,2.34,OWN,GA,renewable_energy,Fully Paid,0,2,0,41.03%,15,2,Not Verified,Aug-14,100001628,100001628,100001628,900001628,DL501628,DL501628,MEMBER-1629,Retail Associate,Debt consolidation loan,Borrower-written description of the loan purpose.,439,https://example.com/loan/1629
1630,1843.51, 60 months,9.33%,F,F5,77303.12,2.69,OTHER,IL,debt_consolidation,Current,2,2,1,14.1%,9,44,Not Verified,Oct-17,100001629,100001629,100001629,900001629,DL501629,DL501629,MEMBER-1630,Nurse,Debt consolidation loan,Borrower-written description of the loan purpose.,438,https://example.com/loan/1630
1631,17217.11, 36 months,12.97%,D,D3,95878.93,14.49,NONE,PA,car,Charged Off,2,0,2,2.84%,18,3,Source Verified,Jul-15,100001630,100001630,100001630,900001630,DL501630,DL501630,MEMBER-1631,Retail Associate,Debt consolidation loan,Borrower-written description of the loan purpose.,367,https://example.com/loan/1631
1632,3598.24, 36 months,21.07%,C,C2,111614.21,24.85,OWN,MI,moving,Fully Paid,0,0,0,59.8%,12,10,Source Verified,Sep-08,100001631,100001631,100001631,900001631,DL501631,DL501631,MEMBER-1632,Retail Associate,Debt consolidation loan,Borrower-written description of the loan purpose.,935,https://example.com/loan/1632
1633,24117.97, 36 months,13.34%,A,A1,123045.15,21.73,OWN,CA,other,Charged Off,0,2,0,69.78%,17,13,Not Verified,Nov-16,100001632,100001632,100001632,900001632,DL501632,DL501632,MEMBER-1633,Software Engineer,Debt consolidation loan,Borrower-written description of the loan purpose.,555,https://example.com/loan/1633
1634,30851.0, 60 months,10.28%,G,G5,66358.63,8.62,RENT,GA,other,Fully Paid,0,2,2,34.41%,19,46,Source Verified,Feb-13,100001633,100001633,100001633,900001633,DL501633,DL501633,MEMBER-1634,Software Engineer,Debt consolidation loan,Borrower-written description of the loan purpose.,141,https://example.com/loan/1634
1635,5085.25, 36 months,23.65%,C,C4,134596.68,12.37,RENT,FL,major_purchase,Current,0,2,0,66.18%,4,45,Source Verified,Apr-11,100001634,100001634,100001634,900001634,DL501634,DL501634,MEMBER-1635,Driver,Debt consolidation loan,Borrower-written description of the loan purpose.,638,https://example.com/loan/1635
1636,25702.38, 60 months,22.0%,G,G5,45928.47,14.94,OTHER,TX,renewable_energy,Charged Off,2,1,0,63.94%,24,56,Source Verified,Oct-15,100001635,100001635,100001635,900001635,DL501635,DL501635,MEMBER-1636,Software Engineer,Debt consolidation loan,Borrower-written description of the loan purpose.,654,https://example.com/loan/1636
1637,25401.47, 36 months,10.03%,F,F2,79661.81,13.44,OWN,NY,wedding,Charged Off,4,1,NA,91.15%,26,44,Source Verified,Apr-13,100001636,100001636,100001636,900001636,DL501636,DL501636,MEMBER-1637,Software Engineer,Debt consolidation loan,Borrower-written description of the loan purpose.,212,https://example.com/loan/1637
1638,6958.34, 60 months,9.37%,B,B1,143988.46,15.89,RENT,MI,other,Fully Paid,2,1,2,25.25%,1,10,Verified,Aug-15,100001637,100001637,100001637,900001637,DL501637,DL501637,MEMBER-1638,Retail Associate,Debt consolidation loan,Borrower-written description of the loan purpose.,457,https://example.com/loan/1638
1639,31877.82, 36 months,15.71%,G,G5,196695.15,3.86,OWN,MI,debt_consolidation,Current,2,2,0,83.77%,10,27,Verified,Aug-13,100001638,100001638,100001638,900001638,DL501638,DL501638,MEMBER-1639,Nurse,Debt consolidation loan,Borrower-written description of the loan purpose.,647,https://example.com/loan/1639
1640,22071.59, 60 months,15.0%,B,B2,178603.31,21.9,MORTGAGE,MI,other,Charged Off,1,2,1,15.36%,25,5,Source Verified,Feb-12,100001639,100001639,100001639,900001639,DL501639,DL501639,MEMBER-1640,Driver,Debt consolidation loan,Borrower-written description of the loan purpose.,659,https://example.com/loan/1640
1641,24680.8, 36 months,22.79%,C,C1,54572.32,1.65,RENT,GA,small_business,Current,1,3,0,55.22%,24,25,Verified,Apr-17,100001640,100001640,100001640,900001640,DL501640,DL501640,MEMBER-1641,Retail Associate,Debt consolidation loan,Borrower-written description of the loan purpose.,423,https://example.com/loan/1641
1642,2543.37, 36 months,7.59%,G,G4,167067.17,8.3,RENT,NY,moving,Charged Off,3,2,1,97.2%,16,11,Source Verified,Oct-15,100001641,100001641,100001641,900001641,DL501641,DL501641,MEMBER-1642,Retail Associate,Debt consolidation loan,Borrower-written description of the loan purpose.,211,https://example.com/loan/1642
1643,18121.07, 36 months,16.17%,A,A2,59306.52,20.31,RENT,FL,car,Current,0,2,2,63.32%,1,46,Verified,Feb-16,100001642,100001642,100001642,900001642,DL501642,DL501642,MEMBER-1643,Nurse,Debt consolidation loan,Borrower-written description of the loan purpose.,175,https://example.com/loan/1643
1644,12307.23, 36 months,12.95%,E,E4,86329.65,27.2,NONE,CA,vacation,Charged Off,0,2,NA,9.7%,22,27,Verified,Feb-12,100001643,100001643,100001643,900001643,DL501643,DL501643,MEMBER-1644,Software Engineer,Debt consolidation loan,Borrower-written description of the loan purpose.,716,https://example.com/loan/1644
1645,9619.04, 36 months,9.11%,C,C1,139819.72,9.82,OTHER,CA,wedding,Charged Off,3,2,0,14.02%,16,51,Not Verified,Jun-13,100001644,100001644,100001644,900001644,DL501644,DL501644,MEMBER-1645,Nurse,Debt consolidation loan,Borrower-written description of the loan purpose.,251,https://example.com/loan/1645
1646,26267.61, 36 months,22.83%,A,A3,198890.23,1.94,MORTGAGE,MI,credit_card,Fully Paid,1,2,1,74.26%,2,17,Verified,Oct-15,100001645,100001645,100001645,900001645,DL501645,DL501645,MEMBER-1646,Nurse,Debt consolidation loan,Borrower-written description of the loan purpose.,134,https://example.com/loan/1646
1647,17664.4, 60 months,14.53%,C,C3,83455.52,16.77,OWN,NC,credit_card,Fully Paid,4,0,1,30.25%,5,39,Source Verified,Aug-17,100001646,100001646,100001646,900001646,DL501646,DL501646,MEMBER-1647,Nurse,Debt consolidation loan,Borrower-written description of the loan purpose.,821,https://example.com/loan/1647
1648,2058.97, 60 months,21.84%,G,G1,24529.35,11.94,MORTGAGE,GA,small_business,Current,1,0,NA,31.21%,18,4,Source Verified,Sep-10,100001647,100001647,100001647,900001647,DL501647,DL501647,MEMBER-1648,Driver,Debt consolidation loan,Borrower-written description of the loan purpose.,968,https://example.com/loan/1648
1649,29157.29, 36 months,7.74%,A,A3,103420.42,21.83,NONE,PA,debt_consolidation,Fully Paid,2,0,0,67.49%,1,51,Not Verified,Feb-09,100001648,100001648,100001648,900001648,DL501648,DL501648,MEMBER-1649,Retail Associate,Debt consolidation loan,Borrower-written description of the loan purpose.,601,https://example.com/loan/1649
1650,11374.55, 36 months,7.0%,B,B1,80582.09,8.69,MORTGAGE,GA,renewable_energy,Fully Paid,1,3,0,85.34%,9,32,Not Verified,May-12,100001649,100001649,100001649,900001649,DL501649,DL501649,MEMBER-1650,Software Engineer,Debt consolidation loan,Borrower-written description of the loan purpose.,683,https://example.com/loan/1650
1651,34435.34, 60 months,19.09%,B,B3,34019.15,25.05,OTHER,CA,vacation,Charged Off,1,1,1,87.55%,30,17,Source Verified,Jan-09,100001650,100001650,100001650,900001650,DL501650,DL501650,MEMBER-1651,Driver,Debt consolidation loan,Borrower-written description of the loan purpose.,290,https://example.com/loan/1651
1652,20422.25, 60 months,20.17%,F,F5,89164.36,1.38,NONE,NY,vacation,Fully Paid,3,3,NA,93.47%,14,4,Source Verified,Dec-17,100001651,100001651,100001651,900001651,DL501651,DL501651,MEMBER-1652,Driver,Debt consolidation loan,Borrower-written description of the loan purpose.,979,https://example.com/loan/1652
1653,4113.49, 36 months,6.91%,G,G3,72780.98,13.68,NONE,FL,vacation,Current,4,0,1,27.8%,6,43,Not Verified,Jul-12,100001652,100001652,100001652,900001652,DL501652,DL501652,MEMBER-1653,Nurse,Debt consolidation loan,Borrower-written description of the loan purpose.,882,https://example.com/loan/1653
1654,9089.67, 60 months,13.66%,C,C1,47463.78,13.05,OWN,OH,medical,Fully Paid,1,2,2,26.76%,9,30,Not Verified,Jan-16,100001653,100001653,100001653,900001653,DL501653,DL501653,MEMBER-1654,Driver,Debt consolidation loan,Borrower-written description of the loan purpose.,389,https://example.com/loan/1654
1655,6176.78, 60 months,18.84%,D,D3,157027.33,8.68,OTHER,PA,debt_consolidation,Charged Off,0,0,NA,2.42%,26,23,Not Verified,Dec-16,100001654,100001654,100001654,900001654,DL501654,DL501654,MEMBER-1655,Driver,Debt consolidation loan,Borrower-written description of the loan purpose.,594,https://example.com/loan/1655
1656,12441.22, 60 months,19.11%,B,B3,80374.92,14.74,NONE,GA,debt_consolidation,Fully Paid,0,0,2,12.15%,19,14,Verified,Feb-16,100001655,100001655,100001655,900001655,DL501655,DL501655,MEMBER-1656,Driver,Debt consolidation loan,Borrower-written description of the loan purpose.,554,https://example.com/loan/1656
1657,15797.69, 60 months,13.95%,E,E4,161829.31,10.55,OTHER,MI,credit_card,Fully Paid,4,0,1,34.34%,8,44,Not Verified,Apr-13,100001656,100001656,100001656,900001656,DL501656,DL501656,MEMBER-1657,Nurse,Debt consolidation loan,Borrower-written description of the loan purpose.,721,https://example.com/loan/1657
1658,3051.1, 60 months,16.08%,E,E4,45158.14,20.06,NONE,NY,small_business,Charged Off,4,1,0,99.2%,1,4,Not Verified,Oct-10,100001657,100001657,100001657,900001657,DL501657,DL501657,MEMBER-1658,Software Engineer,Debt consolidation loan,Borrower-written description of the loan purpose.,952,https://example.com/loan/1658
1659,11615.14, 60 months,18.97%,C,C4,105770.52,11.42,MORTGAGE,PA,other,Fully Paid,0,0,2,53.89%,30,6,Source Verified,Jan-14,100001658,100001658,100001658,900001658,DL501658,DL501658,MEMBER-1659,Retail Associate,Debt consolidation loan,Borrower-written description of the loan purpose.,937,https://example.com/loan/1659
1660,28528.32, 60 months,23.23%,F,F3,143481.74,10.07,RENT,GA,wedding,Fully Paid,4,1,1,45.95%,7,3,Verified,Jun-09,100001659,100001659,100001659,900001659,DL501659,DL501659,MEMBER-1660,Software Engineer,Debt consolidation loan,Borrower-written description of the loan purpose.,680,https://example.com/loan/1660
1661,22743.2, 60 months,10.26%,D,D2,151646.78,11.41,NONE,FL,renewable_energy,Fully Paid,3,1,NA,68.54%,3,45,Verified,May-10,100001660,100001660,100001660,900001660,DL501660,DL501660,MEMBER-1661,Nurse,Debt consolidation loan,Borrower-written description of the loan purpose.,784,https://example.com/loan/1661
1662,30269.92, 60 months,20.26%,G,G3,87026.47,24.29,OWN,IL,renewable_energy,Fully Paid,0,1,NA,25.91%,3,22,Verified,Sep-14,100001661,100001661,100001661,900001661,DL501661,DL501661,MEMBER-1662,Driver,Debt consolidation loan,Borrower-written description of the loan purpose.,920,https://example.com/loan/1662
1663,10486.18, 36 months,12.45%,F,F4,199542.03,10.87,RENT,PA,house,Current,0,2,2,37.52%,26,13,Source Verified,Jun-13,100001662,100001662,100001662,900001662,DL501662,DL501662,MEMBER-1663,Software Engineer,Debt consolidation loan,Borrower-written description of the loan purpose.,668,https://example.com/loan/1663
1664,3317.5, 60 months,24.43%,D,D1,194174.12,13.3,OTHER,NC,car,Fully Paid,3,1,2,81.53%,6,55,Source Verified,Nov-17,100001663,100001663,100001663,900001663,DL501663,DL501663,MEMBER-1664,Nurse,Debt consolidation loan,Borrower-written description of the loan purpose.,405,https://example.com/loan/1664
1665,26984.02, 36 months,15.41%,A,A3,189138.98,8.08,RENT,OH,debt_consolidation,Fully Paid,0,0,NA,32.3%,5,18,Not Verified,Jul-16,100001664,100001664,100001664,900001664,DL501664,DL501664,MEMBER-1665,Nurse,Debt consolidation loan,Borrower-written description of the loan purpose.,162,https://example.com/loan/1665
1666,29236.56, 36 months,17.28%,G,G5,103962.54,9.77,OTHER,NY,other,Current,2,1,2,26.11%,12,8,Source Verified,Jun-10,100001665,100001665,100001665,900001665,DL501665,DL501665,MEMBER-1666,Driver,Debt consolidation loan,Borrower-written description of the loan purpose.,493,https://example.com/loan/1666
1667,5667.68, 60 months,18.68%,C,C4,134743.79,22.4,RENT,PA,wedding,Current,2,2,2,57.82%,9,22,Verified,Mar-09,100001666,100001666,100001666,900001666,DL501666,DL501666,MEMBER-1667,Driver,Debt consolidation loan,Borrower-written description of the loan purpose.,590,https://example.com/loan/1667
1668,9555.46, 36 months,20.64%,G,G4,42884.76,19.61,OTHER,OH,renewable_energy,Current,2,3,1,75.19%,8,54,Verified,Aug-08,100001667,100001667,100001667,900001667,DL501667,DL501667,MEMBER-1668,Retail Associate,Debt consolidation loan,Borrower-written description of the loan purpose.,388,https://example.com/loan/1668
1669,6728.42, 60 months,17.68%,G,G4,119839.03,25.91,OTHER,NY,credit_card,Current,0,1,1,33.26%,27,51,Source Verified,Apr-12,100001668,100001668,100001668,900001668,DL501668,DL501668,MEMBER-1669,Software Engineer,Debt consolidation loan,Borrower-written description of the loan purpose.,733,https://example.com/loan/1669
1670,27415.27, 60 months,23.73%,D,D4,44533.36,10.12,MORTGAGE,CA,vacation,Fully Paid,4,3,0,5.97%,28,25,Verified,Dec-09,100001669,100001669,100001669,900001669,DL501669,DL501669,MEMBER-1670,Driver,Debt consolidation loan,Borrower-written description of the loan purpose.,391,https://example.com/loan/1670
1671,2470.44, 60 months,6.79%,B,B1,109129.12,8.62,MORTGAGE,IL,house,Current,2,2,1,20.17%,28,37,Not Verified,Jun-08,100001670,100001670,100001670,900001670,DL501670,DL501670,MEMBER-1671,Retail Associate,Debt consolidation loan,Borrower-written description of the loan purpose.,555,https://example.com/loan/1671
1672,26029.6, 36 months,21.57%,B,B1,105761.08,29.2,OTHER,NC,credit_card,Fully Paid,4,3,NA,53.95%,24,18,Source Verified,Oct-09,100001671,100001671,100001671,900001671,DL501671,DL501671,MEMBER-1672,Driver,Debt consolidation loan,Borrower-written description of the loan purpose.,284,https://example.com/loan/1672
1673,23756.78, 60 months,8.57%,D,D3,132797.09,7.39,NONE,GA,credit_card,Current,3,0,1,60.36%,1,13,Verified,Sep-13,100001672,100001672,100001672,900001672,DL501672,DL501672,MEMBER-1673,Software Engineer,Debt consolidation loan,Borrower-written description of the loan purpose.,405,https://example.com/loan/1673
1674,24566.03, 60 months,21.36%,A,A3,64555.93,11.36,OWN,MI,car,Current,2,2,NA,32.76%,2,33,Not Verified,Jun-14,100001673,100001673,100001673,900001673,DL501673,DL501673,MEMBER-1674,Software Engineer,Debt consolidation loan,Borrower-written description of the loan purpose.,656,https://example.com/loan/1674
1675,21894.54, 60 months,5.45%,D,D4,172355.99,2.57,OTHER,TX,educational,Current,1,2,NA,75.99%,29,48,Verified,Apr-08,100001674,100001674,100001674,900001674,DL501674,DL501674,MEMBER-1675,Driver,Debt consolidation loan,Borrower-written description of the loan purpose.,918,https://example.com/loan/1675
1676,15068.39, 60 months,21.24%,D,D4,194506.01,3.48,OTHER,GA,debt_consolidation,Current,2,3,NA,64.44%,30,4,Source Verified,Sep-13,100001675,100001675,100001675,900001675,DL501675,DL501675,MEMBER-1676,Retail Associate,Debt consolidation loan,Borrower-written description of the loan purpose.,781,https://example.com/loan/1676
1677,3597.55, 36 months,23.31%,C,C4,83714.98,8.64,OWN,TX,small_business,Current,2,0,NA,2.56%,28,44,Source Verified,Feb-13,100001676,100001676,100001676,900001676,DL501676,DL501676,MEMBER-1677,Software Engineer,Debt consolidation loan,Borrower-written description of the loan purpose.,204,https://example.com/loan/1677
1678,6887.55, 60 months,5.59%,A,A3,152137.05,26.24,OTHER,MI,vacation,Charged Off,4,0,NA,92.79%,23,22,Not Verified,Jun-12,100001677,100001677,100001677,900001677,DL501677,DL501677,MEMBER-1678,Nurse,Debt consolidation loan,Borrower-written description of the loan purpose.,625,https://example.com/loan/1678
1679,12777.33, 36 months,9.65%,B,B2,23380.27,5.49,MORTGAGE,NC,car,Fully Paid,0,0,1,57.26%,8,42,Verified,Sep-13,100001678,100001678,100001678,900001678,DL501678,DL501678,MEMBER-1679,Nurse,Debt consolidation loan,Borrower-written description of the loan purpose.,264,https://example.com/loan/1679
1680,12008.95, 60 months,17.09%,B,B2,184080.37,1.15,MORTGAGE,FL,moving,Current,0,1,2,31.33%,17,60,Verified,May-11,100001679,100001679,100001679,900001679,DL501679,DL501679,MEMBER-1680,Retail Associate,Debt consolidation loan,Borrower-written description of the loan purpose.,851,https://example.com/loan/1680
1681,32944.98, 36 months,16.25%,A,A3,168814.24,15.94,RENT,TX,educational,Fully Paid,3,3,0,4.3%,5,52,Source Verified,Mar-13,100001680,100001680,100001680,900001680,DL501680,DL501680,MEMBER-1681,Retail Associate,Debt consolidation loan,Borrower-written description of the loan purpose.,475,https://example.com/loan/1681
1682,2956.93, 60 months,21.63%,F,F1,103623.03,12.91,RENT,CA,other,Fully Paid,4,3,0,40.16%,21,10,Verified,Dec-12,100001681,100001681,100001681,900001681,DL501681,DL501681,MEMBER-1682,Retail Associate,Debt consolidation loan,Borrower-written description of the loan purpose.,364,https://example.com/loan/1682
1683,8249.87, 36 months,16.1%,D,D5,171985.75,16.02,OWN,NY,car,Fully Paid,0,0,NA,20.08%,11,42,Verified,Apr-09,100001682,100001682,100001682,900001682,DL501682,DL501682,MEMBER-1683,Nurse,Debt consolidation loan,Borrower-written description of the loan purpose.,851,https://example.com/loan/1683
1684,34759.94, 60 months,11.06%,A,A4,104216.3,8.68,OWN,CA,debt_consolidation,Current,3,0,NA,2.35%,3,36,Verified,Nov-08,100001683,100001683,100001683,900001683,DL501683,DL501683,MEMBER-1684,Software Engineer,Debt consolidation loan,Borrower-written description of the loan purpose.,963,https://example.com/loan/1684
1685,7026.05, 60 months,16.12%,D,D1,170217.63,19.06,RENT,TX,home_improvement,Charged Off,2,1,1,19.57%,12,13,Source Verified,Oct-12,100001684,100001684,100001684,900001684,DL501684,DL501684,MEMBER-1685,Driver,Debt consolidation loan,Borrower-written description of the loan purpose.,492,https://example.com/loan/1685
1686,31264.95, 60 months,17.15%,G,G4,32368.43,3.68,NONE,PA,credit_card,Current,1,3,NA,88.7%,12,41,Source Verified,Jun-12,100001685,100001685,100001685,900001685,DL501685,DL501685,MEMBER-1686,Nurse,Debt consolidation loan,Borrower-written description of the loan purpose.,398,https://example.com/loan/1686
1687,3085.46, 36 months,5.61%,D,D2,122728.42,14.79,NONE,CA,house,Fully Paid,1,3,NA,67.45%,3,54,Source Verified,Sep-11,100001686,100001686,100001686,900001686,DL501686,DL501686,MEMBER-1687,Retail Associate,Debt consolidation loan,Borrower-written description of the loan purpose.,528,https://example.com/loan/1687
1688,11337.9, 36 months,16.83%,A,A5,37829.52,20.21,OTHER,NY,medical,Charged Off,0,2,NA,38.91%,4,3,Not Verified,Dec-11,100001687,100001687,100001687,900001687,DL501687,DL501687,MEMBER-1688,Retail Associate,Debt consolidation loan,Borrower-written description of the loan purpose.,775,https://example.com/loan/1688
1689,33867.63, 36 months,8.47%,A,A3,128039.73,16.89,NONE,FL,medical,Current,1,3,1,54.88%,22,11,Source Verified,Jul-16,100001688,100001688,100001688,900001688,DL501688,DL501688,MEMBER-1689,Software Engineer,Debt consolidation loan,Borrower-written description of the loan purpose.,450,https://example.com/loan/1689
1690,3616.33, 60 months,13.92%,A,A4,184620.33,3.81,OWN,PA,moving,Current,4,2,NA,79.71%,4,45,Source Verified,Nov-15,100001689,100001689,100001689,900001689,DL501689,DL501689,MEMBER-1690,Retail Associate,Debt consolidation loan,Borrower-written description of the loan purpose.,638,https://example.com/loan/1690
1691,2787.49, 36 months,11.99%,A,A4,72544.59,29.4,MORTGAGE,NC,debt_consolidation,Current,1,0,NA,15.8%,11,42,Not Verified,Oct-09,100001690,100001690,100001690,900001690,DL501690,DL501690,MEMBER-1691,Driver,Debt consolidation loan,Borrower-written description of the loan purpose.,196,https://example.com/loan/1691
1692,31125.2, 60 months,6.78%,F,F4,126171.93,4.66,RENT,OH,renewable_energy,Fully Paid,4,0,NA,94.47%,28,5,Not Verified,Sep-09,100001691,100001691,100001691,900001691,DL501691,DL501691,MEMBER-1692,Retail Associate,Debt consolidation loan,Borrower-written description of the loan purpose.,586,https://example.com/loan/1692
1693,22689.51, 36 months,19.29%,B,B1,60736.67,19.13,MORTGAGE,FL,credit_card,Fully Paid,2,3,2,98.54%,8,23,Verified,Sep-18,100001692,100001692,100001692,900001692,DL501692,DL501692,MEMBER-1693,Nurse,Debt consolidation loan,Borrower-written description of the loan purpose.,459,https://example.com/loan/1693
1694,16033.81, 60 months,13.17%,E,E2,193214.88,1.91,RENT,MI,small_business,Fully Paid,0,1,2,97.16%,8,14,Source Verified,Oct-10,100001693,100001693,100001693,900001693,DL501693,DL501693,MEMBER-1694,Retail Associate,Debt consolidation loan,Borrower-written description of the loan purpose.,123,https://example.com/loan/1694
1695,3465.53, 60 months,11.58%,F,F3,167775.16,15.73,RENT,TX,car,Fully Paid,2,2,2,11.08%,7,14,Verified,Jul-15,100001694,100001694,100001694,900001694,DL501694,DL501694,MEMBER-1695,Retail Associate,Debt consolidation loan,Borrower-written description of the loan purpose.,230,https://example.com/loan/1695
1696,22285.61, 36 months,17.38%,F,F1,77796.04,20.55,OWN,TX,home_improvement,Fully Paid,3,2,0,32.37%,11,30,Verified,Dec-12,100001695,100001695,100001695,900001695,DL501695,DL501695,MEMBER-1696,Driver,Debt consolidation loan,Borrower-written description of the loan purpose.,693,https://example.com/loan/1696
1697,13778.4, 36 months,17.16%,E,E1,180966.56,21.55,MORTGAGE,PA,renewable_energy,Current,4,2,1,49.84%,26,52,Not Verified,May-16,100001696,100001696,100001696,900001696,DL501696,DL501696,MEMBER-1697,Retail Associate,Debt consolidation loan,Borrower-written description of the loan purpose.,851,https://example.com/loan/1697
1698,13644.95, 36 months,19.69%,B,B3,187224.9,16.95,RENT,PA,other,Fully Paid,4,1,NA,99.38%,21,29,Source Verified,Mar-15,100001697,100001697,100001697,900001697,DL501697,DL501697,MEMBER-1698,Software Engineer,Debt consolidation loan,Borrower-written description of the loan purpose.,363,https://example.com/loan/1698
1699,25206.71, 36 months,18.05%,D,D2,81345.97,7.21,OWN,GA,other,Current,2,1,2,56.27%,24,26,Source Verified,Mar-16,100001698,100001698,100001698,900001698,DL501698,DL501698,MEMBER-1699,Nurse,Debt consolidation loan,Borrower-written description of the loan purpose.,206,https://example.com/loan/1699
1700,7051.4, 36 months,15.19%,A,A1,105743.43,10.27,OWN,FL,small_business,Fully Paid,0,3,NA,45.44%,26,27,Not Verified,Feb-16,100001699,100001699,100001699,900001699,DL501699,DL501699,MEMBER-1700,Software Engineer,Debt consolidation loan,Borrower-written description of the loan purpose.,239,https://example.com/loan/1700
1701,13778.51, 36 months,18.06%,B,B4,190915.63,24.35,OWN,PA,medical,Fully Paid,2,0,0,16.2%,25,40,Source Verified,Sep-11,100001700,100001700,100001700,900001700,DL501700,DL501700,MEMBER-1701,Driver,Debt consolidation loan,Borrower-written description of the loan purpose.,377,https://example.com/loan/1701
1702,6803.96, 60 months,24.48%,F,F3,93982.4,28.36,MORTGAGE,FL,home_improvement,Fully Paid,4,3,NA,49.92%,28,33,Verified,Dec-12,100001701,100001701,100001701,900001701,DL501701,DL501701,MEMBER-1702,Retail Associate,Debt consolidation loan,Borrower-written description of the loan purpose.,873,https://example.com/loan/1702
1703,14476.05, 36 months,24.0%,B,B1,152870.98,11.07,OWN,CA,wedding,Current,1,2,NA,48.04%,5,3,Verified,Sep-15,100001702,100001702,100001702,900001702,DL501702,DL501702,MEMBER-1703,Retail Associate,Debt consolidation loan,Borrower-written description of the loan purpose.,606,https://example.com/loan/1703
1704,17139.05, 60 months,17.52%,F,F2,150457.8,1.02,OWN,IL,home_improvement,Current,1,2,1,86.3%,3,13,Source Verified,Nov-18,100001703,100001703,100001703,900001703,DL501703,DL501703,MEMBER-1704,Retail Associate,Debt consolidation loan,Borrower-written description of the loan purpose.,380,https://example.com/loan/1704
1705,33767.89, 60 months,18.07%,G,G2,197192.72,14.35,OWN,PA,vacation,Current,1,0,2,53.41%,2,19,Not Verified,May-13,100001704,100001704,100001704,900001704,DL501704,DL501704,MEMBER-1705,Retail Associate,Debt consolidation loan,Borrower-written description of the loan purpose.,986,https://example.com/loan/1705
1706,34600.9, 60 months,8.57%,E,E4,58892.1,22.87,MORTGAGE,GA,other,Current,4,1,NA,52.64%,5,58,Source Verified,Aug-18,100001705,100001705,100001705,900001705,DL501705,DL501705,MEMBER-1706,Software Engineer,Debt consolidation loan,Borrower-written description of the loan purpose.,743,https://example.com/loan/1706
1707,14568.53, 60 months,14.15%,C,C4,62183.9,26.34,RENT,NY,vacation,Charged Off,4,0,1,41.79%,15,17,Verified,Dec-13,100001706,100001706,100001706,900001706,DL501706,DL501706,MEMBER-1707,Nurse,Debt consolidation loan,Borrower-written description of the loan purpose.,784,https://example.com/loan/1707
1708,32519.02, 36 months,7.45%,D,D4,113114.81,5.12,MORTGAGE,PA,renewable_energy,Fully Paid,0,2,2,36.95%,27,51,Not Verified,Dec-17,100001707,100001707,100001707,900001707,DL501707,DL501707,MEMBER-1708,Software Engineer,Debt consolidation loan,Borrower-written description of the loan purpose.,960,https://example.com/loan/1708
1709,8597.24, 60 months,7.76%,B,B1,103311.79,12.83,RENT,TX,vacation,Current,3,2,1,35.96%,4,57,Source Verified,Feb-09,100001708,100001708,100001708,900001708,DL501708,DL501708,MEMBER-1709,Retail Associate,Debt consolidation loan,Borrower-written description of the loan purpose.,447,https://example.com/loan/1709
1710,25680.9, 36 months,6.39%,F,F5,155537.84,4.42,OWN,OH,other,Current,4,0,NA,27.57%,1,21,Verified,Sep-09,100001709,100001709,100001709,900001709,DL501709,DL501709,MEMBER-1710,Retail Associate,Debt consolidation loan,Borrower-written description of the loan purpose.,850,https://example.com/loan/1710
1711,31871.93, 36 months,21.57%,E,E3,51830.62,7.07,OWN,IL,other,Current,3,2,0,86.74%,11,60,Not Verified,Sep-16,100001710,100001710,100001710,900001710,DL501710,DL501710,MEMBER-1711,Retail Associate,Debt consolidation loan,Borrower-written description of the loan purpose.,801,https://example.com/loan/1711
1712,25314.05, 36 months,22.5%,A,A3,180842.42,24.12,NONE,FL,small_business,Current,4,3,1,98.68%,22,50,Verified,Feb-14,100001711,100001711,100001711,900001711,DL501711,DL501711,MEMBER-1712,Software Engineer,Debt consolidation loan,Borrower-written description of the loan purpose.,830,https://example.com/loan/1712
1713,693.9, 36 months,8.16%,D,D5,150456.25,22.96,MORTGAGE,IL,credit_card,Current,0,1,1,46.61%,7,46,Source Verified,Nov-11,100001712,100001712,100001712,900001712,DL501712,DL501712,MEMBER-1713,Driver,Debt consolidation loan,Borrower-written description of the loan purpose.,184,https://example.com/loan/1713
1714,30024.0, 60 months,10.77%,E,E5,114732.56,24.07,OWN,OH,car,Current,1,2,1,64.97%,8,6,Source Verified,Jun-12,100001713,100001713,100001713,900001713,DL501713,DL501713,MEMBER-1714,Software Engineer,Debt consolidation loan,Borrower-written description of the loan purpose.,948,https://example.com/loan/1714
1715,10126.78, 60 months,14.01%,D,D3,139516.16,29.93,OWN,IL,car,Charged Off,4,2,NA,19.18%,8,49,Verified,Feb-09,100001714,100001714,100001714,900001714,DL501714,DL501714,MEMBER-1715,Driver,Debt consolidation loan,Borrower-written description of the loan purpose.,619,https://example.com/loan/1715
1716,18619.75, 60 months,14.86%,F,F1,25537.33,8.54,OTHER,FL,vacation,Fully Paid,2,2,1,1.66%,1,54,Not Verified,Jan-17,100001715,100001715,100001715,900001715,DL501715,DL501715,MEMBER-1716,Retail Associate,Debt consolidation loan,Borrower-written description of the loan purpose.,868,https://example.com/loan/1716
1717,11869.17, 36 months,18.06%,E,E1,60663.36,1.07,MORTGAGE,PA,wedding,Fully Paid,3,0,2,20.14%,10,54,Verified,Oct-08,100001716,100001716,100001716,900001716,DL501716,DL501716,MEMBER-1717,Retail Associate,Debt consolidation loan,Borrower-written description of the loan purpose.,442,https://example.com/loan/1717
1718,31828.24, 60 months,11.82%,D,D3,38457.39,11.85,RENT,MI,other,Current,4,3,0,26.31%,21,60,Not Verified,Jul-11,100001717,100001717,100001717,900001717,DL501717,DL501717,MEMBER-1718,Driver,Debt consolidation loan,Borrower-written description of the loan purpose.,289,https://example.com/loan/1718
1719,8861.49, 36 months,18.38%,B,B4,82720.05,17.43,MORTGAGE,NY,house,Fully Paid,2,1,NA,14.9%,19,29,Source Verified,Aug-15,100001718,100001718,100001718,900001718,DL501718,DL501718,MEMBER-1719,Retail Associate,Debt consolidation loan,Borrower-written description of the loan purpose.,513,https://example.com/loan/1719
1720,20795.35, 60 months,5.62%,F,F2,186508.59,1.31,NONE,NC,other,Charged Off,1,0,1,12.25%,15,51,Source Verified,Aug-12,100001719,100001719,100001719,900001719,DL501719,DL501719,MEMBER-1720,Software Engineer,Debt consolidation loan,Borrower-written description of the loan purpose.,181,https://example.com/loan/1720
1721,2944.26, 60 months,18.91%,E,E2,28662.01,5.45,NONE,PA,debt_consolidation,Charged Off,2,0,0,50.4%,12,54,Verified,Jun-11,100001720,100001720,100001720,900001720,DL501720,DL501720,MEMBER-1721,Software Engineer,Debt consolidation loan,Borrower-written description of the loan purpose.,550,https://example.com/loan/1721
1722,17604.85, 36 months,13.98%,C,C2,22998.88,24.33,OTHER,FL,debt_consolidation,Current,1,2,1,27.25%,17,55,Verified,Aug-11,100001721,100001721,100001721,900001721,DL501721,DL501721,MEMBER-1722,Retail Associate,Debt consolidation loan,Borrower-written description of the loan purpose.,851,https://example.com/loan/1722
1723,30074.37, 60 months,20.77%,G,G1,94850.5,27.68,OWN,OH,moving,Fully Paid,3,2,2,23.07%,9,22,Not Verified,Oct-18,100001722,100001722,100001722,900001722,DL501722,DL501722,MEMBER-1723,Nurse,Debt consolidation loan,Borrower-written description of the loan purpose.,937,https://example.com/loan/1723
1724,7227.86, 60 months,9.51%,A,A4,148765.01,7.91,OTHER,TX,major_purchase,Current,4,0,1,21.79%,22,49,Not Verified,Jul-12,100001723,100001723,100001723,900001723,DL501723,DL501723,MEMBER-1724,Retail Associate,Debt consolidation loan,Borrower-written description of the loan purpose.,477,https://example.com/loan/1724
1725,31042.26, 36 months,24.05%,A,A2,100669.84,20.79,RENT,IL,renewable_energy,Fully Paid,1,3,1,49.21%,19,16,Source Verified,Aug-14,100001724,100001724,100001724,900001724,DL501724,DL501724,MEMBER-1725,Driver,Debt consolidation loan,Borrower-written description of the loan purpose.,611,https://example.com/loan/1725
1726,22405.44, 36 months,19.05%,E,E3,159229.53,26.54,OWN,FL,credit_card,Current,3,1,1,82.48%,2,13,Source Verified,May-15,100001725,100001725,100001725,900001725,DL501725,DL501725,MEMBER-1726,Nurse,Debt consolidation loan,Borrower-written description of the loan purpose.,942,https://example.com/loan/1726
1727,16093.55, 36 months,17.07%,D,D1,192892.86,9.18,OWN,IL,medical,Fully Paid,0,2,2,27.41%,30,3,Verified,Dec-12,100001726,100001726,100001726,900001726,DL501726,DL501726,MEMBER-1727,Software Engineer,Debt consolidation loan,Borrower-written description of the loan purpose.,510,https://example.com/loan/1727
1728,10493.7, 36 months,16.32%,G,G3,114216.56,29.52,MORTGAGE,FL,home_improvement,Charged Off,4,1,NA,40.7%,2,40,Source Verified,Nov-16,100001727,100001727,100001727,900001727,DL501727,DL501727,MEMBER-1728,Nurse,Debt consolidation loan,Borrower-written description of the loan purpose.,247,https://example.com/loan/1728
1729,10979.43, 60 months,12.25%,F,F4,111959.3,7.89,NONE,GA,other,Current,4,1,NA,7.47%,7,5,Verified,Jul-08,100001728,100001728,100001728,900001728,DL501728,DL501728,MEMBER-1729,Nurse,Debt consolidation loan,Borrower-written description of the loan purpose.,221,https://example.com/loan/1729
1730,7761.18, 60 months,12.81%,F,F5,103764.26,23.34,NONE,MI,home_improvement,Charged Off,1,2,NA,70.64%,3,41,Not Verified,Dec-16,100001729,100001729,100001729,900001729,DL501729,DL501729,MEMBER-1730,Retail Associate,Debt consolidation loan,Borrower-written description of the loan purpose.,671,https://example.com/loan/1730
1731,11394.85, 36 months,19.68%,A,A5,195591.43,20.55,OTHER,OH,car,Current,2,2,1,0.26%,26,39,Not Verified,Oct-10,100001730,100001730,100001730,900001730,DL501730,DL501730,MEMBER-1731,Retail Associate,Debt consolidation loan,Borrower-written description of the loan purpose.,329,https://example.com/loan/1731
1732,9417.69, 36 months,5.92%,D,D5,100186.09,29.65,OWN,NY,credit_card,Current,3,2,0,4.39%,11,6,Not Verified,Aug-11,100001731,100001731,100001731,900001731,DL501731,DL501731,MEMBER-1732,Nurse,Debt consolidation loan,Borrower-written description of the loan purpose.,718,https://example.com/loan/1732
1733,32207.23, 60 months,20.91%,A,A3,135643.51,10.04,OWN,PA,wedding,Fully Paid,0,1,2,50.69%,20,55,Source Verified,Mar-09,100001732,100001732,100001732,900001732,DL501732,DL501732,MEMBER-1733,Retail Associate,Debt consolidation loan,Borrower-written description of the loan purpose.,377,https://example.com/loan/1733
1734,13520.01, 60 months,17.0%,G,G1,56277.09,3.8,OWN,FL,educational,Fully Paid,4,1,2,45.64%,5,48,Source Verified,May-14,100001733,100001733,100001733,900001733,DL501733,DL501733,MEMBER-1734,Retail Associate,Debt consolidation loan,Borrower-written description of the loan purpose.,648,https://example.com/loan/1734
1735,17014.51, 36 months,18.58%,E,E5,138480.27,11.12,MORTGAGE,MI,major_purchase,Fully Paid,2,2,2,87.8%,19,22,Not Verified,May-10,100001734,100001734,100001734,900001734,DL501734,DL501734,MEMBER-1735,Driver,Debt consolidation loan,Borrower-written description of the loan purpose.,556,https://example.com/loan/1735
1736,33394.71, 36 months,19.21%,A,A1,75416.81,9.28,MORTGAGE,TX,moving,Fully Paid,4,1,NA,42.63%,22,39,Verified,Jun-16,100001735,100001735,100001735,900001735,DL501735,DL501735,MEMBER-1736,Nurse,Debt consolidation loan,Borrower-written description of the loan purpose.,273,https://example.com/loan/1736
1737,24333.34, 36 months,12.1%,G,G5,104094.18,19.5,MORTGAGE,TX,vacation,Current,4,2,NA,50.21%,9,21,Source Verified,Oct-16,100001736,100001736,100001736,900001736,DL501736,DL501736,MEMBER-1737,Software Engineer,Debt consolidation loan,Borrower-written description of the loan purpose.,525,https://example.com/loan/1737
1738,25456.42, 36 months,19.64%,F,F1,151034.01,16.16,OTHER,CA,house,Fully Paid,3,2,0,21.61%,3,46,Source Verified,Jan-17,100001737,100001737,100001737,900001737,DL501737,DL501737,MEMBER-1738,Retail Associate,Debt consolidation loan,Borrower-written description of the loan purpose.,150,https://example.com/loan/1738
1739,16277.36, 60 months,10.1%,A,A2,196007.86,16.71,NONE,NY,car,Current,0,1,NA,78.32%,15,10,Not Verified,Nov-13,100001738,100001738,100001738,900001738,DL501738,DL501738,MEMBER-1739,Retail Associate,Debt consolidation loan,Borrower-written description of the loan purpose.,752,https://example.com/loan/1739
1740,27811.87, 60 months,11.87%,B,B5,131789.68,4.95,RENT,PA,house,Current,2,2,NA,89.27%,27,58,Source Verified,Aug-12,100001739,100001739,100001739,900001739,DL501739,DL501739,MEMBER-1740,Software Engineer,Debt consolidation loan,Borrower-written description of the loan purpose.,274,https://example.com/loan/1740
1741,1421.97, 36 months,20.57%,D,D4,84589.47,2.96,NONE,NC,home_improvement,Current,1,2,2,32.69%,17,5,Not Verified,Mar-12,100001740,100001740,100001740,900001740,DL501740,DL501740,MEMBER-1741,Retail Associate,Debt consolidation loan,Borrower-written description of the loan purpose.,332,https://example.com/loan/1741
1742,8639.57, 36 months,9.78%,B,B5,28369.28,23.76,NONE,NC,credit_card,Fully Paid,1,2,NA,34.22%,1,35,Source Verified,Aug-12,100001741,100001741,100001741,900001741,DL501741,DL501741,MEMBER-1742,Driver,Debt consolidation loan,Borrower-written description of the loan purpose.,155,https://example.com/loan/1742
1743,21748.14, 36 months,22.64%,B,B3,138673.73,16.03,OWN,NY,car,Current,3,0,NA,5.79%,22,35,Not Verified,Oct-11,100001742,100001742,100001742,900001742,DL501742,DL501742,MEMBER-1743,Software Engineer,Debt consolidation loan,Borrower-written description of the loan purpose.,668,https://example.com/loan/1743
1744,34311.85, 36 months,7.29%,E,E4,172347.16,19.5,NONE,TX,medical,Current,3,3,2,93.59%,7,24,Source Verified,Nov-08,100001743,100001743,100001743,900001743,DL501743,DL501743,MEMBER-1744,Software Engineer,Debt consolidation loan,Borrower-written description of the loan purpose.,998,https://example.com/loan/1744
1745,25041.96, 36 months,19.48%,B,B2,178406.8,4.59,RENT,GA,educational,Charged Off,4,3,NA,85.45%,13,22,Verified,May-12,100001744,100001744,100001744,900001744,DL501744,DL501744,MEMBER-1745,Driver,Debt consolidation loan,Borrower-written description of the loan purpose.,511,https://example.com/loan/1745
1746,4861.99, 60 months,10.22%,A,A2,115339.92,3.83,MORTGAGE,TX,wedding,Current,4,0,0,44.33%,26,16,Not Verified,Feb-14,100001745,100001745,100001745,900001745,DL501745,DL501745,MEMBER-1746,Driver,Debt consolidation loan,Borrower-written description of the loan purpose.,673,https://example.com/loan/1746
1747,13234.06, 36 months,24.14%,A,A5,34900.18,4.82,RENT,OH,wedding,Fully Paid,0,2,2,3.8%,23,45,Verified,Nov-09,100001746,100001746,100001746,900001746,DL501746,DL501746,MEMBER-1747,Retail Associate,Debt consolidation loan,Borrower-written description of the loan purpose.,208,https://example.com/loan/1747
1748,27173.42, 60 months,19.74%,G,G2,84698.08,21.43,RENT,FL,renewable_energy,Fully Paid,3,3,1,60.4%,10,29,Verified,Mar-12,100001747,100001747,100001747,900001747,DL501747,DL501747,MEMBER-1748,Driver,Debt consolidation loan,Borrower-written description of the loan purpose.,996,https://example.com/loan/1748
1749,17127.2, 60 months,22.21%,C,C1,148748.89,29.45,OWN,CA,small_business,Charged Off,0,1,NA,18.61%,20,17,Verified,Dec-09,100001748,100001748,100001748,900001748,DL501748,DL501748,MEMBER-1749,Nurse,Debt consolidation loan,Borrower-written description of the loan purpose.,310,https://example.com/loan/1749
1750,6733.08, 60 months,18.03%,A,A2,104739.52,19.92,RENT,GA,medical,Charged Off,0,0,NA,93.0%,27,25,Source Verified,Apr-10,100001749,100001749,100001749,900001749,DL501749,DL501749,MEMBER-1750,Driver,Debt consolidation loan,Borrower-written description of the loan purpose.,275,https://example.com/loan/1750
1751,4081.73, 60 months,18.08%,F,F1,44954.45,24.49,RENT,FL,wedding,Charged Off,4,3,0,15.38%,18,60,Verified,Jul-12,100001750,100001750,100001750,900001750,DL501750,DL501750,MEMBER-1751,Driver,Debt consolidation loan,Borrower-written description of the loan purpose.,726,https://example.com/loan/1751
1752,7930.79, 60 months,12.56%,D,D1,31808.25,23.34,OWN,MI,small_business,Fully Paid,2,0,NA,61.59%,8,56,Not Verified,Feb-10,100001751,100001751,100001751,900001751,DL501751,DL501751,MEMBER-1752,Software Engineer,Debt consolidation loan,Borrower-written description of the loan purpose.,669,https://example.com/loan/1752
1753,19283.08, 36 months,24.13%,D,D1,25143.82,2.77,OWN,FL,home_improvement,Fully Paid,4,2,1,96.42%,2,50,Verified,Aug-13,100001752,100001752,100001752,900001752,DL501752,DL501752,MEMBER-1753,Nurse,Debt consolidation loan,Borrower-written description of the loan purpose.,731,https://example.com/loan/1753
1754,29159.32, 36 months,15.38%,E,E1,73709.9,10.05,NONE,TX,moving,Fully Paid,2,2,NA,36.18%,19,26,Verified,Sep-16,100001753,100001753,100001753,900001753,DL501753,DL501753,MEMBER-1754,Software Engineer,Debt consolidation loan,Borrower-written description of the loan purpose.,215,https://example.com/loan/1754
1755,15405.39, 60 months,9.19%,G,G4,78050.75,8.58,OWN,CA,other,Fully Paid,4,0,0,57.69%,16,16,Verified,May-08,100001754,100001754,100001754,900001754,DL501754,DL501754,MEMBER-1755,Software Engineer,Debt consolidation loan,Borrower-written description of the loan purpose.,681,https://example.com/loan/1755
1756,32602.82, 60 months,5.93%,F,F1,79338.46,6.21,OTHER,NY,wedding,Fully Paid,3,2,1,97.37%,24,55,Not Verified,Jul-14,100001755,100001755,100001755,900001755,DL501755,DL501755,MEMBER-1756,Retail Associate,Debt consolidation loan,Borrower-written description of the loan purpose.,949,https://example.com/loan/1756
1757,33718.34, 36 months,22.07%,D,D5,26459.38,12.58,OWN,NC,moving,Fully Paid,0,3,1,83.48%,22,15,Not Verified,Feb-18,100001756,100001756,100001756,900001756,DL501756,DL501756,MEMBER-1757,Retail Associate,Debt consolidation loan,Borrower-written description of the loan purpose.,547,https://example.com/loan/1757
1758,9448.06, 60 months,12.89%,C,C2,116176.93,14.42,MORTGAGE,OH,renewable_energy,Current,2,3,0,85.48%,16,31,Not Verified,Nov-13,100001757,100001757,100001757,900001757,DL501757,DL501757,MEMBER-1758,Nurse,Debt consolidation loan,Borrower-written description of the loan purpose.,617,https://example.com/loan/1758
1759,22907.14, 36 months,16.36%,G,G3,190649.06,22.37,OWN,TX,medical,Charged Off,1,1,2,77.51%,10,30,Verified,May-12,100001758,100001758,100001758,900001758,DL501758,DL501758,MEMBER-1759,Driver,Debt consolidation loan,Borrower-written description of the loan purpose.,440,https://example.com/loan/1759
1760,27570.32, 60 months,20.8%,D,D3,152578.88,15.8,RENT,OH,educational,Current,2,2,0,64.1%,30,58,Verified,Jan-13,100001759,100001759,100001759,900001759,DL501759,DL501759,MEMBER-1760,Software Engineer,Debt consolidation loan,Borrower-written description of the loan purpose.,560,https://example.com/loan/1760
1761,5126.98, 36 months,15.32%,D,D2,39751.57,15.8,OWN,NY,renewable_energy,Fully Paid,2,2,2,3.72%,28,4,Not Verified,Sep-15,100001760,100001760,100001760,900001760,DL501760,DL501760,MEMBER-1761,Driver,Debt consolidation loan,Borrower-written description of the loan purpose.,840,https://example.com/loan/1761
1762,4296.53, 60 months,19.76%,C,C1,143651.65,22.31,MORTGAGE,OH,major_purchase,Fully Paid,1,0,0,99.7%,11,58,Not Verified,Feb-16,100001761,100001761,100001761,900001761,DL501761,DL501761,MEMBER-1762,Driver,Debt consolidation loan,Borrower-written description of the loan purpose.,502,https://example.com/loan/1762
1763,24068.28, 60 months,13.21%,D,D3,107079.11,23.48,OWN,NC,major_purchase,Current,0,0,NA,73.8%,29,42,Verified,Mar-15,100001762,100001762,100001762,900001762,DL501762,DL501762,MEMBER-1763,Retail Associate,Debt consolidation loan,Borrower-written description of the loan purpose.,109,https://example.com/loan/1763
1764,12866.12, 36 months,9.45%,F,F2,145467.57,22.76,NONE,CA,house,Fully Paid,2,0,2,30.83%,2,51,Source Verified,Oct-18,100001763,100001763,100001763,900001763,DL501763,DL501763,MEMBER-1764,Nurse,Debt consolidation loan,Borrower-written description of the loan purpose.,308,https://example.com/loan/1764
1765,34719.21, 60 months,13.72%,D,D5,42370.94,24.76,RENT,NY,renewable_energy,Current,2,3,1,37.82%,25,52,Verified,Apr-12,100001764,100001764,100001764,900001764,DL501764,DL501764,MEMBER-1765,Nurse,Debt consolidation loan,Borrower-written description of the loan purpose.,431,https://example.com/loan/1765
1766,2651.78, 36 months,12.21%,E,E1,24913.64,2.63,MORTGAGE,PA,vacation,Charged Off,4,3,NA,76.07%,19,6,Source Verified,Feb-08,100001765,100001765,100001765,900001765,DL501765,DL501765,MEMBER-1766,Retail Associate,Debt consolidation loan,Borrower-written description of the loan purpose.,363,https://example.com/loan/1766
1767,8740.07, 36 months,19.29%,D,D3,68148.93,6.44,MORTGAGE,PA,renewable_energy,Charged Off,1,3,2,57.33%,28,14,Not Verified,Nov-08,100001766,100001766,100001766,900001766,DL501766,DL501766,MEMBER-1767,Nurse,Debt consolidation loan,Borrower-written description of the loan purpose.,265,https://example.com/loan/1767
1768,26219.93, 36 months,20.63%,C,C4,68692.77,24.96,NONE,CA,major_purchase,Current,3,2,NA,92.75%,7,18,Verified,Jan-12,100001767,100001767,100001767,900001767,DL501767,DL501767,MEMBER-1768,Software Engineer,Debt consolidation loan,Borrower-written description of the loan purpose.,167,https://example.com/loan/1768
1769,14393.44, 60 months,12.4%,C,C2,110353.87,9.71,OTHER,MI,moving,Fully Paid,3,0,2,59.28%,27,18,Verified,Feb-16,100001768,100001768,100001768,900001768,DL501768,DL501768,MEMBER-1769,Driver,Debt consolidation loan,Borrower-written description of the loan purpose.,807,https://example.com/loan/1769
1770,16253.36, 60 months,13.85%,A,A3,169364.35,27.56,NONE,IL,vacation,Charged Off,2,0,1,37.9%,27,54,Source Verified,Oct-15,100001769,100001769,100001769,900001769,DL501769,DL501769,MEMBER-1770,Retail Associate,Debt consolidation loan,Borrower-written description of the loan purpose.,380,https://example.com/loan/1770
1771,24101.57, 60 months,11.12%,C,C3,157901.78,19.04,OTHER,FL,major_purchase,Fully Paid,1,2,0,52.87%,5,50,Verified,Sep-15,100001770,100001770,100001770,900001770,DL501770,DL501770,MEMBER-1771,Driver,Debt consolidation loan,Borrower-written description of the loan purpose.,679,https://example.com/loan/1771
1772,31516.59, 36 months,18.98%,F,F3,184681.22,25.16,NONE,FL,home_improvement,Current,1,3,1,23.55%,30,3,Source Verified,Sep-14,100001771,100001771,100001771,900001771,DL501771,DL501771,MEMBER-1772,Retail Associate,Debt consolidation loan,Borrower-written description of the loan purpose.,365,https://example.com/loan/1772
1773,7590.47, 60 months,18.52%,A,A3,82188.9,4.09,RENT,TX,other,Fully Paid,2,3,NA,47.51%,8,48,Not Verified,Mar-09,100001772,100001772,100001772,900001772,DL501772,DL501772,MEMBER-1773,Driver,Debt consolidation loan,Borrower-written description of the loan purpose.,519,https://example.com/loan/1773
1774,5750.42, 60 months,13.41%,D,D2,119371.67,18.28,RENT,PA,car,Fully Paid,4,2,NA,80.69%,12,9,Verified,Mar-14,100001773,100001773,100001773,900001773,DL501773,DL501773,MEMBER-1774,Nurse,Debt consolidation loan,Borrower-written description of the loan purpose.,897,https://example.com/loan/1774
1775,3227.08, 60 months,16.42%,F,F4,52081.87,17.39,NONE,OH,home_improvement,Current,4,3,0,12.91%,10,52,Not Verified,Nov-18,100001774,100001774,100001774,900001774,DL501774,DL501774,MEMBER-1775,Software Engineer,Debt consolidation loan,Borrower-written description of the loan purpose.,951,https://example.com/loan/1775
1776,4102.14, 36 months,8.33%,C,C1,23394.4,7.61,NONE,PA,home_improvement,Charged Off,4,0,2,94.58%,9,58,Source Verified,Dec-16,100001775,100001775,100001775,900001775,DL501775,DL501775,MEMBER-1776,Nurse,Debt consolidation loan,Borrower-written description of the loan purpose.,475,https://example.com/loan/1776
1777,22153.08, 36 months,12.27%,G,G2,58438.75,3.57,NONE,TX,educational,Current,2,1,1,19.47%,9,51,Not Verified,Oct-10,100001776,100001776,100001776,900001776,DL501776,DL501776,MEMBER-1777,Nurse,Debt consolidation loan,Borrower-written description of the loan purpose.,908,https://example.com/loan/1777
1778,16862.93, 36 months,16.23%,F,F5,71159.48,15.84,RENT,CA,educational,Current,1,2,0,44.11%,18,58,Source Verified,Aug-13,100001777,100001777,100001777,900001777,DL501777,DL501777,MEMBER-1778,Retail Associate,Debt consolidation loan,Borrower-written description of the loan purpose.,353,https://example.com/loan/1778
1779,14096.79, 60 months,6.78%,F,F5,88307.68,5.67,NONE,NC,wedding,Fully Paid,2,0,1,90.26%,15,23,Source Verified,Aug-09,100001778,100001778,100001778,900001778,DL501778,DL501778,MEMBER-1779,Nurse,Debt consolidation loan,Borrower-written description of the loan purpose.,883,https://example.com/loan/1779
1780,23613.41, 60 months,14.78%,F,F2,178612.0,19.53,OWN,NC,home_improvement,Current,2,1,2,45.37%,28,23,Not Verified,Jan-13,100001779,100001779,100001779,900001779,DL501779,DL501779,MEMBER-1780,Nurse,Debt consolidation loan,Borrower-written description of the loan purpose.,278,https://example.com/loan/1780
1781,31059.97, 36 months,17.33%,E,E3,93880.84,12.19,MORTGAGE,TX,credit_card,Current,2,0,0,89.75%,19,35,Verified,May-16,100001780,100001780,100001780,900001780,DL501780,DL501780,MEMBER-1781,Software Engineer,Debt consolidation loan,Borrower-written description of the loan purpose.,742,https://example.com/loan/1781
1782,13635.4, 36 months,11.05%,D,D5,174275.04,7.7,MORTGAGE,MI,home_improvement,Current,2,0,2,92.61%,9,42,Verified,Mar-08,100001781,100001781,100001781,900001781,DL501781,DL501781,MEMBER-1782,Software Engineer,Debt consolidation loan,Borrower-written description of the loan purpose.,417,https://example.com/loan/1782
1783,17284.49, 60 months,8.64%,D,D5,89806.63,11.91,OTHER,PA,renewable_energy,Fully Paid,2,3,1,88.84%,21,18,Verified,Nov-16,100001782,100001782,100001782,900001782,DL501782,DL501782,MEMBER-1783,Retail Associate,Debt consolidation loan,Borrower-written description of the loan purpose.,721,https://example.com/loan/1783
1784,24312.76, 36 months,12.27%,G,G2,109330.68,26.35,OTHER,MI,small_business,Fully Paid,2,0,NA,77.63%,24,7,Source Verified,Nov-13,100001783,100001783,100001783,900001783,DL501783,DL501783,MEMBER-1784,Driver,Debt consolidation loan,Borrower-written description of the loan purpose.,205,https://example.com/loan/1784
1785,5009.23, 36 months,20.13%,F,F4,166432.77,27.1,OWN,TX,wedding,Charged Off,3,3,NA,37.67%,10,24,Not Verified,Jun-14,100001784,100001784,100001784,900001784,DL501784,DL501784,MEMBER-1785,Nurse,Debt consolidation loan,Borrower-written description of the loan purpose.,837,https://example.com/loan/1785
1786,24829.95, 60 months,12.1%,A,A4,163398.17,17.92,OTHER,NY,house,Fully Paid,4,3,0,88.31%,12,52,Not Verified,Aug-12,100001785,100001785,100001785,900001785,DL501785,DL501785,MEMBER-1786,Nurse,Debt consolidation loan,Borrower-written description of the loan purpose.,999,https://example.com/loan/1786
1787,2665.39, 36 months,20.88%,C,C2,141238.35,17.08,RENT,IL,wedding,Charged Off,0,1,NA,89.59%,19,27,Source Verified,Sep-13,100001786,100001786,100001786,900001786,DL501786,DL501786,MEMBER-1787,Retail Associate,Debt consolidation loan,Borrower-written description of the loan purpose.,949,https://example.com/loan/1787
1788,26211.17, 60 months,7.94%,B,B5,124390.86,10.74,NONE,IL,moving,Fully Paid,0,3,NA,96.65%,24,43,Not Verified,Aug-14,100001787,100001787,100001787,900001787,DL501787,DL501787,MEMBER-1788,Retail Associate,Debt consolidation loan,Borrower-written description of the loan purpose.,738,https://example.com/loan/1788
1789,12011.52, 36 months,11.9%,G,G2,38787.81,23.33,OWN,PA,renewable_energy,Current,1,3,1,86.18%,16,23,Source Verified,Feb-15,100001788,100001788,100001788,900001788,DL501788,DL501788,MEMBER-1789,Retail Associate,Debt consolidation loan,Borrower-written description of the loan purpose.,538,https://example.com/loan/1789
1790,17730.8, 36 months,6.65%,E,E4,65067.33,27.78,NONE,GA,major_purchase,Fully Paid,2,2,2,16.88%,5,28,Verified,Nov-16,100001789,100001789,100001789,900001789,DL501789,DL501789,MEMBER-1790,Nurse,Debt consolidation loan,Borrower-written description of the loan purpose.,703,https://example.com/loan/1790
1791,22264.96, 36 months,19.39%,G,G5,152800.93,19.57,RENT,OH,major_purchase,Fully Paid,2,2,NA,20.89%,15,17,Source Verified,Mar-18,100001790,100001790,100001790,900001790,DL501790,DL501790,MEMBER-1791,Nurse,Debt consolidation loan,Borrower-written description of the loan purpose.,715,https://example.com/loan/1791
1792,26085.92, 60 months,24.51%,G,G5,77220.18,0.01,NONE,TX,medical,Fully Paid,1,1,1,83.71%,20,18,Not Verified,Jan-11,100001791,100001791,100001791,900001791,DL501791,DL501791,MEMBER-1792,Retail Associate,Debt consolidation loan,Borrower-written description of the loan purpose.,807,https://example.com/loan/1792
1793,22009.5, 60 months,17.88%,D,D4,195220.59,17.81,OWN,CA,moving,Current,3,3,1,29.24%,17,23,Source Verified,Feb-10,100001792,100001792,100001792,900001792,DL501792,DL501792,MEMBER-1793,Driver,Debt consolidation loan,Borrower-written description of the loan purpose.,236,https://example.com/loan/1793
1794,20874.91, 36 months,7.84%,C,C5,141916.1,21.39,OWN,PA,vacation,Current,0,2,2,86.32%,14,34,Verified,Jan-17,100001793,100001793,100001793,900001793,DL501793,DL501793,MEMBER-1794,Driver,Debt consolidation loan,Borrower-written description of the loan purpose.,993,https://example.com/loan/1794
1795,29092.5, 36 months,8.94%,G,G4,175947.42,24.95,OWN,IL,car,Fully Paid,2,0,NA,42.5%,27,46,Not Verified,Jul-16,100001794,100001794,100001794,900001794,DL501794,DL501794,MEMBER-1795,Nurse,Debt consolidation loan,Borrower-written description of the loan purpose.,233,https://example.com/loan/1795
1796,18069.23, 60 months,20.8%,C,C5,116489.27,29.2,OWN,NC,debt_consolidation,Fully Paid,0,3,0,35.98%,4,50,Source Verified,Jun-10,100001795,100001795,100001795,900001795,DL501795,DL501795,MEMBER-1796,Retail Associate,Debt consolidation loan,Borrower-written description of the loan purpose.,228,https://example.com/loan/1796
1797,28702.43, 60 months,9.03%,C,C4,53353.78,19.58,MORTGAGE,TX,small_business,Fully Paid,1,1,2,21.27%,24,52,Source Verified,Jul-08,100001796,100001796,100001796,900001796,DL501796,DL501796,MEMBER-1797,Driver,Debt consolidation loan,Borrower-written description of the loan purpose.,239,https://example.com/loan/1797
1798,13756.17, 60 months,20.83%,C,C2,195578.58,21.53,MORTGAGE,PA,car,Fully Paid,1,3,1,82.9%,23,50,Not Verified,Dec-11,100001797,100001797,100001797,900001797,DL501797,DL501797,MEMBER-1798,Software Engineer,Debt consolidation loan,Borrower-written description of the loan purpose.,978,https://example.com/loan/1798
1799,5304.16, 60 months,14.18%,B,B1,145834.01,12.35,OTHER,TX,renewable_energy,Fully Paid,3,2,1,32.85%,18,7,Source Verified,Nov-14,100001798,100001798,100001798,900001798,DL501798,DL501798,MEMBER-1799,Nurse,Debt consolidation loan,Borrower-written description of the loan purpose.,180,https://example.com/loan/1799
1800,2744.64, 36 months,20.64%,G,G3,185977.36,22.77,OTHER,MI,home_improvement,Current,0,1,1,22.29%,16,53,Source Verified,Feb-18,100001799,100001799,100001799,900001799,DL501799,DL501799,MEMBER-1800,Retail Associate,Debt consolidation loan,Borrower-written description of the loan purpose.,650,https://example.com/loan/1800
1801,11743.53, 60 months,17.39%,G,G5,168633.67,6.99,NONE,PA,vacation,Fully Paid,3,2,2,27.96%,13,47,Verified,Dec-17,100001800,100001800,100001800,900001800,DL501800,DL501800,MEMBER-1801,Driver,Debt consolidation loan,Borrower-written description of the loan purpose.,278,https://example.com/loan/1801
1802,4805.7, 60 months,23.71%,F,F5,162870.6,29.26,OTHER,TX,small_business,Charged Off,1,2,2,68.74%,26,29,Verified,Apr-15,100001801,100001801,100001801,900001801,DL501801,DL501801,MEMBER-1802,Driver,Debt consolidation loan,Borrower-written description of the loan purpose.,543,https://example.com/loan/1802
1803,9751.03, 36 months,21.24%,F,F2,49088.43,17.51,RENT,PA,educational,Fully Paid,0,1,2,73.11%,4,4,Verified,Mar-12,100001802,100001802,100001802,900001802,DL501802,DL501802,MEMBER-1803,Software Engineer,Debt consolidation loan,Borrower-written description of the loan purpose.,500,https://example.com/loan/1803
1804,16939.67, 36 months,7.7%,C,C3,191250.68,8.57,OWN,OH,vacation,Charged Off,0,0,2,84.92%,20,35,Source Verified,May-10,100001803,100001803,100001803,900001803,DL501803,DL501803,MEMBER-1804,Driver,Debt consolidation loan,Borrower-written description of the loan purpose.,971,https://example.com/loan/1804
1805,3231.2, 60 months,16.6%,F,F4,130450.66,0.92,MORTGAGE,OH,wedding,Fully Paid,2,1,1,12.56%,1,37,Not Verified,Jan-10,100001804,100001804,100001804,900001804,DL501804,DL501804,MEMBER-1805,Retail Associate,Debt consolidation loan,Borrower-written description of the loan purpose.,320,https://example.com/loan/1805
1806,14314.9, 60 months,6.59%,D,D4,120035.61,28.28,MORTGAGE,GA,renewable_energy,Fully Paid,4,0,0,49.1%,15,44,Source Verified,Apr-10,100001805,100001805,100001805,900001805,DL501805,DL501805,MEMBER-1806,Driver,Debt consolidation loan,Borrower-written description of the loan purpose.,408,https://example.com/loan/1806
1807,31582.39, 60 months,20.46%,A,A4,189611.69,9.53,RENT,CA,vacation,Current,4,1,2,16.28%,21,27,Not Verified,Oct-14,100001806,100001806,100001806,900001806,DL501806,DL501806,MEMBER-1807,Nurse,Debt consolidation loan,Borrower-written description of the loan purpose.,499,https://example.com/loan/1807
1808,10927.25, 36 months,19.0%,G,G3,199466.96,3.61,NONE,PA,wedding,Current,1,2,2,83.27%,4,35,Source Verified,Jun-15,100001807,100001807,100001807,900001807,DL501807,DL501807,MEMBER-1808,Nurse,Debt consolidation loan,Borrower-written description of the loan purpose.,933,https://example.com/loan/1808
1809,3529.08, 36 months,7.8%,G,G4,101160.52,23.4,NONE,NC,house,Fully Paid,2,1,1,81.66%,22,36,Verified,Jan-10,100001808,100001808,100001808,900001808,DL501808,DL501808,MEMBER-1809,Software Engineer,Debt consolidation loan,Borrower-written description of the loan purpose.,876,https://example.com/loan/1809
1810,8545.98, 36 months,6.41%,A,A5,138440.17,7.35,OTHER,IL,wedding,Fully Paid,3,3,NA,87.7%,10,32,Verified,Aug-17,100001809,100001809,100001809,900001809,DL501809,DL501809,MEMBER-1810,Driver,Debt consolidation loan,Borrower-written description of the loan purpose.,613,https://example.com/loan/1810
1811,32927.83, 60 months,8.22%,B,B4,81837.71,25.5,OTHER,PA,moving,Current,0,3,NA,32.81%,4,14,Verified,Apr-08,100001810,100001810,100001810,900001810,DL501810,DL501810,MEMBER-1811,Software Engineer,Debt consolidation loan,Borrower-written description of the loan purpose.,568,https://example.com/loan/1811
1812,6473.48, 36 months,11.96%,G,G2,85916.42,14.59,OTHER,CA,major_purchase,Charged Off,4,2,1,41.62%,13,26,Not Verified,Feb-15,100001811,100001811,100001811,900001811,DL501811,DL501811,MEMBER-1812,Nurse,Debt consolidation loan,Borrower-written description of the loan purpose.,527,https://example.com/loan/1812
1813,8149.14, 36 months,16.63%,A,A2,144973.07,8.85,OWN,PA,wedding,Fully Paid,1,2,1,68.81%,15,27,Source Verified,Dec-13,100001812,100001812,100001812,900001812,DL501812,DL501812,MEMBER-1813,Driver,Debt consolidation loan,Borrower-written description of the loan purpose.,613,https://example.com/loan/1813
1814,34499.01, 36 months,21.02%,G,G5,76599.26,25.91,OTHER,GA,educational,Current,2,0,0,65.15%,14,12,Not Verified,Feb-11,100001813,100001813,100001813,900001813,DL501813,DL501813,MEMBER-1814,Nurse,Debt consolidation loan,Borrower-written description of the loan purpose.,492,https://example.com/loan/1814
1815,3641.98, 60 months,11.84%,G,G4,57712.29,4.16,OTHER,IL,house,Fully Paid,1,1,NA,21.54%,13,54,Not Verified,Dec-11,100001814,100001814,100001814,900001814,DL501814,DL501814,MEMBER-1815,Retail Associate,Debt consolidation loan,Borrower-written description of the loan purpose.,310,https://example.com/loan/1815
1816,31306.41, 60 months,17.91%,B,B1,70847.72,25.92,NONE,FL,car,Fully Paid,0,2,0,24.43%,23,48,Source Verified,Aug-17,100001815,100001815,100001815,900001815,DL501815,DL501815,MEMBER-1816,Nurse,Debt consolidation loan,Borrower-written description of the loan purpose.,695,https://example.com/loan/1816
1817,23868.38, 36 months,22.37%,C,C1,168010.66,25.52,NONE,GA,medical,Fully Paid,3,2,NA,86.7%,7,54,Verified,Feb-12,100001816,100001816,100001816,900001816,DL501816,DL501816,MEMBER-1817,Software Engineer,Debt consolidation loan,Borrower-written description of the loan purpose.,787,https://example.com/loan/1817
1818,19482.61, 60 months,12.07%,C,C1,87522.93,4.93,NONE,NY,car,Current,1,3,NA,49.18%,18,27,Source Verified,Oct-13,100001817,100001817,100001817,900001817,DL501817,DL501817,MEMBER-1818,Nurse,Debt consolidation loan,Borrower-written description of the loan purpose.,670,https://example.com/loan/1818
1819,11994.96, 36 months,17.63%,C,C5,166068.17,5.63,OTHER,GA,car,Current,4,2,NA,46.56%,6,28,Source Verified,Jun-12,100001818,100001818,100001818,900001818,DL501818,DL501818,MEMBER-1819,Driver,Debt consolidation loan,Borrower-written description of the loan purpose.,990,https://example.com/loan/1819
1820,16133.0, 60 months,12.53%,E,E5,54880.3,13.16,NONE,OH,moving,Current,4,0,1,46.42%,27,40,Not Verified,Nov-08,100001819,100001819,100001819,900001819,DL501819,DL501819,MEMBER-1820,Driver,Debt consolidation loan,Borrower-written description of the loan purpose.,669,https://example.com/loan/1820
1821,12034.08, 36 months,22.08%,G,G3,135998.75,23.55,RENT,OH,major_purchase,Fully Paid,2,1,1,85.32%,26,4,Not Verified,Sep-11,100001820,100001820,100001820,900001820,DL501820,DL501820,MEMBER-1821,Driver,Debt consolidation loan,Borrower-written description of the loan purpose.,576,https://example.com/loan/1821
1822,34737.41, 36 months,24.48%,A,A2,25098.74,2.99,MORTGAGE,IL,vacation,Fully Paid,0,1,0,77.3%,23,19,Verified,Nov-11,100001821,100001821,100001821,900001821,DL501821,DL501821,MEMBER-1822,Nurse,Debt consolidation loan,Borrower-written description of the loan purpose.,505,https://example.com/loan/1822
1823,22404.84, 60 months,7.54%,G,G4,171182.01,19.02,NONE,GA,house,Fully Paid,3,0,0,74.37%,11,21,Not Verified,Jan-14,100001822,100001822,100001822,900001822,DL501822,DL501822,MEMBER-1823,Software Engineer,Debt consolidation loan,Borrower-written description of the loan purpose.,667,https://example.com/loan/1823
1824,16499.32, 60 months,18.84%,F,F1,31708.81,9.4,NONE,GA,home_improvement,Current,0,1,1,48.5%,16,39,Verified,Feb-18,100001823,100001823,100001823,900001823,DL501823,DL501823,MEMBER-1824,Retail Associate,Debt consolidation loan,Borrower-written description of the loan purpose.,230,https://example.com/loan/1824
1825,30933.85, 36 months,19.31%,A,A4,40512.36,0.24,NONE,FL,other,Fully Paid,2,1,NA,36.22%,8,59,Source Verified,Sep-12,100001824,100001824,100001824,900001824,DL501824,DL501824,MEMBER-1825,Software Engineer,Debt consolidation loan,Borrower-written description of the loan purpose.,347,https://example.com/loan/1825
1826,28247.43, 60 months,20.69%,E,E4,28515.04,3.34,RENT,NY,other,Fully Paid,2,3,1,11.31%,30,3,Source Verified,May-18,100001825,100001825,100001825,900001825,DL501825,DL501825,MEMBER-1826,Nurse,Debt consolidation loan,Borrower-written description of the loan purpose.,753,https://example.com/loan/1826
1827,28043.03, 60 months,6.68%,D,D2,78253.59,0.68,NONE,GA,educational,Fully Paid,1,2,0,15.55%,19,40,Verified,Jan-17,100001826,100001826,100001826,900001826,DL501826,DL501826,MEMBER-1827,Driver,Debt consolidation loan,Borrower-written description of the loan purpose.,846,https://example.com/loan/1827
1828,30540.72, 60 months,11.67%,F,F5,136469.26,23.52,MORTGAGE,NY,wedding,Fully Paid,3,2,NA,22.49%,5,10,Not Verified,Jun-12,100001827,100001827,100001827,900001827,DL501827,DL501827,MEMBER-1828,Retail Associate,Debt consolidation loan,Borrower-written description of the loan purpose.,657,https://example.com/loan/1828
1829,18963.76, 36 months,11.35%,C,C4,199384.88,9.81,RENT,IL,major_purchase,Charged Off,1,2,0,29.67%,15,33,Source Verified,Dec-11,100001828,100001828,100001828,900001828,DL501828,DL501828,MEMBER-1829,Nurse,Debt consolidation loan,Borrower-written description of the loan purpose.,982,https://example.com/loan/1829
1830,24073.97, 60 months,19.72%,C,C3,131172.29,3.68,NONE,FL,home_improvement,Fully Paid,4,2,2,23.45%,1,56,Not Verified,Jul-13,100001829,100001829,100001829,900001829,DL501829,DL501829,MEMBER-1830,Software Engineer,Debt consolidation loan,Borrower-written description of the loan purpose.,357,https://example.com/loan/1830
1831,23088.26, 36 months,7.95%,B,B2,81626.1,27.95,NONE,MI,wedding,Fully Paid,2,2,2,6.72%,14,37,Not Verified,Aug-11,100001830,100001830,100001830,900001830,DL501830,DL501830,MEMBER-1831,Driver,Debt consolidation loan,Borrower-written description of the loan purpose.,386,https://example.com/loan/1831
1832,2305.29, 36 months,11.78%,A,A4,133198.78,28.33,RENT,MI,moving,Charged Off,1,2,2,60.66%,19,47,Source Verified,Mar-16,100001831,100001831,100001831,900001831,DL501831,DL501831,MEMBER-1832,Driver,Debt consolidation loan,Borrower-written description of the loan purpose.,157,https://example.com/loan/1832
1833,13929.67, 36 months,5.99%,F,F3,66890.99,19.1,OTHER,OH,credit_card,Current,0,0,NA,22.15%,3,45,Not Verified,Dec-12,100001832,100001832,100001832,900001832,DL501832,DL501832,MEMBER-1833,Nurse,Debt consolidation loan,Borrower-written description of the loan purpose.,149,https://example.com/loan/1833
1834,30215.66, 36 months,10.34%,G,G3,148206.44,8.71,NONE,GA,small_business,Charged Off,1,2,NA,38.94%,8,21,Not Verified,Mar-12,100001833,100001833,100001833,900001833,DL501833,DL501833,MEMBER-1834,Driver,Debt consolidation loan,Borrower-written description of the loan purpose.,703,https://example.com/loan/1834
1835,32911.47, 36 months,19.29%,G,G2,75813.53,20.69,NONE,NY,other,Current,0,0,1,31.13%,27,17,Not Verified,Apr-12,100001834,100001834,100001834,900001834,DL501834,DL501834,MEMBER-1835,Software Engineer,Debt consolidation loan,Borrower-written description of the loan purpose.,147,https://example.com/loan/1835
1836,34157.16, 36 months,13.85%,A,A2,47757.08,19.74,RENT,GA,debt_consolidation,Fully Paid,1,3,NA,46.06%,22,39,Source Verified,Sep-16,100001835,100001835,100001835,900001835,DL501835,DL501835,MEMBER-1836,Nurse,Debt consolidation loan,Borrower-written description of the loan purpose.,888,https://example.com/loan/1836
1837,20942.0, 60 months,5.84%,C,C5,160025.19,23.73,NONE,NY,car,Fully Paid,4,1,1,58.92%,5,24,Not Verified,Apr-18,100001836,100001836,100001836,900001836,DL501836,DL501836,MEMBER-1837,Software Engineer,Debt consolidation loan,Borrower-written description of the loan purpose.,210,https://example.com/loan/1837
1838,3791.93, 60 months,15.5%,B,B1,69899.64,10.01,OTHER,IL,car,Charged Off,4,0,1,0.09%,11,41,Verified,Nov-16,100001837,100001837,100001837,900001837,DL501837,DL501837,MEMBER-1838,Nurse,Debt consolidation loan,Borrower-written description of the loan purpose.,398,https://example.com/loan/1838
1839,16646.18, 60 months,23.65%,A,A2,110410.85,6.43,MORTGAGE,GA,other,Fully Paid,4,1,0,61.4%,26,19,Source Verified,May-12,100001838,100001838,100001838,900001838,DL501838,DL501838,MEMBER-1839,Nurse,Debt consolidation loan,Borrower-written description of the loan purpose.,377,https://example.com/loan/1839
1840,28674.45, 36 months,17.44%,A,A3,134815.79,20.7,MORTGAGE,GA,wedding,Fully Paid,2,3,2,66.36%,22,15,Verified,May-09,100001839,100001839,100001839,900001839,DL501839,DL501839,MEMBER-1840,Nurse,Debt consolidation loan,Borrower-written description of the loan purpose.,204,https://example.com/loan/1840
1841,19952.52, 60 months,15.07%,F,F3,46243.04,18.27,RENT,NC,home_improvement,Charged Off,2,3,NA,65.75%,3,16,Verified,Jan-15,100001840,100001840,100001840,900001840,DL501840,DL501840,MEMBER-1841,Software Engineer,Debt consolidation loan,Borrower-written description of the loan purpose.,676,https://example.com/loan/1841
1842,21544.93, 36 months,15.51%,E,E5,147399.98,11.2,NONE,TX,moving,Fully Paid,2,0,1,69.85%,8,38,Source Verified,Nov-09,100001841,100001841,100001841,900001841,DL501841,DL501841,MEMBER-1842,Software Engineer,Debt consolidation loan,Borrower-written description of the loan purpose.,582,https://example.com/loan/1842
1843,30915.1, 36 months,5.54%,G,G4,154788.07,9.06,NONE,PA,home_improvement,Current,4,1,2,71.62%,14,15,Not Verified,Sep-11,100001842,100001842,100001842,900001842,DL501842,DL501842,MEMBER-1843,Retail Associate,Debt consolidation loan,Borrower-written description of the loan purpose.,243,https://example.com/loan/1843
1844,28467.51, 36 months,22.41%,B,B4,177792.14,14.04,MORTGAGE,IL,house,Current,3,2,1,89.61%,16,15,Not Verified,Aug-09,100001843,100001843,100001843,900001843,DL501843,DL501843,MEMBER-1844,Retail Associate,Debt consolidation loan,Borrower-written description of the loan purpose.,937,https://example.com/loan/1844
1845,26937.79, 36 months,23.7%,A,A1,53861.44,5.68,NONE,PA,other,Fully Paid,2,2,1,2.38%,4,17,Source Verified,Jun-16,100001844,100001844,100001844,900001844,DL501844,DL501844,MEMBER-1845,Driver,Debt consolidation loan,Borrower-written description of the loan purpose.,105,https://example.com/loan/1845
1846,4017.66, 36 months,11.26%,F,F4,63980.6,11.76,RENT,CA,medical,Current,0,2,0,53.07%,19,34,Verified,Nov-16,100001845,100001845,100001845,900001845,DL501845,DL501845,MEMBER-1846,Retail Associate,Debt consolidation loan,Borrower-written description of the loan purpose.,509,https://example.com/loan/1846
1847,11254.63, 36 months,12.61%,A,A2,34096.22,10.26,NONE,NY,car,Current,1,1,0,15.45%,15,12,Not Verified,Sep-08,100001846,100001846,100001846,900001846,DL501846,DL501846,MEMBER-1847,Retail Associate,Debt consolidation loan,Borrower-written description of the loan purpose.,593,https://example.com/loan/1847
1848,9138.54, 36 months,22.12%,A,A1,135306.24,22.84,OTHER,GA,small_business,Current,2,0,0,1.21%,13,40,Not Verified,Jun-13,100001847,100001847,100001847,900001847,DL501847,DL501847,MEMBER-1848,Retail Associate,Debt consolidation loan,Borrower-written description of the loan purpose.,241,https://example.com/loan/1848
1849,13269.32, 60 months,16.86%,G,G4,36082.44,26.78,OWN,GA,vacation,Current,0,3,1,2.97%,27,46,Source Verified,May-10,100001848,100001848,100001848,900001848,DL501848,DL501848,MEMBER-1849,Software Engineer,Debt consolidation loan,Borrower-written description of the loan purpose.,366,https://example.com/loan/1849
1850,2587.12, 60 months,20.79%,A,A2,27620.93,6.03,NONE,FL,renewable_energy,Fully Paid,2,0,NA,52.09%,6,47,Source Verified,Nov-11,100001849,100001849,100001849,900001849,DL501849,DL501849,MEMBER-1850,Retail Associate,Debt consolidation loan,Borrower-written description of the loan purpose.,347,https://example.com/loan/1850
1851,10760.53, 60 months,19.76%,E,E5,49663.56,7.67,OWN,FL,small_business,Current,0,0,0,8.58%,22,5,Verified,Mar-18,100001850,100001850,100001850,900001850,DL501850,DL501850,MEMBER-1851,Driver,Debt consolidation loan,Borrower-written description of the loan purpose.,337,https://example.com/loan/1851
1852,23873.77, 60 months,18.01%,C,C2,137663.22,28.18,OWN,PA,house,Charged Off,1,0,0,1.71%,11,21,Verified,Nov-13,100001851,100001851,100001851,900001851,DL501851,DL501851,MEMBER-1852,Nurse,Debt consolidation loan,Borrower-written description of the loan purpose.,530,https://example.com/loan/1852
1853,27364.23, 60 months,16.06%,B,B2,81725.55,25.57,NONE,OH,debt_consolidation,Current,0,2,NA,70.09%,16,51,Source Verified,Apr-13,100001852,100001852,100001852,900001852,DL501852,DL501852,MEMBER-1853,Retail Associate,Debt consolidation loan,Borrower-written description of the loan purpose.,187,https://example.com/loan/1853
1854,1631.15, 60 months,24.39%,D,D5,51973.35,11.14,OWN,FL,home_improvement,Current,4,3,0,62.37%,30,3,Not Verified,May-12,100001853,100001853,100001853,900001853,DL501853,DL501853,MEMBER-1854,Retail Associate,Debt consolidation loan,Borrower-written description of the loan purpose.,848,https://example.com/loan/1854
1855,19895.99, 60 months,11.43%,E,E2,78168.27,17.21,OTHER,TX,educational,Fully Paid,1,0,2,35.21%,26,47,Not Verified,Jul-16,100001854,100001854,100001854,900001854,DL501854,DL501854,MEMBER-1855,Nurse,Debt consolidation loan,Borrower-written description of the loan purpose.,266,https://example.com/loan/1855
1856,29956.63, 60 months,11.97%,A,A3,194811.19,13.83,OWN,GA,moving,Current,2,2,NA,21.76%,13,51,Verified,Nov-14,100001855,100001855,100001855,900001855,DL501855,DL501855,MEMBER-1856,Retail Associate,Debt consolidation loan,Borrower-written description of the loan purpose.,943,https://example.com/loan/1856
1857,929.15, 60 months,9.54%,C,C5,177866.0,7.6,RENT,GA,renewable_energy,Current,1,2,NA,50.53%,8,27,Source Verified,Jan-17,100001856,100001856,100001856,900001856,DL501856,DL501856,MEMBER-1857,Software Engineer,Debt consolidation loan,Borrower-written description of the loan purpose.,938,https://example.com/loan/1857
1858,4205.21, 60 months,21.88%,G,G3,37990.74,24.29,NONE,MI,wedding,Current,3,2,1,69.05%,13,23,Verified,Jan-13,100001857,100001857,100001857,900001857,DL501857,DL501857,MEMBER-1858,Nurse,Debt consolidation loan,Borrower-written description of the loan purpose.,103,https://example.com/loan/1858
1859,17295.55, 36 months,8.62%,D,D5,149570.4,1.69,OTHER,MI,credit_card,Fully Paid,0,2,1,77.92%,29,7,Not Verified,Jan-09,100001858,100001858,100001858,900001858,DL501858,DL501858,MEMBER-1859,Software Engineer,Debt consolidation loan,Borrower-written description of the loan purpose.,126,https://example.com/loan/1859
1860,12888.18, 60 months,12.81%,D,D5,76292.56,2.76,RENT,PA,debt_consolidation,Current,0,0,1,81.99%,16,35,Verified,Sep-18,100001859,100001859,100001859,900001859,DL501859,DL501859,MEMBER-1860,Software Engineer,Debt consolidation loan,Borrower-written description of the loan purpose.,341,https://example.com/loan/1860
1861,8830.41, 60 months,21.9%,F,F1,115193.35,20.11,OWN,OH,other,Current,2,0,2,3.24%,6,13,Not Verified,Jul-14,100001860,100001860,100001860,900001860,DL501860,DL501860,MEMBER-1861,Driver,Debt consolidation loan,Borrower-written description of the loan purpose.,445,https://example.com/loan/1861
1862,26987.61, 60 months,5.62%,G,G3,164327.81,21.79,RENT,PA,medical,Charged Off,3,1,NA,61.48%,11,24,Not Verified,Jun-08,100001861,100001861,100001861,900001861,DL501861,DL501861,MEMBER-1862,Nurse,Debt consolidation loan,Borrower-written description of the loan purpose.,616,https://example.com/loan/1862
1863,11050.48, 36 months,18.88%,G,G5,41780.07,1.86,OWN,CA,vacation,Current,4,0,0,22.78%,26,40,Not Verified,Mar-09,100001862,100001862,100001862,900001862,DL501862,DL501862,MEMBER-1863,Retail Associate,Debt consolidation loan,Borrower-written description of the loan purpose.,350,https://example.com/loan/1863
1864,7842.25, 36 months,19.05%,B,B2,132657.41,20.63,OWN,FL,house,Fully Paid,0,3,NA,19.03%,11,55,Source Verified,Dec-11,100001863,100001863,100001863,900001863,DL501863,DL501863,MEMBER-1864,Retail Associate,Debt consolidation loan,Borrower-written description of the loan purpose.,234,https://example.com/loan/1864
1865,10722.14, 60 months,6.2%,D,D5,85012.82,15.34,MORTGAGE,TX,educational,Current,2,3,2,4.79%,9,19,Source Verified,Jun-08,100001864,100001864,100001864,900001864,DL501864,DL501864,MEMBER-1865,Nurse,Debt consolidation loan,Borrower-written description of the loan purpose.,392,https://example.com/loan/1865
1866,16068.86, 36 months,21.6%,B,B3,185054.84,28.39,NONE,IL,debt_consolidation,Fully Paid,2,2,1,40.6%,4,7,Not Verified,Jan-13,100001865,100001865,100001865,900001865,DL501865,DL501865,MEMBER-1866,Retail Associate,Debt consolidation loan,Borrower-written description of the loan purpose.,629,https://example.com/loan/1866
1867,20518.98, 60 months,12.93%,A,A3,97862.19,11.76,MORTGAGE,NY,other,Fully Paid,4,3,2,75.28%,8,33,Source Verified,May-13,100001866,100001866,100001866,900001866,DL501866,DL501866,MEMBER-1867,Nurse,Debt consolidation loan,Borrower-written description of the loan purpose.,970,https://example.com/loan/1867
1868,25854.26, 60 months,10.47%,B,B4,63729.95,10.77,OWN,CA,wedding,Fully Paid,3,0,NA,11.65%,28,15,Source Verified,Apr-16,100001867,100001867,100001867,900001867,DL501867,DL501867,MEMBER-1868,Software Engineer,Debt consolidation loan,Borrower-written description of the loan purpose.,235,https://example.com/loan/1868
1869,16871.95, 60 months,5.43%,F,F4,105721.79,11.8,NONE,FL,major_purchase,Fully Paid,3,2,NA,34.03%,27,42,Not Verified,Sep-12,100001868,100001868,100001868,900001868,DL501868,DL501868,MEMBER-1869,Software Engineer,Debt consolidation loan,Borrower-written description of the loan purpose.,771,https://example.com/loan/1869
1870,32064.94, 36 months,16.87%,G,G5,43669.1,4.51,NONE,MI,renewable_energy,Current,4,3,1,51.78%,23,12,Not Verified,Feb-09,100001869,100001869,100001869,900001869,DL501869,DL501869,MEMBER-1870,Nurse,Debt consolidation loan,Borrower-written description of the loan purpose.,628,https://example.com/loan/1870
1871,2590.43, 60 months,15.55%,C,C5,150707.76,9.86,NONE,OH,renewable_energy,Fully Paid,2,2,0,92.9%,9,58,Source Verified,Feb-11,100001870,100001870,100001870,900001870,DL501870,DL501870,MEMBER-1871,Retail Associate,Debt consolidation loan,Borrower-written description of the loan purpose.,645,https://example.com/loan/1871
1872,13843.2, 36 months,24.44%,G,G3,107706.93,22.97,MORTGAGE,MI,medical,Current,3,1,0,11.72%,16,2,Source Verified,May-10,100001871,100001871,100001871,900001871,DL501871,DL501871,MEMBER-1872,Driver,Debt consolidation loan,Borrower-written description of the loan purpose.,706,https://example.com/loan/1872
1873,33057.77, 36 months,11.57%,D,D1,99478.18,19.96,RENT,CA,vacation,Fully Paid,0,1,1,60.8%,4,47,Source Verified,Nov-15,100001872,100001872,100001872,900001872,DL501872,DL501872,MEMBER-1873,Software Engineer,Debt consolidation loan,Borrower-written description of the loan purpose.,890,https://example.com/loan/1873
1874,31357.42, 36 months,6.03%,D,D3,123762.3,20.56,NONE,GA,medical,Fully Paid,3,0,NA,91.33%,8,25,Verified,Jun-14,100001873,100001873,100001873,900001873,DL501873,DL501873,MEMBER-1874,Software Engineer,Debt consolidation loan,Borrower-written description of the loan purpose.,846,https://example.com/loan/1874
1875,27211.34, 36 months,7.92%,B,B2,164823.83,6.17,NONE,NY,moving,Current,3,0,NA,74.65%,17,54,Source Verified,Feb-17,100001874,100001874,100001874,900001874,DL501874,DL501874,MEMBER-1875,Driver,Debt consolidation loan,Borrower-written description of the loan purpose.,524,https://example.com/loan/1875
1876,14077.25, 60 months,8.63%,G,G1,64074.25,19.81,OWN,TX,educational,Current,4,1,0,99.81%,16,50,Verified,Nov-14,100001875,100001875,100001875,900001875,DL501875,DL501875,MEMBER-1876,Software Engineer,Debt consolidation loan,Borrower-written description of the loan purpose.,949,https://example.com/loan/1876
1877,10169.3, 36 months,8.8%,B,B3,70199.62,6.76,RENT,IL,house,Current,2,2,1,34.06%,27,12,Not Verified,Jul-12,100001876,100001876,100001876,900001876,DL501876,DL501876,MEMBER-1877,Retail Associate,Debt consolidation loan,Borrower-written description of the loan purpose.,525,https://example.com/loan/1877
1878,23073.56, 60 months,8.83%,D,D5,133775.59,11.51,MORTGAGE,IL,credit_card,Charged Off,4,2,2,36.8%,10,20,Verified,Dec-09,100001877,100001877,100001877,900001877,DL501877,DL501877,MEMBER-1878,Retail Associate,Debt consolidation loan,Borrower-written description of the loan purpose.,319,https://example.com/loan/1878
1879,3558.68, 36 months,23.86%,E,E1,140270.84,13.52,MORTGAGE,NC,moving,Fully Paid,3,0,NA,29.91%,13,30,Source Verified,Oct-10,100001878,100001878,100001878,900001878,DL501878,DL501878,MEMBER-1879,Nurse,Debt consolidation loan,Borrower-written description of the loan purpose.,658,https://example.com/loan/1879
1880,22800.42, 36 months,16.1%,F,F3,100712.58,13.35,RENT,TX,moving,Fully Paid,4,3,1,57.48%,30,6,Not Verified,Nov-16,100001879,100001879,100001879,900001879,DL501879,DL501879,MEMBER-1880,Driver,Debt consolidation loan,Borrower-written description of the loan purpose.,782,https://example.com/loan/1880
1881,7427.21, 60 months,18.06%,B,B3,28300.87,15.58,MORTGAGE,TX,small_business,Fully Paid,0,3,NA,36.67%,16,51,Source Verified,Nov-18,100001880,100001880,100001880,900001880,DL501880,DL501880,MEMBER-1881,Software Engineer,Debt consolidation loan,Borrower-written description of the loan purpose.,428,https://example.com/loan/1881
1882,8477.06, 36 months,14.23%,C,C3,116302.43,28.3,OTHER,NC,car,Fully Paid,1,0,0,1.42%,30,41,Verified,Jun-11,100001881,100001881,100001881,900001881,DL501881,DL501881,MEMBER-1882,Software Engineer,Debt consolidation loan,Borrower-written description of the loan purpose.,434,https://example.com/loan/1882
1883,4363.49, 36 months,21.94%,D,D1,100112.45,14.59,RENT,MI,debt_consolidation,Fully Paid,3,0,1,72.69%,5,55,Source Verified,Sep-11,100001882,100001882,100001882,900001882,DL501882,DL501882,MEMBER-1883,Software Engineer,Debt consolidation loan,Borrower-written description of the loan purpose.,729,https://example.com/loan/1883
1884,7761.94, 36 months,12.32%,D,D4,36947.66,6.41,MORTGAGE,MI,moving,Fully Paid,4,0,NA,6.47%,26,29,Not Verified,Nov-11,100001883,100001883,100001883,900001883,DL501883,DL501883,MEMBER-1884,Retail Associate,Debt consolidation loan,Borrower-written description of the loan purpose.,825,https://example.com/loan/1884
1885,21125.89, 36 months,9.76%,D,D3,176457.12,2.06,OTHER,TX,major_purchase,Charged Off,3,0,0,66.56%,23,37,Source Verified,Feb-14,100001884,100001884,100001884,900001884,DL501884,DL501884,MEMBER-1885,Software Engineer,Debt consolidation loan,Borrower-written description of the loan purpose.,192,https://example.com/loan/1885
1886,20169.44, 60 months,12.69%,C,C2,56670.33,21.28,RENT,FL,renewable_energy,Fully Paid,4,2,1,20.51%,21,53,Source Verified,Jun-15,100001885,100001885,100001885,900001885,DL501885,DL501885,MEMBER-1886,Nurse,Debt consolidation loan,Borrower-written description of the loan purpose.,345,https://example.com/loan/1886
1887,34641.72, 60 months,23.05%,A,A4,133668.66,3.22,MORTGAGE,MI,educational,Fully Paid,1,3,1,44.07%,19,38,Not Verified,May-08,100001886,100001886,100001886,900001886,DL501886,DL501886,MEMBER-1887,Retail Associate,Debt consolidation loan,Borrower-written description of the loan purpose.,165,https://example.com/loan/1887
1888,5065.91, 36 months,20.26%,E,E2,160326.93,27.37,NONE,IL,car,Fully Paid,3,0,1,5.56%,24,19,Source Verified,Sep-16,100001887,100001887,100001887,900001887,DL501887,DL501887,MEMBER-1888,Retail Associate,Debt consolidation loan,Borrower-written description of the loan purpose.,273,https://example.com/loan/1888
1889,8624.95, 60 months,8.44%,G,G3,45157.07,17.07,MORTGAGE,FL,other,Current,4,3,2,77.63%,11,14,Verified,Apr-14,100001888,100001888,100001888,900001888,DL501888,DL501888,MEMBER-1889,Retail Associate,Debt consolidation loan,Borrower-written description of the loan purpose.,829,https://example.com/loan/1889
1890,14690.1, 36 months,23.77%,G,G1,68301.62,5.13,RENT,NY,car,Current,4,3,2,38.31%,3,45,Not Verified,May-08,100001889,100001889,100001889,900001889,DL501889,DL501889,MEMBER-1890,Driver,Debt consolidation loan,Borrower-written description of the loan purpose.,921,https://example.com/loan/1890
1891,3181.28, 60 months,16.57%,F,F5,77123.69,21.57,OTHER,OH,car,Fully Paid,0,3,0,32.52%,23,9,Verified,May-16,100001890,100001890,100001890,900001890,DL501890,DL501890,MEMBER-1891,Nurse,Debt consolidation loan,Borrower-written description of the loan purpose.,195,https://example.com/loan/1891
1892,5515.1, 36 months,15.63%,B,B2,121558.08,19.17,MORTGAGE,NY,other,Fully Paid,4,1,2,95.62%,30,58,Verified,Mar-18,100001891,100001891,100001891,900001891,DL501891,DL501891,MEMBER-1892,Nurse,Debt consolidation loan,Borrower-written description of the loan purpose.,818,https://example.com/loan/1892
1893,10894.53, 36 months,9.54%,D,D1,62270.53,26.91,OTHER,CA,educational,Current,2,2,NA,20.26%,18,29,Not Verified,Dec-10,100001892,100001892,100001892,900001892,DL501892,DL501892,MEMBER-1893,Driver,Debt consolidation loan,Borrower-written description of the loan purpose.,512,https://example.com/loan/1893
1894,30438.85, 36 months,19.89%,B,B5,118094.7,8.03,OWN,FL,major_purchase,Fully Paid,2,1,1,69.72%,30,6,Verified,Sep-14,100001893,100001893,100001893,900001893,DL501893,DL501893,MEMBER-1894,Driver,Debt consolidation loan,Borrower-written description of the loan purpose.,518,https://example.com/loan/1894
1895,18204.38, 36 months,16.27%,A,A1,122773.51,10.76,MORTGAGE,NY,home_improvement,Current,3,2,NA,68.7%,17,57,Verified,Jun-15,100001894,100001894,100001894,900001894,DL501894,DL501894,MEMBER-1895,Nurse,Debt consolidation loan,Borrower-written description of the loan purpose.,468,https://example.com/loan/1895
1896,22237.34, 36 months,20.71%,D,D1,160030.06,3.35,MORTGAGE,IL,house,Fully Paid,1,0,2,87.07%,8,5,Not Verified,Jun-10,100001895,100001895,100001895,900001895,DL501895,DL501895,MEMBER-1896,Nurse,Debt consolidation loan,Borrower-written description of the loan purpose.,315,https://example.com/loan/1896
1897,24177.14, 60 months,21.5%,C,C4,149567.71,16.19,RENT,MI,educational,Fully Paid,4,1,2,56.1%,21,34,Verified,Oct-14,100001896,100001896,100001896,900001896,DL501896,DL501896,MEMBER-1897,Software Engineer,Debt consolidation loan,Borrower-written description of the loan purpose.,792,https://example.com/loan/1897
1898,13222.46, 60 months,9.52%,C,C2,21494.41,13.45,OTHER,IL,medical,Fully Paid,2,1,NA,20.99%,27,54,Source Verified,Jul-15,100001897,100001897,100001897,900001897,DL501897,DL501897,MEMBER-1898,Retail Associate,Debt consolidation loan,Borrower-written description of the loan purpose.,112,https://example.com/loan/1898
1899,10105.86, 36 months,6.15%,C,C3,55990.54,7.2,NONE,PA,wedding,Fully Paid,3,0,0,17.25%,6,51,Source Verified,Jun-12,100001898,100001898,100001898,900001898,DL501898,DL501898,MEMBER-1899,Driver,Debt consolidation loan,Borrower-written description of the loan purpose.,506,https://example.com/loan/1899
1900,6153.78, 36 months,6.1%,G,G5,188646.18,25.15,OWN,PA,credit_card,Current,4,2,2,73.24%,8,45,Source Verified,Mar-13,100001899,100001899,100001899,900001899,DL501899,DL501899,MEMBER-1900,Retail Associate,Debt consolidation loan,Borrower-written description of the loan purpose.,734,https://example.com/loan/1900
1901,7515.72, 60 months,14.8%,F,F5,75690.46,10.72,MORTGAGE,TX,vacation,Current,0,3,0,18.03%,5,35,Source Verified,Oct-14,100001900,100001900,100001900,900001900,DL501900,DL501900,MEMBER-1901,Nurse,Debt consolidation loan,Borrower-written description of the loan purpose.,452,https://example.com/loan/1901
1902,32780.6, 60 months,11.25%,E,E4,97450.5,1.47,NONE,NC,debt_consolidation,Charged Off,4,2,1,24.79%,24,17,Not Verified,Jul-15,100001901,100001901,100001901,900001901,DL501901,DL501901,MEMBER-1902,Retail Associate,Debt consolidation loan,Borrower-written description of the loan purpose.,878,https://example.com/loan/1902
1903,13232.62, 60 months,9.42%,G,G1,167475.4,22.39,OWN,IL,major_purchase,Current,4,1,1,24.95%,17,54,Source Verified,Apr-17,100001902,100001902,100001902,900001902,DL501902,DL501902,MEMBER-1903,Driver,Debt consolidation loan,Borrower-written description of the loan purpose.,382,https://example.com/loan/1903
1904,7860.33, 60 months,10.2%,A,A3,48673.91,19.19,RENT,FL,small_business,Current,1,3,0,33.27%,4,4,Source Verified,Aug-13,100001903,100001903,100001903,900001903,DL501903,DL501903,MEMBER-1904,Retail Associate,Debt consolidation loan,Borrower-written description of the loan purpose.,240,https://example.com/loan/1904
1905,3829.46, 36 months,9.56%,B,B3,155473.94,16.03,MORTGAGE,CA,debt_consolidation,Fully Paid,3,1,2,82.47%,16,42,Source Verified,Nov-15,100001904,100001904,100001904,900001904,DL501904,DL501904,MEMBER-1905,Retail Associate,Debt consolidation loan,Borrower-written description of the loan purpose.,310,https://example.com/loan/1905
1906,6274.58, 36 months,15.55%,B,B5,121353.18,16.45,RENT,MI,vacation,Current,0,0,2,14.52%,22,34,Source Verified,Oct-10,100001905,100001905,100001905,900001905,DL501905,DL501905,MEMBER-1906,Nurse,Debt consolidation loan,Borrower-written description of the loan purpose.,929,https://example.com/loan/1906
1907,24966.24, 60 months,20.97%,C,C3,64620.22,9.2,RENT,PA,wedding,Fully Paid,2,3,0,38.5%,29,49,Source Verified,Dec-08,100001906,100001906,100001906,900001906,DL501906,DL501906,MEMBER-1907,Software Engineer,Debt consolidation loan,Borrower-written description of the loan purpose.,602,https://example.com/loan/1907
1908,20521.67, 60 months,23.87%,C,C5,31315.51,12.32,RENT,GA,small_business,Fully Paid,2,2,1,72.76%,2,51,Source Verified,Apr-10,100001907,100001907,100001907,900001907,DL501907,DL501907,MEMBER-1908,Software Engineer,Debt consolidation loan,Borrower-written description of the loan purpose.,108,https://example.com/loan/1908
1909,4772.72, 60 months,19.0%,A,A2,95174.11,8.08,OTHER,PA,medical,Charged Off,4,0,1,62.27%,3,29,Not Verified,Nov-10,100001908,100001908,100001908,900001908,DL501908,DL501908,MEMBER-1909,Retail Associate,Debt consolidation loan,Borrower-written description of the loan purpose.,946,https://example.com/loan/1909
1910,27699.34, 60 months,6.81%,F,F3,99296.28,26.78,MORTGAGE,MI,debt_consolidation,Current,1,2,0,86.66%,27,22,Source Verified,May-17,100001909,100001909,100001909,900001909,DL501909,DL501909,MEMBER-1910,Software Engineer,Debt consolidation loan,Borrower-written description of the loan purpose.,145,https://example.com/loan/1910
1911,33446.25, 36 months,22.26%,G,G5,188418.23,4.68,NONE,GA,medical,Current,1,2,2,91.39%,29,46,Source Verified,Sep-13,100001910,100001910,100001910,900001910,DL501910,DL501910,MEMBER-1911,Nurse,Debt consolidation loan,Borrower-written description of the loan purpose.,553,https://example.com/loan/1911
1912,19674.53, 60 months,7.52%,C,C4,124088.23,15.58,MORTGAGE,CA,wedding,Charged Off,4,3,NA,96.99%,30,26,Source Verified,Mar-16,100001911,100001911,100001911,900001911,DL501911,DL501911,MEMBER-1912,Nurse,Debt consolidation loan,Borrower-written description of the loan purpose.,176,https://example.com/loan/1912
1913,27656.1, 36 months,11.81%,C,C4,145853.05,2.55,OWN,IL,house,Fully Paid,3,0,1,63.35%,20,36,Source Verified,Oct-16,100001912,100001912,100001912,900001912,DL501912,DL501912,MEMBER-1913,Nurse,Debt consolidation loan,Borrower-written description of the loan purpose.,251,https://example.com/loan/1913
1914,29249.27, 60 months,7.61%,A,A3,162822.0,19.73,OWN,TX,car,Current,3,2,NA,11.98%,10,58,Not Verified,Oct-18,100001913,100001913,100001913,900001913,DL501913,DL501913,MEMBER-1914,Retail Associate,Debt consolidation loan,Borrower-written description of the loan purpose.,148,https://example.com/loan/1914
1915,6937.97, 36 months,10.47%,G,G3,185060.03,12.03,NONE,IL,educational,Current,4,3,1,81.97%,14,34,Verified,Nov-17,100001914,100001914,100001914,900001914,DL501914,DL501914,MEMBER-1915,Nurse,Debt consolidation loan,Borrower-written description of the loan purpose.,180,https://example.com/loan/1915
1916,7845.79, 60 months,13.25%,B,B5,65409.5,24.88,OTHER,OH,small_business,Charged Off,2,1,NA,28.92%,20,21,Not Verified,Aug-10,100001915,100001915,100001915,900001915,DL501915,DL501915,MEMBER-1916,Retail Associate,Debt consolidation loan,Borrower-written description of the loan purpose.,382,https://example.com/loan/1916
1917,32395.92, 60 months,8.57%,F,F3,120536.04,6.34,RENT,IL,other,Fully Paid,2,0,2,31.79%,20,7,Source Verified,May-14,100001916,100001916,100001916,900001916,DL501916,DL501916,MEMBER-1917,Software Engineer,Debt consolidation loan,Borrower-written description of the loan purpose.,462,https://example.com/loan/1917
1918,3363.02, 36 months,9.39%,F,F3,30737.61,22.5,MORTGAGE,OH,car,Current,3,0,1,48.62%,23,16,Verified,Sep-11,100001917,100001917,100001917,900001917,DL501917,DL501917,MEMBER-1918,Nurse,Debt consolidation loan,Borrower-written description of the loan purpose.,744,https://example.com/loan/1918
1919,5372.19, 60 months,18.73%,F,F3,89362.74,8.38,NONE,IL,house,Charged Off,2,2,NA,32.68%,18,47,Verified,Nov-11,100001918,100001918,100001918,900001918,DL501918,DL501918,MEMBER-1919,Retail Associate,Debt consolidation loan,Borrower-written description of the loan purpose.,385,https://example.com/loan/1919
1920,12052.07, 36 months,7.83%,G,G4,150184.28,0.74,MORTGAGE,MI,educational,Fully Paid,0,2,0,35.52%,7,10,Verified,May-15,100001919,100001919,100001919,900001919,DL501919,DL501919,MEMBER-1920,Nurse,Debt consolidation loan,Borrower-written description of the loan purpose.,668,https://example.com/loan/1920
1921,21285.01, 36 months,15.82%,C,C1,148587.61,4.61,NONE,GA,renewable_energy,Current,3,2,NA,4.54%,25,42,Verified,Mar-18,100001920,100001920,100001920,900001920,DL501920,DL501920,MEMBER-1921,Nurse,Debt consolidation loan,Borrower-written description of the loan purpose.,989,https://example.com/loan/1921
1922,14145.56, 60 months,8.29%,A,A2,53765.48,16.38,MORTGAGE,CA,educational,Fully Paid,0,3,2,32.65%,6,27,Verified,Dec-18,100001921,100001921,100001921,900001921,DL501921,DL501921,MEMBER-1922,Retail Associate,Debt consolidation loan,Borrower-written description of the loan purpose.,723,https://example.com/loan/1922
1923,34326.23, 36 months,6.92%,D,D2,105186.48,5.6,OWN,GA,vacation,Charged Off,4,2,1,85.64%,26,3,Source Verified,Aug-13,100001922,100001922,100001922,900001922,DL501922,DL501922,MEMBER-1923,Driver,Debt consolidation loan,Borrower-written description of the loan purpose.,606,https://example.com/loan/1923
1924,4376.78, 60 months,23.13%,D,D1,147182.48,20.23,NONE,GA,major_purchase,Current,1,2,1,66.58%,25,37,Source Verified,Dec-09,100001923,100001923,100001923,900001923,DL501923,DL501923,MEMBER-1924,Retail Associate,Debt consolidation loan,Borrower-written description of the loan purpose.,359,https://example.com/loan/1924
1925,32274.91, 60 months,18.53%,B,B3,181776.94,25.29,RENT,FL,educational,Current,4,0,0,47.46%,4,26,Not Verified,Dec-15,100001924,100001924,100001924,900001924,DL501924,DL501924,MEMBER-1925,Driver,Debt consolidation loan,Borrower-written description of the loan purpose.,262,https://example.com/loan/1925
1926,4265.31, 60 months,16.05%,C,C2,80684.34,13.86,MORTGAGE,NC,credit_card,Current,3,0,1,11.21%,17,59,Source Verified,May-14,100001925,100001925,100001925,900001925,DL501925,DL501925,MEMBER-1926,Retail Associate,Debt consolidation loan,Borrower-written description of the loan purpose.,292,https://example.com/loan/1926
1927,11007.38, 60 months,14.71%,G,G1,62863.97,18.28,MORTGAGE,IL,renewable_energy,Fully Paid,0,1,0,1.49%,10,4,Not Verified,Jan-17,100001926,100001926,100001926,900001926,DL501926,DL501926,MEMBER-1927,Retail Associate,Debt consolidation loan,Borrower-written description of the loan purpose.,131,https://example.com/loan/1927
1928,3395.0, 60 months,5.49%,G,G4,169170.68,11.65,MORTGAGE,OH,small_business,Fully Paid,1,3,NA,95.45%,17,23,Not Verified,Dec-10,100001927,100001927,100001927,900001927,DL501927,DL501927,MEMBER-1928,Software Engineer,Debt consolidation loan,Borrower-written description of the loan purpose.,231,https://example.com/loan/1928
1929,12096.1, 60 months,8.12%,A,A4,116452.37,11.48,MORTGAGE,TX,major_purchase,Fully Paid,0,0,NA,76.71%,5,32,Verified,Jun-18,100001928,100001928,100001928,900001928,DL501928,DL501928,MEMBER-1929,Driver,Debt consolidation loan,Borrower-written description of the loan purpose.,106,https://example.com/loan/1929
1930,18354.04, 36 months,20.31%,E,E5,72876.92,8.85,MORTGAGE,CA,educational,Charged Off,4,3,1,16.29%,7,41,Source Verified,Aug-17,100001929,100001929,100001929,900001929,DL501929,DL501929,MEMBER-1930,Driver,Debt consolidation loan,Borrower-written description of the loan purpose.,983,https://example.com/loan/1930
1931,1200.82, 60 months,22.06%,F,F5,192725.81,4.82,RENT,NY,moving,Current,1,2,NA,60.52%,28,40,Not Verified,Nov-16,100001930,100001930,100001930,900001930,DL501930,DL501930,MEMBER-1931,Retail Associate,Debt consolidation loan,Borrower-written description of the loan purpose.,869,https://example.com/loan/1931
1932,11504.73, 60 months,5.91%,B,B3,56960.0,26.78,OWN,MI,renewable_energy,Current,2,1,NA,56.53%,5,39,Not Verified,Dec-16,100001931,100001931,100001931,900001931,DL501931,DL501931,MEMBER-1932,Driver,Debt consolidation loan,Borrower-written description of the loan purpose.,609,https://example.com/loan/1932
1933,12215.89, 60 months,9.85%,A,A2,71123.12,1.34,NONE,IL,credit_card,Charged Off,1,0,NA,70.29%,25,21,Verified,Sep-17,100001932,100001932,100001932,900001932,DL501932,DL501932,MEMBER-1933,Retail Associate,Debt consolidation loan,Borrower-written description of the loan purpose.,326,https://example.com/loan/1933
1934,27930.99, 36 months,23.47%,F,F3,95171.86,1.55,OWN,TX,renewable_energy,Current,2,3,0,88.03%,18,57,Not Verified,Jul-17,100001933,100001933,100001933,900001933,DL501933,DL501933,MEMBER-1934,Software Engineer,Debt consolidation loan,Borrower-written description of the loan purpose.,647,https://example.com/loan/1934
1935,10475.87, 60 months,21.83%,D,D3,121361.31,10.21,MORTGAGE,IL,medical,Fully Paid,2,1,2,34.77%,21,26,Source Verified,Jan-10,100001934,100001934,100001934,900001934,DL501934,DL501934,MEMBER-1935,Software Engineer,Debt consolidation loan,Borrower-written description of the loan purpose.,297,https://example.com/loan/1935
1936,32903.76, 60 months,16.2%,F,F4,80442.6,25.62,OTHER,CA,moving,Charged Off,3,0,NA,4.83%,13,44,Not Verified,Dec-08,100001935,100001935,100001935,900001935,DL501935,DL501935,MEMBER-1936,Software Engineer,Debt consolidation loan,Borrower-written description of the loan purpose.,416,https://example.com/loan/1936
1937,15134.67, 36 months,10.92%,E,E2,172601.84,28.16,OWN,CA,wedding,Fully Paid,0,2,0,26.56%,5,18,Source Verified,Aug-15,100001936,100001936,100001936,900001936,DL501936,DL501936,MEMBER-1937,Driver,Debt consolidation loan,Borrower-written description of the loan purpose.,667,https://example.com/loan/1937
1938,16750.48, 60 months,14.86%,D,D1,153266.4,17.15,MORTGAGE,NY,debt_consolidation,Current,0,3,1,92.92%,18,31,Source Verified,May-12,100001937,100001937,100001937,900001937,DL501937,DL501937,MEMBER-1938,Retail Associate,Debt consolidation loan,Borrower-written description of the loan purpose.,308,https://example.com/loan/1938
1939,34551.36, 60 months,11.2%,A,A1,130866.6,16.91,NONE,OH,vacation,Fully Paid,3,2,1,70.03%,14,52,Not Verified,Dec-13,100001938,100001938,100001938,900001938,DL501938,DL501938,MEMBER-1939,Driver,Debt consolidation loan,Borrower-written description of the loan purpose.,153,https://example.com/loan/1939
1940,8611.88, 36 months,6.99%,G,G4,183818.08,23.43,OTHER,FL,car,Current,1,3,0,19.46%,20,54,Verified,Apr-12,100001939,100001939,100001939,900001939,DL501939,DL501939,MEMBER-1940,Software Engineer,Debt consolidation loan,Borrower-written description of the loan purpose.,535,https://example.com/loan/1940
1941,17684.28, 36 months,19.17%,E,E1,128028.19,13.78,MORTGAGE,FL,home_improvement,Fully Paid,1,0,2,39.38%,26,9,Not Verified,Apr-16,100001940,100001940,100001940,900001940,DL501940,DL501940,MEMBER-1941,Nurse,Debt consolidation loan,Borrower-written description of the loan purpose.,579,https://example.com/loan/1941
1942,30285.73, 36 months,16.45%,E,E4,39664.31,2.03,NONE,NC,small_business,Current,0,3,NA,63.77%,17,60,Not Verified,Jul-12,100001941,100001941,100001941,900001941,DL501941,DL501941,MEMBER-1942,Retail Associate,Debt consolidation loan,Borrower-written description of the loan purpose.,223,https://example.com/loan/1942
1943,23972.91, 36 months,21.77%,E,E1,28257.81,26.98,MORTGAGE,NY,house,Fully Paid,3,1,NA,1.07%,21,54,Not Verified,Feb-12,100001942,100001942,100001942,900001942,DL501942,DL501942,MEMBER-1943,Retail Associate,Debt consolidation loan,Borrower-written description of the loan purpose.,565,https://example.com/loan/1943
1944,3099.4, 36 months,9.93%,F,F2,199375.73,20.48,OWN,GA,home_improvement,Charged Off,3,2,1,47.49%,28,40,Not Verified,Aug-16,100001943,100001943,100001943,900001943,DL501943,DL501943,MEMBER-1944,Driver,Debt consolidation loan,Borrower-written description of the loan purpose.,883,https://example.com/loan/1944
1945,20719.72, 36 months,8.15%,D,D3,146891.53,16.88,OWN,NC,home_improvement,Fully Paid,3,2,NA,85.56%,2,36,Verified,Feb-15,100001944,100001944,100001944,900001944,DL501944,DL501944,MEMBER-1945,Driver,Debt consolidation loan,Borrower-written description of the loan purpose.,485,https://example.com/loan/1945
1946,31857.9, 36 months,18.97%,C,C2,59395.33,24.44,OTHER,NC,moving,Fully Paid,4,3,NA,57.85%,14,55,Source Verified,Jun-11,100001945,100001945,100001945,900001945,DL501945,DL501945,MEMBER-1946,Software Engineer,Debt consolidation loan,Borrower-written description of the loan purpose.,865,https://example.com/loan/1946
1947,3465.67, 60 months,8.05%,E,E1,103065.27,5.54,NONE,OH,major_purchase,Fully Paid,2,1,NA,62.24%,1,47,Source Verified,Jul-18,100001946,100001946,100001946,900001946,DL501946,DL501946,MEMBER-1947,Retail Associate,Debt consolidation loan,Borrower-written description of the loan purpose.,223,https://example.com/loan/1947
1948,17283.14, 36 months,18.68%,F,F2,40391.87,14.58,OTHER,MI,medical,Fully Paid,4,1,NA,2.98%,8,39,Verified,Apr-08,100001947,100001947,100001947,900001947,DL501947,DL501947,MEMBER-1948,Software Engineer,Debt consolidation loan,Borrower-written description of the loan purpose.,658,https://example.com/loan/1948
1949,20070.32, 36 months,9.19%,C,C4,173603.63,28.65,MORTGAGE,MI,other,Charged Off,3,2,NA,31.11%,22,45,Not Verified,Mar-12,100001948,100001948,100001948,900001948,DL501948,DL501948,MEMBER-1949,Nurse,Debt consolidation loan,Borrower-written description of the loan purpose.,781,https://example.com/loan/1949
1950,6219.24, 36 months,13.63%,E,E1,97343.41,2.59,NONE,PA,wedding,Current,3,0,1,20.62%,1,7,Source Verified,Feb-08,100001949,100001949,100001949,900001949,DL501949,DL501949,MEMBER-1950,Nurse,Debt consolidation loan,Borrower-written description of the loan purpose.,330,https://example.com/loan/1950
1951,34664.27, 60 months,10.0%,B,B4,198159.81,19.24,OTHER,FL,credit_card,Fully Paid,4,1,NA,75.22%,12,45,Not Verified,May-13,100001950,100001950,100001950,900001950,DL501950,DL501950,MEMBER-1951,Nurse,Debt consolidation loan,Borrower-written description of the loan purpose.,731,https://example.com/loan/1951
1952,925.14, 60 months,15.84%,G,G5,63948.98,25.59,RENT,NC,home_improvement,Fully Paid,2,0,0,29.49%,15,58,Source Verified,Sep-15,100001951,100001951,100001951,900001951,DL501951,DL501951,MEMBER-1952,Retail Associate,Debt consolidation loan,Borrower-written description of the loan purpose.,904,https://example.com/loan/1952
1953,4835.15, 60 months,11.71%,F,F2,154719.74,24.79,NONE,FL,renewable_energy,Charged Off,3,2,2,63.78%,1,31,Verified,Dec-12,100001952,100001952,100001952,900001952,DL501952,DL501952,MEMBER-1953,Software Engineer,Debt consolidation loan,Borrower-written description of the loan purpose.,961,https://example.com/loan/1953
1954,17515.04, 36 months,7.88%,A,A1,165193.92,25.19,MORTGAGE,GA,medical,Charged Off,1,1,2,12.99%,29,7,Source Verified,Oct-11,100001953,100001953,100001953,900001953,DL501953,DL501953,MEMBER-1954,Driver,Debt consolidation loan,Borrower-written description of the loan purpose.,880,https://example.com/loan/1954
1955,25962.27, 60 months,13.98%,C,C1,53457.81,2.15,MORTGAGE,MI,small_business,Fully Paid,3,0,2,2.16%,7,38,Not Verified,Apr-15,100001954,100001954,100001954,900001954,DL501954,DL501954,MEMBER-1955,Retail Associate,Debt consolidation loan,Borrower-written description of the loan purpose.,801,https://example.com/loan/1955
1956,26153.01, 60 months,22.37%,A,A1,66468.21,20.34,OWN,NY,car,Fully Paid,1,3,2,34.66%,28,19,Not Verified,Jan-18,100001955,100001955,100001955,900001955,DL501955,DL501955,MEMBER-1956,Software Engineer,Debt consolidation loan,Borrower-written description of the loan purpose.,369,https://example.com/loan/1956
1957,34972.99, 36 months,20.08%,E,E2,151422.49,3.1,OTHER,TX,renewable_energy,Charged Off,3,0,NA,68.98%,16,14,Not Verified,Nov-18,100001956,100001956,100001956,900001956,DL501956,DL501956,MEMBER-1957,Driver,Debt consolidation loan,Borrower-written description of the loan purpose.,776,https://example.com/loan/1957
1958,786.39, 60 months,24.45%,G,G5,23736.16,7.18,MORTGAGE,NY,car,Current,0,1,2,12.81%,23,34,Verified,May-18,100001957,100001957,100001957,900001957,DL501957,DL501957,MEMBER-1958,Software Engineer,Debt consolidation loan,Borrower-written description of the loan purpose.,581,https://example.com/loan/1958
1959,10515.56, 36 months,9.68%,B,B1,170782.02,27.98,RENT,IL,wedding,Fully Paid,4,1,1,19.72%,13,6,Not Verified,Jan-10,100001958,100001958,100001958,900001958,DL501958,DL501958,MEMBER-1959,Software Engineer,Debt consolidation loan,Borrower-written description of the loan purpose.,298,https://example.com/loan/1959
1960,14781.94, 36 months,6.56%,G,G4,103994.41,28.53,RENT,CA,credit_card,Current,1,0,2,11.36%,22,9,Source Verified,Apr-13,100001959,100001959,100001959,900001959,DL501959,DL501959,MEMBER-1960,Retail Associate,Debt consolidation loan,Borrower-written description of the loan purpose.,906,https://example.com/loan/1960
1961,25355.0, 60 months,11.94%,G,G3,122482.93,20.2,OTHER,OH,moving,Fully Paid,1,1,NA,63.76%,4,33,Verified,Feb-10,100001960,100001960,100001960,900001960,DL501960,DL501960,MEMBER-1961,Retail Associate,Debt consolidation loan,Borrower-written description of the loan purpose.,326,https://example.com/loan/1961
1962,9604.2, 36 months,11.18%,E,E2,30115.34,10.53,OTHER,NY,major_purchase,Fully Paid,1,0,NA,10.55%,21,31,Source Verified,Feb-08,100001961,100001961,100001961,900001961,DL501961,DL501961,MEMBER-1962,Retail Associate,Debt consolidation loan,Borrower-written description of the loan purpose.,776,https://example.com/loan/1962
1963,4766.7, 60 months,24.48%,E,E1,98154.79,29.8,OTHER,FL,house,Current,1,3,0,89.91%,8,29,Not Verified,Mar-10,100001962,100001962,100001962,900001962,DL501962,DL501962,MEMBER-1963,Nurse,Debt consolidation loan,Borrower-written description of the loan purpose.,712,https://example.com/loan/1963
1964,29752.3, 36 months,10.06%,C,C2,54917.92,8.36,RENT,PA,house,Current,2,1,2,38.29%,27,49,Not Verified,Apr-08,100001963,100001963,100001963,900001963,DL501963,DL501963,MEMBER-1964,Software Engineer,Debt consolidation loan,Borrower-written description of the loan purpose.,316,https://example.com/loan/1964
1965,16940.74, 36 months,19.85%,E,E3,27639.77,5.34,OWN,TX,home_improvement,Current,0,2,0,62.6%,29,25,Not Verified,Feb-13,100001964,100001964,100001964,900001964,DL501964,DL501964,MEMBER-1965,Driver,Debt consolidation loan,Borrower-written description of the loan purpose.,328,https://example.com/loan/1965
1966,29736.55, 60 months,15.85%,C,C1,180973.11,5.72,OTHER,MI,other,Charged Off,4,2,NA,81.5%,5,36,Not Verified,Apr-08,100001965,100001965,100001965,900001965,DL501965,DL501965,MEMBER-1966,Driver,Debt consolidation loan,Borrower-written description of the loan purpose.,280,https://example.com/loan/1966
1967,7031.93, 60 months,22.41%,B,B1,194533.5,14.16,RENT,CA,medical,Fully Paid,4,0,1,76.72%,22,38,Verified,Mar-17,100001966,100001966,100001966,900001966,DL501966,DL501966,MEMBER-1967,Software Engineer,Debt consolidation loan,Borrower-written description of the loan purpose.,484,https://example.com/loan/1967
1968,17962.22, 60 months,20.28%,B,B2,193716.54,16.29,RENT,MI,moving,Fully Paid,1,0,0,95.76%,15,30,Source Verified,Feb-17,100001967,100001967,100001967,900001967,DL501967,DL501967,MEMBER-1968,Retail Associate,Debt consolidation loan,Borrower-written description of the loan purpose.,914,https://example.com/loan/1968
1969,27266.13, 36 months,9.34%,C,C5,33518.31,7.62,MORTGAGE,NY,major_purchase,Charged Off,2,3,2,67.96%,22,35,Source Verified,Jun-18,100001968,100001968,100001968,900001968,DL501968,DL501968,MEMBER-1969,Nurse,Debt consolidation loan,Borrower-written description of the loan purpose.,189,https://example.com/loan/1969
1970,22427.03, 36 months,18.64%,A,A4,27760.08,26.79,OWN,NC,major_purchase,Charged Off,3,1,2,0.94%,28,47,Verified,Sep-15,100001969,100001969,100001969,900001969,DL501969,DL501969,MEMBER-1970,Retail Associate,Debt consolidation loan,Borrower-written description of the loan purpose.,188,https://example.com/loan/1970
1971,32103.9, 36 months,9.67%,C,C5,112429.93,18.44,MORTGAGE,NC,major_purchase,Fully Paid,0,1,NA,89.44%,18,52,Source Verified,Dec-12,100001970,100001970,100001970,900001970,DL501970,DL501970,MEMBER-1971,Software Engineer,Debt consolidation loan,Borrower-written description of the loan purpose.,614,https://example.com/loan/1971
1972,14172.62, 36 months,21.37%,D,D2,181046.45,28.23,OWN,FL,major_purchase,Current,3,1,0,45.02%,9,2,Source Verified,Aug-15,100001971,100001971,100001971,900001971,DL501971,DL501971,MEMBER-1972,Driver,Debt consolidation loan,Borrower-written description of the loan purpose.,219,https://example.com/loan/1972
1973,31634.58, 60 months,13.03%,C,C2,61937.72,27.49,RENT,PA,other,Fully Paid,4,2,1,9.21%,2,16,Verified,Jul-13,100001972,100001972,100001972,900001972,DL501972,DL501972,MEMBER-1973,Driver,Debt consolidation loan,Borrower-written description of the loan purpose.,263,https://example.com/loan/1973
1974,6297.95, 60 months,15.84%,D,D1,159343.13,10.42,RENT,GA,wedding,Fully Paid,2,0,2,57.92%,24,9,Source Verified,Aug-11,100001973,100001973,100001973,900001973,DL501973,DL501973,MEMBER-1974,Retail Associate,Debt consolidation loan,Borrower-written description of the loan purpose.,589,https://example.com/loan/1974
1975,23777.17, 36 months,19.37%,E,E4,66206.07,15.17,NONE,OH,credit_card,Fully Paid,4,0,NA,59.29%,14,8,Verified,Jan-13,100001974,100001974,100001974,900001974,DL501974,DL501974,MEMBER-1975,Nurse,Debt consolidation loan,Borrower-written description of the loan purpose.,867,https://example.com/loan/1975
1976,27345.12, 36 months,16.59%,C,C1,96806.57,15.18,RENT,CA,major_purchase,Fully Paid,3,3,NA,40.48%,18,50,Source Verified,Jun-17,100001975,100001975,100001975,900001975,DL501975,DL501975,MEMBER-1976,Nurse,Debt consolidation loan,Borrower-written description of the loan purpose.,297,https://example.com/loan/1976
1977,33038.03, 60 months,6.15%,C,C4,57624.17,6.84,OWN,IL,major_purchase,Fully Paid,1,0,2,39.18%,19,31,Not Verified,Feb-14,100001976,100001976,100001976,900001976,DL501976,DL501976,MEMBER-1977,Driver,Debt consolidation loan,Borrower-written description of the loan purpose.,959,https://example.com/loan/1977
1978,18403.85, 60 months,19.0%,C,C1,174255.76,17.86,MORTGAGE,OH,credit_card,Fully Paid,3,3,NA,5.14%,29,41,Verified,Aug-08,100001977,100001977,100001977,900001977,DL501977,DL501977,MEMBER-1978,Retail Associate,Debt consolidation loan,Borrower-written description of the loan purpose.,689,https://example.com/loan/1978
1979,31453.3, 36 months,17.74%,E,E4,52999.14,21.61,NONE,OH,renewable_energy,Current,0,3,2,4.34%,18,26,Not Verified,May-08,100001978,100001978,100001978,900001978,DL501978,DL501978,MEMBER-1979,Driver,Debt consolidation loan,Borrower-written description of the loan purpose.,557,https://example.com/loan/1979
1980,32301.95, 36 months,18.94%,E,E4,36539.6,3.13,OTHER,NC,car,Current,3,3,NA,23.46%,5,58,Source Verified,Jun-11,100001979,100001979,100001979,900001979,DL501979,DL501979,MEMBER-1980,Retail Associate,Debt consolidation loan,Borrower-written description of the loan purpose.,223,https://example.com/loan/1980
1981,6934.22, 60 months,6.11%,F,F2,80570.41,3.74,MORTGAGE,NC,educational,Fully Paid,2,0,NA,50.94%,2,25,Not Verified,Mar-11,100001980,100001980,100001980,900001980,DL501980,DL501980,MEMBER-1981,Nurse,Debt consolidation loan,Borrower-written description of the loan purpose.,433,https://example.com/loan/1981
1982,29990.99, 60 months,15.72%,C,C1,55819.17,6.12,MORTGAGE,NC,moving,Fully Paid,0,3,NA,9.3%,2,47,Verified,Dec-11,100001981,100001981,100001981,900001981,DL501981,DL501981,MEMBER-1982,Retail Associate,Debt consolidation loan,Borrower-written description of the loan purpose.,197,https://example.com/loan/1982
1983,7443.75, 36 months,24.47%,G,G1,70633.44,26.93,RENT,NY,moving,Fully Paid,2,0,2,75.98%,29,54,Verified,Oct-09,100001982,100001982,100001982,900001982,DL501982,DL501982,MEMBER-1983,Software Engineer,Debt consolidation loan,Borrower-written description of the loan purpose.,387,https://example.com/loan/1983
1984,18128.51, 60 months,19.37%,D,D2,162083.68,25.57,NONE,NC,educational,Fully Paid,1,2,2,36.63%,6,30,Not Verified,Nov-14,100001983,100001983,100001983,900001983,DL501983,DL501983,MEMBER-1984,Retail Associate,Debt consolidation loan,Borrower-written description of the loan purpose.,946,https://example.com/loan/1984
1985,17453.46, 60 months,17.23%,D,D4,149080.71,29.95,OTHER,FL,medical,Fully Paid,1,2,NA,74.46%,19,27,Source Verified,Jul-18,100001984,100001984,100001984,900001984,DL501984,DL501984,MEMBER-1985,Nurse,Debt consolidation loan,Borrower-written description of the loan purpose.,807,https://example.com/loan/1985
1986,30154.81, 36 months,16.56%,C,C5,97773.42,23.77,NONE,FL,small_business,Fully Paid,3,2,NA,31.69%,22,16,Not Verified,Jan-13,100001985,100001985,100001985,900001985,DL501985,DL501985,MEMBER-1986,Software Engineer,Debt consolidation loan,Borrower-written description of the loan purpose.,859,https://example.com/loan/1986
1987,14432.68, 36 months,11.98%,F,F5,22085.99,9.81,OTHER,NY,debt_consolidation,Charged Off,3,3,NA,27.08%,24,3,Source Verified,Jan-14,100001986,100001986,100001986,900001986,DL501986,DL501986,MEMBER-1987,Software Engineer,Debt consolidation loan,Borrower-written description of the loan purpose.,176,https://example.com/loan/1987
1988,5552.86, 60 months,21.2%,E,E2,39888.08,8.79,RENT,PA,home_improvement,Current,0,2,2,35.75%,15,41,Source Verified,Dec-15,100001987,100001987,100001987,900001987,DL501987,DL501987,MEMBER-1988,Software Engineer,Debt consolidation loan,Borrower-written description of the loan purpose.,155,https://example.com/loan/1988
1989,14327.03, 60 months,17.79%,B,B1,56437.09,0.09,OTHER,CA,house,Charged Off,0,2,NA,35.76%,9,57,Verified,May-17,100001988,100001988,100001988,900001988,DL501988,DL501988,MEMBER-1989,Retail Associate,Debt consolidation loan,Borrower-written description of the loan purpose.,425,https://example.com/loan/1989
1990,21824.27, 36 months,18.98%,C,C5,117795.62,0.04,OWN,NC,vacation,Fully Paid,1,2,2,40.67%,14,51,Not Verified,Feb-13,100001989,100001989,100001989,900001989,DL501989,DL501989,MEMBER-1990,Retail Associate,Debt consolidation loan,Borrower-written description of the loan purpose.,525,https://example.com/loan/1990
1991,26634.29, 36 months,14.43%,F,F3,155842.15,27.89,NONE,MI,home_improvement,Charged Off,2,0,2,91.38%,18,41,Source Verified,Jul-13,100001990,100001990,100001990,900001990,DL501990,DL501990,MEMBER-1991,Retail Associate,Debt consolidation loan,Borrower-written description of the loan purpose.,274,https://example.com/loan/1991
1992,830.49, 60 months,11.25%,C,C5,133280.05,20.12,NONE,OH,major_purchase,Fully Paid,3,3,2,57.98%,6,14,Not Verified,Jul-12,100001991,100001991,100001991,900001991,DL501991,DL501991,MEMBER-1992,Retail Associate,Debt consolidation loan,Borrower-written description of the loan purpose.,446,https://example.com/loan/1992
1993,6990.33, 60 months,6.04%,B,B3,173726.8,5.08,NONE,IL,educational,Charged Off,0,2,2,46.87%,29,26,Not Verified,Apr-16,100001992,100001992,100001992,900001992,DL501992,DL501992,MEMBER-1993,Software Engineer,Debt consolidation loan,Borrower-written description of the loan purpose.,585,https://example.com/loan/1993
1994,9716.83, 60 months,13.59%,A,A2,53577.56,27.22,MORTGAGE,FL,small_business,Charged Off,1,3,NA,45.77%,13,19,Verified,Sep-17,100001993,100001993,100001993,900001993,DL501993,DL501993,MEMBER-1994,Software Engineer,Debt consolidation loan,Borrower-written description of the loan purpose.,139,https://example.com/loan/1994
1995,12942.81, 60 months,20.01%,F,F1,27031.6,11.47,NONE,OH,car,Current,3,2,0,40.44%,13,16,Source Verified,Oct-08,100001994,100001994,100001994,900001994,DL501994,DL501994,MEMBER-1995,Driver,Debt consolidation loan,Borrower-written description of the loan purpose.,964,https://example.com/loan/1995
1996,17220.45, 60 months,19.49%,F,F2,31008.82,22.69,MORTGAGE,MI,moving,Fully Paid,2,2,1,48.94%,26,16,Source Verified,Mar-17,100001995,100001995,100001995,900001995,DL501995,DL501995,MEMBER-1996,Retail Associate,Debt consolidation loan,Borrower-written description of the loan purpose.,923,https://example.com/loan/1996
1997,1082.2, 36 months,24.02%,F,F1,128537.04,9.4,RENT,NY,medical,Current,2,3,0,77.75%,1,44,Verified,Jan-13,100001996,100001996,100001996,900001996,DL501996,DL501996,MEMBER-1997,Nurse,Debt consolidation loan,Borrower-written description of the loan purpose.,114,https://example.com/loan/1997
1998,22563.15, 36 months,15.35%,A,A4,74395.7,19.36,NONE,NY,renewable_energy,Current,4,1,2,72.24%,21,37,Not Verified,Aug-15,100001997,100001997,100001997,900001997,DL501997,DL501997,MEMBER-1998,Nurse,Debt consolidation loan,Borrower-written description of the loan purpose.,336,https://example.com/loan/1998
1999,5604.26, 60 months,14.31%,E,E4,107915.75,18.45,OWN,FL,wedding,Fully Paid,0,2,1,0.14%,3,22,Source Verified,Aug-09,100001998,100001998,100001998,900001998,DL501998,DL501998,MEMBER-1999,Software Engineer,Debt consolidation loan,Borrower-written description of the loan purpose.,946,https://example.com/loan/1999
2000,34110.62, 60 months,22.9%,F,F5,49611.97,20.28,RENT,NY,car,Charged Off,3,3,0,83.96%,16,10,Not Verified,Aug-11,100001999,100001999,100001999,900001999,DL501999,DL501999,MEMBER-2000,Driver,Debt consolidation loan,Borrower-written description of the loan purpose.,215,https://example.com/loan/2000
2001,18752.11, 60 months,14.37%,E,E3,165954.72,1.12,MORTGAGE,MI,other,Current,2,0,2,3.14%,23,27,Not Verified,Dec-17,100002000,100002000,100002000,900002000,DL502000,DL502000,MEMBER-2001,Driver,Debt consolidation loan,Borrower-written description of the loan purpose.,493,https://example.com/loan/2001
2002,34020.74, 36 months,14.08%,F,F3,54770.7,29.09,OTHER,OH,home_improvement,Fully Paid,0,1,0,73.03%,4,29,Source Verified,Apr-12,100002001,100002001,100002001,900002001,DL502001,DL502001,MEMBER-2002,Software Engineer,Debt consolidation loan,Borrower-written description of the loan purpose.,884,https://example.com/loan/2002
2003,32831.12, 36 months,21.85%,D,D4,147572.84,26.43,OTHER,CA,medical,Current,1,0,1,18.75%,6,56,Source Verified,Sep-12,100002002,100002002,100002002,900002002,DL502002,DL502002,MEMBER-2003,Software Engineer,Debt consolidation loan,Borrower-written description of the loan purpose.,250,https://example.com/loan/2003
2004,25626.8, 36 months,19.33%,C,C2,117423.06,11.11,NONE,FL,educational,Fully Paid,1,3,2,99.79%,4,40,Source Verified,Sep-08,100002003,100002003,100002003,900002003,DL502003,DL502003,MEMBER-2004,Software Engineer,Debt consolidation loan,Borrower-written description of the loan purpose.,523,https://example.com/loan/2004
2005,28755.06, 60 months,18.19%,C,C4,21775.19,14.02,OTHER,OH,debt_consolidation,Fully Paid,4,2,1,32.85%,7,3,Source Verified,Feb-13,100002004,100002004,100002004,900002004,DL502004,DL502004,MEMBER-2005,Software Engineer,Debt consolidation loan,Borrower-written description of the loan purpose.,334,https://example.com/loan/2005
2006,8559.06, 36 months,7.17%,G,G2,78029.98,27.23,OTHER,TX,vacation,Charged Off,1,0,0,87.63%,9,56,Verified,Mar-08,100002005,100002005,100002005,900002005,DL502005,DL502005,MEMBER-2006,Nurse,Debt consolidation loan,Borrower-written description of the loan purpose.,942,https://example.com/loan/2006
2007,4355.69, 60 months,15.53%,G,G5,62528.43,26.29,RENT,NY,major_purchase,Charged Off,3,0,NA,20.35%,27,20,Source Verified,Sep-08,100002006,100002006,100002006,900002006,DL502006,DL502006,MEMBER-2007,Nurse,Debt consolidation loan,Borrower-written description of the loan purpose.,180,https://example.com/loan/2007
2008,15716.18, 60 months,16.62%,E,E5,83154.1,15.1,NONE,NC,car,Current,0,1,0,93.63%,21,34,Not Verified,Dec-13,100002007,100002007,100002007,900002007,DL502007,DL502007,MEMBER-2008,Nurse,Debt consolidation loan,Borrower-written description of the loan purpose.,434,https://example.com/loan/2008
2009,15815.39, 36 months,9.27%,B,B4,144527.57,27.66,MORTGAGE,GA,educational,Fully Paid,2,2,0,47.7%,23,8,Source Verified,Nov-11,100002008,100002008,100002008,900002008,DL502008,DL502008,MEMBER-2009,Nurse,Debt consolidation loan,Borrower-written description of the loan purpose.,790,https://example.com/loan/2009
2010,14853.46, 60 months,7.39%,B,B3,57037.59,28.0,MORTGAGE,FL,small_business,Fully Paid,2,2,2,28.17%,7,42,Not Verified,Aug-18,100002009,100002009,100002009,900002009,DL502009,DL502009,MEMBER-2010,Nurse,Debt consolidation loan,Borrower-written description of the loan purpose.,113,https://example.com/loan/2010
2011,11511.49, 36 months,16.28%,G,G2,177861.81,17.97,NONE,MI,debt_consolidation,Current,0,3,2,64.6%,17,41,Verified,Feb-11,100002010,100002010,100002010,900002010,DL502010,DL502010,MEMBER-2011,Driver,Debt consolidation loan,Borrower-written description of the loan purpose.,337,https://example.com/loan/2011
2012,31395.69, 36 months,24.52%,D,D3,100575.56,0.74,MORTGAGE,IL,car,Current,4,1,2,58.39%,17,28,Not Verified,Mar-08,100002011,100002011,100002011,900002011,DL502011,DL502011,MEMBER-2012,Nurse,Debt consolidation loan,Borrower-written description of the loan purpose.,641,https://example.com/loan/2012
2013,7713.48, 60 months,7.28%,B,B3,40167.12,26.48,OTHER,OH,major_purchase,Fully Paid,3,3,NA,0.94%,16,41,Not Verified,Jan-12,100002012,100002012,100002012,900002012,DL502012,DL502012,MEMBER-2013,Nurse,Debt consolidation loan,Borrower-written description of the loan purpose.,226,https://example.com/loan/2013
2014,26719.54, 36 months,14.49%,A,A4,25831.93,17.46,NONE,OH,renewable_energy,Fully Paid,4,0,1,60.94%,16,24,Source Verified,Dec-15,100002013,100002013,100002013,900002013,DL502013,DL502013,MEMBER-2014,Driver,Debt consolidation loan,Borrower-written description of the loan purpose.,934,https://example.com/loan/2014
2015,26759.59, 60 months,16.63%,E,E4,148424.8,9.43,RENT,GA,major_purchase,Fully Paid,2,1,0,30.34%,17,45,Verified,Jul-12,100002014,100002014,100002014,900002014,DL502014,DL502014,MEMBER-2015,Driver,Debt consolidation loan,Borrower-written description of the loan purpose.,264,https://example.com/loan/2015
2016,9848.57, 36 months,18.49%,B,B3,134145.71,14.08,MORTGAGE,NC,vacation,Fully Paid,0,0,NA,79.52%,14,31,Verified,Oct-12,100002015,100002015,100002015,900002015,DL502015,DL502015,MEMBER-2016,Retail Associate,Debt consolidation loan,Borrower-written description of the loan purpose.,789,https://example.com/loan/2016
2017,22370.21, 36 months,10.25%,C,C2,176210.66,24.55,NONE,CA,major_purchase,Current,3,2,1,9.52%,27,48,Verified,Nov-14,100002016,100002016,100002016,900002016,DL502016,DL502016,MEMBER-2017,Retail Associate,Debt consolidation loan,Borrower-written description of the loan purpose.,305,https://example.com/loan/2017
2018,32438.44, 36 months,23.29%,F,F3,36282.33,20.65,MORTGAGE,GA,moving,Current,0,2,1,44.46%,3,45,Not Verified,Jun-13,100002017,100002017,100002017,900002017,DL502017,DL502017,MEMBER-2018,Driver,Debt consolidation loan,Borrower-written description of the loan purpose.,758,https://example.com/loan/2018
2019,10777.44, 36 months,23.77%,A,A2,146575.5,15.73,RENT,IL,credit_card,Charged Off,4,2,NA,28.32%,16,6,Not Verified,Dec-12,100002018,100002018,100002018,900002018,DL502018,DL502018,MEMBER-2019,Nurse,Debt consolidation loan,Borrower-written description of the loan purpose.,188,https://example.com/loan/2019
2020,26565.15, 36 months,11.61%,C,C3,42335.17,21.04,MORTGAGE,NC,credit_card,Fully Paid,2,0,1,79.94%,19,54,Verified,Dec-10,100002019,100002019,100002019,900002019,DL502019,DL502019,MEMBER-2020,Software Engineer,Debt consolidation loan,Borrower-written description of the loan purpose.,355,https://example.com/loan/2020
2021,13856.26, 60 months,6.5%,E,E4,116185.08,10.1,OTHER,GA,other,Current,3,1,2,76.31%,20,29,Not Verified,May-16,100002020,100002020,100002020,900002020,DL502020,DL502020,MEMBER-2021,Driver,Debt consolidation loan,Borrower-written description of the loan purpose.,797,https://example.com/loan/2021
2022,5128.68, 36 months,11.51%,F,F4,59408.53,18.42,RENT,TX,medical,Fully Paid,1,1,1,56.15%,9,42,Verified,Feb-17,100002021,100002021,100002021,900002021,DL502021,DL502021,MEMBER-2022,Driver,Debt consolidation loan,Borrower-written description of the loan purpose.,140,https://example.com/loan/2022
2023,6263.71, 60 months,16.47%,D,D2,154327.76,8.46,OTHER,NC,major_purchase,Fully Paid,2,0,1,5.15%,8,32,Not Verified,Oct-13,100002022,100002022,100002022,900002022,DL502022,DL502022,MEMBER-2023,Nurse,Debt consolidation loan,Borrower-written description of the loan purpose.,513,https://example.com/loan/2023
2024,8465.64, 60 months,22.84%,E,E2,40120.34,19.61,OWN,IL,debt_consolidation,Current,0,3,1,35.21%,25,18,Verified,Feb-10,100002023,100002023,100002023,900002023,DL502023,DL502023,MEMBER-2024,Driver,Debt consolidation loan,Borrower-written description of the loan purpose.,328,https://example.com/loan/2024
2025,12414.03, 36 months,14.56%,B,B4,137392.79,13.65,RENT,IL,vacation,Fully Paid,0,2,2,91.78%,13,30,Source Verified,Feb-13,100002024,100002024,100002024,900002024,DL502024,DL502024,MEMBER-2025,Driver,Debt consolidation loan,Borrower-written description of the loan purpose.,509,https://example.com/loan/2025
2026,11004.87, 36 months,18.62%,G,G4,178246.8,18.83,RENT,CA,educational,Charged Off,2,1,0,8.36%,29,4,Not Verified,Jun-13,100002025,100002025,100002025,900002025,DL502025,DL502025,MEMBER-2026,Nurse,Debt consolidation loan,Borrower-written description of the loan purpose.,527,https://example.com/loan/2026
2027,25960.13, 36 months,23.83%,F,F4,28248.81,9.69,MORTGAGE,PA,car,Fully Paid,0,2,1,61.16%,10,54,Not Verified,May-09,100002026,100002026,100002026,900002026,DL502026,DL502026,MEMBER-2027,Nurse,Debt consolidation loan,Borrower-written description of the loan purpose.,656,https://example.com/loan/2027
2028,33345.28, 36 months,14.83%,F,F5,27471.0,29.46,NONE,NC,major_purchase,Fully Paid,2,3,0,98.66%,9,3,Source Verified,Mar-12,100002027,100002027,100002027,900002027,DL502027,DL502027,MEMBER-2028,Retail Associate,Debt consolidation loan,Borrower-written description of the loan purpose.,159,https://example.com/loan/2028
2029,32518.56, 60 months,13.68%,E,E2,47412.41,18.05,MORTGAGE,GA,renewable_energy,Fully Paid,1,1,NA,11.66%,7,57,Not Verified,Sep-16,100002028,100002028,100002028,900002028,DL502028,DL502028,MEMBER-2029,Retail Associate,Debt consolidation loan,Borrower-written description of the loan purpose.,363,https://example.com/loan/2029
2030,26912.95, 60 months,10.06%,A,A3,59732.39,1.24,MORTGAGE,MI,major_purchase,Fully Paid,3,0,NA,23.48%,14,49,Source Verified,Oct-09,100002029,100002029,100002029,900002029,DL502029,DL502029,MEMBER-2030,Software Engineer,Debt consolidation loan,Borrower-written description of the loan purpose.,822,https://example.com/loan/2030
2031,4136.21, 36 months,19.33%,E,E5,102231.75,2.86,NONE,FL,car,Current,3,1,2,27.12%,26,44,Source Verified,Feb-13,100002030,100002030,100002030,900002030,DL502030,DL502030,MEMBER-2031,Retail Associate,Debt consolidation loan,Borrower-written description of the loan purpose.,334,https://example.com/loan/2031
2032,26704.97, 36 months,23.49%,A,A5,37483.93,2.18,OWN,OH,other,Fully Paid,2,0,1,96.21%,4,29,Source Verified,Feb-13,100002031,100002031,100002031,900002031,DL502031,DL502031,MEMBER-2032,Software Engineer,Debt consolidation loan,Borrower-written description of the loan purpose.,801,https://example.com/loan/2032
2033,13883.0, 36 months,20.26%,C,C2,22126.08,3.4,OWN,GA,car,Fully Paid,3,0,1,95.36%,4,12,Not Verified,May-16,100002032,100002032,100002032,900002032,DL502032,DL502032,MEMBER-2033,Driver,Debt consolidation loan,Borrower-written description of the loan purpose.,993,https://example.com/loan/2033
2034,16173.94, 36 months,13.66%,C,C1,110397.02,26.62,OWN,MI,other,Current,2,2,NA,17.78%,2,42,Source Verified,Oct-11,100002033,100002033,100002033,900002033,DL502033,DL502033,MEMBER-2034,Software Engineer,Debt consolidation loan,Borrower-written description of the loan purpose.,410,https://example.com/loan/2034
2035,16206.11, 60 months,14.4%,G,G4,38371.72,14.68,OTHER,CA,major_purchase,Fully Paid,3,3,2,45.79%,13,23,Verified,Jan-16,100002034,100002034,100002034,900002034,DL502034,DL502034,MEMBER-2035,Software Engineer,Debt consolidation loan,Borrower-written description of the loan purpose.,615,https://example.com/loan/2035
2036,6165.76, 36 months,13.2%,C,C5,155642.64,26.01,MORTGAGE,TX,educational,Fully Paid,4,2,1,24.28%,4,6,Not Verified,Nov-15,100002035,100002035,100002035,900002035,DL502035,DL502035,MEMBER-2036,Driver,Debt consolidation loan,Borrower-written description of the loan purpose.,564,https://example.com/loan/2036
2037,10982.0, 36 months,19.48%,C,C1,124024.38,15.35,OWN,TX,medical,Fully Paid,3,3,NA,91.7%,20,8,Verified,Sep-08,100002036,100002036,100002036,900002036,DL502036,DL502036,MEMBER-2037,Software Engineer,Debt consolidation loan,Borrower-written description of the loan purpose.,929,https://example.com/loan/2037
2038,29676.55, 60 months,7.95%,C,C1,30756.45,9.99,OWN,GA,moving,Current,3,1,NA,91.08%,29,20,Not Verified,Jul-13,100002037,100002037,100002037,900002037,DL502037,DL502037,MEMBER-2038,Nurse,Debt consolidation loan,Borrower-written description of the loan purpose.,941,https://example.com/loan/2038
2039,14091.2, 60 months,8.86%,F,F2,159925.05,4.31,NONE,FL,house,Fully Paid,2,2,NA,26.73%,4,57,Source Verified,Dec-16,100002038,100002038,100002038,900002038,DL502038,DL502038,MEMBER-2039,Nurse,Debt consolidation loan,Borrower-written description of the loan purpose.,621,https://example.com/loan/2039
2040,779.59, 60 months,13.02%,G,G2,81002.46,5.07,OWN,NY,other,Charged Off,4,3,NA,35.89%,19,28,Source Verified,Jan-08,100002039,100002039,100002039,900002039,DL502039,DL502039,MEMBER-2040,Software Engineer,Debt consolidation loan,Borrower-written description of the loan purpose.,355,https://example.com/loan/2040
2041,2319.66, 60 months,9.79%,F,F5,114667.51,2.98,NONE,NC,home_improvement,Fully Paid,4,0,2,59.74%,8,11,Source Verified,Apr-08,100002040,100002040,100002040,900002040,DL502040,DL502040,MEMBER-2041,Retail Associate,Debt consolidation loan,Borrower-written description of the loan purpose.,264,https://example.com/loan/2041
2042,4034.74, 36 months,14.37%,D,D3,75524.86,2.51,RENT,MI,house,Current,4,2,0,29.81%,27,46,Not Verified,Aug-13,100002041,100002041,100002041,900002041,DL502041,DL502041,MEMBER-2042,Driver,Debt consolidation loan,Borrower-written description of the loan purpose.,483,https://example.com/loan/2042
2043,34926.64, 36 months,8.64%,B,B2,99386.25,4.15,OTHER,OH,moving,Charged Off,1,1,NA,34.4%,27,39,Source Verified,Sep-16,100002042,100002042,100002042,900002042,DL502042,DL502042,MEMBER-2043,Retail Associate,Debt consolidation loan,Borrower-written description of the loan purpose.,116,https://example.com/loan/2043
2044,18061.63, 36 months,18.58%,C,C5,197513.84,6.71,MORTGAGE,CA,home_improvement,Fully Paid,1,3,2,39.87%,9,2,Not Verified,May-16,100002043,100002043,100002043,900002043,DL502043,DL502043,MEMBER-2044,Nurse,Debt consolidation loan,Borrower-written description of the loan purpose.,811,https://example.com/loan/2044
2045,29760.51, 36 months,5.9%,G,G1,77430.81,19.92,NONE,CA,house,Fully Paid,1,2,NA,61.71%,3,24,Not Verified,Dec-08,100002044,100002044,100002044,900002044,DL502044,DL502044,MEMBER-2045,Driver,Debt consolidation loan,Borrower-written description of the loan purpose.,195,https://example.com/loan/2045
2046,13643.81, 36 months,5.95%,D,D3,132317.63,16.92,OTHER,PA,house,Fully Paid,2,0,NA,70.37%,16,51,Source Verified,Apr-18,100002045,100002045,100002045,900002045,DL502045,DL502045,MEMBER-2046,Driver,Debt consolidation loan,Borrower-written description of the loan purpose.,750,https://example.com/loan/2046
2047,27196.75, 60 months,11.01%,C,C3,32559.6,27.31,NONE,PA,moving,Current,4,0,0,48.14%,20,8,Verified,Nov-10,100002046,100002046,100002046,900002046,DL502046,DL502046,MEMBER-2047,Driver,Debt consolidation loan,Borrower-written description of the loan purpose.,535,https://example.com/loan/2047
2048,23637.86, 60 months,17.34%,F,F4,112357.84,19.13,MORTGAGE,NY,house,Current,3,3,1,84.54%,10,26,Source Verified,Jan-11,100002047,100002047,100002047,900002047,DL502047,DL502047,MEMBER-2048,Nurse,Debt consolidation loan,Borrower-written description of the loan purpose.,744,https://example.com/loan/2048
2049,16711.42, 36 months,8.81%,A,A1,83558.53,11.8,OTHER,MI,other,Fully Paid,2,2,0,64.72%,4,8,Verified,Feb-08,100002048,100002048,100002048,900002048,DL502048,DL502048,MEMBER-2049,Driver,Debt consolidation loan,Borrower-written description of the loan purpose.,934,https://example.com/loan/2049
2050,23863.3, 60 months,19.21%,E,E2,54727.62,13.68,NONE,OH,vacation,Current,4,2,2,2.67%,13,41,Not Verified,May-18,100002049,100002049,100002049,900002049,DL502049,DL502049,MEMBER-2050,Retail Associate,Debt consolidation loan,Borrower-written description of the loan purpose.,288,https://example.com/loan/2050
2051,30271.78, 60 months,13.96%,B,B4,160198.2,24.41,MORTGAGE,NY,moving,Fully Paid,1,1,2,56.92%,24,48,Not Verified,Jan-17,100002050,100002050,100002050,900002050,DL502050,DL502050,MEMBER-2051,Software Engineer,Debt consolidation loan,Borrower-written description of the loan purpose.,332,https://example.com/loan/2051
2052,9896.57, 36 months,11.81%,D,D4,124069.37,24.91,RENT,NY,renewable_energy,Fully Paid,3,2,0,45.0%,3,11,Verified,Dec-15,100002051,100002051,100002051,900002051,DL502051,DL502051,MEMBER-2052,Driver,Debt consolidation loan,Borrower-written description of the loan purpose.,555,https://example.com/loan/2052
2053,26622.83, 60 months,24.29%,F,F2,148906.98,10.74,MORTGAGE,PA,car,Current,0,0,2,59.41%,27,53,Verified,Aug-13,100002052,100002052,100002052,900002052,DL502052,DL502052,MEMBER-2053,Nurse,Debt consolidation loan,Borrower-written description of the loan purpose.,658,https://example.com/loan/2053
2054,27026.83, 60 months,8.98%,F,F3,94401.27,27.14,RENT,MI,debt_consolidation,Charged Off,0,0,0,92.18%,9,33,Verified,Jan-09,100002053,100002053,100002053,900002053,DL502053,DL502053,MEMBER-2054,Retail Associate,Debt consolidation loan,Borrower-written description of the loan purpose.,968,https://example.com/loan/2054
2055,1539.98, 36 months,18.46%,A,A5,89837.35,18.74,RENT,OH,major_purchase,Current,3,1,1,53.04%,8,33,Source Verified,Feb-08,100002054,100002054,100002054,900002054,DL502054,DL502054,MEMBER-2055,Software Engineer,Debt consolidation loan,Borrower-written description of the loan purpose.,189,https://example.com/loan/2055
2056,15980.65, 60 months,19.87%,F,F4,102501.34,3.11,RENT,OH,credit_card,Current,1,1,0,77.88%,13,37,Source Verified,Nov-12,100002055,100002055,100002055,900002055,DL502055,DL502055,MEMBER-2056,Retail Associate,Debt consolidation loan,Borrower-written description of the loan purpose.,325,https://example.com/loan/2056
2057,32851.45, 36 months,8.51%,C,C5,24867.05,14.79,RENT,OH,moving,Fully Paid,3,0,0,0.33%,14,5,Verified,May-18,100002056,100002056,100002056,900002056,DL502056,DL502056,MEMBER-2057,Software Engineer,Debt consolidation loan,Borrower-written description of the loan purpose.,227,https://example.com/loan/2057
2058,8992.8, 36 months,14.44%,B,B4,33551.32,6.02,OTHER,MI,wedding,Current,0,3,0,69.84%,10,47,Not Verified,May-13,100002057,100002057,100002057,900002057,DL502057,DL502057,MEMBER-2058,Software Engineer,Debt consolidation loan,Borrower-written description of the loan purpose.,341,https://example.com/loan/2058
2059,9565.03, 36 months,5.56%,E,E2,80559.73,12.15,NONE,CA,renewable_energy,Current,1,1,NA,30.54%,7,30,Not Verified,Sep-15,100002058,100002058,100002058,900002058,DL502058,DL502058,MEMBER-2059,Nurse,Debt consolidation loan,Borrower-written description of the loan purpose.,381,https://example.com/loan/2059
2060,19653.55, 36 months,12.15%,F,F2,132495.68,10.25,NONE,GA,moving,Fully Paid,3,0,2,39.44%,3,56,Source Verified,Sep-14,100002059,100002059,100002059,900002059,DL502059,DL502059,MEMBER-2060,Retail Associate,Debt consolidation loan,Borrower-written description of the loan purpose.,775,https://example.com/loan/2060
2061,19582.04, 36 months,23.85%,D,D1,82991.09,7.94,RENT,IL,educational,Fully Paid,4,3,1,97.16%,16,12,Verified,Jan-11,100002060,100002060,100002060,900002060,DL502060,DL502060,MEMBER-2061,Retail Associate,Debt consolidation loan,Borrower-written description of the loan purpose.,109,https://example.com/loan/2061
2062,31548.94, 60 months,24.49%,C,C2,173262.98,6.32,NONE,FL,medical,Fully Paid,2,3,0,69.8%,19,51,Source Verified,Aug-12,100002061,100002061,100002061,900002061,DL502061,DL502061,MEMBER-2062,Retail Associate,Debt consolidation loan,Borrower-written description of the loan purpose.,554,https://example.com/loan/2062
2063,5626.68, 36 months,13.8%,G,G4,23357.25,20.2,OTHER,IL,wedding,Current,1,2,1,44.54%,27,6,Verified,Dec-10,100002062,100002062,100002062,900002062,DL502062,DL502062,MEMBER-2063,Software Engineer,Debt consolidation loan,Borrower-written description of the loan purpose.,561,https://example.com/loan/2063
2064,9413.31, 60 months,19.88%,F,F4,116617.6,10.12,OWN,CA,renewable_energy,Fully Paid,3,1,NA,94.37%,2,27,Source Verified,Jan-12,100002063,100002063,100002063,900002063,DL502063,DL502063,MEMBER-2064,Retail Associate,Debt consolidation loan,Borrower-written description of the loan purpose.,111,https://example.com/loan/2064
2065,33232.15, 36 months,16.45%,G,G3,25755.67,23.41,NONE,IL,car,Current,2,0,2,40.4%,20,13,Not Verified,Dec-11,100002064,100002064,100002064,900002064,DL502064,DL502064,MEMBER-2065,Retail Associate,Debt consolidation loan,Borrower-written description of the loan purpose.,433,https://example.com/loan/2065
2066,6871.91, 36 months,8.39%,B,B5,39201.0,19.7,MORTGAGE,TX,major_purchase,Fully Paid,1,2,0,86.81%,3,39,Not Verified,Aug-11,100002065,100002065,100002065,900002065,DL502065,DL502065,MEMBER-2066,Nurse,Debt consolidation loan,Borrower-written description of the loan purpose.,186,https://example.com/loan/2066
2067,18329.32, 36 months,8.35%,A,A4,136716.9,19.73,RENT,NY,credit_card,Current,1,3,2,69.93%,17,14,Verified,Nov-10,100002066,100002066,100002066,900002066,DL502066,DL502066,MEMBER-2067,Retail Associate,Debt consolidation loan,Borrower-written description of the loan purpose.,744,https://example.com/loan/2067
2068,12322.39, 60 months,17.65%,A,A5,133262.62,1.41,MORTGAGE,IL,wedding,Charged Off,1,1,2,48.16%,6,15,Not Verified,Oct-08,100002067,100002067,100002067,900002067,DL502067,DL502067,MEMBER-2068,Software Engineer,Debt consolidation loan,Borrower-written description of the loan purpose.,158,https://example.com/loan/2068
2069,17304.95, 60 months,23.29%,E,E4,77238.08,9.68,RENT,OH,major_purchase,Fully Paid,4,2,1,60.37%,15,39,Not Verified,Nov-16,100002068,100002068,100002068,900002068,DL502068,DL502068,MEMBER-2069,Retail Associate,Debt consolidation loan,Borrower-written description of the loan purpose.,974,https://example.com/loan/2069
2070,13987.32, 36 months,14.02%,G,G5,134770.55,27.8,NONE,IL,major_purchase,Fully Paid,1,2,2,63.14%,12,52,Verified,Aug-10,100002069,100002069,100002069,900002069,DL502069,DL502069,MEMBER-2070,Software Engineer,Debt consolidation loan,Borrower-written description of the loan purpose.,399,https://example.com/loan/2070
2071,6515.14, 60 months,10.31%,D,D5,174072.84,10.91,MORTGAGE,PA,other,Charged Off,1,1,NA,33.6%,11,23,Not Verified,Feb-15,100002070,100002070,100002070,900002070,DL502070,DL502070,MEMBER-2071,Driver,Debt consolidation loan,Borrower-written description of the loan purpose.,364,https://example.com/loan/2071
2072,3791.11, 60 months,16.17%,B,B5,159827.17,8.84,RENT,OH,vacation,Current,2,2,0,25.77%,30,28,Source Verified,Feb-15,100002071,100002071,100002071,900002071,DL502071,DL502071,MEMBER-2072,Nurse,Debt consolidation loan,Borrower-written description of the loan purpose.,360,https://example.com/loan/2072
2073,8388.31, 60 months,20.37%,E,E3,139487.57,9.6,OWN,GA,wedding,Current,2,3,1,69.31%,28,40,Not Verified,Apr-12,100002072,100002072,100002072,900002072,DL502072,DL502072,MEMBER-2073,Nurse,Debt consolidation loan,Borrower-written description of the loan purpose.,298,https://example.com/loan/2073
2074,26935.13, 60 months,9.15%,B,B4,140770.13,27.98,NONE,MI,home_improvement,Current,4,2,0,81.87%,8,48,Source Verified,Mar-13,100002073,100002073,100002073,900002073,DL502073,DL502073,MEMBER-2074,Nurse,Debt consolidation loan,Borrower-written description of the loan purpose.,709,https://example.com/loan/2074
2075,21835.23, 36 months,9.11%,A,A4,110745.18,13.76,OWN,CA,car,Fully Paid,0,1,NA,59.34%,11,5,Source Verified,Aug-14,100002074,100002074,100002074,900002074,DL502074,DL502074,MEMBER-2075,Driver,Debt consolidation loan,Borrower-written description of the loan purpose.,174,https://example.com/loan/2075
2076,7553.32, 60 months,15.03%,F,F1,141416.03,12.09,RENT,TX,house,Charged Off,3,0,1,69.94%,18,50,Not Verified,Jan-12,100002075,100002075,100002075,900002075,DL502075,DL502075,MEMBER-2076,Retail Associate,Debt consolidation loan,Borrower-written description of the loan purpose.,593,https://example.com/loan/2076
2077,3637.09, 36 months,9.39%,C,C4,199232.09,0.15,MORTGAGE,NC,renewable_energy,Fully Paid,2,3,NA,76.25%,28,59,Verified,Aug-18,100002076,100002076,100002076,900002076,DL502076,DL502076,MEMBER-2077,Driver,Debt consolidation loan,Borrower-written description of the loan purpose.,143,https://example.com/loan/2077
2078,23511.12, 60 months,18.55%,B,B4,142416.09,18.02,OTHER,CA,renewable_energy,Fully Paid,0,0,1,71.72%,17,48,Verified,Apr-15,100002077,100002077,100002077,900002077,DL502077,DL502077,MEMBER-2078,Nurse,Debt consolidation loan,Borrower-written description of the loan purpose.,574,https://example.com/loan/2078
2079,15815.62, 36 months,21.76%,B,B5,83195.17,1.11,OWN,GA,medical,Current,0,0,1,49.58%,3,59,Source Verified,Sep-10,100002078,100002078,100002078,900002078,DL502078,DL502078,MEMBER-2079,Nurse,Debt consolidation loan,Borrower-written description of the loan purpose.,626,https://example.com/loan/2079
2080,27608.39, 36 months,17.2%,E,E4,171124.57,29.65,NONE,CA,home_improvement,Fully Paid,1,2,2,90.44%,10,5,Not Verified,Jul-09,100002079,100002079,100002079,900002079,DL502079,DL502079,MEMBER-2080,Software Engineer,Debt consolidation loan,Borrower-written description of the loan purpose.,610,https://example.com/loan/2080
2081,32933.47, 36 months,5.91%,F,F4,199105.76,0.84,OWN,PA,wedding,Current,3,3,NA,25.57%,21,54,Verified,Jan-08,100002080,100002080,100002080,900002080,DL502080,DL502080,MEMBER-2081,Nurse,Debt consolidation loan,Borrower-written description of the loan purpose.,901,https://example.com/loan/2081
2082,10181.45, 36 months,20.53%,D,D1,90119.04,4.0,MORTGAGE,NY,renewable_energy,Current,0,0,NA,51.45%,11,21,Verified,Mar-08,100002081,100002081,100002081,900002081,DL502081,DL502081,MEMBER-2082,Software Engineer,Debt consolidation loan,Borrower-written description of the loan purpose.,707,https://example.com/loan/2082
2083,6051.95, 60 months,11.1%,C,C1,42857.92,22.49,RENT,FL,medical,Current,4,2,0,34.89%,8,7,Verified,Jan-11,100002082,100002082,100002082,900002082,DL502082,DL502082,MEMBER-2083,Software Engineer,Debt consolidation loan,Borrower-written description of the loan purpose.,374,https://example.com/loan/2083
2084,5825.29, 36 months,11.75%,C,C4,86730.42,25.2,OWN,OH,wedding,Current,2,3,0,52.37%,24,35,Not Verified,Apr-14,100002083,100002083,100002083,900002083,DL502083,DL502083,MEMBER-2084,Software Engineer,Debt consolidation loan,Borrower-written description of the loan purpose.,244,https://example.com/loan/2084
2085,23057.63, 60 months,19.17%,E,E1,195486.63,0.45,NONE,GA,vacation,Fully Paid,1,0,0,65.03%,4,9,Not Verified,Oct-10,100002084,100002084,100002084,900002084,DL502084,DL502084,MEMBER-2085,Software Engineer,Debt consolidation loan,Borrower-written description of the loan purpose.,246,https://example.com/loan/2085
2086,2657.78, 60 months,7.61%,B,B1,78549.24,6.93,MORTGAGE,NC,wedding,Fully Paid,2,3,NA,74.51%,5,55,Not Verified,Feb-17,100002085,100002085,100002085,900002085,DL502085,DL502085,MEMBER-2086,Retail Associate,Debt consolidation loan,Borrower-written description of the loan purpose.,506,https://example.com/loan/2086
2087,8428.99, 60 months,16.14%,B,B3,114893.14,28.96,MORTGAGE,PA,house,Charged Off,4,0,2,36.48%,25,2,Verified,Apr-16,100002086,100002086,100002086,900002086,DL502086,DL502086,MEMBER-2087,Nurse,Debt consolidation loan,Borrower-written description of the loan purpose.,274,https://example.com/loan/2087
2088,3239.98, 60 months,16.43%,A,A1,115191.6,26.83,MORTGAGE,IL,moving,Fully Paid,3,0,NA,89.71%,13,53,Source Verified,Oct-17,100002087,100002087,100002087,900002087,DL502087,DL502087,MEMBER-2088,Software Engineer,Debt consolidation loan,Borrower-written description of the loan purpose.,755,https://example.com/loan/2088
2089,23038.22, 36 months,22.45%,C,C1,20944.06,26.12,OWN,CA,medical,Fully Paid,2,2,0,16.77%,30,25,Source Verified,Oct-13,100002088,100002088,100002088,900002088,DL502088,DL502088,MEMBER-2089,Software Engineer,Debt consolidation loan,Borrower-written description of the loan purpose.,850,https://example.com/loan/2089
2090,31122.34, 60 months,9.38%,B,B2,128849.44,0.97,OWN,GA,wedding,Fully Paid,4,0,2,25.34%,22,38,Not Verified,Nov-18,100002089,100002089,100002089,900002089,DL502089,DL502089,MEMBER-2090,Software Engineer,Debt consolidation loan,Borrower-written description of the loan purpose.,335,https://example.com/loan/2090
2091,22788.27, 60 months,22.63%,B,B3,91955.64,2.6,MORTGAGE,TX,credit_card,Fully Paid,3,0,0,40.85%,7,25,Verified,Dec-15,100002090,100002090,100002090,900002090,DL502090,DL502090,MEMBER-2091,Retail Associate,Debt consolidation loan,Borrower-written description of the loan purpose.,856,https://example.com/loan/2091
2092,13705.16, 60 months,9.44%,G,G1,111709.47,20.88,RENT,NY,credit_card,Fully Paid,2,0,2,32.16%,11,7,Source Verified,Apr-13,100002091,100002091,100002091,900002091,DL502091,DL502091,MEMBER-2092,Software Engineer,Debt consolidation loan,Borrower-written description of the loan purpose.,200,https://example.com/loan/2092
2093,13166.8, 60 months,8.05%,B,B5,82731.52,25.6,OWN,MI,medical,Current,4,3,0,71.14%,17,41,Source Verified,Jun-08,100002092,100002092,100002092,900002092,DL502092,DL502092,MEMBER-2093,Nurse,Debt consolidation loan,Borrower-written description of the loan purpose.,731,https://example.com/loan/2093
2094,30883.63, 60 months,10.66%,F,F1,94873.49,25.72,OWN,NY,credit_card,Fully Paid,3,0,2,83.17%,1,32,Not Verified,Jan-16,100002093,100002093,100002093,900002093,DL502093,DL502093,MEMBER-2094,Retail Associate,Debt consolidation loan,Borrower-written description of the loan purpose.,723,https://example.com/loan/2094
2095,26608.39, 36 months,19.84%,F,F1,148171.24,0.52,OTHER,GA,major_purchase,Fully Paid,1,3,2,94.09%,15,50,Verified,Oct-10,100002094,100002094,100002094,900002094,DL502094,DL502094,MEMBER-2095,Nurse,Debt consolidation loan,Borrower-written description of the loan purpose.,535,https://example.com/loan/2095
2096,7986.11, 36 months,19.36%,E,E5,32640.33,10.92,NONE,FL,house,Charged Off,3,1,NA,46.21%,26,33,Verified,Apr-12,100002095,100002095,100002095,900002095,DL502095,DL502095,MEMBER-2096,Nurse,Debt consolidation loan,Borrower-written description of the loan purpose.,402,https://example.com/loan/2096
2097,13285.62, 36 months,22.91%,G,G4,179728.38,23.76,NONE,NC,credit_card,Fully Paid,4,3,1,85.77%,9,45,Source Verified,Oct-13,100002096,100002096,100002096,900002096,DL502096,DL502096,MEMBER-2097,Nurse,Debt consolidation loan,Borrower-written description of the loan purpose.,768,https://example.com/loan/2097
2098,27440.12, 36 months,15.41%,C,C4,135927.86,27.05,RENT,NY,house,Charged Off,3,2,2,63.92%,24,60,Source Verified,Mar-11,100002097,100002097,100002097,900002097,DL502097,DL502097,MEMBER-2098,Driver,Debt consolidation loan,Borrower-written description of the loan purpose.,450,https://example.com/loan/2098
2099,11651.31, 60 months,20.27%,A,A4,88955.12,11.66,OTHER,CA,wedding,Current,1,3,1,65.06%,19,22,Source Verified,Aug-16,100002098,100002098,100002098,900002098,DL502098,DL502098,MEMBER-2099,Retail Associate,Debt consolidation loan,Borrower-written description of the loan purpose.,250,https://example.com/loan/2099
2100,12676.47, 36 months,16.59%,D,D1,124006.99,19.73,NONE,MI,educational,Fully Paid,2,1,1,63.43%,21,22,Verified,Mar-18,100002099,100002099,100002099,900002099,DL502099,DL502099,MEMBER-2100,Driver,Debt consolidation loan,Borrower-written description of the loan purpose.,377,https://example.com/loan/2100
2101,16068.98, 60 months,23.53%,G,G5,109685.97,20.61,MORTGAGE,PA,renewable_energy,Fully Paid,3,1,NA,68.03%,26,48,Source Verified,May-08,100002100,100002100,100002100,900002100,DL502100,DL502100,MEMBER-2101,Nurse,Debt consolidation loan,Borrower-written description of the loan purpose.,745,https://example.com/loan/2101
2102,34518.14, 36 months,20.92%,A,A3,188365.88,22.45,NONE,NC,wedding,Current,3,2,NA,84.57%,9,22,Source Verified,Jun-13,100002101,100002101,100002101,900002101,DL502101,DL502101,MEMBER-2102,Nurse,Debt consolidation loan,Borrower-written description of the loan purpose.,511,https://example.com/loan/2102
2103,21661.77, 60 months,21.38%,C,C1,137063.16,13.85,OWN,GA,home_improvement,Fully Paid,4,3,NA,57.87%,30,47,Not Verified,Feb-16,100002102,100002102,100002102,900002102,DL502102,DL502102,MEMBER-2103,Retail Associate,Debt consolidation loan,Borrower-written description of the loan purpose.,923,https://example.com/loan/2103
2104,33250.43, 60 months,23.76%,C,C1,95369.05,6.7,NONE,MI,small_business,Current,0,3,1,98.1%,19,59,Verified,Feb-11,100002103,100002103,100002103,900002103,DL502103,DL502103,MEMBER-2104,Driver,Debt consolidation loan,Borrower-written description of the loan purpose.,997,https://example.com/loan/2104
2105,34737.66, 60 months,13.44%,F,F3,190018.02,10.82,OTHER,FL,other,Fully Paid,0,2,0,92.63%,29,11,Verified,Jul-08,100002104,100002104,100002104,900002104,DL502104,DL502104,MEMBER-2105,Nurse,Debt consolidation loan,Borrower-written description of the loan purpose.,265,https://example.com/loan/2105
2106,9458.69, 60 months,14.94%,D,D3,61101.85,29.33,RENT,NC,other,Fully Paid,0,2,0,72.45%,26,41,Not Verified,Jul-12,100002105,100002105,100002105,900002105,DL502105,DL502105,MEMBER-2106,Software Engineer,Debt consolidation loan,Borrower-written description of the loan purpose.,631,https://example.com/loan/2106
2107,28061.96, 36 months,10.04%,F,F4,39352.77,5.51,NONE,OH,educational,Fully Paid,3,0,0,13.44%,16,28,Not Verified,Apr-14,100002106,100002106,100002106,900002106,DL502106,DL502106,MEMBER-2107,Retail Associate,Debt consolidation loan,Borrower-written description of the loan purpose.,613,https://example.com/loan/2107
2108,14965.3, 36 months,6.56%,G,G1,64576.67,2.66,OTHER,NY,wedding,Fully Paid,3,3,0,24.23%,20,38,Not Verified,Jun-11,100002107,100002107,100002107,900002107,DL502107,DL502107,MEMBER-2108,Driver,Debt consolidation loan,Borrower-written description of the loan purpose.,698,https://example.com/loan/2108
2109,753.78, 36 months,13.74%,B,B5,163335.62,12.6,RENT,PA,debt_consolidation,Fully Paid,1,3,2,64.21%,18,58,Verified,Jan-10,100002108,100002108,100002108,900002108,DL502108,DL502108,MEMBER-2109,Retail Associate,Debt consolidation loan,Borrower-written description of the loan purpose.,979,https://example.com/loan/2109
2110,34148.03, 36 months,24.31%,A,A2,42783.83,25.35,MORTGAGE,CA,car,Current,2,3,NA,13.8%,12,49,Verified,Jan-15,100002109,100002109,100002109,900002109,DL502109,DL502109,MEMBER-2110,Software Engineer,Debt consolidation loan,Borrower-written description of the loan purpose.,852,https://example.com/loan/2110
2111,12515.32, 60 months,22.97%,A,A5,48556.15,6.84,NONE,NY,renewable_energy,Charged Off,4,0,1,95.31%,1,53,Source Verified,Apr-17,100002110,100002110,100002110,900002110,DL502110,DL502110,MEMBER-2111,Nurse,Debt consolidation loan,Borrower-written description of the loan purpose.,558,https://example.com/loan/2111
2112,7834.4, 36 months,11.85%,A,A2,39343.69,19.62,OWN,IL,renewable_energy,Current,1,1,2,8.38%,3,60,Not Verified,Jul-17,100002111,100002111,100002111,900002111,DL502111,DL502111,MEMBER-2112,Software Engineer,Debt consolidation loan,Borrower-written description of the loan purpose.,681,https://example.com/loan/2112
2113,24036.41, 60 months,21.33%,C,C5,113712.01,11.1,MORTGAGE,CA,major_purchase,Current,2,1,NA,47.57%,6,58,Source Verified,Dec-16,100002112,100002112,100002112,900002112,DL502112,DL502112,MEMBER-2113,Driver,Debt consolidation loan,Borrower-written description of the loan purpose.,903,https://example.com/loan/2113
2114,4874.82, 36 months,11.24%,C,C2,64613.77,25.79,MORTGAGE,NY,moving,Charged Off,4,3,0,87.22%,9,58,Not Verified,Oct-18,100002113,100002113,100002113,900002113,DL502113,DL502113,MEMBER-2114,Nurse,Debt consolidation loan,Borrower-written description of the loan purpose.,654,https://example.com/loan/2114
2115,18002.82, 36 months,15.32%,F,F2,28474.86,10.62,NONE,PA,house,Fully Paid,0,0,1,18.94%,2,57,Not Verified,Feb-18,100002114,100002114,100002114,900002114,DL502114,DL502114,MEMBER-2115,Driver,Debt consolidation loan,Borrower-written description of the loan purpose.,477,https://example.com/loan/2115
2116,7221.21, 60 months,10.47%,A,A5,108180.98,9.63,OTHER,OH,small_business,Charged Off,3,1,1,89.7%,17,21,Verified,Nov-15,100002115,100002115,100002115,900002115,DL502115,DL502115,MEMBER-2116,Driver,Debt consolidation loan,Borrower-written description of the loan purpose.,584,https://example.com/loan/2116
2117,32536.94, 60 months,5.43%,C,C1,78235.31,16.31,OTHER,TX,wedding,Fully Paid,4,2,2,32.72%,5,14,Source Verified,Apr-14,100002116,100002116,100002116,900002116,DL502116,DL502116,MEMBER-2117,Driver,Debt consolidation loan,Borrower-written description of the loan purpose.,868,https://example.com/loan/2117
2118,6614.75, 60 months,23.38%,F,F5,57675.26,5.97,OWN,OH,debt_consolidation,Fully Paid,0,1,0,60.11%,26,36,Not Verified,Dec-17,100002117,100002117,100002117,900002117,DL502117,DL502117,MEMBER-2118,Software Engineer,Debt consolidation loan,Borrower-written description of the loan purpose.,681,https://example.com/loan/2118
2119,19616.46, 36 months,20.68%,C,C5,116094.9,25.58,MORTGAGE,MI,other,Fully Paid,4,0,1,28.63%,20,43,Source Verified,Oct-15,100002118,100002118,100002118,900002118,DL502118,DL502118,MEMBER-2119,Driver,Debt consolidation loan,Borrower-written description of the loan purpose.,922,https://example.com/loan/2119
2120,18810.11, 36 months,12.82%,B,B1,62977.5,11.5,OWN,GA,debt_consolidation,Current,4,1,NA,80.28%,19,3,Not Verified,Aug-15,100002119,100002119,100002119,900002119,DL502119,DL502119,MEMBER-2120,Driver,Debt consolidation loan,Borrower-written description of the loan purpose.,373,https://example.com/loan/2120
2121,20281.6, 36 months,12.69%,F,F5,169435.8,5.43,OTHER,FL,major_purchase,Fully Paid,0,3,1,35.65%,15,51,Not Verified,Feb-09,100002120,100002120,100002120,900002120,DL502120,DL502120,MEMBER-2121,Retail Associate,Debt consolidation loan,Borrower-written description of the loan purpose.,409,https://example.com/loan/2121
2122,9705.27, 36 months,14.61%,C,C5,56530.33,5.17,RENT,CA,debt_consolidation,Fully Paid,3,1,2,18.77%,26,12,Source Verified,Jan-10,100002121,100002121,100002121,900002121,DL502121,DL502121,MEMBER-2122,Software Engineer,Debt consolidation loan,Borrower-written description of the loan purpose.,783,https://example.com/loan/2122
2123,32883.35, 60 months,9.65%,D,D5,57820.55,25.63,RENT,NY,car,Fully Paid,2,1,NA,34.37%,23,50,Verified,Mar-16,100002122,100002122,100002122,900002122,DL502122,DL502122,MEMBER-2123,Nurse,Debt consolidation loan,Borrower-written description of the loan purpose.,602,https://example.com/loan/2123
2124,11058.02, 36 months,11.53%,C,C5,86273.1,0.99,MORTGAGE,GA,major_purchase,Current,4,2,2,10.58%,18,15,Not Verified,Jun-11,100002123,100002123,100002123,900002123,DL502123,DL502123,MEMBER-2124,Software Engineer,Debt consolidation loan,Borrower-written description of the loan purpose.,286,https://example.com/loan/2124
2125,31422.55, 60 months,9.99%,D,D3,189680.39,3.98,RENT,NC,vacation,Fully Paid,2,0,NA,80.52%,4,6,Not Verified,Feb-18,100002124,100002124,100002124,900002124,DL502124,DL502124,MEMBER-2125,Retail Associate,Debt consolidation loan,Borrower-written description of the loan purpose.,632,https://example.com/loan/2125
2126,15580.21, 60 months,8.15%,A,A3,136857.82,21.34,MORTGAGE,FL,renewable_energy,Current,1,3,NA,7.97%,17,40,Not Verified,Dec-18,100002125,100002125,100002125,900002125,DL502125,DL502125,MEMBER-2126,Software Engineer,Debt consolidation loan,Borrower-written description of the loan purpose.,930,https://example.com/loan/2126
2127,28507.82, 36 months,19.14%,B,B1,100481.19,26.36,RENT,FL,moving,Current,4,2,NA,21.78%,12,9,Verified,Apr-16,100002126,100002126,100002126,900002126,DL502126,DL502126,MEMBER-2127,Driver,Debt consolidation loan,Borrower-written description of the loan purpose.,125,https://example.com/loan/2127
2128,6953.86, 36 months,5.86%,C,C4,199545.72,23.7,NONE,FL,major_purchase,Fully Paid,4,1,2,39.45%,11,26,Verified,Dec-14,100002127,100002127,100002127,900002127,DL502127,DL502127,MEMBER-2128,Software Engineer,Debt consolidation loan,Borrower-written description of the loan purpose.,753,https://example.com/loan/2128
2129,19996.87, 60 months,10.11%,E,E1,95211.09,6.07,OTHER,CA,vacation,Fully Paid,0,0,1,44.45%,15,53,Source Verified,Nov-17,100002128,100002128,100002128,900002128,DL502128,DL502128,MEMBER-2129,Nurse,Debt consolidation loan,Borrower-written description of the loan purpose.,333,https://example.com/loan/2129
2130,26572.4, 36 months,10.8%,B,B1,65053.61,29.8,MORTGAGE,CA,renewable_energy,Fully Paid,2,3,1,12.58%,15,50,Source Verified,Oct-09,100002129,100002129,100002129,900002129,DL502129,DL502129,MEMBER-2130,Retail Associate,Debt consolidation loan,Borrower-written description of the loan purpose.,707,https://example.com/loan/2130
2131,29894.56, 60 months,6.49%,D,D3,106335.56,27.67,OTHER,NC,moving,Fully Paid,0,0,1,4.94%,1,14,Not Verified,Oct-09,100002130,100002130,100002130,900002130,DL502130,DL502130,MEMBER-2131,Nurse,Debt consolidation loan,Borrower-written description of the loan purpose.,287,https://example.com/loan/2131
2132,34877.19, 60 months,15.14%,C,C3,51423.54,3.52,MORTGAGE,NC,wedding,Fully Paid,2,3,1,98.04%,2,12,Verified,Oct-12,100002131,100002131,100002131,900002131,DL502131,DL502131,MEMBER-2132,Retail Associate,Debt consolidation loan,Borrower-written description of the loan purpose.,469,https://example.com/loan/2132
2133,26624.8, 36 months,22.08%,B,B1,21770.01,13.37,OTHER,NC,vacation,Charged Off,4,3,2,47.28%,18,25,Verified,Dec-08,100002132,100002132,100002132,900002132,DL502132,DL502132,MEMBER-2133,Driver,Debt consolidation loan,Borrower-written description of the loan purpose.,963,https://example.com/loan/2133
2134,34521.31, 36 months,21.6%,D,D2,87912.18,19.26,NONE,NC,moving,Charged Off,1,1,NA,88.54%,26,51,Not Verified,Nov-11,100002133,100002133,100002133,900002133,DL502133,DL502133,MEMBER-2134,Nurse,Debt consolidation loan,Borrower-written description of the loan purpose.,732,https://example.com/loan/2134
2135,15863.31, 36 months,18.1%,D,D5,172841.3,7.23,OTHER,MI,vacation,Current,1,0,NA,55.2%,22,45,Verified,May-11,100002134,100002134,100002134,900002134,DL502134,DL502134,MEMBER-2135,Software Engineer,Debt consolidation loan,Borrower-written description of the loan purpose.,309,https://example.com/loan/2135
2136,23713.67, 60 months,10.6%,G,G4,69487.29,2.78,RENT,MI,small_business,Fully Paid,0,1,0,5.33%,20,49,Verified,Feb-08,100002135,100002135,100002135,900002135,DL502135,DL502135,MEMBER-2136,Retail Associate,Debt consolidation loan,Borrower-written description of the loan purpose.,148,https://example.com/loan/2136
2137,34801.26, 60 months,11.15%,C,C5,182487.97,2.72,NONE,NC,small_business,Fully Paid,2,2,1,63.77%,19,9,Source Verified,Jan-12,100002136,100002136,100002136,900002136,DL502136,DL502136,MEMBER-2137,Retail Associate,Debt consolidation loan,Borrower-written description of the loan purpose.,777,https://example.com/loan/2137
2138,14527.01, 36 months,8.55%,C,C3,139222.66,11.26,NONE,NY,moving,Current,4,3,0,50.85%,2,39,Source Verified,Nov-14,100002137,100002137,100002137,900002137,DL502137,DL502137,MEMBER-2138,Driver,Debt consolidation loan,Borrower-written description of the loan purpose.,438,https://example.com/loan/2138
2139,21649.51, 36 months,16.57%,G,G1,199101.84,6.27,NONE,IL,educational,Fully Paid,3,2,0,97.5%,6,52,Source Verified,Jan-17,100002138,100002138,100002138,900002138,DL502138,DL502138,MEMBER-2139,Nurse,Debt consolidation loan,Borrower-written description of the loan purpose.,900,https://example.com/loan/2139
2140,20159.56, 60 months,23.81%,B,B4,28575.56,10.65,OTHER,NY,car,Current,2,1,2,24.28%,7,32,Source Verified,May-17,100002139,100002139,100002139,900002139,DL502139,DL502139,MEMBER-2140,Retail Associate,Debt consolidation loan,Borrower-written description of the loan purpose.,342,https://example.com/loan/2140
2141,23799.36, 36 months,20.38%,G,G2,20590.62,15.12,RENT,MI,educational,Current,0,2,2,5.15%,11,48,Source Verified,Oct-10,100002140,100002140,100002140,900002140,DL502140,DL502140,MEMBER-2141,Nurse,Debt consolidation loan,Borrower-written description of the loan purpose.,180,https://example.com/loan/2141
2142,30171.34, 60 months,13.81%,C,C2,70560.75,1.85,NONE,CA,car,Fully Paid,0,2,1,38.89%,8,41,Not Verified,Jul-12,100002141,100002141,100002141,900002141,DL502141,DL502141,MEMBER-2142,Nurse,Debt consolidation loan,Borrower-written description of the loan purpose.,429,https://example.com/loan/2142
2143,11441.12, 60 months,21.21%,C,C2,86818.14,23.54,RENT,NC,other,Fully Paid,4,2,1,57.19%,13,55,Not Verified,Sep-08,100002142,100002142,100002142,900002142,DL502142,DL502142,MEMBER-2143,Retail Associate,Debt consolidation loan,Borrower-written description of the loan purpose.,965,https://example.com/loan/2143
2144,15302.82, 60 months,24.0%,B,B5,136246.72,20.41,MORTGAGE,NC,wedding,Charged Off,4,2,NA,64.06%,21,23,Not Verified,Apr-16,100002143,100002143,100002143,900002143,DL502143,DL502143,MEMBER-2144,Nurse,Debt consolidation loan,Borrower-written description of the loan purpose.,199,https://example.com/loan/2144
2145,19786.58, 60 months,22.75%,G,G1,148128.29,19.91,NONE,PA,house,Fully Paid,3,2,NA,72.95%,27,53,Not Verified,Sep-08,100002144,100002144,100002144,900002144,DL502144,DL502144,MEMBER-2145,Nurse,Debt consolidation loan,Borrower-written description of the loan purpose.,610,https://example.com/loan/2145
2146,25153.11, 36 months,16.14%,E,E1,137062.13,28.79,OTHER,CA,medical,Fully Paid,4,0,1,56.73%,29,27,Verified,Sep-11,100002145,100002145,100002145,900002145,DL502145,DL502145,MEMBER-2146,Software Engineer,Debt consolidation loan,Borrower-written description of the loan purpose.,482,https://example.com/loan/2146
2147,30989.81, 60 months,13.89%,G,G3,160421.67,6.44,NONE,TX,major_purchase,Fully Paid,2,3,1,64.41%,7,45,Not Verified,May-18,100002146,100002146,100002146,900002146,DL502146,DL502146,MEMBER-2147,Nurse,Debt consolidation loan,Borrower-written description of the loan purpose.,836,https://example.com/loan/2147
2148,31332.24, 36 months,22.1%,F,F3,93507.13,22.94,MORTGAGE,GA,car,Fully Paid,2,1,0,98.62%,25,60,Source Verified,Jul-11,100002147,100002147,100002147,900002147,DL502147,DL502147,MEMBER-2148,Driver,Debt consolidation loan,Borrower-written description of the loan purpose.,923,https://example.com/loan/2148
2149,3159.73, 60 months,10.23%,F,F1,79806.3,0.34,OTHER,CA,renewable_energy,Current,3,3,1,39.52%,10,46,Source Verified,Nov-11,100002148,100002148,100002148,900002148,DL502148,DL502148,MEMBER-2149,Driver,Debt consolidation loan,Borrower-written description of the loan purpose.,835,https://example.com/loan/2149
2150,4659.71, 60 months,12.9%,E,E3,94261.51,8.15,RENT,CA,debt_consolidation,Current,0,2,NA,41.55%,20,9,Verified,Sep-15,100002149,100002149,100002149,900002149,DL502149,DL502149,MEMBER-2150,Driver,Debt consolidation loan,Borrower-written description of the loan purpose.,323,https://example.com/loan/2150
2151,16863.55, 36 months,6.3%,G,G4,177236.26,22.39,OWN,PA,renewable_energy,Fully Paid,3,3,2,50.34%,9,18,Not Verified,Jun-15,100002150,100002150,100002150,900002150,DL502150,DL502150,MEMBER-2151,Driver,Debt consolidation loan,Borrower-written description of the loan purpose.,192,https://example.com/loan/2151
2152,8889.33, 36 months,9.57%,C,C2,32196.21,6.35,OTHER,OH,credit_card,Fully Paid,4,0,1,19.88%,2,39,Verified,Dec-13,100002151,100002151,100002151,900002151,DL502151,DL502151,MEMBER-2152,Software Engineer,Debt consolidation loan,Borrower-written description of the loan purpose.,532,https://example.com/loan/2152
2153,2373.65, 60 months,14.47%,A,A2,180498.23,2.67,RENT,MI,vacation,Fully Paid,3,2,NA,93.48%,18,41,Verified,Aug-08,100002152,100002152,100002152,900002152,DL502152,DL502152,MEMBER-2153,Driver,Debt consolidation loan,Borrower-written description of the loan purpose.,712,https://example.com/loan/2153
2154,24808.75, 36 months,9.11%,G,G2,92721.96,16.16,RENT,PA,house,Charged Off,4,0,0,10.49%,8,7,Verified,Feb-13,100002153,100002153,100002153,900002153,DL502153,DL502153,MEMBER-2154,Driver,Debt consolidation loan,Borrower-written description of the loan purpose.,370,https://example.com/loan/2154
2155,23007.43, 36 months,24.33%,E,E2,105669.49,22.4,OTHER,PA,major_purchase,Fully Paid,3,1,NA,71.62%,12,27,Not Verified,Jul-12,100002154,100002154,100002154,900002154,DL502154,DL502154,MEMBER-2155,Nurse,Debt consolidation loan,Borrower-written description of the loan purpose.,734,https://example.com/loan/2155
2156,25349.04, 60 months,11.54%,B,B1,29696.5,2.96,NONE,GA,small_business,Current,1,0,NA,32.44%,7,28,Not Verified,Mar-09,100002155,100002155,100002155,900002155,DL502155,DL502155,MEMBER-2156,Nurse,Debt consolidation loan,Borrower-written description of the loan purpose.,780,https://example.com/loan/2156
2157,17810.16, 60 months,10.69%,E,E3,193172.78,27.17,OWN,CA,moving,Fully Paid,2,2,NA,27.1%,14,36,Source Verified,Jan-15,100002156,100002156,100002156,900002156,DL502156,DL502156,MEMBER-2157,Driver,Debt consolidation loan,Borrower-written description of the loan purpose.,941,https://example.com/loan/2157
2158,26355.79, 36 months,13.96%,A,A2,54925.76,22.6,OTHER,TX,vacation,Fully Paid,1,0,2,49.85%,29,14,Verified,Aug-18,100002157,100002157,100002157,900002157,DL502157,DL502157,MEMBER-2158,Driver,Debt consolidation loan,Borrower-written description of the loan purpose.,908,https://example.com/loan/2158
2159,12947.46, 60 months,22.74%,A,A5,128395.47,27.32,OWN,NC,medical,Fully Paid,2,2,2,76.55%,3,50,Verified,Dec-11,100002158,100002158,100002158,900002158,DL502158,DL502158,MEMBER-2159,Nurse,Debt consolidation loan,Borrower-written description of the loan purpose.,507,https://example.com/loan/2159
2160,20497.67, 36 months,8.67%,G,G3,159988.48,19.41,OWN,NY,educational,Current,4,3,NA,33.72%,23,48,Source Verified,Aug-12,100002159,100002159,100002159,900002159,DL502159,DL502159,MEMBER-2160,Nurse,Debt consolidation loan,Borrower-written description of the loan purpose.,347,https://example.com/loan/2160
2161,19434.93, 36 months,8.76%,E,E3,80919.31,7.62,NONE,IL,wedding,Fully Paid,0,3,NA,11.02%,7,26,Source Verified,Feb-13,100002160,100002160,100002160,900002160,DL502160,DL502160,MEMBER-2161,Retail Associate,Debt consolidation loan,Borrower-written description of the loan purpose.,127,https://example.com/loan/2161
2162,2144.85, 60 months,6.33%,F,F1,43911.46,26.51,NONE,CA,debt_consolidation,Fully Paid,2,0,1,30.48%,21,29,Verified,Aug-14,100002161,100002161,100002161,900002161,DL502161,DL502161,MEMBER-2162,Nurse,Debt consolidation loan,Borrower-written description of the loan purpose.,548,https://example.com/loan/2162
2163,6452.7, 36 months,13.03%,C,C4,178076.98,12.75,MORTGAGE,IL,home_improvement,Current,3,1,0,18.38%,27,19,Verified,Dec-16,100002162,100002162,100002162,900002162,DL502162,DL502162,MEMBER-2163,Software Engineer,Debt consolidation loan,Borrower-written description of the loan purpose.,543,https://example.com/loan/2163
2164,30531.75, 36 months,14.71%,D,D2,176993.98,27.85,MORTGAGE,GA,moving,Fully Paid,4,3,0,98.41%,24,38,Source Verified,Feb-13,100002163,100002163,100002163,900002163,DL502163,DL502163,MEMBER-2164,Driver,Debt consolidation loan,Borrower-written description of the loan purpose.,443,https://example.com/loan/2164
2165,20897.72, 36 months,8.13%,G,G5,167638.17,9.9,MORTGAGE,IL,medical,Fully Paid,0,1,2,7.39%,3,23,Not Verified,Nov-14,100002164,100002164,100002164,900002164,DL502164,DL502164,MEMBER-2165,Driver,Debt consolidation loan,Borrower-written description of the loan purpose.,626,https://example.com/loan/2165
2166,6699.64, 60 months,9.41%,C,C1,139350.82,17.22,RENT,NC,car,Fully Paid,0,1,NA,3.88%,30,53,Source Verified,May-18,100002165,100002165,100002165,900002165,DL502165,DL502165,MEMBER-2166,Nurse,Debt consolidation loan,Borrower-written description of the loan purpose.,583,https://example.com/loan/2166
2167,34322.84, 60 months,13.46%,C,C2,58878.29,28.71,RENT,PA,small_business,Charged Off,2,2,1,41.52%,10,34,Not Verified,Nov-17,100002166,100002166,100002166,900002166,DL502166,DL502166,MEMBER-2167,Driver,Debt consolidation loan,Borrower-written description of the loan purpose.,271,https://example.com/loan/2167
2168,8790.02, 60 months,18.47%,F,F3,28973.43,19.8,MORTGAGE,NC,major_purchase,Charged Off,2,3,0,73.41%,18,2,Not Verified,Jul-17,100002167,100002167,100002167,900002167,DL502167,DL502167,MEMBER-2168,Driver,Debt consolidation loan,Borrower-written description of the loan purpose.,674,https://example.com/loan/2168
2169,13458.46, 36 months,9.58%,C,C5,128105.51,23.6,NONE,NC,educational,Fully Paid,4,3,2,37.11%,16,2,Verified,Jan-13,100002168,100002168,100002168,900002168,DL502168,DL502168,MEMBER-2169,Nurse,Debt consolidation loan,Borrower-written description of the loan purpose.,617,https://example.com/loan/2169
2170,31213.52, 36 months,23.93%,E,E3,164045.07,2.46,MORTGAGE,TX,car,Fully Paid,4,3,NA,33.78%,9,28,Source Verified,Oct-18,100002169,100002169,100002169,900002169,DL502169,DL502169,MEMBER-2170,Retail Associate,Debt consolidation loan,Borrower-written description of the loan purpose.,643,https://example.com/loan/2170
2171,26050.8, 36 months,9.47%,C,C4,104322.77,23.1,NONE,IL,car,Fully Paid,3,0,1,60.52%,25,27,Verified,Nov-09,100002170,100002170,100002170,900002170,DL502170,DL502170,MEMBER-2171,Nurse,Debt consolidation loan,Borrower-written description of the loan purpose.,132,https://example.com/loan/2171
2172,28847.71, 60 months,16.63%,E,E4,29876.91,10.52,NONE,TX,major_purchase,Fully Paid,3,3,0,51.66%,5,43,Verified,Dec-17,100002171,100002171,100002171,900002171,DL502171,DL502171,MEMBER-2172,Retail Associate,Debt consolidation loan,Borrower-written description of the loan purpose.,898,https://example.com/loan/2172
2173,34547.04, 36 months,12.08%,A,A1,30085.87,28.73,OTHER,NC,renewable_energy,Current,4,2,NA,55.67%,10,53,Verified,Sep-11,100002172,100002172,100002172,900002172,DL502172,DL502172,MEMBER-2173,Retail Associate,Debt consolidation loan,Borrower-written description of the loan purpose.,288,https://example.com/loan/2173
2174,29412.33, 60 months,15.99%,D,D5,126168.83,27.38,OWN,OH,moving,Fully Paid,1,0,2,84.32%,15,14,Not Verified,Oct-10,100002173,100002173,100002173,900002173,DL502173,DL502173,MEMBER-2174,Driver,Debt consolidation loan,Borrower-written description of the loan purpose.,698,https://example.com/loan/2174
2175,5567.85, 60 months,12.58%,D,D3,48698.64,5.02,OTHER,NY,small_business,Fully Paid,4,3,1,14.28%,6,39,Source Verified,Mar-15,100002174,100002174,100002174,900002174,DL502174,DL502174,MEMBER-2175,Software Engineer,Debt consolidation loan,Borrower-written description of the loan purpose.,993,https://example.com/loan/2175
2176,19246.13, 60 months,5.86%,D,D3,30601.02,19.53,RENT,NC,renewable_energy,Fully Paid,0,2,1,2.01%,11,26,Source Verified,Aug-12,100002175,100002175,100002175,900002175,DL502175,DL502175,MEMBER-2176,Software Engineer,Debt consolidation loan,Borrower-written description of the loan purpose.,923,https://example.com/loan/2176
2177,2486.01, 60 months,11.03%,E,E4,80835.04,5.85,MORTGAGE,MI,home_improvement,Fully Paid,3,0,1,7.27%,1,40,Source Verified,Jul-10,100002176,100002176,100002176,900002176,DL502176,DL502176,MEMBER-2177,Nurse,Debt consolidation loan,Borrower-written description of the loan purpose.,666,https://example.com/loan/2177
2178,1722.03, 36 months,12.46%,C,C3,144075.99,14.12,OWN,MI,moving,Charged Off,2,3,2,23.09%,11,20,Verified,Jun-09,100002177,100002177,100002177,900002177,DL502177,DL502177,MEMBER-2178,Driver,Debt consolidation loan,Borrower-written description of the loan purpose.,970,https://example.com/loan/2178
2179,24772.1, 60 months,14.26%,B,B1,132728.17,14.59,OTHER,GA,vacation,Current,1,1,0,54.04%,16,14,Verified,Feb-18,100002178,100002178,100002178,900002178,DL502178,DL502178,MEMBER-2179,Driver,Debt consolidation loan,Borrower-written description of the loan purpose.,151,https://example.com/loan/2179
2180,31393.71, 36 months,24.2%,E,E1,96267.59,28.43,OWN,CA,credit_card,Fully Paid,3,0,1,58.14%,25,43,Source Verified,Dec-14,100002179,100002179,100002179,900002179,DL502179,DL502179,MEMBER-2180,Nurse,Debt consolidation loan,Borrower-written description of the loan purpose.,830,https://example.com/loan/2180
2181,23440.96, 36 months,11.93%,F,F2,73398.93,16.49,MORTGAGE,CA,debt_consolidation,Current,0,2,NA,32.54%,8,25,Not Verified,Jul-16,100002180,100002180,100002180,900002180,DL502180,DL502180,MEMBER-2181,Nurse,Debt consolidation loan,Borrower-written description of the loan purpose.,644,https://example.com/loan/2181
2182,8700.85, 60 months,9.8%,A,A3,53565.32,18.86,OWN,IL,house,Fully Paid,3,3,NA,41.09%,2,35,Verified,May-18,100002181,100002181,100002181,900002181,DL502181,DL502181,MEMBER-2182,Software Engineer,Debt consolidation loan,Borrower-written description of the loan purpose.,340,https://example.com/loan/2182
2183,31322.65, 60 months,19.67%,C,C5,20837.35,23.65,OWN,TX,car,Fully Paid,0,0,2,16.91%,13,14,Verified,Feb-12,100002182,100002182,100002182,900002182,DL502182,DL502182,MEMBER-2183,Driver,Debt consolidation loan,Borrower-written description of the loan purpose.,260,https://example.com/loan/2183
2184,16526.04, 36 months,7.53%,A,A3,46153.0,0.46,OWN,IL,home_improvement,Current,0,1,0,23.51%,28,10,Source Verified,Mar-11,100002183,100002183,100002183,900002183,DL502183,DL502183,MEMBER-2184,Software Engineer,Debt consolidation loan,Borrower-written description of the loan purpose.,662,https://example.com/loan/2184
2185,3528.04, 60 months,17.51%,G,G3,40810.37,0.44,OWN,FL,educational,Current,3,0,1,43.91%,10,28,Source Verified,Sep-14,100002184,100002184,100002184,900002184,DL502184,DL502184,MEMBER-2185,Nurse,Debt consolidation loan,Borrower-written description of the loan purpose.,312,https://example.com/loan/2185
2186,13861.33, 60 months,21.3%,F,F3,35725.58,4.55,OWN,CA,small_business,Fully Paid,1,3,1,46.88%,16,10,Not Verified,Nov-16,100002185,100002185,100002185,900002185,DL502185,DL502185,MEMBER-2186,Software Engineer,Debt consolidation loan,Borrower-written description of the loan purpose.,877,https://example.com/loan/2186
2187,24228.32, 36 months,13.06%,E,E1,30479.16,3.94,OWN,OH,educational,Fully Paid,3,2,1,53.1%,22,50,Source Verified,Jan-16,100002186,100002186,100002186,900002186,DL502186,DL502186,MEMBER-2187,Nurse,Debt consolidation loan,Borrower-written description of the loan purpose.,104,https://example.com/loan/2187
2188,9816.26, 60 months,21.68%,F,F1,90801.2,17.08,OWN,GA,home_improvement,Fully Paid,1,1,2,45.7%,28,45,Source Verified,Oct-16,100002187,100002187,100002187,900002187,DL502187,DL502187,MEMBER-2188,Nurse,Debt consolidation loan,Borrower-written description of the loan purpose.,869,https://example.com/loan/2188
2189,22978.12, 60 months,16.79%,A,A4,182904.08,28.08,RENT,NY,home_improvement,Current,2,1,NA,74.04%,30,40,Source Verified,Nov-11,100002188,100002188,100002188,900002188,DL502188,DL502188,MEMBER-2189,Driver,Debt consolidation loan,Borrower-written description of the loan purpose.,681,https://example.com/loan/2189
2190,4681.88, 36 months,9.65%,F,F5,113871.68,13.83,MORTGAGE,OH,credit_card,Current,0,2,0,9.99%,28,38,Verified,Mar-17,100002189,100002189,100002189,900002189,DL502189,DL502189,MEMBER-2190,Retail Associate,Debt consolidation loan,Borrower-written description of the loan purpose.,825,https://example.com/loan/2190
2191,34620.87, 60 months,17.91%,E,E3,99019.01,9.49,RENT,TX,vacation,Fully Paid,1,2,2,32.07%,11,30,Not Verified,Sep-16,100002190,100002190,100002190,900002190,DL502190,DL502190,MEMBER-2191,Software Engineer,Debt consolidation loan,Borrower-written description of the loan purpose.,202,https://example.com/loan/2191
2192,13922.86, 60 months,14.72%,E,E1,116587.07,29.86,OTHER,NY,credit_card,Fully Paid,0,2,NA,38.43%,15,43,Verified,Jul-15,100002191,100002191,100002191,900002191,DL502191,DL502191,MEMBER-2192,Driver,Debt consolidation loan,Borrower-written description of the loan purpose.,656,https://example.com/loan/2192
2193,29884.23, 36 months,14.9%,A,A4,131031.26,0.37,OTHER,IL,car,Fully Paid,3,0,NA,92.95%,8,12,Not Verified,Dec-18,100002192,100002192,100002192,900002192,DL502192,DL502192,MEMBER-2193,Driver,Debt consolidation loan,Borrower-written description of the loan purpose.,419,https://example.com/loan/2193
2194,31604.66, 36 months,18.71%,A,A4,126032.01,14.14,NONE,CA,debt_consolidation,Fully Paid,1,3,NA,32.2%,13,20,Not Verified,Dec-09,100002193,100002193,100002193,900002193,DL502193,DL502193,MEMBER-2194,Software Engineer,Debt consolidation loan,Borrower-written description of the loan purpose.,440,https://example.com/loan/2194
2195,853.44, 60 months,23.29%,A,A3,27129.14,2.51,NONE,GA,other,Charged Off,2,3,1,31.97%,18,31,Source Verified,Mar-10,100002194,100002194,100002194,900002194,DL502194,DL502194,MEMBER-2195,Retail Associate,Debt consolidation loan,Borrower-written description of the loan purpose.,549,https://example.com/loan/2195
2196,8835.8, 60 months,15.23%,G,G3,29808.15,16.11,MORTGAGE,IL,medical,Fully Paid,4,1,0,93.34%,18,55,Source Verified,Apr-13,100002195,100002195,100002195,900002195,DL502195,DL502195,MEMBER-2196,Software Engineer,Debt consolidation loan,Borrower-written description of the loan purpose.,819,https://example.com/loan/2196
2197,34373.12, 60 months,23.24%,B,B5,163950.43,22.56,RENT,CA,wedding,Fully Paid,3,1,1,46.68%,6,55,Verified,Aug-17,100002196,100002196,100002196,900002196,DL502196,DL502196,MEMBER-2197,Nurse,Debt consolidation loan,Borrower-written description of the loan purpose.,658,https://example.com/loan/2197
2198,20959.87, 60 months,14.38%,G,G3,160899.37,20.74,OTHER,MI,educational,Fully Paid,0,3,1,2.92%,30,41,Verified,Jun-17,100002197,100002197,100002197,900002197,DL502197,DL502197,MEMBER-2198,Software Engineer,Debt consolidation loan,Borrower-written description of the loan purpose.,116,https://example.com/loan/2198
2199,34428.24, 60 months,9.66%,E,E3,38096.04,12.48,MORTGAGE,GA,major_purchase,Fully Paid,1,0,2,0.11%,15,34,Not Verified,Jul-13,100002198,100002198,100002198,900002198,DL502198,DL502198,MEMBER-2199,Nurse,Debt consolidation loan,Borrower-written description of the loan purpose.,838,https://example.com/loan/2199
2200,32509.11, 60 months,21.75%,E,E3,186302.18,11.59,OWN,OH,house,Current,3,1,0,27.65%,15,31,Not Verified,Jul-16,100002199,100002199,100002199,900002199,DL502199,DL502199,MEMBER-2200,Driver,Debt consolidation loan,Borrower-written description of the loan purpose.,404,https://example.com/loan/2200
2201,6694.01, 36 months,19.05%,F,F1,34647.14,6.14,NONE,CA,educational,Charged Off,1,0,1,57.03%,25,14,Verified,Apr-12,100002200,100002200,100002200,900002200,DL502200,DL502200,MEMBER-2201,Software Engineer,Debt consolidation loan,Borrower-written description of the loan purpose.,854,https://example.com/loan/2201
2202,10649.41, 36 months,18.55%,B,B1,141741.2,18.67,RENT,FL,medical,Fully Paid,1,0,NA,59.24%,3,13,Not Verified,Apr-11,100002201,100002201,100002201,900002201,DL502201,DL502201,MEMBER-2202,Driver,Debt consolidation loan,Borrower-written description of the loan purpose.,445,https://example.com/loan/2202
2203,15438.05, 36 months,6.52%,D,D5,102124.57,27.17,NONE,MI,renewable_energy,Current,3,3,2,72.36%,15,38,Not Verified,Feb-11,100002202,100002202,100002202,900002202,DL502202,DL502202,MEMBER-2203,Software Engineer,Debt consolidation loan,Borrower-written description of the loan purpose.,864,https://example.com/loan/2203
2204,13762.41, 60 months,19.6%,D,D4,194287.39,24.97,OWN,NC,small_business,Fully Paid,3,1,NA,76.49%,28,29,Verified,Jan-09,100002203,100002203,100002203,900002203,DL502203,DL502203,MEMBER-2204,Driver,Debt consolidation loan,Borrower-written description of the loan purpose.,317,https://example.com/loan/2204
2205,17267.8, 36 months,6.16%,B,B4,52697.67,13.51,OTHER,NC,credit_card,Fully Paid,1,0,NA,74.49%,28,26,Not Verified,Feb-09,100002204,100002204,100002204,900002204,DL502204,DL502204,MEMBER-2205,Driver,Debt consolidation loan,Borrower-written description of the loan purpose.,311,https://example.com/loan/2205
2206,3879.59, 60 months,8.87%,C,C2,43707.61,14.11,OTHER,TX,house,Current,1,3,1,71.59%,24,49,Not Verified,May-13,100002205,100002205,100002205,900002205,DL502205,DL502205,MEMBER-2206,Nurse,Debt consolidation loan,Borrower-written description of the loan purpose.,160,https://example.com/loan/2206
2207,4023.34, 36 months,21.6%,F,F4,84619.65,9.34,OTHER,CA,medical,Fully Paid,1,1,0,59.43%,23,32,Source Verified,Nov-13,100002206,100002206,100002206,900002206,DL502206,DL502206,MEMBER-2207,Retail Associate,Debt consolidation loan,Borrower-written description of the loan purpose.,811,https://example.com/loan/2207
2208,7611.47, 60 months,10.59%,F,F5,51769.82,14.87,NONE,OH,car,Fully Paid,3,2,0,15.75%,26,38,Verified,Jul-10,100002207,100002207,100002207,900002207,DL502207,DL502207,MEMBER-2208,Retail Associate,Debt consolidation loan,Borrower-written description of the loan purpose.,891,https://example.com/loan/2208
2209,21234.86, 36 months,19.45%,F,F4,96646.97,10.94,MORTGAGE,IL,renewable_energy,Fully Paid,3,3,2,75.71%,18,49,Not Verified,Sep-17,100002208,100002208,100002208,900002208,DL502208,DL502208,MEMBER-2209,Software Engineer,Debt consolidation loan,Borrower-written description of the loan purpose.,489,https://example.com/loan/2209
2210,894.05, 60 months,12.25%,A,A1,42274.93,19.58,NONE,OH,car,Fully Paid,1,2,1,50.25%,21,51,Not Verified,Mar-16,100002209,100002209,100002209,900002209,DL502209,DL502209,MEMBER-2210,Software Engineer,Debt consolidation loan,Borrower-written description of the loan purpose.,594,https://example.com/loan/2210
2211,12225.13, 36 months,16.97%,E,E1,87099.76,23.38,NONE,IL,major_purchase,Fully Paid,1,2,2,5.91%,11,58,Not Verified,Jul-18,100002210,100002210,100002210,900002210,DL502210,DL502210,MEMBER-2211,Retail Associate,Debt consolidation loan,Borrower-written description of the loan purpose.,820,https://example.com/loan/2211
2212,22762.72, 36 months,12.19%,D,D5,78947.24,10.95,NONE,MI,small_business,Fully Paid,2,1,0,74.46%,27,50,Verified,May-08,100002211,100002211,100002211,900002211,DL502211,DL502211,MEMBER-2212,Nurse,Debt consolidation loan,Borrower-written description of the loan purpose.,150,https://example.com/loan/2212
2213,32218.55, 60 months,13.27%,F,F5,109712.3,0.22,RENT,TX,other,Current,2,0,NA,22.66%,27,44,Not Verified,Jan-16,100002212,100002212,100002212,900002212,DL502212,DL502212,MEMBER-2213,Nurse,Debt consolidation loan,Borrower-written description of the loan purpose.,919,https://example.com/loan/2213
2214,3191.35, 60 months,16.98%,G,G1,130396.22,11.3,MORTGAGE,OH,educational,Fully Paid,3,3,NA,17.44%,1,20,Verified,Jan-17,100002213,100002213,100002213,900002213,DL502213,DL502213,MEMBER-2214,Nurse,Debt consolidation loan,Borrower-written description of the loan purpose.,178,https://example.com/loan/2214
2215,27704.29, 60 months,13.52%,B,B1,108027.38,5.32,RENT,FL,wedding,Current,2,0,2,54.53%,20,41,Source Verified,Apr-17,100002214,100002214,100002214,900002214,DL502214,DL502214,MEMBER-2215,Driver,Debt consolidation loan,Borrower-written description of the loan purpose.,197,https://example.com/loan/2215
2216,5865.83, 60 months,24.11%,A,A1,162657.55,9.64,MORTGAGE,CA,major_purchase,Fully Paid,4,2,NA,50.13%,19,56,Not Verified,Jul-14,100002215,100002215,100002215,900002215,DL502215,DL502215,MEMBER-2216,Retail Associate,Debt consolidation loan,Borrower-written description of the loan purpose.,110,https://example.com/loan/2216
2217,33145.61, 36 months,6.8%,F,F5,69330.31,1.1,MORTGAGE,FL,house,Fully Paid,1,0,1,53.44%,13,20,Not Verified,Mar-18,100002216,100002216,100002216,900002216,DL502216,DL502216,MEMBER-2217,Driver,Debt consolidation loan,Borrower-written description of the loan purpose.,700,https://example.com/loan/2217
2218,5794.82, 36 months,20.91%,G,G2,122504.89,9.36,MORTGAGE,FL,car,Charged Off,1,2,0,14.45%,20,41,Source Verified,Jun-12,100002217,100002217,100002217,900002217,DL502217,DL502217,MEMBER-2218,Nurse,Debt consolidation loan,Borrower-written description of the loan purpose.,928,https://example.com/loan/2218
2219,17721.8, 36 months,8.75%,F,F4,105189.51,27.92,OWN,CA,moving,Current,0,0,2,61.98%,23,39,Source Verified,Feb-13,100002218,100002218,100002218,900002218,DL502218,DL502218,MEMBER-2219,Retail Associate,Debt consolidation loan,Borrower-written description of the loan purpose.,686,https://example.com/loan/2219
2220,28102.11, 60 months,11.89%,A,A4,52350.94,13.07,NONE,PA,medical,Fully Paid,0,1,1,31.63%,2,42,Source Verified,Sep-18,100002219,100002219,100002219,900002219,DL502219,DL502219,MEMBER-2220,Driver,Debt consolidation loan,Borrower-written description of the loan purpose.,131,https://example.com/loan/2220
2221,27402.44, 36 months,24.2%,D,D2,23359.97,19.51,OWN,OH,other,Fully Paid,2,1,1,76.9%,11,18,Verified,Mar-09,100002220,100002220,100002220,900002220,DL502220,DL502220,MEMBER-2221,Driver,Debt consolidation loan,Borrower-written description of the loan purpose.,446,https://example.com/loan/2221
2222,32109.93, 60 months,12.3%,G,G3,86121.79,15.01,MORTGAGE,GA,other,Fully Paid,4,3,0,11.25%,13,27,Source Verified,Aug-10,100002221,100002221,100002221,900002221,DL502221,DL502221,MEMBER-2222,Nurse,Debt consolidation loan,Borrower-written description of the loan purpose.,989,https://example.com/loan/2222
2223,17644.45, 60 months,15.5%,G,G4,54974.71,27.79,OWN,NC,house,Current,4,1,NA,47.25%,12,50,Verified,Mar-12,100002222,100002222,100002222,900002222,DL502222,DL502222,MEMBER-2223,Nurse,Debt consolidation loan,Borrower-written description of the loan purpose.,216,https://example.com/loan/2223
2224,4510.98, 36 months,11.76%,C,C3,74664.23,13.51,NONE,OH,medical,Fully Paid,0,1,2,45.82%,16,12,Verified,Nov-15,100002223,100002223,100002223,900002223,DL502223,DL502223,MEMBER-2224,Driver,Debt consolidation loan,Borrower-written description of the loan purpose.,526,https://example.com/loan/2224
2225,24106.94, 36 months,14.18%,C,C3,132891.78,28.0,NONE,OH,renewable_energy,Fully Paid,4,3,1,6.48%,8,9,Source Verified,May-12,100002224,100002224,100002224,900002224,DL502224,DL502224,MEMBER-2225,Software Engineer,Debt consolidation loan,Borrower-written description of the loan purpose.,302,https://example.com/loan/2225
2226,26259.89, 60 months,8.03%,G,G2,81280.23,29.91,NONE,CA,debt_consolidation,Current,0,3,0,22.5%,29,57,Not Verified,Jun-12,100002225,100002225,100002225,900002225,DL502225,DL502225,MEMBER-2226,Retail Associate,Debt consolidation loan,Borrower-written description of the loan purpose.,630,https://example.com/loan/2226
2227,2544.78, 60 months,11.73%,F,F4,123634.99,25.15,OTHER,TX,home_improvement,Charged Off,1,0,2,44.87%,17,48,Not Verified,Apr-08,100002226,100002226,100002226,900002226,DL502226,DL502226,MEMBER-2227,Software Engineer,Debt consolidation loan,Borrower-written description of the loan purpose.,711,https://example.com/loan/2227
2228,16531.25, 60 months,22.61%,F,F2,142937.68,11.81,OWN,FL,medical,Fully Paid,1,3,NA,14.86%,8,44,Source Verified,Mar-08,100002227,100002227,100002227,900002227,DL502227,DL502227,MEMBER-2228,Nurse,Debt consolidation loan,Borrower-written description of the loan purpose.,959,https://example.com/loan/2228
2229,9539.94, 36 months,22.73%,G,G5,38766.81,16.91,NONE,CA,house,Fully Paid,3,1,1,36.51%,14,16,Not Verified,Jan-15,100002228,100002228,100002228,900002228,DL502228,DL502228,MEMBER-2229,Software Engineer,Debt consolidation loan,Borrower-written description of the loan purpose.,582,https://example.com/loan/2229
2230,7858.52, 36 months,16.66%,D,D3,184267.64,22.58,NONE,TX,moving,Fully Paid,3,2,2,71.16%,25,34,Source Verified,Oct-13,100002229,100002229,100002229,900002229,DL502229,DL502229,MEMBER-2230,Retail Associate,Debt consolidation loan,Borrower-written description of the loan purpose.,461,https://example.com/loan/2230
2231,12828.54, 60 months,14.75%,B,B2,33657.12,19.99,MORTGAGE,OH,house,Fully Paid,1,1,2,32.69%,21,37,Source Verified,Sep-15,100002230,100002230,100002230,900002230,DL502230,DL502230,MEMBER-2231,Nurse,Debt consolidation loan,Borrower-written description of the loan purpose.,134,https://example.com/loan/2231
2232,12774.28, 60 months,24.3%,E,E5,156548.48,17.22,OTHER,GA,medical,Charged Off,2,3,NA,10.12%,13,56,Not Verified,Mar-14,100002231,100002231,100002231,900002231,DL502231,DL502231,MEMBER-2232,Software Engineer,Debt consolidation loan,Borrower-written description of the loan purpose.,880,https://example.com/loan/2232
2233,19091.18, 60 months,10.0%,G,G2,134733.49,17.38,OWN,NC,wedding,Current,3,1,1,55.9%,13,52,Verified,Jan-11,100002232,100002232,100002232,900002232,DL502232,DL502232,MEMBER-2233,Nurse,Debt consolidation loan,Borrower-written description of the loan purpose.,732,https://example.com/loan/2233
2234,24021.62, 60 months,14.24%,E,E3,118974.93,5.32,NONE,TX,home_improvement,Current,4,0,0,73.68%,11,7,Verified,Dec-10,100002233,100002233,100002233,900002233,DL502233,DL502233,MEMBER-2234,Software Engineer,Debt consolidation loan,Borrower-written description of the loan purpose.,790,https://example.com/loan/2234
2235,28815.1, 36 months,22.89%,G,G2,74303.05,21.9,OWN,MI,medical,Current,2,0,NA,76.96%,15,34,Not Verified,Jan-10,100002234,100002234,100002234,900002234,DL502234,DL502234,MEMBER-2235,Software Engineer,Debt consolidation loan,Borrower-written description of the loan purpose.,932,https://example.com/loan/2235
2236,22973.07, 60 months,7.91%,C,C4,168094.83,19.98,OWN,GA,house,Fully Paid,0,3,2,61.88%,22,43,Verified,Jun-08,100002235,100002235,100002235,900002235,DL502235,DL502235,MEMBER-2236,Nurse,Debt consolidation loan,Borrower-written description of the loan purpose.,952,https://example.com/loan/2236
2237,32133.68, 36 months,22.25%,C,C4,143499.5,26.76,MORTGAGE,CA,debt_consolidation,Fully Paid,3,2,NA,49.25%,19,43,Not Verified,Jan-09,100002236,100002236,100002236,900002236,DL502236,DL502236,MEMBER-2237,Software Engineer,Debt consolidation loan,Borrower-written description of the loan purpose.,148,https://example.com/loan/2237
2238,11860.98, 36 months,13.47%,E,E1,143994.99,22.38,OWN,CA,vacation,Fully Paid,1,0,NA,98.71%,29,17,Not Verified,May-11,100002237,100002237,100002237,900002237,DL502237,DL502237,MEMBER-2238,Driver,Debt consolidation loan,Borrower-written description of the loan purpose.,197,https://example.com/loan/2238
2239,32075.24, 36 months,12.08%,C,C4,195657.68,3.38,RENT,TX,major_purchase,Current,1,0,2,26.09%,14,26,Source Verified,Nov-09,100002238,100002238,100002238,900002238,DL502238,DL502238,MEMBER-2239,Driver,Debt consolidation loan,Borrower-written description of the loan purpose.,879,https://example.com/loan/2239
2240,29429.13, 36 months,18.64%,D,D4,34382.56,0.49,OWN,GA,other,Fully Paid,4,1,0,97.99%,28,33,Verified,Jul-18,100002239,100002239,100002239,900002239,DL502239,DL502239,MEMBER-2240,Nurse,Debt consolidation loan,Borrower-written description of the loan purpose.,307,https://example.com/loan/2240
2241,26881.73, 60 months,14.66%,A,A4,56369.71,9.66,OWN,PA,home_improvement,Fully Paid,4,0,0,55.16%,4,5,Not Verified,Dec-18,100002240,100002240,100002240,900002240,DL502240,DL502240,MEMBER-2241,Retail Associate,Debt consolidation loan,Borrower-written description of the loan purpose.,617,https://example.com/loan/2241
2242,16566.5, 36 months,12.95%,B,B2,160866.91,12.08,RENT,IL,vacation,Fully Paid,4,1,NA,79.46%,18,3,Not Verified,Apr-08,100002241,100002241,100002241,900002241,DL502241,DL502241,MEMBER-2242,Retail Associate,Debt consolidation loan,Borrower-written description of the loan purpose.,446,https://example.com/loan/2242
2243,31638.78, 60 months,10.7%,G,G5,77861.22,9.04,MORTGAGE,CA,small_business,Charged Off,3,3,NA,37.31%,14,31,Not Verified,Jan-11,100002242,100002242,100002242,900002242,DL502242,DL502242,MEMBER-2243,Retail Associate,Debt consolidation loan,Borrower-written description of the loan purpose.,606,https://example.com/loan/2243
2244,19558.94, 60 months,7.08%,B,B3,171313.91,7.8,OTHER,GA,house,Current,1,3,1,15.0%,22,17,Source Verified,Jan-15,100002243,100002243,100002243,900002243,DL502243,DL502243,MEMBER-2244,Nurse,Debt consolidation loan,Borrower-written description of the loan purpose.,827,https://example.com/loan/2244
2245,34124.46, 36 months,5.78%,E,E5,22032.14,2.38,OWN,GA,renewable_energy,Current,3,1,NA,68.06%,12,54,Source Verified,Jan-12,100002244,100002244,100002244,900002244,DL502244,DL502244,MEMBER-2245,Driver,Debt consolidation loan,Borrower-written description of the loan purpose.,597,https://example.com/loan/2245
2246,12140.41, 60 months,15.9%,A,A3,74274.03,11.13,RENT,MI,small_business,Fully Paid,3,1,0,29.0%,21,30,Verified,Nov-13,100002245,100002245,100002245,900002245,DL502245,DL502245,MEMBER-2246,Retail Associate,Debt consolidation loan,Borrower-written description of the loan purpose.,173,https://example.com/loan/2246
2247,15770.96, 60 months,18.29%,D,D1,197043.51,4.0,OTHER,CA,home_improvement,Fully Paid,0,1,1,88.15%,24,25,Not Verified,Oct-12,100002246,100002246,100002246,900002246,DL502246,DL502246,MEMBER-2247,Nurse,Debt consolidation loan,Borrower-written description of the loan purpose.,823,https://example.com/loan/2247
2248,20685.44, 60 months,20.43%,D,D2,136535.19,26.45,RENT,NY,debt_consolidation,Fully Paid,1,0,NA,32.84%,22,14,Source Verified,May-09,100002247,100002247,100002247,900002247,DL502247,DL502247,MEMBER-2248,Software Engineer,Debt consolidation loan,Borrower-written description of the loan purpose.,617,https://example.com/loan/2248
2249,12622.76, 60 months,6.13%,F,F3,160172.41,27.8,OWN,PA,moving,Fully Paid,0,0,1,40.54%,6,4,Verified,Jul-08,100002248,100002248,100002248,900002248,DL502248,DL502248,MEMBER-2249,Nurse,Debt consolidation loan,Borrower-written description of the loan purpose.,503,https://example.com/loan/2249
2250,27774.36, 60 months,12.49%,A,A1,184539.34,4.27,MORTGAGE,FL,debt_consolidation,Current,3,1,NA,91.29%,5,33,Verified,Aug-08,100002249,100002249,100002249,900002249,DL502249,DL502249,MEMBER-2250,Retail Associate,Debt consolidation loan,Borrower-written description of the loan purpose.,653,https://example.com/loan/2250
2251,22361.36, 60 months,24.04%,C,C4,122394.85,28.06,MORTGAGE,NY,educational,Current,1,3,NA,48.51%,26,11,Not Verified,Sep-15,100002250,100002250,100002250,900002250,DL502250,DL502250,MEMBER-2251,Retail Associate,Debt consolidation loan,Borrower-written description of the loan purpose.,475,https://example.com/loan/2251
2252,2664.34, 36 months,6.19%,E,E1,83458.8,11.01,RENT,OH,house,Current,2,2,2,68.52%,12,27,Verified,Jul-09,100002251,100002251,100002251,900002251,DL502251,DL502251,MEMBER-2252,Nurse,Debt consolidation loan,Borrower-written description of the loan purpose.,314,https://example.com/loan/2252
2253,24408.8, 36 months,21.58%,A,A4,25875.65,25.85,OWN,CA,wedding,Charged Off,1,1,2,33.45%,25,26,Verified,Jan-16,100002252,100002252,100002252,900002252,DL502252,DL502252,MEMBER-2253,Retail Associate,Debt consolidation loan,Borrower-written description of the loan purpose.,317,https://example.com/loan/2253
2254,28378.02, 36 months,20.52%,G,G1,102837.8,4.45,NONE,GA,vacation,Current,0,2,1,88.58%,27,10,Verified,Dec-18,100002253,100002253,100002253,900002253,DL502253,DL502253,MEMBER-2254,Software Engineer,Debt consolidation loan,Borrower-written description of the loan purpose.,598,https://example.com/loan/2254
2255,11387.87, 60 months,13.56%,D,D1,44263.03,26.21,OWN,CA,major_purchase,Charged Off,4,2,0,75.9%,19,30,Source Verified,Feb-17,100002254,100002254,100002254,900002254,DL502254,DL502254,MEMBER-2255,Retail Associate,Debt consolidation loan,Borrower-written description of the loan purpose.,336,https://example.com/loan/2255
2256,22865.0, 36 months,19.4%,F,F1,179143.54,19.67,NONE,GA,educational,Current,4,3,NA,36.73%,10,29,Verified,Jan-11,100002255,100002255,100002255,900002255,DL502255,DL502255,MEMBER-2256,Nurse,Debt consolidation loan,Borrower-written description of the loan purpose.,891,https://example.com/loan/2256
2257,4803.79, 36 months,18.41%,C,C5,107084.99,10.23,NONE,PA,small_business,Current,4,3,0,84.69%,24,33,Not Verified,Nov-08,100002256,100002256,100002256,900002256,DL502256,DL502256,MEMBER-2257,Driver,Debt consolidation loan,Borrower-written description of the loan purpose.,542,https://example.com/loan/2257
2258,19656.61, 60 months,8.07%,B,B2,151194.96,6.63,RENT,NC,other,Current,4,3,2,70.83%,7,24,Source Verified,Jun-15,100002257,100002257,100002257,900002257,DL502257,DL502257,MEMBER-2258,Software Engineer,Debt consolidation loan,Borrower-written description of the loan purpose.,313,https://example.com/loan/2258
2259,27854.48, 60 months,20.49%,D,D2,146831.19,2.26,MORTGAGE,TX,vacation,Current,2,3,2,23.24%,20,27,Source Verified,Jul-08,100002258,100002258,100002258,900002258,DL502258,DL502258,MEMBER-2259,Driver,Debt consolidation loan,Borrower-written description of the loan purpose.,271,https://example.com/loan/2259
2260,12010.54, 60 months,18.59%,B,B5,68361.77,7.0,MORTGAGE,MI,other,Fully Paid,4,2,1,35.11%,21,3,Source Verified,Mar-13,100002259,100002259,100002259,900002259,DL502259,DL502259,MEMBER-2260,Retail Associate,Debt consolidation loan,Borrower-written description of the loan purpose.,167,https://example.com/loan/2260
2261,4656.18, 36 months,6.47%,G,G3,148311.6,18.74,NONE,MI,home_improvement,Fully Paid,4,3,1,29.56%,15,43,Not Verified,May-17,100002260,100002260,100002260,900002260,DL502260,DL502260,MEMBER-2261,Driver,Debt consolidation loan,Borrower-written description of the loan purpose.,470,https://example.com/loan/2261
2262,9064.62, 60 months,17.06%,D,D1,30155.53,7.38,MORTGAGE,OH,wedding,Fully Paid,4,0,2,88.26%,30,36,Source Verified,Oct-16,100002261,100002261,100002261,900002261,DL502261,DL502261,MEMBER-2262,Driver,Debt consolidation loan,Borrower-written description of the loan purpose.,349,https://example.com/loan/2262
2263,623.67, 36 months,8.25%,E,E3,150245.1,4.77,MORTGAGE,TX,small_business,Fully Paid,1,3,2,74.15%,26,16,Verified,Feb-15,100002262,100002262,100002262,900002262,DL502262,DL502262,MEMBER-2263,Retail Associate,Debt consolidation loan,Borrower-written description of the loan purpose.,711,https://example.com/loan/2263
2264,20932.13, 60 months,6.21%,B,B3,193926.05,11.58,OWN,NC,home_improvement,Fully Paid,0,3,2,76.44%,14,31,Verified,Nov-17,100002263,100002263,100002263,900002263,DL502263,DL502263,MEMBER-2264,Nurse,Debt consolidation loan,Borrower-written description of the loan purpose.,806,https://example.com/loan/2264
2265,17413.03, 60 months,13.59%,D,D5,157776.48,29.75,MORTGAGE,CA,educational,Current,4,3,2,9.84%,10,9,Verified,Feb-09,100002264,100002264,100002264,900002264,DL502264,DL502264,MEMBER-2265,Retail Associate,Debt consolidation loan,Borrower-written description of the loan purpose.,614,https://example.com/loan/2265
2266,3295.37, 60 months,8.79%,A,A1,170134.61,2.57,NONE,PA,small_business,Current,0,3,2,12.7%,24,34,Verified,Oct-12,100002265,100002265,100002265,900002265,DL502265,DL502265,MEMBER-2266,Software Engineer,Debt consolidation loan,Borrower-written description of the loan purpose.,872,https://example.com/loan/2266
2267,16957.5, 36 months,16.43%,D,D3,110357.91,27.29,RENT,NC,small_business,Fully Paid,4,1,0,87.91%,14,55,Not Verified,May-16,100002266,100002266,100002266,900002266,DL502266,DL502266,MEMBER-2267,Software Engineer,Debt consolidation loan,Borrower-written description of the loan purpose.,525,https://example.com/loan/2267
2268,28366.95, 36 months,15.4%,C,C1,184642.49,9.31,OTHER,TX,other,Current,2,3,NA,29.19%,15,23,Verified,Jul-12,100002267,100002267,100002267,900002267,DL502267,DL502267,MEMBER-2268,Nurse,Debt consolidation loan,Borrower-written description of the loan purpose.,510,https://example.com/loan/2268
2269,6629.8, 60 months,23.02%,E,E5,169750.22,12.13,OTHER,NC,vacation,Current,4,0,0,24.64%,5,48,Not Verified,Feb-18,100002268,100002268,100002268,900002268,DL502268,DL502268,MEMBER-2269,Software Engineer,Debt consolidation loan,Borrower-written description of the loan purpose.,545,https://example.com/loan/2269
2270,6080.05, 60 months,15.23%,F,F3,147606.98,13.83,NONE,NY,renewable_energy,Fully Paid,2,1,0,50.16%,29,25,Source Verified,Mar-15,100002269,100002269,100002269,900002269,DL502269,DL502269,MEMBER-2270,Driver,Debt consolidation loan,Borrower-written description of the loan purpose.,221,https://example.com/loan/2270
2271,30639.69, 36 months,18.45%,E,E3,172232.86,29.05,RENT,FL,other,Fully Paid,1,1,NA,12.31%,3,9,Verified,May-08,100002270,100002270,100002270,900002270,DL502270,DL502270,MEMBER-2271,Retail Associate,Debt consolidation loan,Borrower-written description of the loan purpose.,191,https://example.com/loan/2271
2272,30137.26, 36 months,24.04%,D,D3,162192.02,6.35,OWN,NC,educational,Fully Paid,3,1,0,18.11%,8,58,Verified,Apr-09,100002271,100002271,100002271,900002271,DL502271,DL502271,MEMBER-2272,Software Engineer,Debt consolidation loan,Borrower-written description of the loan purpose.,979,https://example.com/loan/2272
2273,14334.37, 36 months,8.52%,B,B1,128109.25,8.09,MORTGAGE,IL,vacation,Fully Paid,2,1,0,84.49%,25,37,Verified,Dec-08,100002272,100002272,100002272,900002272,DL502272,DL502272,MEMBER-2273,Driver,Debt consolidation loan,Borrower-written description of the loan purpose.,675,https://example.com/loan/2273
2274,12135.23, 36 months,7.84%,B,B2,28002.3,4.29,OWN,GA,educational,Current,1,0,0,0.34%,2,50,Not Verified,Oct-13,100002273,100002273,100002273,900002273,DL502273,DL502273,MEMBER-2274,Nurse,Debt consolidation loan,Borrower-written description of the loan purpose.,648,https://example.com/loan/2274
2275,18179.53, 36 months,20.74%,C,C3,39805.53,4.23,NONE,FL,renewable_energy,Current,4,1,1,6.24%,29,9,Source Verified,Mar-12,100002274,100002274,100002274,900002274,DL502274,DL502274,MEMBER-2275,Retail Associate,Debt consolidation loan,Borrower-written description of the loan purpose.,951,https://example.com/loan/2275
2276,3094.5, 36 months,23.1%,F,F1,158713.54,19.74,NONE,OH,moving,Current,0,3,NA,50.13%,27,6,Source Verified,Dec-14,100002275,100002275,100002275,900002275,DL502275,DL502275,MEMBER-2276,Nurse,Debt consolidation loan,Borrower-written description of the loan purpose.,876,https://example.com/loan/2276
2277,17664.0, 36 months,19.72%,G,G1,103422.09,0.98,NONE,OH,medical,Fully Paid,3,1,1,67.16%,4,25,Not Verified,Aug-13,100002276,100002276,100002276,900002276,DL502276,DL502276,MEMBER-2277,Retail Associate,Debt consolidation loan,Borrower-written description of the loan purpose.,944,https://example.com/loan/2277
2278,3480.06, 60 months,11.59%,D,D4,165997.55,13.81,NONE,PA,educational,Charged Off,0,3,0,65.32%,7,6,Source Verified,Aug-18,100002277,100002277,100002277,900002277,DL502277,DL502277,MEMBER-2278,Driver,Debt consolidation loan,Borrower-written description of the loan purpose.,258,https://example.com/loan/2278
2279,17288.15, 60 months,15.34%,B,B4,97398.94,18.34,OWN,GA,vacation,Current,0,0,2,25.84%,28,11,Source Verified,Jun-18,100002278,100002278,100002278,900002278,DL502278,DL502278,MEMBER-2279,Nurse,Debt consolidation loan,Borrower-written description of the loan purpose.,452,https://example.com/loan/2279
2280,24836.8, 36 months,24.24%,G,G4,100333.4,9.46,NONE,FL,credit_card,Fully Paid,1,0,0,82.84%,24,55,Verified,Dec-17,100002279,100002279,100002279,900002279,DL502279,DL502279,MEMBER-2280,Software Engineer,Debt consolidation loan,Borrower-written description of the loan purpose.,764,https://example.com/loan/2280
2281,15470.41, 60 months,6.81%,G,G2,49614.36,10.92,OWN,IL,home_improvement,Fully Paid,3,0,1,73.26%,13,15,Source Verified,Oct-15,100002280,100002280,100002280,900002280,DL502280,DL502280,MEMBER-2281,Retail Associate,Debt consolidation loan,Borrower-written description of the loan purpose.,526,https://example.com/loan/2281
2282,1243.0, 36 months,9.82%,F,F2,41285.02,10.79,OTHER,PA,vacation,Fully Paid,0,1,1,66.78%,26,37,Not Verified,Aug-17,100002281,100002281,100002281,900002281,DL502281,DL502281,MEMBER-2282,Retail Associate,Debt consolidation loan,Borrower-written description of the loan purpose.,245,https://example.com/loan/2282
2283,19823.27, 60 months,23.53%,F,F4,144276.02,11.46,OWN,NY,house,Fully Paid,3,0,NA,26.49%,12,17,Source Verified,May-10,100002282,100002282,100002282,900002282,DL502282,DL502282,MEMBER-2283,Software Engineer,Debt consolidation loan,Borrower-written description of the loan purpose.,749,https://example.com/loan/2283
2284,8192.84, 60 months,21.37%,G,G1,156626.13,19.78,OTHER,OH,other,Current,0,3,0,47.31%,30,4,Verified,May-10,100002283,100002283,100002283,900002283,DL502283,DL502283,MEMBER-2284,Driver,Debt consolidation loan,Borrower-written description of the loan purpose.,296,https://example.com/loan/2284
2285,5732.0, 60 months,10.71%,A,A2,188040.75,19.72,OTHER,NY,car,Fully Paid,0,1,1,62.34%,25,38,Not Verified,Jan-13,100002284,100002284,100002284,900002284,DL502284,DL502284,MEMBER-2285,Nurse,Debt consolidation loan,Borrower-written description of the loan purpose.,291,https://example.com/loan/2285
2286,15277.46, 36 months,15.48%,A,A2,75020.24,9.88,NONE,MI,moving,Fully Paid,2,2,2,0.86%,4,13,Verified,Sep-17,100002285,100002285,100002285,900002285,DL502285,DL502285,MEMBER-2286,Software Engineer,Debt consolidation loan,Borrower-written description of the loan purpose.,887,https://example.com/loan/2286
2287,2089.52, 60 months,11.59%,A,A3,79433.75,6.59,OWN,IL,educational,Fully Paid,4,2,2,45.86%,13,18,Source Verified,Jul-13,100002286,100002286,100002286,900002286,DL502286,DL502286,MEMBER-2287,Retail Associate,Debt consolidation loan,Borrower-written description of the loan purpose.,897,https://example.com/loan/2287
2288,32445.07, 60 months,12.92%,A,A5,76110.01,29.11,RENT,IL,renewable_energy,Current,4,0,2,64.85%,23,24,Source Verified,Aug-18,100002287,100002287,100002287,900002287,DL502287,DL502287,MEMBER-2288,Retail Associate,Debt consolidation loan,Borrower-written description of the loan purpose.,984,https://example.com/loan/2288
2289,18055.12, 60 months,12.9%,C,C3,79608.08,7.18,RENT,IL,educational,Fully Paid,2,3,0,52.58%,27,57,Not Verified,Feb-16,100002288,100002288,100002288,900002288,DL502288,DL502288,MEMBER-2289,Driver,Debt consolidation loan,Borrower-written description of the loan purpose.,608,https://example.com/loan/2289
2290,9780.18, 36 months,5.7%,A,A3,118653.12,6.72,OWN,CA,vacation,Current,0,0,2,81.37%,1,23,Not Verified,Feb-18,100002289,100002289,100002289,900002289,DL502289,DL502289,MEMBER-2290,Software Engineer,Debt consolidation loan,Borrower-written description of the loan purpose.,765,https://example.com/loan/2290
2291,11885.08, 36 months,21.32%,A,A2,176083.23,7.64,OTHER,TX,educational,Fully Paid,4,3,2,99.4%,21,42,Source Verified,Aug-15,100002290,100002290,100002290,900002290,DL502290,DL502290,MEMBER-2291,Nurse,Debt consolidation loan,Borrower-written description of the loan purpose.,162,https://example.com/loan/2291
2292,5612.8, 36 months,13.02%,E,E2,42489.35,9.53,MORTGAGE,NY,other,Current,2,1,2,29.7%,21,30,Not Verified,Jan-11,100002291,100002291,100002291,900002291,DL502291,DL502291,MEMBER-2292,Retail Associate,Debt consolidation loan,Borrower-written description of the loan purpose.,521,https://example.com/loan/2292
2293,27559.55, 36 months,13.18%,G,G4,134273.57,1.65,RENT,NC,other,Fully Paid,1,3,0,9.5%,12,29,Verified,Dec-14,100002292,100002292,100002292,900002292,DL502292,DL502292,MEMBER-2293,Nurse,Debt consolidation loan,Borrower-written description of the loan purpose.,677,https://example.com/loan/2293
2294,9497.85, 60 months,16.66%,A,A5,169845.87,2.23,OWN,TX,credit_card,Charged Off,2,2,2,87.34%,1,33,Verified,Jul-08,100002293,100002293,100002293,900002293,DL502293,DL502293,MEMBER-2294,Software Engineer,Debt consolidation loan,Borrower-written description of the loan purpose.,379,https://example.com/loan/2294
2295,7713.48, 60 months,15.03%,C,C1,187944.25,28.54,RENT,MI,debt_consolidation,Charged Off,0,3,0,68.2%,29,47,Not Verified,Jan-10,100002294,100002294,100002294,900002294,DL502294,DL502294,MEMBER-2295,Driver,Debt consolidation loan,Borrower-written description of the loan purpose.,282,https://example.com/loan/2295
2296,25755.13, 36 months,9.02%,B,B3,185076.56,22.45,OTHER,GA,wedding,Fully Paid,4,2,NA,50.79%,4,28,Verified,Jun-10,100002295,100002295,100002295,900002295,DL502295,DL502295,MEMBER-2296,Driver,Debt consolidation loan,Borrower-written description of the loan purpose.,505,https://example.com/loan/2296
2297,20135.41, 60 months,24.21%,G,G4,145054.7,13.65,OTHER,IL,small_business,Fully Paid,0,2,2,81.62%,15,37,Verified,Jun-17,100002296,100002296,100002296,900002296,DL502296,DL502296,MEMBER-2297,Nurse,Debt consolidation loan,Borrower-written description of the loan purpose.,206,https://example.com/loan/2297
2298,24689.04, 60 months,11.73%,G,G4,152137.71,7.86,MORTGAGE,OH,vacation,Charged Off,3,0,NA,34.85%,18,19,Source Verified,Apr-10,100002297,100002297,100002297,900002297,DL502297,DL502297,MEMBER-2298,Software Engineer,Debt consolidation loan,Borrower-written description of the loan purpose.,219,https://example.com/loan/2298
2299,22420.47, 36 months,16.85%,C,C1,93350.54,27.83,NONE,PA,other,Current,3,1,0,4.17%,5,31,Source Verified,May-18,100002298,100002298,100002298,900002298,DL502298,DL502298,MEMBER-2299,Nurse,Debt consolidation loan,Borrower-written description of the loan purpose.,729,https://example.com/loan/2299
2300,17210.78, 36 months,19.96%,E,E3,199986.25,15.96,OTHER,OH,major_purchase,Charged Off,2,1,2,86.17%,25,48,Verified,Oct-14,100002299,100002299,100002299,900002299,DL502299,DL502299,MEMBER-2300,Software Engineer,Debt consolidation loan,Borrower-written description of the loan purpose.,149,https://example.com/loan/2300
2301,26322.04, 36 months,14.34%,A,A3,28739.56,15.75,MORTGAGE,PA,wedding,Current,1,2,0,24.43%,14,6,Verified,Oct-09,100002300,100002300,100002300,900002300,DL502300,DL502300,MEMBER-2301,Driver,Debt consolidation loan,Borrower-written description of the loan purpose.,439,https://example.com/loan/2301
2302,10723.39, 36 months,14.1%,G,G4,49421.27,11.63,NONE,NC,credit_card,Current,4,2,NA,91.51%,20,9,Verified,Feb-08,100002301,100002301,100002301,900002301,DL502301,DL502301,MEMBER-2302,Driver,Debt consolidation loan,Borrower-written description of the loan purpose.,221,https://example.com/loan/2302
2303,9356.26, 36 months,14.38%,F,F5,68854.2,27.5,OTHER,CA,other,Current,0,1,1,19.87%,19,43,Source Verified,Dec-17,100002302,100002302,100002302,900002302,DL502302,DL502302,MEMBER-2303,Retail Associate,Debt consolidation loan,Borrower-written description of the loan purpose.,210,https://example.com/loan/2303
2304,21375.91, 36 months,16.16%,E,E2,105611.52,25.81,MORTGAGE,OH,house,Fully Paid,4,1,2,59.55%,8,21,Verified,Jun-14,100002303,100002303,100002303,900002303,DL502303,DL502303,MEMBER-2304,Software Engineer,Debt consolidation loan,Borrower-written description of the loan purpose.,144,https://example.com/loan/2304
2305,4416.38, 60 months,8.66%,G,G4,133304.32,9.69,RENT,GA,renewable_energy,Fully Paid,1,3,0,84.57%,1,29,Source Verified,Aug-09,100002304,100002304,100002304,900002304,DL502304,DL502304,MEMBER-2305,Nurse,Debt consolidation loan,Borrower-written description of the loan purpose.,552,https://example.com/loan/2305
2306,19386.69, 36 months,13.98%,G,G5,167333.55,14.9,OWN,FL,educational,Fully Paid,4,1,2,70.93%,25,53,Verified,Oct-14,100002305,100002305,100002305,900002305,DL502305,DL502305,MEMBER-2306,Nurse,Debt consolidation loan,Borrower-written description of the loan purpose.,409,https://example.com/loan/2306
2307,5261.81, 36 months,18.78%,G,G3,130785.9,6.0,OTHER,CA,credit_card,Fully Paid,3,2,NA,19.77%,26,46,Verified,Aug-11,100002306,100002306,100002306,900002306,DL502306,DL502306,MEMBER-2307,Retail Associate,Debt consolidation loan,Borrower-written description of the loan purpose.,271,https://example.com/loan/2307
2308,3273.59, 60 months,12.94%,B,B2,50970.03,29.13,NONE,NC,moving,Fully Paid,4,2,1,61.45%,14,48,Source Verified,Nov-11,100002307,100002307,100002307,900002307,DL502307,DL502307,MEMBER-2308,Retail Associate,Debt consolidation loan,Borrower-written description of the loan purpose.,803,https://example.com/loan/2308
2309,12931.29, 60 months,15.64%,E,E1,81008.11,5.33,OTHER,PA,educational,Fully Paid,3,2,2,2.51%,16,34,Source Verified,Mar-16,100002308,100002308,100002308,900002308,DL502308,DL502308,MEMBER-2309,Software Engineer,Debt consolidation loan,Borrower-written description of the loan purpose.,442,https://example.com/loan/2309
2310,6125.65, 60 months,9.57%,A,A5,191631.36,21.13,RENT,PA,wedding,Fully Paid,2,1,0,67.33%,12,34,Source Verified,Dec-17,100002309,100002309,100002309,900002309,DL502309,DL502309,MEMBER-2310,Retail Associate,Debt consolidation loan,Borrower-written description of the loan purpose.,548,https://example.com/loan/2310
2311,25531.64, 36 months,23.84%,C,C2,75229.21,4.93,MORTGAGE,NC,small_business,Current,4,3,1,76.09%,17,29,Not Verified,Jul-18,100002310,100002310,100002310,900002310,DL502310,DL502310,MEMBER-2311,Nurse,Debt consolidation loan,Borrower-written description of the loan purpose.,250,https://example.com/loan/2311
2312,23674.51, 60 months,23.92%,G,G2,70545.01,29.34,OWN,NC,small_business,Fully Paid,3,3,2,11.29%,10,15,Not Verified,Oct-10,100002311,100002311,100002311,900002311,DL502311,DL502311,MEMBER-2312,Software Engineer,Debt consolidation loan,Borrower-written description of the loan purpose.,272,https://example.com/loan/2312
2313,34536.86, 36 months,5.88%,F,F5,179351.98,4.8,OWN,NC,medical,Fully Paid,1,3,NA,0.34%,20,28,Verified,Nov-14,100002312,100002312,100002312,900002312,DL502312,DL502312,MEMBER-2313,Software Engineer,Debt consolidation loan,Borrower-written description of the loan purpose.,506,https://example.com/loan/2313
2314,19601.03, 60 months,17.45%,F,F4,95586.23,6.72,MORTGAGE,NY,home_improvement,Fully Paid,2,3,2,77.95%,15,37,Verified,Mar-13,100002313,100002313,100002313,900002313,DL502313,DL502313,MEMBER-2314,Nurse,Debt consolidation loan,Borrower-written description of the loan purpose.,544,https://example.com/loan/2314
2315,1619.11, 60 months,22.3%,G,G3,66901.53,0.08,OWN,OH,house,Fully Paid,1,3,2,84.81%,26,51,Not Verified,Feb-15,100002314,100002314,100002314,900002314,DL502314,DL502314,MEMBER-2315,Nurse,Debt consolidation loan,Borrower-written description of the loan purpose.,568,https://example.com/loan/2315
2316,34756.13, 60 months,15.09%,G,G2,135299.74,8.88,OTHER,TX,credit_card,Fully Paid,2,3,2,88.33%,14,11,Source Verified,Feb-13,100002315,100002315,100002315,900002315,DL502315,DL502315,MEMBER-2316,Software Engineer,Debt consolidation loan,Borrower-written description of the loan purpose.,508,https://example.com/loan/2316
2317,9659.57, 60 months,12.3%,B,B1,90943.21,21.87,OTHER,NC,renewable_energy,Fully Paid,1,0,NA,72.2%,8,24,Source Verified,Jul-13,100002316,100002316,100002316,900002316,DL502316,DL502316,MEMBER-2317,Retail Associate,Debt consolidation loan,Borrower-written description of the loan purpose.,680,https://example.com/loan/2317
2318,26513.24, 60 months,9.11%,F,F2,139665.67,23.34,OTHER,MI,other,Current,2,1,0,10.47%,1,21,Not Verified,Jun-12,100002317,100002317,100002317,900002317,DL502317,DL502317,MEMBER-2318,Retail Associate,Debt consolidation loan,Borrower-written description of the loan purpose.,793,https://example.com/loan/2318
2319,7432.45, 36 months,20.57%,B,B2,159148.77,11.47,NONE,MI,car,Charged Off,1,3,0,5.27%,15,26,Source Verified,May-12,100002318,100002318,100002318,900002318,DL502318,DL502318,MEMBER-2319,Nurse,Debt consolidation loan,Borrower-written description of the loan purpose.,671,https://example.com/loan/2319
2320,30035.74, 60 months,19.38%,F,F3,160445.14,27.56,NONE,GA,renewable_energy,Fully Paid,3,3,1,75.12%,9,46,Verified,Nov-14,100002319,100002319,100002319,900002319,DL502319,DL502319,MEMBER-2320,Retail Associate,Debt consolidation loan,Borrower-written description of the loan purpose.,352,https://example.com/loan/2320
2321,16557.89, 60 months,23.47%,B,B4,31584.37,4.58,OTHER,NY,moving,Current,2,0,1,82.58%,10,47,Verified,Oct-12,100002320,100002320,100002320,900002320,DL502320,DL502320,MEMBER-2321,Software Engineer,Debt consolidation loan,Borrower-written description of the loan purpose.,168,https://example.com/loan/2321
2322,29828.06, 60 months,5.95%,D,D2,28744.63,27.45,OTHER,OH,car,Charged Off,4,2,2,45.06%,16,9,Not Verified,Jul-12,100002321,100002321,100002321,900002321,DL502321,DL502321,MEMBER-2322,Nurse,Debt consolidation loan,Borrower-written description of the loan purpose.,309,https://example.com/loan/2322
2323,8777.81, 36 months,13.48%,F,F2,125718.32,2.64,RENT,CA,vacation,Fully Paid,4,3,2,82.38%,18,37,Not Verified,Mar-08,100002322,100002322,100002322,900002322,DL502322,DL502322,MEMBER-2323,Nurse,Debt consolidation loan,Borrower-written description of the loan purpose.,790,https://example.com/loan/2323
2324,26942.69, 36 months,15.78%,A,A1,50152.22,23.64,OTHER,NY,credit_card,Fully Paid,3,1,2,21.13%,26,9,Verified,Mar-10,100002323,100002323,100002323,900002323,DL502323,DL502323,MEMBER-2324,Nurse,Debt consolidation loan,Borrower-written description of the loan purpose.,189,https://example.com/loan/2324
2325,5214.71, 60 months,12.21%,F,F5,98345.39,29.79,OTHER,IL,renewable_energy,Fully Paid,4,0,0,85.02%,30,47,Source Verified,Jan-08,100002324,100002324,100002324,900002324,DL502324,DL502324,MEMBER-2325,Retail Associate,Debt consolidation loan,Borrower-written description of the loan purpose.,257,https://example.com/loan/2325
2326,17235.35, 36 months,14.79%,G,G4,52275.98,29.24,OWN,NC,debt_consolidation,Charged Off,2,2,1,72.7%,23,49,Not Verified,Apr-15,100002325,100002325,100002325,900002325,DL502325,DL502325,MEMBER-2326,Software Engineer,Debt consolidation loan,Borrower-written description of the loan purpose.,358,https://example.com/loan/2326
2327,9933.95, 60 months,17.59%,C,C1,116417.06,28.37,OWN,FL,small_business,Current,0,2,1,54.44%,23,38,Verified,Aug-13,100002326,100002326,100002326,900002326,DL502326,DL502326,MEMBER-2327,Nurse,Debt consolidation loan,Borrower-written description of the loan purpose.,173,https://example.com/loan/2327
2328,14407.28, 36 months,6.49%,E,E1,76737.87,21.0,OWN,OH,wedding,Fully Paid,3,2,0,88.51%,4,43,Verified,Dec-15,100002327,100002327,100002327,900002327,DL502327,DL502327,MEMBER-2328,Retail Associate,Debt consolidation loan,Borrower-written description of the loan purpose.,183,https://example.com/loan/2328
2329,23633.96, 36 months,22.69%,D,D1,67500.4,11.19,OWN,NC,major_purchase,Charged Off,1,1,1,54.85%,24,60,Source Verified,Jan-18,100002328,100002328,100002328,900002328,DL502328,DL502328,MEMBER-2329,Nurse,Debt consolidation loan,Borrower-written description of the loan purpose.,336,https://example.com/loan/2329
2330,21763.09, 36 months,9.12%,A,A4,72248.52,4.17,OTHER,IL,medical,Fully Paid,2,0,0,99.49%,11,21,Verified,Sep-16,100002329,100002329,100002329,900002329,DL502329,DL502329,MEMBER-2330,Retail Associate,Debt consolidation loan,Borrower-written description of the loan purpose.,152,https://example.com/loan/2330
2331,14926.61, 36 months,10.93%,F,F2,145906.96,20.27,OWN,NC,moving,Charged Off,3,0,NA,29.59%,24,15,Verified,Dec-10,100002330,100002330,100002330,900002330,DL502330,DL502330,MEMBER-2331,Driver,Debt consolidation loan,Borrower-written description of the loan purpose.,229,https://example.com/loan/2331
2332,6362.85, 36 months,15.75%,E,E4,161111.34,0.52,OWN,OH,credit_card,Fully Paid,3,2,0,19.82%,29,50,Not Verified,Nov-09,100002331,100002331,100002331,900002331,DL502331,DL502331,MEMBER-2332,Nurse,Debt consolidation loan,Borrower-written description of the loan purpose.,494,https://example.com/loan/2332
2333,30967.83, 36 months,17.65%,D,D1,151089.96,3.25,OTHER,MI,credit_card,Charged Off,0,2,1,13.74%,11,31,Not Verified,May-09,100002332,100002332,100002332,900002332,DL502332,DL502332,MEMBER-2333,Software Engineer,Debt consolidation loan,Borrower-written description of the loan purpose.,575,https://example.com/loan/2333
2334,30133.85, 36 months,8.68%,E,E4,40407.32,27.86,OTHER,NY,credit_card,Fully Paid,2,2,2,55.85%,30,2,Verified,Oct-17,100002333,100002333,100002333,900002333,DL502333,DL502333,MEMBER-2334,Nurse,Debt consolidation loan,Borrower-written description of the loan purpose.,886,https://example.com/loan/2334
2335,21697.44, 36 months,24.04%,G,G3,76267.26,21.6,RENT,MI,debt_consolidation,Fully Paid,0,3,2,88.55%,3,12,Verified,Sep-10,100002334,100002334,100002334,900002334,DL502334,DL502334,MEMBER-2335,Driver,Debt consolidation loan,Borrower-written description of the loan purpose.,104,https://example.com/loan/2335
2336,16040.72, 60 months,12.45%,C,C2,118166.45,29.84,OTHER,NC,car,Fully Paid,0,0,1,24.73%,29,53,Source Verified,Feb-08,100002335,100002335,100002335,900002335,DL502335,DL502335,MEMBER-2336,Software Engineer,Debt consolidation loan,Borrower-written description of the loan purpose.,871,https://example.com/loan/2336
2337,28956.06, 60 months,24.51%,B,B4,122817.48,15.89,OWN,TX,other,Fully Paid,0,3,2,29.11%,22,55,Verified,Jun-09,100002336,100002336,100002336,900002336,DL502336,DL502336,MEMBER-2337,Software Engineer,Debt consolidation loan,Borrower-written description of the loan purpose.,191,https://example.com/loan/2337
2338,20396.78, 60 months,23.97%,E,E2,105998.42,28.52,MORTGAGE,OH,educational,Fully Paid,4,3,1,77.3%,26,31,Not Verified,Feb-10,100002337,100002337,100002337,900002337,DL502337,DL502337,MEMBER-2338,Software Engineer,Debt consolidation loan,Borrower-written description of the loan purpose.,723,https://example.com/loan/2338
2339,19820.85, 36 months,18.53%,C,C5,163450.92,26.44,RENT,MI,house,Fully Paid,0,2,2,10.52%,3,39,Verified,Sep-12,100002338,100002338,100002338,900002338,DL502338,DL502338,MEMBER-2339,Software Engineer,Debt consolidation loan,Borrower-written description of the loan purpose.,570,https://example.com/loan/2339
2340,22894.98, 60 months,13.8%,G,G3,69857.16,29.82,NONE,NY,educational,Fully Paid,4,3,NA,11.66%,28,35,Verified,Dec-10,100002339,100002339,100002339,900002339,DL502339,DL502339,MEMBER-2340,Driver,Debt consolidation loan,Borrower-written description of the loan purpose.,650,https://example.com/loan/2340
2341,11743.24, 60 months,15.34%,B,B5,28821.63,29.13,MORTGAGE,GA,medical,Fully Paid,4,0,0,36.17%,19,54,Not Verified,Mar-09,100002340,100002340,100002340,900002340,DL502340,DL502340,MEMBER-2341,Driver,Debt consolidation loan,Borrower-written description of the loan purpose.,942,https://example.com/loan/2341
2342,34925.06, 36 months,17.24%,E,E5,48881.28,26.51,NONE,FL,small_business,Charged Off,1,3,1,61.52%,20,23,Source Verified,May-16,100002341,100002341,100002341,900002341,DL502341,DL502341,MEMBER-2342,Software Engineer,Debt consolidation loan,Borrower-written description of the loan purpose.,424,https://example.com/loan/2342
2343,31884.08, 60 months,14.25%,D,D1,21221.44,19.53,NONE,MI,medical,Charged Off,2,3,NA,88.36%,6,45,Verified,Mar-11,100002342,100002342,100002342,900002342,DL502342,DL502342,MEMBER-2343,Driver,Debt consolidation loan,Borrower-written description of the loan purpose.,838,https://example.com/loan/2343
2344,14034.66, 36 months,21.2%,C,C5,68644.86,17.97,RENT,NY,medical,Fully Paid,0,3,1,56.34%,30,4,Source Verified,Oct-10,100002343,100002343,100002343,900002343,DL502343,DL502343,MEMBER-2344,Software Engineer,Debt consolidation loan,Borrower-written description of the loan purpose.,557,https://example.com/loan/2344
2345,34683.43, 36 months,18.29%,E,E3,73368.28,5.59,MORTGAGE,MI,car,Fully Paid,2,0,0,88.5%,20,47,Source Verified,Feb-14,100002344,100002344,100002344,900002344,DL502344,DL502344,MEMBER-2345,Driver,Debt consolidation loan,Borrower-written description of the loan purpose.,723,https://example.com/loan/2345
2346,24477.22, 60 months,16.24%,E,E4,142933.31,4.31,MORTGAGE,MI,house,Current,3,2,0,87.94%,21,57,Verified,Jan-12,100002345,100002345,100002345,900002345,DL502345,DL502345,MEMBER-2346,Software Engineer,Debt consolidation loan,Borrower-written description of the loan purpose.,149,https://example.com/loan/2346
2347,32450.84, 60 months,9.46%,E,E3,161071.49,18.47,OWN,MI,debt_consolidation,Charged Off,1,1,NA,28.5%,28,46,Verified,Dec-11,100002346,100002346,100002346,900002346,DL502346,DL502346,MEMBER-2347,Nurse,Debt consolidation loan,Borrower-written description of the loan purpose.,194,https://example.com/loan/2347
2348,6568.29, 60 months,17.75%,E,E5,170620.11,26.57,RENT,TX,educational,Charged Off,0,3,1,89.17%,19,52,Source Verified,Jan-17,100002347,100002347,100002347,900002347,DL502347,DL502347,MEMBER-2348,Driver,Debt consolidation loan,Borrower-written description of the loan purpose.,527,https://example.com/loan/2348
2349,27944.68, 60 months,22.32%,A,A1,135328.5,6.77,OTHER,CA,car,Fully Paid,4,3,2,82.86%,23,53,Source Verified,Mar-08,100002348,100002348,100002348,900002348,DL502348,DL502348,MEMBER-2349,Software Engineer,Debt consolidation loan,Borrower-written description of the loan purpose.,798,https://example.com/loan/2349
2350,18178.4, 60 months,11.84%,A,A4,100311.88,4.48,OTHER,NY,wedding,Fully Paid,4,3,2,41.36%,9,36,Source Verified,May-15,100002349,100002349,100002349,900002349,DL502349,DL502349,MEMBER-2350,Nurse,Debt consolidation loan,Borrower-written description of the loan purpose.,835,https://example.com/loan/2350
2351,25312.17, 60 months,22.79%,F,F1,151192.71,16.02,OTHER,NY,major_purchase,Fully Paid,0,2,1,86.57%,3,37,Not Verified,Aug-08,100002350,100002350,100002350,900002350,DL502350,DL502350,MEMBER-2351,Retail Associate,Debt consolidation loan,Borrower-written description of the loan purpose.,377,https://example.com/loan/2351
2352,13358.92, 60 months,21.03%,F,F1,196080.79,28.36,RENT,GA,other,Current,0,1,1,47.19%,18,28,Verified,Oct-09,100002351,100002351,100002351,900002351,DL502351,DL502351,MEMBER-2352,Retail Associate,Debt consolidation loan,Borrower-written description of the loan purpose.,573,https://example.com/loan/2352
2353,18453.84, 60 months,23.57%,C,C5,188974.17,8.95,OTHER,FL,small_business,Charged Off,1,1,0,38.08%,13,57,Verified,May-10,100002352,100002352,100002352,900002352,DL502352,DL502352,MEMBER-2353,Retail Associate,Debt consolidation loan,Borrower-written description of the loan purpose.,873,https://example.com/loan/2353
2354,10325.71, 60 months,12.4%,F,F1,20578.65,3.3,OTHER,NC,debt_consolidation,Current,2,0,2,12.37%,6,9,Verified,Dec-15,100002353,100002353,100002353,900002353,DL502353,DL502353,MEMBER-2354,Retail Associate,Debt consolidation loan,Borrower-written description of the loan purpose.,865,https://example.com/loan/2354
2355,34023.66, 36 months,23.33%,E,E4,62929.15,22.75,OTHER,CA,vacation,Fully Paid,3,1,1,13.26%,7,50,Verified,May-12,100002354,100002354,100002354,900002354,DL502354,DL502354,MEMBER-2355,Nurse,Debt consolidation loan,Borrower-written description of the loan purpose.,943,https://example.com/loan/2355
2356,19324.96, 36 months,11.27%,G,G2,34872.34,22.31,OTHER,MI,home_improvement,Current,3,2,NA,72.49%,3,28,Verified,Nov-10,100002355,100002355,100002355,900002355,DL502355,DL502355,MEMBER-2356,Driver,Debt consolidation loan,Borrower-written description of the loan purpose.,466,https://example.com/loan/2356
2357,25498.64, 36 months,20.97%,A,A1,117921.71,20.16,OWN,MI,small_business,Fully Paid,0,0,2,63.29%,13,50,Source Verified,Oct-18,100002356,100002356,100002356,900002356,DL502356,DL502356,MEMBER-2357,Driver,Debt consolidation loan,Borrower-written description of the loan purpose.,831,https://example.com/loan/2357
2358,23542.8, 60 months,12.57%,G,G1,161876.99,11.6,MORTGAGE,PA,renewable_energy,Current,1,3,1,49.67%,3,45,Source Verified,Feb-14,100002357,100002357,100002357,900002357,DL502357,DL502357,MEMBER-2358,Retail Associate,Debt consolidation loan,Borrower-written description of the loan purpose.,225,https://example.com/loan/2358
2359,26695.33, 60 months,10.29%,G,G1,140722.02,19.31,MORTGAGE,CA,car,Fully Paid,3,2,0,88.4%,15,44,Source Verified,Jun-10,100002358,100002358,100002358,900002358,DL502358,DL502358,MEMBER-2359,Driver,Debt consolidation loan,Borrower-written description of the loan purpose.,869,https://example.com/loan/2359
2360,31765.94, 36 months,9.38%,B,B3,38960.13,7.76,RENT,IL,car,Current,2,0,0,14.25%,7,18,Not Verified,Apr-11,100002359,100002359,100002359,900002359,DL502359,DL502359,MEMBER-2360,Nurse,Debt consolidation loan,Borrower-written description of the loan purpose.,353,https://example.com/loan/2360
2361,33403.01, 36 months,20.93%,B,B1,169157.63,3.52,NONE,OH,home_improvement,Current,4,1,1,97.47%,13,28,Source Verified,Jul-10,100002360,100002360,100002360,900002360,DL502360,DL502360,MEMBER-2361,Software Engineer,Debt consolidation loan,Borrower-written description of the loan purpose.,173,https://example.com/loan/2361
2362,3299.09, 36 months,9.71%,E,E1,120636.08,26.94,MORTGAGE,NY,other,Fully Paid,3,0,NA,1.38%,12,25,Not Verified,Jan-16,100002361,100002361,100002361,900002361,DL502361,DL502361,MEMBER-2362,Driver,Debt consolidation loan,Borrower-written description of the loan purpose.,624,https://example.com/loan/2362
2363,5572.88, 60 months,20.49%,E,E4,194763.43,17.97,OWN,NC,educational,Fully Paid,2,0,NA,47.84%,26,43,Source Verified,Dec-09,100002362,100002362,100002362,900002362,DL502362,DL502362,MEMBER-2363,Software Engineer,Debt consolidation loan,Borrower-written description of the loan purpose.,694,https://example.com/loan/2363
2364,32913.89, 36 months,8.72%,B,B1,60875.89,20.47,RENT,GA,major_purchase,Fully Paid,0,3,2,96.01%,7,42,Not Verified,Nov-09,100002363,100002363,100002363,900002363,DL502363,DL502363,MEMBER-2364,Nurse,Debt consolidation loan,Borrower-written description of the loan purpose.,405,https://example.com/loan/2364
2365,3126.28, 36 months,5.48%,C,C5,59393.49,25.87,OTHER,IL,wedding,Current,2,3,2,21.85%,17,54,Not Verified,May-14,100002364,100002364,100002364,900002364,DL502364,DL502364,MEMBER-2365,Driver,Debt consolidation loan,Borrower-written description of the loan purpose.,592,https://example.com/loan/2365
2366,22630.13, 60 months,11.06%,B,B1,196477.8,14.36,MORTGAGE,MI,credit_card,Fully Paid,1,3,NA,35.95%,29,57,Verified,Jan-18,100002365,100002365,100002365,900002365,DL502365,DL502365,MEMBER-2366,Driver,Debt consolidation loan,Borrower-written description of the loan purpose.,487,https://example.com/loan/2366
2367,596.04, 36 months,17.79%,D,D3,59202.26,19.31,RENT,NC,educational,Current,2,3,2,94.36%,1,27,Source Verified,Nov-12,100002366,100002366,100002366,900002366,DL502366,DL502366,MEMBER-2367,Retail Associate,Debt consolidation loan,Borrower-written description of the loan purpose.,762,https://example.com/loan/2367
2368,8012.27, 60 months,9.49%,F,F4,30560.35,14.97,NONE,NY,house,Current,3,2,0,95.2%,13,25,Source Verified,Feb-10,100002367,100002367,100002367,900002367,DL502367,DL502367,MEMBER-2368,Retail Associate,Debt consolidation loan,Borrower-written description of the loan purpose.,609,https://example.com/loan/2368
2369,9821.51, 36 months,16.58%,A,A5,104996.82,14.16,MORTGAGE,PA,debt_consolidation,Fully Paid,4,2,NA,30.36%,14,59,Not Verified,Aug-13,100002368,100002368,100002368,900002368,DL502368,DL502368,MEMBER-2369,Nurse,Debt consolidation loan,Borrower-written description of the loan purpose.,788,https://example.com/loan/2369
2370,22582.94, 36 months,23.61%,A,A4,135870.48,18.17,OTHER,IL,medical,Current,3,1,2,46.54%,5,22,Verified,Jan-12,100002369,100002369,100002369,900002369,DL502369,DL502369,MEMBER-2370,Software Engineer,Debt consolidation loan,Borrower-written description of the loan purpose.,140,https://example.com/loan/2370
2371,4154.49, 36 months,18.6%,D,D1,33687.52,26.72,MORTGAGE,GA,wedding,Fully Paid,4,1,NA,49.64%,14,30,Not Verified,Feb-18,100002370,100002370,100002370,900002370,DL502370,DL502370,MEMBER-2371,Nurse,Debt consolidation loan,Borrower-written description of the loan purpose.,621,https://example.com/loan/2371
2372,32716.28, 60 months,15.0%,E,E4,86370.75,15.21,MORTGAGE,NY,small_business,Fully Paid,4,3,1,49.52%,15,25,Not Verified,Feb-09,100002371,100002371,100002371,900002371,DL502371,DL502371,MEMBER-2372,Retail Associate,Debt consolidation loan,Borrower-written description of the loan purpose.,614,https://example.com/loan/2372
2373,33076.36, 36 months,8.78%,D,D3,25002.49,22.62,OWN,TX,credit_card,Fully Paid,1,3,NA,23.92%,24,25,Verified,Jul-08,100002372,100002372,100002372,900002372,DL502372,DL502372,MEMBER-2373,Driver,Debt consolidation loan,Borrower-written description of the loan purpose.,537,https://example.com/loan/2373
2374,31524.12, 60 months,10.23%,C,C1,115719.28,4.66,NONE,IL,debt_consolidation,Charged Off,0,0,NA,87.07%,17,57,Not Verified,Jan-18,100002373,100002373,100002373,900002373,DL502373,DL502373,MEMBER-2374,Retail Associate,Debt consolidation loan,Borrower-written description of the loan purpose.,795,https://example.com/loan/2374
2375,10756.94, 36 months,17.68%,F,F5,40968.84,3.88,RENT,TX,credit_card,Current,4,0,0,46.29%,16,2,Verified,Jan-10,100002374,100002374,100002374,900002374,DL502374,DL502374,MEMBER-2375,Software Engineer,Debt consolidation loan,Borrower-written description of the loan purpose.,553,https://example.com/loan/2375
2376,22867.68, 60 months,6.9%,C,C2,50983.75,21.04,OWN,IL,small_business,Fully Paid,1,3,0,85.55%,22,45,Verified,Jul-13,100002375,100002375,100002375,900002375,DL502375,DL502375,MEMBER-2376,Driver,Debt consolidation loan,Borrower-written description of the loan purpose.,123,https://example.com/loan/2376
2377,7736.11, 60 months,17.42%,A,A4,198394.95,26.62,RENT,PA,educational,Fully Paid,3,1,2,37.62%,26,9,Verified,Sep-15,100002376,100002376,100002376,900002376,DL502376,DL502376,MEMBER-2377,Retail Associate,Debt consolidation loan,Borrower-written description of the loan purpose.,166,https://example.com/loan/2377
2378,7528.55, 60 months,24.3%,D,D1,100050.67,7.49,OWN,TX,other,Charged Off,2,2,1,84.03%,1,43,Not Verified,Oct-10,100002377,100002377,100002377,900002377,DL502377,DL502377,MEMBER-2378,Nurse,Debt consolidation loan,Borrower-written description of the loan purpose.,470,https://example.com/loan/2378
2379,4060.32, 60 months,23.16%,B,B3,109882.99,23.61,NONE,IL,house,Fully Paid,0,0,NA,92.99%,28,33,Verified,Nov-16,100002378,100002378,100002378,900002378,DL502378,DL502378,MEMBER-2379,Driver,Debt consolidation loan,Borrower-written description of the loan purpose.,727,https://example.com/loan/2379
2380,32211.18, 36 months,8.2%,B,B3,94109.7,22.21,OTHER,IL,medical,Fully Paid,2,1,0,75.91%,27,3,Source Verified,Feb-08,100002379,100002379,100002379,900002379,DL502379,DL502379,MEMBER-2380,Retail Associate,Debt consolidation loan,Borrower-written description of the loan purpose.,882,https://example.com/loan/2380
2381,17910.48, 60 months,7.7%,D,D5,106354.68,19.44,OTHER,GA,vacation,Charged Off,2,0,1,65.57%,4,28,Source Verified,Jan-10,100002380,100002380,100002380,900002380,DL502380,DL502380,MEMBER-2381,Retail Associate,Debt consolidation loan,Borrower-written description of the loan purpose.,715,https://example.com/loan/2381
2382,4578.49, 60 months,18.09%,B,B5,191637.93,22.08,MORTGAGE,NY,house,Current,4,2,NA,81.32%,26,27,Verified,Jul-11,100002381,100002381,100002381,900002381,DL502381,DL502381,MEMBER-2382,Nurse,Debt consolidation loan,Borrower-written description of the loan purpose.,413,https://example.com/loan/2382
2383,25650.82, 36 months,15.05%,D,D1,53794.09,1.35,MORTGAGE,CA,car,Current,0,3,2,66.28%,17,57,Source Verified,Mar-10,100002382,100002382,100002382,900002382,DL502382,DL502382,MEMBER-2383,Software Engineer,Debt consolidation loan,Borrower-written description of the loan purpose.,116,https://example.com/loan/2383
2384,11668.45, 60 months,13.94%,F,F5,166791.68,16.13,NONE,GA,medical,Current,4,0,1,31.96%,25,5,Verified,May-17,100002383,100002383,100002383,900002383,DL502383,DL502383,MEMBER-2384,Retail Associate,Debt consolidation loan,Borrower-written description of the loan purpose.,529,https://example.com/loan/2384
2385,22168.48, 60 months,16.06%,A,A4,175940.83,3.6,RENT,PA,vacation,Fully Paid,3,1,NA,53.41%,4,24,Not Verified,Aug-17,100002384,100002384,100002384,900002384,DL502384,DL502384,MEMBER-2385,Driver,Debt consolidation loan,Borrower-written description of the loan purpose.,948,https://example.com/loan/2385
2386,11610.47, 36 months,15.35%,G,G1,74494.86,4.36,RENT,GA,wedding,Fully Paid,2,1,NA,99.3%,24,20,Source Verified,Apr-09,100002385,100002385,100002385,900002385,DL502385,DL502385,MEMBER-2386,Retail Associate,Debt consolidation loan,Borrower-written description of the loan purpose.,834,https://example.com/loan/2386
2387,3714.17, 36 months,19.76%,A,A5,115567.55,6.26,NONE,FL,wedding,Fully Paid,1,2,0,22.53%,4,9,Not Verified,May-11,100002386,100002386,100002386,900002386,DL502386,DL502386,MEMBER-2387,Driver,Debt consolidation loan,Borrower-written description of the loan purpose.,814,https://example.com/loan/2387
2388,12000.06, 60 months,7.76%,G,G3,72200.97,20.93,OTHER,NC,renewable_energy,Fully Paid,4,2,1,39.93%,24,20,Verified,Aug-17,100002387,100002387,100002387,900002387,DL502387,DL502387,MEMBER-2388,Driver,Debt consolidation loan,Borrower-written description of the loan purpose.,153,https://example.com/loan/2388
2389,7402.21, 60 months,22.75%,C,C5,174828.13,2.93,RENT,PA,small_business,Fully Paid,1,1,2,22.44%,10,18,Verified,Jan-13,100002388,100002388,100002388,900002388,DL502388,DL502388,MEMBER-2389,Nurse,Debt consolidation loan,Borrower-written description of the loan purpose.,425,https://example.com/loan/2389
2390,6848.05, 60 months,10.38%,C,C4,31149.57,26.05,MORTGAGE,PA,small_business,Current,2,3,NA,16.96%,4,22,Not Verified,Sep-15,100002389,100002389,100002389,900002389,DL502389,DL502389,MEMBER-2390,Nurse,Debt consolidation loan,Borrower-written description of the loan purpose.,413,https://example.com/loan/2390
2391,32923.5, 36 months,18.1%,F,F3,113227.31,20.86,OWN,CA,vacation,Charged Off,0,1,1,80.55%,5,40,Verified,Dec-11,100002390,100002390,100002390,900002390,DL502390,DL502390,MEMBER-2391,Driver,Debt consolidation loan,Borrower-written description of the loan purpose.,551,https://example.com/loan/2391
2392,29135.76, 36 months,21.21%,E,E1,44156.41,5.34,OWN,MI,other,Fully Paid,4,1,NA,31.21%,6,8,Not Verified,Apr-15,100002391,100002391,100002391,900002391,DL502391,DL502391,MEMBER-2392,Retail Associate,Debt consolidation loan,Borrower-written description of the loan purpose.,335,https://example.com/loan/2392
2393,25642.25, 60 months,22.61%,C,C3,75428.49,28.87,OWN,MI,moving,Fully Paid,4,2,0,15.35%,19,10,Verified,May-10,100002392,100002392,100002392,900002392,DL502392,DL502392,MEMBER-2393,Software Engineer,Debt consolidation loan,Borrower-written description of the loan purpose.,303,https://example.com/loan/2393
2394,23847.45, 36 months,15.18%,E,E2,159631.78,4.79,NONE,GA,small_business,Fully Paid,2,0,0,62.2%,18,19,Not Verified,Jul-11,100002393,100002393,100002393,900002393,DL502393,DL502393,MEMBER-2394,Nurse,Debt consolidation loan,Borrower-written description of the loan purpose.,225,https://example.com/loan/2394
2395,10770.59, 36 months,6.45%,G,G3,105885.82,19.16,MORTGAGE,PA,other,Charged Off,3,0,2,38.05%,5,18,Not Verified,Mar-18,100002394,100002394,100002394,900002394,DL502394,DL502394,MEMBER-2395,Driver,Debt consolidation loan,Borrower-written description of the loan purpose.,195,https://example.com/loan/2395
2396,24578.83, 36 months,8.73%,F,F5,63627.95,12.88,RENT,TX,debt_consolidation,Fully Paid,4,1,0,32.4%,5,29,Verified,Aug-10,100002395,100002395,100002395,900002395,DL502395,DL502395,MEMBER-2396,Software Engineer,Debt consolidation loan,Borrower-written description of the loan purpose.,879,https://example.com/loan/2396
2397,31029.46, 60 months,6.59%,C,C1,81040.46,17.88,RENT,GA,small_business,Fully Paid,0,2,2,20.62%,16,60,Verified,Jan-13,100002396,100002396,100002396,900002396,DL502396,DL502396,MEMBER-2397,Software Engineer,Debt consolidation loan,Borrower-written description of the loan purpose.,704,https://example.com/loan/2397
2398,13683.11, 60 months,12.8%,C,C1,192739.05,9.4,OTHER,TX,renewable_energy,Current,3,2,2,82.97%,10,34,Not Verified,Jan-10,100002397,100002397,100002397,900002397,DL502397,DL502397,MEMBER-2398,Nurse,Debt consolidation loan,Borrower-written description of the loan purpose.,575,https://example.com/loan/2398
2399,23773.96, 60 months,12.64%,A,A1,71043.92,28.51,OTHER,NC,renewable_energy,Charged Off,2,2,NA,48.02%,14,57,Verified,Sep-11,100002398,100002398,100002398,900002398,DL502398,DL502398,MEMBER-2399,Retail Associate,Debt consolidation loan,Borrower-written description of the loan purpose.,654,https://example.com/loan/2399
2400,5993.46, 60 months,12.1%,F,F3,89395.51,21.75,NONE,CA,renewable_energy,Current,1,1,1,23.3%,30,42,Verified,Nov-12,100002399,100002399,100002399,900002399,DL502399,DL502399,MEMBER-2400,Software Engineer,Debt consolidation loan,Borrower-written description of the loan purpose.,757,https://example.com/loan/2400
2401,23274.7, 60 months,6.39%,G,G2,182862.59,2.16,MORTGAGE,IL,renewable_energy,Fully Paid,2,2,2,91.11%,4,6,Verified,Nov-16,100002400,100002400,100002400,900002400,DL502400,DL502400,MEMBER-2401,Retail Associate,Debt consolidation loan,Borrower-written description of the loan purpose.,510,https://example.com/loan/2401
2402,17807.25, 36 months,7.85%,B,B3,187218.36,26.58,OWN,NY,moving,Charged Off,0,3,NA,94.38%,10,31,Verified,Apr-12,100002401,100002401,100002401,900002401,DL502401,DL502401,MEMBER-2402,Driver,Debt consolidation loan,Borrower-written description of the loan purpose.,344,https://example.com/loan/2402
2403,19608.77, 36 months,23.09%,F,F2,163830.77,12.16,OWN,NY,car,Fully Paid,1,0,NA,66.37%,8,24,Verified,Oct-08,100002402,100002402,100002402,900002402,DL502402,DL502402,MEMBER-2403,Software Engineer,Debt consolidation loan,Borrower-written description of the loan purpose.,685,https://example.com/loan/2403
2404,13399.32, 60 months,7.15%,D,D3,146178.78,18.1,OWN,OH,medical,Fully Paid,1,1,0,15.83%,4,10,Source Verified,Nov-11,100002403,100002403,100002403,900002403,DL502403,DL502403,MEMBER-2404,Nurse,Debt consolidation loan,Borrower-written description of the loan purpose.,976,https://example.com/loan/2404
2405,7253.74, 36 months,10.05%,E,E1,135840.47,26.68,NONE,IL,educational,Fully Paid,4,2,NA,58.37%,1,5,Source Verified,Aug-14,100002404,100002404,100002404,900002404,DL502404,DL502404,MEMBER-2405,Nurse,Debt consolidation loan,Borrower-written description of the loan purpose.,294,https://example.com/loan/2405
2406,33109.53, 36 months,10.78%,B,B1,143392.54,23.52,OTHER,OH,home_improvement,Fully Paid,0,0,NA,84.9%,18,37,Source Verified,Jan-10,100002405,100002405,100002405,900002405,DL502405,DL502405,MEMBER-2406,Driver,Debt consolidation loan,Borrower-written description of the loan purpose.,768,https://example.com/loan/2406
2407,23389.17, 60 months,12.36%,C,C5,51672.56,7.12,MORTGAGE,GA,debt_consolidation,Fully Paid,2,2,2,77.58%,10,33,Not Verified,Jul-09,100002406,100002406,100002406,900002406,DL502406,DL502406,MEMBER-2407,Software Engineer,Debt consolidation loan,Borrower-written description of the loan purpose.,550,https://example.com/loan/2407
2408,23009.59, 60 months,23.91%,E,E4,124394.94,16.89,NONE,MI,wedding,Fully Paid,0,1,1,46.33%,9,16,Verified,Jan-14,100002407,100002407,100002407,900002407,DL502407,DL502407,MEMBER-2408,Nurse,Debt consolidation loan,Borrower-written description of the loan purpose.,635,https://example.com/loan/2408
2409,23877.11, 60 months,15.93%,G,G2,113839.07,9.34,OTHER,NY,renewable_energy,Fully Paid,3,0,NA,64.68%,6,16,Verified,Mar-13,100002408,100002408,100002408,900002408,DL502408,DL502408,MEMBER-2409,Retail Associate,Debt consolidation loan,Borrower-written description of the loan purpose.,575,https://example.com/loan/2409
2410,20694.78, 60 months,17.94%,C,C4,198405.13,4.73,OTHER,CA,vacation,Current,2,1,1,61.55%,20,13,Verified,Nov-13,100002409,100002409,100002409,900002409,DL502409,DL502409,MEMBER-2410,Driver,Debt consolidation loan,Borrower-written description of the loan purpose.,417,https://example.com/loan/2410
2411,4278.51, 60 months,19.76%,A,A5,130048.51,8.61,OWN,GA,credit_card,Fully Paid,1,3,NA,34.09%,9,21,Not Verified,Jul-08,100002410,100002410,100002410,900002410,DL502410,DL502410,MEMBER-2411,Driver,Debt consolidation loan,Borrower-written description of the loan purpose.,627,https://example.com/loan/2411
2412,1411.68, 36 months,6.86%,C,C1,98155.19,25.69,NONE,PA,educational,Charged Off,4,0,NA,38.08%,16,51,Verified,Sep-16,100002411,100002411,100002411,900002411,DL502411,DL502411,MEMBER-2412,Nurse,Debt consolidation loan,Borrower-written description of the loan purpose.,502,https://example.com/loan/2412
2413,13506.92, 60 months,6.72%,C,C5,99549.96,16.16,MORTGAGE,MI,wedding,Fully Paid,2,3,1,90.86%,20,28,Source Verified,Nov-12,100002412,100002412,100002412,900002412,DL502412,DL502412,MEMBER-2413,Nurse,Debt consolidation loan,Borrower-written description of the loan purpose.,424,https://example.com/loan/2413
2414,24830.51, 36 months,7.52%,B,B1,170791.64,16.9,OTHER,FL,other,Fully Paid,0,0,1,46.22%,18,20,Verified,Feb-13,100002413,100002413,100002413,900002413,DL502413,DL502413,MEMBER-2414,Retail Associate,Debt consolidation loan,Borrower-written description of the loan purpose.,598,https://example.com/loan/2414
2415,10530.53, 36 months,6.28%,F,F5,89534.07,11.29,NONE,MI,credit_card,Fully Paid,0,1,NA,81.43%,18,52,Verified,Jun-18,100002414,100002414,100002414,900002414,DL502414,DL502414,MEMBER-2415,Nurse,Debt consolidation loan,Borrower-written description of the loan purpose.,476,https://example.com/loan/2415
2416,27347.9, 60 months,14.33%,A,A4,157722.11,16.8,OWN,IL,car,Current,4,2,0,72.95%,3,53,Verified,Jun-12,100002415,100002415,100002415,900002415,DL502415,DL502415,MEMBER-2416,Retail Associate,Debt consolidation loan,Borrower-written description of the loan purpose.,640,https://example.com/loan/2416
2417,32149.57, 60 months,13.41%,D,D2,55228.7,0.57,RENT,CA,other,Fully Paid,1,3,1,69.4%,28,45,Not Verified,Jan-17,100002416,100002416,100002416,900002416,DL502416,DL502416,MEMBER-2417,Retail Associate,Debt consolidation loan,Borrower-written description of the loan purpose.,782,https://example.com/loan/2417
2418,3896.9, 36 months,19.33%,D,D3,182940.17,14.23,MORTGAGE,PA,small_business,Current,0,3,NA,22.64%,20,38,Verified,Mar-11,100002417,100002417,100002417,900002417,DL502417,DL502417,MEMBER-2418,Retail Associate,Debt consolidation loan,Borrower-written description of the loan purpose.,101,https://example.com/loan/2418
2419,27388.09, 60 months,6.54%,E,E1,196743.05,6.42,OTHER,IL,credit_card,Fully Paid,0,1,NA,16.49%,12,60,Verified,Jul-08,100002418,100002418,100002418,900002418,DL502418,DL502418,MEMBER-2419,Driver,Debt consolidation loan,Borrower-written description of the loan purpose.,262,https://example.com/loan/2419
2420,12918.42, 36 months,5.79%,B,B1,44088.56,18.8,NONE,CA,wedding,Current,4,1,NA,66.2%,20,54,Not Verified,Dec-10,100002419,100002419,100002419,900002419,DL502419,DL502419,MEMBER-2420,Driver,Debt consolidation loan,Borrower-written description of the loan purpose.,396,https://example.com/loan/2420
2421,14424.57, 60 months,10.35%,C,C3,143932.51,12.07,RENT,PA,house,Current,1,2,2,12.27%,26,42,Source Verified,Dec-18,100002420,100002420,100002420,900002420,DL502420,DL502420,MEMBER-2421,Software Engineer,Debt consolidation loan,Borrower-written description of the loan purpose.,398,https://example.com/loan/2421
2422,4955.97, 36 months,18.36%,D,D2,194536.68,26.92,MORTGAGE,NY,major_purchase,Fully Paid,2,2,0,58.6%,14,18,Verified,Feb-15,100002421,100002421,100002421,900002421,DL502421,DL502421,MEMBER-2422,Software Engineer,Debt consolidation loan,Borrower-written description of the loan purpose.,453,https://example.com/loan/2422
2423,31436.17, 36 months,23.06%,C,C3,196375.15,16.91,NONE,OH,house,Fully Paid,0,1,NA,47.67%,29,34,Source Verified,Dec-08,100002422,100002422,100002422,900002422,DL502422,DL502422,MEMBER-2423,Retail Associate,Debt consolidation loan,Borrower-written description of the loan purpose.,828,https://example.com/loan/2423
2424,8843.02, 36 months,14.13%,D,D1,136544.49,15.24,OWN,OH,wedding,Fully Paid,3,0,0,79.73%,15,49,Not Verified,Jun-11,100002423,100002423,100002423,900002423,DL502423,DL502423,MEMBER-2424,Retail Associate,Debt consolidation loan,Borrower-written description of the loan purpose.,167,https://example.com/loan/2424
2425,25455.44, 36 months,5.97%,F,F3,115626.09,8.13,OWN,NC,wedding,Current,2,0,0,75.37%,9,44,Verified,Mar-08,100002424,100002424,100002424,900002424,DL502424,DL502424,MEMBER-2425,Retail Associate,Debt consolidation loan,Borrower-written description of the loan purpose.,303,https://example.com/loan/2425
2426,24320.21, 36 months,19.96%,G,G3,190992.57,8.48,MORTGAGE,TX,moving,Charged Off,4,2,2,36.41%,10,60,Verified,Nov-16,100002425,100002425,100002425,900002425,DL502425,DL502425,MEMBER-2426,Nurse,Debt consolidation loan,Borrower-written description of the loan purpose.,805,https://example.com/loan/2426
2427,28002.86, 36 months,20.21%,D,D2,44408.78,16.99,OTHER,GA,vacation,Fully Paid,1,2,2,8.53%,4,21,Verified,Dec-11,100002426,100002426,100002426,900002426,DL502426,DL502426,MEMBER-2427,Retail Associate,Debt consolidation loan,Borrower-written description of the loan purpose.,577,https://example.com/loan/2427
2428,31079.4, 36 months,15.95%,F,F5,40990.01,14.05,RENT,GA,wedding,Fully Paid,0,2,NA,75.97%,21,60,Not Verified,Jun-14,100002427,100002427,100002427,900002427,DL502427,DL502427,MEMBER-2428,Retail Associate,Debt consolidation loan,Borrower-written description of the loan purpose.,461,https://example.com/loan/2428
2429,16251.22, 36 months,21.64%,G,G1,171238.94,5.33,OTHER,IL,credit_card,Fully Paid,4,2,0,60.66%,17,32,Verified,Jan-17,100002428,100002428,100002428,900002428,DL502428,DL502428,MEMBER-2429,Software Engineer,Debt consolidation loan,Borrower-written description of the loan purpose.,977,https://example.com/loan/2429
2430,15665.55, 60 months,18.56%,C,C2,93395.47,22.14,OTHER,CA,renewable_energy,Current,4,3,1,72.07%,1,38,Source Verified,May-17,100002429,100002429,100002429,900002429,DL502429,DL502429,MEMBER-2430,Nurse,Debt consolidation loan,Borrower-written description of the loan purpose.,243,https://example.com/loan/2430
2431,3818.29, 60 months,6.66%,B,B2,69285.97,18.8,OWN,TX,debt_consolidation,Current,4,3,NA,55.67%,10,10,Source Verified,Nov-13,100002430,100002430,100002430,900002430,DL502430,DL502430,MEMBER-2431,Retail Associate,Debt consolidation loan,Borrower-written description of the loan purpose.,526,https://example.com/loan/2431
2432,19323.98, 60 months,21.79%,D,D3,138018.65,7.64,NONE,NC,home_improvement,Fully Paid,2,2,1,51.5%,23,2,Verified,Sep-18,100002431,100002431,100002431,900002431,DL502431,DL502431,MEMBER-2432,Software Engineer,Debt consolidation loan,Borrower-written description of the loan purpose.,997,https://example.com/loan/2432
2433,18251.74, 36 months,20.38%,G,G1,159298.78,24.95,OTHER,TX,debt_consolidation,Fully Paid,2,1,0,1.14%,19,53,Source Verified,Jul-11,100002432,100002432,100002432,900002432,DL502432,DL502432,MEMBER-2433,Nurse,Debt consolidation loan,Borrower-written description of the loan purpose.,105,https://example.com/loan/2433
2434,33521.22, 36 months,6.42%,G,G3,106695.23,21.85,MORTGAGE,TX,moving,Current,1,3,0,55.81%,15,13,Source Verified,Sep-10,100002433,100002433,100002433,900002433,DL502433,DL502433,MEMBER-2434,Driver,Debt consolidation loan,Borrower-written description of the loan purpose.,313,https://example.com/loan/2434
2435,2872.05, 36 months,12.44%,B,B3,155082.79,26.27,NONE,TX,credit_card,Charged Off,4,1,1,15.26%,23,13,Verified,Apr-17,100002434,100002434,100002434,900002434,DL502434,DL502434,MEMBER-2435,Retail Associate,Debt consolidation loan,Borrower-written description of the loan purpose.,789,https://example.com/loan/2435
2436,23683.8, 36 months,20.8%,F,F3,182890.63,29.57,NONE,MI,house,Charged Off,4,2,2,30.25%,29,42,Not Verified,Dec-13,100002435,100002435,100002435,900002435,DL502435,DL502435,MEMBER-2436,Retail Associate,Debt consolidation loan,Borrower-written description of the loan purpose.,177,https://example.com/loan/2436
2437,26220.08, 36 months,14.02%,C,C5,166502.46,4.79,OTHER,FL,moving,Current,3,3,2,57.21%,16,33,Not Verified,Aug-13,100002436,100002436,100002436,900002436,DL502436,DL502436,MEMBER-2437,Software Engineer,Debt consolidation loan,Borrower-written description of the loan purpose.,278,https://example.com/loan/2437
2438,4677.77, 36 months,10.82%,D,D5,68104.34,7.56,NONE,GA,moving,Fully Paid,4,1,1,47.65%,22,55,Not Verified,Jun-13,100002437,100002437,100002437,900002437,DL502437,DL502437,MEMBER-2438,Retail Associate,Debt consolidation loan,Borrower-written description of the loan purpose.,675,https://example.com/loan/2438
2439,31187.53, 36 months,22.49%,B,B5,103174.75,26.78,OTHER,NY,debt_consolidation,Fully Paid,4,2,2,69.91%,27,54,Source Verified,Jun-16,100002438,100002438,100002438,900002438,DL502438,DL502438,MEMBER-2439,Nurse,Debt consolidation loan,Borrower-written description of the loan purpose.,290,https://example.com/loan/2439
2440,26162.91, 60 months,23.43%,F,F1,111796.17,1.24,MORTGAGE,OH,house,Charged Off,4,0,0,68.28%,17,53,Verified,Nov-09,100002439,100002439,100002439,900002439,DL502439,DL502439,MEMBER-2440,Driver,Debt consolidation loan,Borrower-written description of the loan purpose.,240,https://example.com/loan/2440
2441,16785.61, 60 months,17.94%,D,D4,162238.66,5.03,OTHER,TX,credit_card,Fully Paid,0,0,2,11.54%,28,11,Source Verified,Dec-17,100002440,100002440,100002440,900002440,DL502440,DL502440,MEMBER-2441,Driver,Debt consolidation loan,Borrower-written description of the loan purpose.,185,https://example.com/loan/2441
2442,1119.94, 60 months,10.25%,C,C2,96122.48,7.95,OWN,OH,house,Fully Paid,2,2,NA,43.47%,20,37,Not Verified,Feb-15,100002441,100002441,100002441,900002441,DL502441,DL502441,MEMBER-2442,Nurse,Debt consolidation loan,Borrower-written description of the loan purpose.,952,https://example.com/loan/2442
2443,18624.21, 36 months,18.63%,F,F1,175318.1,6.17,MORTGAGE,FL,vacation,Fully Paid,2,2,NA,60.06%,20,41,Not Verified,May-11,100002442,100002442,100002442,900002442,DL502442,DL502442,MEMBER-2443,Nurse,Debt consolidation loan,Borrower-written description of the loan purpose.,306,https://example.com/loan/2443
2444,31006.94, 36 months,15.82%,G,G4,148319.32,19.4,RENT,PA,educational,Current,0,3,1,42.34%,3,17,Verified,Jun-17,100002443,100002443,100002443,900002443,DL502443,DL502443,MEMBER-2444,Software Engineer,Debt consolidation loan,Borrower-written description of the loan purpose.,455,https://example.com/loan/2444
2445,29429.44, 60 months,20.26%,C,C5,157671.62,9.54,NONE,NY,major_purchase,Fully Paid,3,3,0,60.07%,10,7,Source Verified,Apr-16,100002444,100002444,100002444,900002444,DL502444,DL502444,MEMBER-2445,Nurse,Debt consolidation loan,Borrower-written description of the loan purpose.,366,https://example.com/loan/2445
2446,33250.5, 36 months,17.1%,B,B3,178616.66,19.2,MORTGAGE,MI,home_improvement,Fully Paid,1,1,2,94.24%,24,16,Verified,Jan-08,100002445,100002445,100002445,900002445,DL502445,DL502445,MEMBER-2446,Driver,Debt consolidation loan,Borrower-written description of the loan purpose.,544,https://example.com/loan/2446
2447,7199.48, 60 months,22.14%,E,E1,68641.28,29.64,OWN,PA,medical,Charged Off,1,2,0,41.56%,27,40,Verified,Sep-13,100002446,100002446,100002446,900002446,DL502446,DL502446,MEMBER-2447,Software Engineer,Debt consolidation loan,Borrower-written description of the loan purpose.,800,https://example.com/loan/2447
2448,16054.86, 36 months,21.49%,A,A1,170533.38,21.21,RENT,PA,wedding,Current,0,2,1,69.21%,23,50,Source Verified,Jan-08,100002447,100002447,100002447,900002447,DL502447,DL502447,MEMBER-2448,Software Engineer,Debt consolidation loan,Borrower-written description of the loan purpose.,235,https://example.com/loan/2448
2449,34827.99, 36 months,7.29%,E,E1,71087.43,19.93,NONE,MI,car,Fully Paid,4,2,NA,84.45%,3,23,Not Verified,Apr-17,100002448,100002448,100002448,900002448,DL502448,DL502448,MEMBER-2449,Nurse,Debt consolidation loan,Borrower-written description of the loan purpose.,768,https://example.com/loan/2449
2450,16791.46, 36 months,20.93%,A,A3,89849.19,24.63,NONE,IL,medical,Charged Off,2,1,1,12.16%,2,21,Not Verified,Jan-12,100002449,100002449,100002449,900002449,DL502449,DL502449,MEMBER-2450,Software Engineer,Debt consolidation loan,Borrower-written description of the loan purpose.,425,https://example.com/loan/2450
2451,3089.71, 60 months,8.44%,E,E2,194090.1,6.45,OWN,IL,medical,Current,0,1,0,2.55%,5,29,Not Verified,May-11,100002450,100002450,100002450,900002450,DL502450,DL502450,MEMBER-2451,Software Engineer,Debt consolidation loan,Borrower-written description of the loan purpose.,473,https://example.com/loan/2451
2452,21440.27, 36 months,12.53%,F,F4,58924.38,23.72,OTHER,PA,major_purchase,Fully Paid,3,3,1,58.57%,27,17,Verified,Feb-12,100002451,100002451,100002451,900002451,DL502451,DL502451,MEMBER-2452,Nurse,Debt consolidation loan,Borrower-written description of the loan purpose.,656,https://example.com/loan/2452
2453,3295.39, 60 months,17.2%,A,A4,43142.57,26.66,NONE,TX,small_business,Fully Paid,2,3,2,29.15%,23,31,Source Verified,May-16,100002452,100002452,100002452,900002452,DL502452,DL502452,MEMBER-2453,Nurse,Debt consolidation loan,Borrower-written description of the loan purpose.,574,https://example.com/loan/2453
2454,4939.59, 36 months,14.64%,E,E4,23563.94,6.09,NONE,NY,wedding,Charged Off,4,0,2,63.85%,27,19,Not Verified,Jul-14,100002453,100002453,100002453,900002453,DL502453,DL502453,MEMBER-2454,Nurse,Debt consolidation loan,Borrower-written description of the loan purpose.,167,https://example.com/loan/2454
2455,18898.44, 60 months,21.45%,C,C3,22929.62,27.67,OWN,PA,house,Fully Paid,0,2,1,95.76%,2,45,Verified,Oct-12,100002454,100002454,100002454,900002454,DL502454,DL502454,MEMBER-2455,Driver,Debt consolidation loan,Borrower-written description of the loan purpose.,142,https://example.com/loan/2455
2456,12922.97, 36 months,9.93%,E,E1,112005.58,27.47,MORTGAGE,FL,small_business,Fully Paid,3,1,0,10.49%,12,32,Verified,Jan-16,100002455,100002455,100002455,900002455,DL502455,DL502455,MEMBER-2456,Driver,Debt consolidation loan,Borrower-written description of the loan purpose.,123,https://example.com/loan/2456
2457,34884.67, 60 months,18.58%,F,F2,188429.72,16.83,OWN,OH,educational,Fully Paid,1,1,2,10.7%,15,45,Not Verified,Jul-13,100002456,100002456,100002456,900002456,DL502456,DL502456,MEMBER-2457,Software Engineer,Debt consolidation loan,Borrower-written description of the loan purpose.,646,https://example.com/loan/2457
2458,13043.45, 36 months,5.95%,F,F1,165130.78,18.47,OTHER,NC,educational,Current,2,2,2,30.18%,28,11,Source Verified,Feb-09,100002457,100002457,100002457,900002457,DL502457,DL502457,MEMBER-2458,Software Engineer,Debt consolidation loan,Borrower-written description of the loan purpose.,883,https://example.com/loan/2458
2459,1857.74, 60 months,8.93%,G,G1,168884.31,9.0,OWN,CA,major_purchase,Fully Paid,3,3,2,4.5%,19,50,Not Verified,May-14,100002458,100002458,100002458,900002458,DL502458,DL502458,MEMBER-2459,Nurse,Debt consolidation loan,Borrower-written description of the loan purpose.,640,https://example.com/loan/2459
2460,26640.75, 60 months,24.44%,E,E5,162338.07,1.25,RENT,CA,home_improvement,Fully Paid,4,0,2,56.36%,10,22,Source Verified,Nov-17,100002459,100002459,100002459,900002459,DL502459,DL502459,MEMBER-2460,Retail Associate,Debt consolidation loan,Borrower-written description of the loan purpose.,582,https://example.com/loan/2460
2461,10844.27, 60 months,14.17%,E,E3,129415.93,5.18,RENT,NY,major_purchase,Fully Paid,0,0,1,86.4%,29,20,Source Verified,Mar-11,100002460,100002460,100002460,900002460,DL502460,DL502460,MEMBER-2461,Driver,Debt consolidation loan,Borrower-written description of the loan purpose.,535,https://example.com/loan/2461
2462,12275.28, 36 months,19.27%,E,E2,173503.95,25.13,OWN,NC,small_business,Fully Paid,1,3,1,9.49%,9,43,Not Verified,May-12,100002461,100002461,100002461,900002461,DL502461,DL502461,MEMBER-2462,Driver,Debt consolidation loan,Borrower-written description of the loan purpose.,161,https://example.com/loan/2462
2463,29795.22, 60 months,8.96%,B,B1,107886.77,20.61,MORTGAGE,GA,other,Current,2,2,1,72.1%,13,35,Source Verified,Jul-14,100002462,100002462,100002462,900002462,DL502462,DL502462,MEMBER-2463,Nurse,Debt consolidation loan,Borrower-written description of the loan purpose.,986,https://example.com/loan/2463
2464,16954.35, 36 months,22.46%,F,F3,47809.21,23.84,NONE,PA,credit_card,Fully Paid,1,2,0,18.54%,22,28,Source Verified,Oct-13,100002463,100002463,100002463,900002463,DL502463,DL502463,MEMBER-2464,Nurse,Debt consolidation loan,Borrower-written description of the loan purpose.,951,https://example.com/loan/2464
2465,3104.49, 60 months,13.42%,D,D4,105209.57,12.45,MORTGAGE,CA,credit_card,Fully Paid,0,2,0,59.52%,3,15,Verified,Dec-11,100002464,100002464,100002464,900002464,DL502464,DL502464,MEMBER-2465,Software Engineer,Debt consolidation loan,Borrower-written description of the loan purpose.,375,https://example.com/loan/2465
2466,18877.38, 60 months,10.61%,G,G5,161522.18,7.06,MORTGAGE,OH,home_improvement,Current,3,3,NA,8.11%,29,19,Verified,Mar-09,100002465,100002465,100002465,900002465,DL502465,DL502465,MEMBER-2466,Nurse,Debt consolidation loan,Borrower-written description of the loan purpose.,297,https://example.com/loan/2466
2467,14659.52, 36 months,18.26%,A,A3,177422.41,0.94,NONE,NY,credit_card,Current,1,0,0,9.45%,2,34,Verified,Apr-17,100002466,100002466,100002466,900002466,DL502466,DL502466,MEMBER-2467,Retail Associate,Debt consolidation loan,Borrower-written description of the loan purpose.,761,https://example.com/loan/2467
2468,13444.14, 60 months,9.6%,D,D5,179966.62,8.67,OTHER,CA,home_improvement,Charged Off,3,3,1,88.26%,13,38,Not Verified,Oct-10,100002467,100002467,100002467,900002467,DL502467,DL502467,MEMBER-2468,Nurse,Debt consolidation loan,Borrower-written description of the loan purpose.,159,https://example.com/loan/2468
2469,7249.64, 60 months,19.29%,B,B3,55470.25,24.73,NONE,FL,educational,Fully Paid,0,1,1,3.16%,21,47,Source Verified,Feb-13,100002468,100002468,100002468,900002468,DL502468,DL502468,MEMBER-2469,Retail Associate,Debt consolidation loan,Borrower-written description of the loan purpose.,970,https://example.com/loan/2469
2470,29310.41, 60 months,7.93%,A,A1,86824.31,19.12,MORTGAGE,IL,house,Current,0,2,1,18.97%,22,27,Source Verified,Sep-11,100002469,100002469,100002469,900002469,DL502469,DL502469,MEMBER-2470,Driver,Debt consolidation loan,Borrower-written description of the loan purpose.,433,https://example.com/loan/2470
2471,7612.66, 36 months,17.3%,G,G5,89369.77,24.78,OTHER,TX,moving,Current,0,0,2,13.03%,22,31,Source Verified,Jul-08,100002470,100002470,100002470,900002470,DL502470,DL502470,MEMBER-2471,Retail Associate,Debt consolidation loan,Borrower-written description of the loan purpose.,331,https://example.com/loan/2471
2472,6836.82, 36 months,20.97%,C,C2,116788.94,23.53,NONE,NC,debt_consolidation,Current,1,3,1,28.3%,20,52,Source Verified,Nov-13,100002471,100002471,100002471,900002471,DL502471,DL502471,MEMBER-2472,Driver,Debt consolidation loan,Borrower-written description of the loan purpose.,833,https://example.com/loan/2472
2473,5707.8, 60 months,14.47%,F,F1,91235.57,16.96,NONE,CA,small_business,Current,4,3,NA,10.57%,27,32,Source Verified,Nov-09,100002472,100002472,100002472,900002472,DL502472,DL502472,MEMBER-2473,Software Engineer,Debt consolidation loan,Borrower-written description of the loan purpose.,177,https://example.com/loan/2473
2474,26499.89, 60 months,22.54%,A,A1,191778.36,25.51,OTHER,GA,house,Current,2,2,NA,40.84%,9,50,Source Verified,Jun-17,100002473,100002473,100002473,900002473,DL502473,DL502473,MEMBER-2474,Nurse,Debt consolidation loan,Borrower-written description of the loan purpose.,201,https://example.com/loan/2474
2475,27063.1, 60 months,7.75%,B,B3,94616.99,21.97,OWN,IL,credit_card,Fully Paid,3,0,NA,69.76%,2,18,Source Verified,Oct-10,100002474,100002474,100002474,900002474,DL502474,DL502474,MEMBER-2475,Software Engineer,Debt consolidation loan,Borrower-written description of the loan purpose.,197,https://example.com/loan/2475
2476,6513.25, 60 months,8.78%,C,C5,53794.31,22.43,RENT,FL,small_business,Fully Paid,1,3,0,94.71%,3,17,Not Verified,Dec-11,100002475,100002475,100002475,900002475,DL502475,DL502475,MEMBER-2476,Retail Associate,Debt consolidation loan,Borrower-written description of the loan purpose.,880,https://example.com/loan/2476
2477,25474.2, 60 months,8.91%,E,E2,72065.09,6.95,OWN,MI,house,Fully Paid,1,3,2,90.38%,24,54,Source Verified,Nov-13,100002476,100002476,100002476,900002476,DL502476,DL502476,MEMBER-2477,Retail Associate,Debt consolidation loan,Borrower-written description of the loan purpose.,722,https://example.com/loan/2477
2478,33334.81, 60 months,24.19%,F,F5,29874.38,6.01,MORTGAGE,OH,major_purchase,Fully Paid,3,3,1,76.48%,27,41,Source Verified,Dec-16,100002477,100002477,100002477,900002477,DL502477,DL502477,MEMBER-2478,Nurse,Debt consolidation loan,Borrower-written description of the loan purpose.,238,https://example.com/loan/2478
2479,21857.87, 60 months,14.32%,B,B3,43632.55,0.87,MORTGAGE,GA,debt_consolidation,Fully Paid,0,0,0,41.09%,21,39,Not Verified,Oct-15,100002478,100002478,100002478,900002478,DL502478,DL502478,MEMBER-2479,Software Engineer,Debt consolidation loan,Borrower-written description of the loan purpose.,109,https://example.com/loan/2479
2480,27109.92, 36 months,6.02%,D,D1,65345.42,8.28,OWN,FL,credit_card,Fully Paid,3,1,0,31.06%,1,32,Verified,Dec-18,100002479,100002479,100002479,900002479,DL502479,DL502479,MEMBER-2480,Retail Associate,Debt consolidation loan,Borrower-written description of the loan purpose.,111,https://example.com/loan/2480
2481,19909.32, 36 months,16.56%,F,F2,45288.88,0.26,RENT,GA,car,Fully Paid,4,2,NA,38.41%,25,41,Verified,Dec-15,100002480,100002480,100002480,900002480,DL502480,DL502480,MEMBER-2481,Software Engineer,Debt consolidation loan,Borrower-written description of the loan purpose.,402,https://example.com/loan/2481
2482,33370.01, 60 months,17.87%,G,G4,60733.25,9.09,OTHER,PA,car,Fully Paid,0,0,NA,92.85%,8,56,Source Verified,Aug-15,100002481,100002481,100002481,900002481,DL502481,DL502481,MEMBER-2482,Driver,Debt consolidation loan,Borrower-written description of the loan purpose.,345,https://example.com/loan/2482
2483,32880.58, 60 months,18.19%,D,D2,164516.4,5.03,RENT,TX,debt_consolidation,Current,0,1,2,69.74%,18,33,Source Verified,Nov-08,100002482,100002482,100002482,900002482,DL502482,DL502482,MEMBER-2483,Software Engineer,Debt consolidation loan,Borrower-written description of the loan purpose.,413,https://example.com/loan/2483
2484,15124.49, 60 months,13.64%,C,C5,44135.02,20.6,RENT,TX,small_business,Fully Paid,3,2,NA,71.26%,24,18,Verified,Apr-15,100002483,100002483,100002483,900002483,DL502483,DL502483,MEMBER-2484,Software Engineer,Debt consolidation loan,Borrower-written description of the loan purpose.,792,https://example.com/loan/2484
2485,31245.01, 60 months,19.52%,D,D5,109428.35,2.47,OTHER,IL,credit_card,Current,0,3,NA,87.44%,29,18,Verified,Sep-12,100002484,100002484,100002484,900002484,DL502484,DL502484,MEMBER-2485,Software Engineer,Debt consolidation loan,Borrower-written description of the loan purpose.,116,https://example.com/loan/2485
2486,12155.29, 60 months,12.83%,G,G5,163275.43,17.9,OTHER,GA,vacation,Fully Paid,3,1,0,52.09%,9,20,Not Verified,Jun-08,100002485,100002485,100002485,900002485,DL502485,DL502485,MEMBER-2486,Software Engineer,Debt consolidation loan,Borrower-written description of the loan purpose.,774,https://example.com/loan/2486
2487,23616.5, 60 months,8.22%,C,C1,165270.59,15.17,NONE,FL,vacation,Fully Paid,1,1,1,69.29%,11,57,Source Verified,Mar-10,100002486,100002486,100002486,900002486,DL502486,DL502486,MEMBER-2487,Driver,Debt consolidation loan,Borrower-written description of the loan purpose.,992,https://example.com/loan/2487
2488,3810.75, 36 months,24.08%,C,C2,134637.46,19.65,OTHER,PA,other,Fully Paid,1,0,0,26.58%,14,47,Source Verified,Nov-08,100002487,100002487,100002487,900002487,DL502487,DL502487,MEMBER-2488,Nurse,Debt consolidation loan,Borrower-written description of the loan purpose.,928,https://example.com/loan/2488
2489,28288.16, 36 months,19.21%,E,E1,153843.89,14.34,NONE,IL,vacation,Fully Paid,3,1,2,79.99%,7,53,Source Verified,May-15,100002488,100002488,100002488,900002488,DL502488,DL502488,MEMBER-2489,Retail Associate,Debt consolidation loan,Borrower-written description of the loan purpose.,165,https://example.com/loan/2489
2490,9357.16, 36 months,16.43%,C,C5,70913.39,15.76,OWN,IL,small_business,Fully Paid,3,3,0,81.89%,26,47,Source Verified,Nov-14,100002489,100002489,100002489,900002489,DL502489,DL502489,MEMBER-2490,Nurse,Debt consolidation loan,Borrower-written description of the loan purpose.,604,https://example.com/loan/2490
2491,17685.08, 36 months,13.13%,C,C4,190882.6,20.65,OWN,OH,car,Fully Paid,1,3,2,30.81%,23,11,Verified,Nov-15,100002490,100002490,100002490,900002490,DL502490,DL502490,MEMBER-2491,Retail Associate,Debt consolidation loan,Borrower-written description of the loan purpose.,452,https://example.com/loan/2491
2492,11013.84, 60 months,18.98%,F,F5,104049.04,5.56,OWN,FL,home_improvement,Fully Paid,4,1,NA,45.16%,19,28,Not Verified,Oct-15,100002491,100002491,100002491,900002491,DL502491,DL502491,MEMBER-2492,Retail Associate,Debt consolidation loan,Borrower-written description of the loan purpose.,941,https://example.com/loan/2492
2493,28684.16, 60 months,10.6%,E,E4,176395.41,24.33,MORTGAGE,IL,credit_card,Current,4,3,2,27.06%,13,14,Not Verified,Feb-18,100002492,100002492,100002492,900002492,DL502492,DL502492,MEMBER-2493,Nurse,Debt consolidation loan,Borrower-written description of the loan purpose.,322,https://example.com/loan/2493
2494,14128.67, 36 months,22.3%,F,F4,139053.56,12.14,MORTGAGE,OH,wedding,Fully Paid,2,1,1,32.97%,20,28,Source Verified,Apr-16,100002493,100002493,100002493,900002493,DL502493,DL502493,MEMBER-2494,Nurse,Debt consolidation loan,Borrower-written description of the loan purpose.,614,https://example.com/loan/2494
2495,16488.88, 36 months,18.77%,B,B4,21377.86,9.3,NONE,TX,medical,Current,4,2,2,3.67%,7,26,Source Verified,Jun-08,100002494,100002494,100002494,900002494,DL502494,DL502494,MEMBER-2495,Driver,Debt consolidation loan,Borrower-written description of the loan purpose.,733,https://example.com/loan/2495
2496,643.12, 60 months,7.07%,D,D3,114141.94,24.25,MORTGAGE,FL,renewable_energy,Fully Paid,3,1,NA,67.6%,1,22,Verified,Jul-16,100002495,100002495,100002495,900002495,DL502495,DL502495,MEMBER-2496,Software Engineer,Debt consolidation loan,Borrower-written description of the loan purpose.,362,https://example.com/loan/2496
2497,11791.42, 60 months,6.33%,A,A2,61099.32,17.65,MORTGAGE,PA,major_purchase,Current,3,1,0,31.47%,12,9,Source Verified,Apr-14,100002496,100002496,100002496,900002496,DL502496,DL502496,MEMBER-2497,Driver,Debt consolidation loan,Borrower-written description of the loan purpose.,625,https://example.com/loan/2497
2498,31824.36, 60 months,18.97%,D,D2,156823.39,13.48,OTHER,NY,house,Fully Paid,4,2,1,40.95%,15,52,Source Verified,Mar-13,100002497,100002497,100002497,900002497,DL502497,DL502497,MEMBER-2498,Software Engineer,Debt consolidation loan,Borrower-written description of the loan purpose.,266,https://example.com/loan/2498
2499,33088.99, 36 months,21.8%,A,A4,50687.68,18.28,OWN,OH,house,Current,0,2,NA,86.38%,30,30,Verified,Apr-18,100002498,100002498,100002498,900002498,DL502498,DL502498,MEMBER-2499,Retail Associate,Debt consolidation loan,Borrower-written description of the loan purpose.,432,https://example.com/loan/2499
2500,16312.62, 36 months,23.42%,C,C3,101508.03,29.4,RENT,TX,moving,Fully Paid,1,0,0,43.73%,29,28,Source Verified,Oct-17,100002499,100002499,100002499,900002499,DL502499,DL502499,MEMBER-2500,Retail Associate,Debt consolidation loan,Borrower-written description of the loan purpose.,769,https://example.com/loan/2500
2501,34851.24, 36 months,15.16%,C,C4,100257.48,22.65,MORTGAGE,FL,house,Fully Paid,3,2,2,25.47%,13,45,Not Verified,Nov-16,100002500,100002500,100002500,900002500,DL502500,DL502500,MEMBER-2501,Nurse,Debt consolidation loan,Borrower-written description of the loan purpose.,651,https://example.com/loan/2501
2502,18731.56, 36 months,22.14%,E,E3,135010.97,8.77,NONE,MI,moving,Fully Paid,2,2,NA,6.93%,5,43,Verified,May-08,100002501,100002501,100002501,900002501,DL502501,DL502501,MEMBER-2502,Driver,Debt consolidation loan,Borrower-written description of the loan purpose.,876,https://example.com/loan/2502
2503,12471.38, 36 months,17.66%,A,A4,176320.48,6.1,OTHER,GA,educational,Current,0,1,0,76.46%,5,51,Verified,Nov-09,100002502,100002502,100002502,900002502,DL502502,DL502502,MEMBER-2503,Software Engineer,Debt consolidation loan,Borrower-written description of the loan purpose.,639,https://example.com/loan/2503
2504,11775.19, 60 months,22.15%,F,F2,181145.21,17.68,NONE,OH,small_business,Current,4,0,1,61.22%,17,10,Verified,Mar-11,100002503,100002503,100002503,900002503,DL502503,DL502503,MEMBER-2504,Driver,Debt consolidation loan,Borrower-written description of the loan purpose.,580,https://example.com/loan/2504
2505,14594.89, 36 months,7.38%,D,D2,121915.53,8.25,MORTGAGE,NC,other,Fully Paid,0,3,NA,71.79%,10,26,Verified,Nov-17,100002504,100002504,100002504,900002504,DL502504,DL502504,MEMBER-2505,Software Engineer,Debt consolidation loan,Borrower-written description of the loan purpose.,827,https://example.com/loan/2505
2506,1430.88, 36 months,16.11%,G,G5,155496.89,19.82,NONE,NY,home_improvement,Current,2,1,1,77.37%,19,28,Verified,Apr-09,100002505,100002505,100002505,900002505,DL502505,DL502505,MEMBER-2506,Driver,Debt consolidation loan,Borrower-written description of the loan purpose.,991,https://example.com/loan/2506
2507,29421.91, 60 months,18.97%,C,C1,45979.96,22.19,MORTGAGE,TX,educational,Charged Off,0,2,2,86.41%,6,10,Not Verified,Apr-15,100002506,100002506,100002506,900002506,DL502506,DL502506,MEMBER-2507,Nurse,Debt consolidation loan,Borrower-written description of the loan purpose.,776,https://example.com/loan/2507
2508,6900.49, 60 months,20.32%,E,E5,178928.88,20.91,OWN,NY,house,Fully Paid,4,1,1,44.3%,22,55,Not Verified,Jul-17,100002507,100002507,100002507,900002507,DL502507,DL502507,MEMBER-2508,Nurse,Debt consolidation loan,Borrower-written description of the loan purpose.,454,https://example.com/loan/2508
2509,29867.92, 60 months,13.95%,F,F5,151743.61,1.9,OTHER,TX,vacation,Current,2,3,1,52.47%,23,35,Verified,Apr-13,100002508,100002508,100002508,900002508,DL502508,DL502508,MEMBER-2509,Software Engineer,Debt consolidation loan,Borrower-written description of the loan purpose.,159,https://example.com/loan/2509
2510,7520.81, 60 months,19.91%,G,G5,121035.59,13.44,NONE,PA,credit_card,Fully Paid,2,1,1,6.85%,23,21,Verified,Jan-13,100002509,100002509,100002509,900002509,DL502509,DL502509,MEMBER-2510,Software Engineer,Debt consolidation loan,Borrower-written description of the loan purpose.,108,https://example.com/loan/2510
2511,9928.04, 36 months,11.79%,E,E2,60703.38,12.3,MORTGAGE,NY,other,Current,1,0,2,25.72%,21,57,Not Verified,Feb-18,100002510,100002510,100002510,900002510,DL502510,DL502510,MEMBER-2511,Nurse,Debt consolidation loan,Borrower-written description of the loan purpose.,153,https://example.com/loan/2511
2512,914.26, 36 months,14.15%,E,E5,90738.0,27.94,NONE,PA,educational,Fully Paid,3,0,0,6.8%,19,30,Not Verified,Aug-08,100002511,100002511,100002511,900002511,DL502511,DL502511,MEMBER-2512,Retail Associate,Debt consolidation loan,Borrower-written description of the loan purpose.,742,https://example.com/loan/2512
2513,3484.52, 36 months,10.62%,F,F5,180130.07,25.54,MORTGAGE,NC,vacation,Current,2,0,2,86.07%,23,14,Source Verified,Jul-13,100002512,100002512,100002512,900002512,DL502512,DL502512,MEMBER-2513,Driver,Debt consolidation loan,Borrower-written description of the loan purpose.,951,https://example.com/loan/2513
2514,6758.94, 36 months,23.56%,G,G3,151399.99,9.71,MORTGAGE,IL,car,Current,2,2,0,71.32%,9,20,Source Verified,Aug-16,100002513,100002513,100002513,900002513,DL502513,DL502513,MEMBER-2514,Driver,Debt consolidation loan,Borrower-written description of the loan purpose.,155,https://example.com/loan/2514
2515,2031.94, 36 months,15.4%,D,D3,157551.67,13.88,MORTGAGE,FL,house,Current,0,2,1,19.3%,8,20,Verified,Dec-10,100002514,100002514,100002514,900002514,DL502514,DL502514,MEMBER-2515,Retail Associate,Debt consolidation loan,Borrower-written description of the loan purpose.,251,https://example.com/loan/2515
2516,21294.6, 36 months,8.32%,G,G5,80474.26,1.4,OTHER,IL,vacation,Current,2,0,NA,6.56%,24,11,Not Verified,Sep-16,100002515,100002515,100002515,900002515,DL502515,DL502515,MEMBER-2516,Driver,Debt consolidation loan,Borrower-written description of the loan purpose.,286,https://example.com/loan/2516
2517,31524.02, 60 months,23.92%,G,G2,75399.88,22.71,OTHER,IL,vacation,Fully Paid,1,0,NA,95.2%,23,47,Source Verified,Oct-15,100002516,100002516,100002516,900002516,DL502516,DL502516,MEMBER-2517,Driver,Debt consolidation loan,Borrower-written description of the loan purpose.,516,https://example.com/loan/2517
2518,27209.04, 36 months,9.53%,B,B4,80142.87,24.69,MORTGAGE,MI,car,Fully Paid,4,3,2,55.42%,14,28,Verified,Jan-18,100002517,100002517,100002517,900002517,DL502517,DL502517,MEMBER-2518,Retail Associate,Debt consolidation loan,Borrower-written description of the loan purpose.,827,https://example.com/loan/2518
2519,2914.88, 36 months,23.75%,B,B5,90213.96,5.46,OWN,FL,small_business,Fully Paid,4,1,0,4.92%,15,48,Verified,Aug-17,100002518,100002518,100002518,900002518,DL502518,DL502518,MEMBER-2519,Driver,Debt consolidation loan,Borrower-written description of the loan purpose.,412,https://example.com/loan/2519
2520,33602.55, 60 months,13.37%,D,D2,63520.91,19.51,NONE,OH,renewable_energy,Current,0,0,2,65.12%,18,39,Source Verified,Feb-18,100002519,100002519,100002519,900002519,DL502519,DL502519,MEMBER-2520,Retail Associate,Debt consolidation loan,Borrower-written description of the loan purpose.,379,https://example.com/loan/2520
2521,10117.24, 36 months,9.14%,C,C1,163610.5,9.75,NONE,NY,renewable_energy,Fully Paid,4,1,2,11.54%,6,46,Verified,Nov-15,100002520,100002520,100002520,900002520,DL502520,DL502520,MEMBER-2521,Nurse,Debt consolidation loan,Borrower-written description of the loan purpose.,959,https://example.com/loan/2521
2522,3363.69, 60 months,7.2%,G,G1,51508.82,1.68,OTHER,GA,wedding,Fully Paid,4,3,2,94.3%,15,18,Source Verified,Jan-14,100002521,100002521,100002521,900002521,DL502521,DL502521,MEMBER-2522,Driver,Debt consolidation loan,Borrower-written description of the loan purpose.,501,https://example.com/loan/2522
2523,1637.69, 60 months,23.04%,B,B1,188051.65,3.64,MORTGAGE,NC,moving,Fully Paid,3,2,2,97.87%,18,17,Not Verified,Jan-10,100002522,100002522,100002522,900002522,DL502522,DL502522,MEMBER-2523,Retail Associate,Debt consolidation loan,Borrower-written description of the loan purpose.,493,https://example.com/loan/2523
2524,27032.87, 36 months,16.49%,F,F1,97530.33,27.9,NONE,CA,small_business,Current,4,0,NA,79.79%,11,24,Source Verified,May-08,100002523,100002523,100002523,900002523,DL502523,DL502523,MEMBER-2524,Retail Associate,Debt consolidation loan,Borrower-written description of the loan purpose.,552,https://example.com/loan/2524
2525,9372.54, 60 months,20.83%,E,E3,26335.08,24.97,NONE,FL,wedding,Fully Paid,3,1,1,86.99%,9,52,Not Verified,Oct-18,100002524,100002524,100002524,900002524,DL502524,DL502524,MEMBER-2525,Retail Associate,Debt consolidation loan,Borrower-written description of the loan purpose.,630,https://example.com/loan/2525
2526,11580.8, 36 months,10.82%,F,F3,71062.41,11.45,OTHER,IL,credit_card,Fully Paid,0,0,2,96.12%,11,22,Source Verified,Jul-18,100002525,100002525,100002525,900002525,DL502525,DL502525,MEMBER-2526,Software Engineer,Debt consolidation loan,Borrower-written description of the loan purpose.,347,https://example.com/loan/2526
2527,16107.67, 36 months,11.78%,A,A1,83464.59,13.66,MORTGAGE,TX,debt_consolidation,Fully Paid,1,3,1,29.11%,18,33,Verified,Nov-10,100002526,100002526,100002526,900002526,DL502526,DL502526,MEMBER-2527,Nurse,Debt consolidation loan,Borrower-written description of the loan purpose.,178,https://example.com/loan/2527
2528,33570.38, 60 months,17.97%,G,G5,132732.07,24.27,OWN,FL,home_improvement,Current,2,1,2,39.74%,11,35,Source Verified,May-11,100002527,100002527,100002527,900002527,DL502527,DL502527,MEMBER-2528,Driver,Debt consolidation loan,Borrower-written description of the loan purpose.,371,https://example.com/loan/2528
2529,2661.57, 60 months,5.89%,F,F1,191952.99,10.0,MORTGAGE,IL,home_improvement,Fully Paid,2,0,NA,34.12%,13,3,Verified,Feb-16,100002528,100002528,100002528,900002528,DL502528,DL502528,MEMBER-2529,Retail Associate,Debt consolidation loan,Borrower-written description of the loan purpose.,759,https://example.com/loan/2529
2530,23932.35, 60 months,17.36%,F,F4,130207.79,15.85,OWN,TX,vacation,Charged Off,0,2,NA,2.3%,19,11,Not Verified,Jan-09,100002529,100002529,100002529,900002529,DL502529,DL502529,MEMBER-2530,Nurse,Debt consolidation loan,Borrower-written description of the loan purpose.,429,https://example.com/loan/2530
2531,17424.37, 36 months,15.52%,B,B1,28306.99,27.19,OTHER,IL,wedding,Fully Paid,1,0,1,86.8%,15,44,Verified,Dec-11,100002530,100002530,100002530,900002530,DL502530,DL502530,MEMBER-2531,Software Engineer,Debt consolidation loan,Borrower-written description of the loan purpose.,334,https://example.com/loan/2531
2532,6612.84, 60 months,20.15%,A,A5,130151.41,12.17,OTHER,FL,wedding,Charged Off,0,3,2,28.97%,24,57,Source Verified,Jan-11,100002531,100002531,100002531,900002531,DL502531,DL502531,MEMBER-2532,Nurse,Debt consolidation loan,Borrower-written description of the loan purpose.,808,https://example.com/loan/2532
2533,13747.85, 60 months,14.59%,G,G2,182513.7,9.39,RENT,PA,small_business,Current,2,3,1,31.03%,24,40,Source Verified,Jun-13,100002532,100002532,100002532,900002532,DL502532,DL502532,MEMBER-2533,Retail Associate,Debt consolidation loan,Borrower-written description of the loan purpose.,394,https://example.com/loan/2533
2534,6063.77, 60 months,13.14%,E,E2,103135.41,29.81,MORTGAGE,NC,medical,Fully Paid,0,2,1,92.83%,3,9,Verified,Oct-09,100002533,100002533,100002533,900002533,DL502533,DL502533,MEMBER-2534,Retail Associate,Debt consolidation loan,Borrower-written description of the loan purpose.,222,https://example.com/loan/2534
2535,25676.18, 60 months,18.57%,D,D4,80063.09,0.4,OTHER,NC,renewable_energy,Charged Off,4,1,0,32.6%,22,33,Not Verified,May-09,100002534,100002534,100002534,900002534,DL502534,DL502534,MEMBER-2535,Software Engineer,Debt consolidation loan,Borrower-written description of the loan purpose.,223,https://example.com/loan/2535
2536,27457.3, 36 months,13.13%,C,C1,81727.93,0.73,OTHER,FL,house,Fully Paid,2,0,0,89.13%,22,36,Verified,Mar-18,100002535,100002535,100002535,900002535,DL502535,DL502535,MEMBER-2536,Driver,Debt consolidation loan,Borrower-written description of the loan purpose.,506,https://example.com/loan/2536
2537,21203.97, 36 months,20.01%,G,G5,48456.49,5.25,NONE,CA,home_improvement,Charged Off,0,0,1,62.01%,9,24,Not Verified,Apr-11,100002536,100002536,100002536,900002536,DL502536,DL502536,MEMBER-2537,Driver,Debt consolidation loan,Borrower-written description of the loan purpose.,110,https://example.com/loan/2537
2538,30058.83, 36 months,20.93%,B,B1,88054.79,1.54,OWN,CA,small_business,Current,0,3,NA,57.45%,2,21,Not Verified,Dec-11,100002537,100002537,100002537,900002537,DL502537,DL502537,MEMBER-2538,Driver,Debt consolidation loan,Borrower-written description of the loan purpose.,618,https://example.com/loan/2538
2539,743.13, 60 months,6.53%,A,A5,184049.71,23.58,MORTGAGE,TX,educational,Current,0,2,2,85.75%,24,52,Not Verified,Oct-08,100002538,100002538,100002538,900002538,DL502538,DL502538,MEMBER-2539,Software Engineer,Debt consolidation loan,Borrower-written description of the loan purpose.,612,https://example.com/loan/2539
2540,13414.57, 60 months,12.38%,A,A5,176859.64,6.07,OWN,NY,credit_card,Current,1,0,0,93.5%,16,6,Not Verified,Nov-15,100002539,100002539,100002539,900002539,DL502539,DL502539,MEMBER-2540,Nurse,Debt consolidation loan,Borrower-written description of the loan purpose.,921,https://example.com/loan/2540
2541,6946.38, 60 months,9.96%,D,D1,184063.65,5.67,RENT,NC,major_purchase,Fully Paid,0,3,2,70.65%,12,38,Source Verified,Feb-08,100002540,100002540,100002540,900002540,DL502540,DL502540,MEMBER-2541,Software Engineer,Debt consolidation loan,Borrower-written description of the loan purpose.,373,https://example.com/loan/2541
2542,14367.88, 60 months,16.41%,C,C4,132634.52,22.22,OTHER,TX,small_business,Current,0,0,1,99.58%,20,58,Verified,Feb-16,100002541,100002541,100002541,900002541,DL502541,DL502541,MEMBER-2542,Driver,Debt consolidation loan,Borrower-written description of the loan purpose.,144,https://example.com/loan/2542
2543,9380.98, 60 months,11.32%,B,B3,130496.41,15.14,NONE,MI,vacation,Fully Paid,4,2,NA,48.18%,15,28,Not Verified,May-14,100002542,100002542,100002542,900002542,DL502542,DL502542,MEMBER-2543,Nurse,Debt consolidation loan,Borrower-written description of the loan purpose.,763,https://example.com/loan/2543
2544,27092.33, 60 months,19.56%,B,B3,82535.36,10.2,RENT,TX,vacation,Fully Paid,3,3,2,28.54%,30,34,Verified,Oct-11,100002543,100002543,100002543,900002543,DL502543,DL502543,MEMBER-2544,Retail Associate,Debt consolidation loan,Borrower-written description of the loan purpose.,437,https://example.com/loan/2544
2545,18970.03, 36 months,12.25%,C,C5,33291.05,16.19,OWN,MI,major_purchase,Fully Paid,1,1,0,62.45%,15,36,Verified,May-08,100002544,100002544,100002544,900002544,DL502544,DL502544,MEMBER-2545,Driver,Debt consolidation loan,Borrower-written description of the loan purpose.,807,https://example.com/loan/2545
2546,18282.46, 36 months,23.95%,D,D5,34611.19,8.72,NONE,TX,moving,Fully Paid,2,1,NA,60.01%,16,34,Verified,Apr-08,100002545,100002545,100002545,900002545,DL502545,DL502545,MEMBER-2546,Software Engineer,Debt consolidation loan,Borrower-written description of the loan purpose.,866,https://example.com/loan/2546
2547,12458.37, 36 months,11.2%,G,G3,190125.63,2.69,OTHER,PA,home_improvement,Fully Paid,1,2,2,1.3%,23,23,Source Verified,Sep-11,100002546,100002546,100002546,900002546,DL502546,DL502546,MEMBER-2547,Nurse,Debt consolidation loan,Borrower-written description of the loan purpose.,903,https://example.com/loan/2547
2548,23785.56, 36 months,24.0%,F,F5,180368.99,10.67,MORTGAGE,CA,other,Charged Off,4,0,1,67.09%,30,4,Verified,Jun-16,100002547,100002547,100002547,900002547,DL502547,DL502547,MEMBER-2548,Software Engineer,Debt consolidation loan,Borrower-written description of the loan purpose.,401,https://example.com/loan/2548
2549,26024.7, 36 months,22.81%,F,F2,57104.64,6.94,OTHER,PA,home_improvement,Fully Paid,0,1,2,45.64%,5,17,Source Verified,Mar-15,100002548,100002548,100002548,900002548,DL502548,DL502548,MEMBER-2549,Software Engineer,Debt consolidation loan,Borrower-written description of the loan purpose.,415,https://example.com/loan/2549
2550,24935.02, 60 months,13.33%,A,A5,156247.34,11.65,OTHER,FL,vacation,Fully Paid,2,2,NA,40.94%,16,42,Verified,Nov-18,100002549,100002549,100002549,900002549,DL502549,DL502549,MEMBER-2550,Driver,Debt consolidation loan,Borrower-written description of the loan purpose.,312,https://example.com/loan/2550
2551,13105.78, 60 months,7.95%,A,A1,56174.35,21.54,MORTGAGE,TX,credit_card,Charged Off,1,1,1,95.71%,18,57,Source Verified,Jul-09,100002550,100002550,100002550,900002550,DL502550,DL502550,MEMBER-2551,Retail Associate,Debt consolidation loan,Borrower-written description of the loan purpose.,626,https://example.com/loan/2551
2552,11053.51, 60 months,12.8%,C,C2,171191.88,5.25,OTHER,OH,wedding,Fully Paid,1,3,2,2.83%,15,53,Source Verified,Sep-13,100002551,100002551,100002551,900002551,DL502551,DL502551,MEMBER-2552,Nurse,Debt consolidation loan,Borrower-written description of the loan purpose.,103,https://example.com/loan/2552
2553,26912.07, 36 months,7.14%,C,C5,175084.38,13.52,RENT,FL,home_improvement,Fully Paid,0,1,NA,42.07%,4,27,Not Verified,Nov-17,100002552,100002552,100002552,900002552,DL502552,DL502552,MEMBER-2553,Nurse,Debt consolidation loan,Borrower-written description of the loan purpose.,827,https://example.com/loan/2553
2554,4591.65, 36 months,21.39%,D,D1,125508.76,13.37,OWN,FL,educational,Current,0,3,NA,58.5%,10,40,Verified,May-18,100002553,100002553,100002553,900002553,DL502553,DL502553,MEMBER-2554,Nurse,Debt consolidation loan,Borrower-written description of the loan purpose.,938,https://example.com/loan/2554
2555,30155.64, 60 months,7.72%,D,D5,126501.28,19.05,OWN,NY,major_purchase,Current,3,0,2,75.07%,26,42,Source Verified,Feb-15,100002554,100002554,100002554,900002554,DL502554,DL502554,MEMBER-2555,Nurse,Debt consolidation loan,Borrower-written description of the loan purpose.,191,https://example.com/loan/2555
2556,27458.72, 36 months,6.97%,F,F5,25560.97,4.63,RENT,MI,credit_card,Fully Paid,0,3,0,42.41%,29,54,Source Verified,Oct-09,100002555,100002555,100002555,900002555,DL502555,DL502555,MEMBER-2556,Driver,Debt consolidation loan,Borrower-written description of the loan purpose.,421,https://example.com/loan/2556
2557,10795.34, 36 months,19.77%,F,F4,21430.51,12.53,MORTGAGE,GA,home_improvement,Fully Paid,0,2,1,61.87%,3,23,Not Verified,Jun-14,100002556,100002556,100002556,900002556,DL502556,DL502556,MEMBER-2557,Nurse,Debt consolidation loan,Borrower-written description of the loan purpose.,454,https://example.com/loan/2557
2558,24659.8, 60 months,15.73%,C,C1,184512.75,27.36,NONE,NC,vacation,Fully Paid,2,0,1,50.17%,23,7,Verified,Feb-13,100002557,100002557,100002557,900002557,DL502557,DL502557,MEMBER-2558,Nurse,Debt consolidation loan,Borrower-written description of the loan purpose.,449,https://example.com/loan/2558
2559,30069.92, 36 months,14.35%,D,D1,198415.71,6.11,RENT,OH,house,Fully Paid,1,3,2,1.86%,15,51,Verified,Aug-13,100002558,100002558,100002558,900002558,DL502558,DL502558,MEMBER-2559,Software Engineer,Debt consolidation loan,Borrower-written description of the loan purpose.,891,https://example.com/loan/2559
2560,6025.7, 36 months,15.91%,B,B3,99384.21,1.59,MORTGAGE,IL,moving,Current,4,2,0,31.73%,7,19,Not Verified,Jan-16,100002559,100002559,100002559,900002559,DL502559,DL502559,MEMBER-2560,Nurse,Debt consolidation loan,Borrower-written description of the loan purpose.,562,https://example.com/loan/2560
2561,31996.98, 60 months,23.41%,F,F1,134601.47,26.26,NONE,TX,moving,Current,1,0,0,98.2%,15,53,Verified,Jan-08,100002560,100002560,100002560,900002560,DL502560,DL502560,MEMBER-2561,Software Engineer,Debt consolidation loan,Borrower-written description of the loan purpose.,165,https://example.com/loan/2561
2562,29963.64, 60 months,5.77%,A,A3,129862.21,28.91,OWN,NY,home_improvement,Charged Off,3,1,0,37.77%,25,4,Verified,Feb-15,100002561,100002561,100002561,900002561,DL502561,DL502561,MEMBER-2562,Retail Associate,Debt consolidation loan,Borrower-written description of the loan purpose.,905,https://example.com/loan/2562
2563,9218.0, 60 months,19.08%,C,C2,148356.7,4.57,OWN,TX,moving,Fully Paid,0,1,0,26.43%,3,26,Verified,Nov-10,100002562,100002562,100002562,900002562,DL502562,DL502562,MEMBER-2563,Retail Associate,Debt consolidation loan,Borrower-written description of the loan purpose.,266,https://example.com/loan/2563
2564,7532.01, 60 months,12.31%,A,A4,107288.34,8.96,OWN,IL,credit_card,Charged Off,3,2,2,41.78%,6,45,Not Verified,May-08,100002563,100002563,100002563,900002563,DL502563,DL502563,MEMBER-2564,Nurse,Debt consolidation loan,Borrower-written description of the loan purpose.,999,https://example.com/loan/2564
2565,15205.13, 60 months,20.9%,F,F2,80613.95,0.81,OTHER,OH,other,Charged Off,4,0,1,55.91%,26,19,Not Verified,Mar-18,100002564,100002564,100002564,900002564,DL502564,DL502564,MEMBER-2565,Nurse,Debt consolidation loan,Borrower-written description of the loan purpose.,611,https://example.com/loan/2565
2566,2674.03, 60 months,6.62%,G,G2,84399.96,21.47,OWN,NY,credit_card,Current,1,3,0,3.98%,15,57,Verified,Oct-12,100002565,100002565,100002565,900002565,DL502565,DL502565,MEMBER-2566,Driver,Debt consolidation loan,Borrower-written description of the loan purpose.,279,https://example.com/loan/2566
2567,29914.53, 36 months,8.35%,F,F4,70463.26,25.07,MORTGAGE,PA,vacation,Current,3,3,2,44.8%,1,39,Not Verified,Mar-13,100002566,100002566,100002566,900002566,DL502566,DL502566,MEMBER-2567,Retail Associate,Debt consolidation loan,Borrower-written description of the loan purpose.,553,https://example.com/loan/2567
2568,24164.07, 36 months,13.66%,E,E5,94383.67,23.92,OWN,IL,house,Current,0,1,1,88.71%,13,15,Source Verified,Dec-13,100002567,100002567,100002567,900002567,DL502567,DL502567,MEMBER-2568,Nurse,Debt consolidation loan,Borrower-written description of the loan purpose.,843,https://example.com/loan/2568
2569,8741.23, 36 months,18.71%,E,E5,71549.19,4.98,OWN,TX,medical,Charged Off,4,3,NA,48.77%,26,10,Verified,Jan-15,100002568,100002568,100002568,900002568,DL502568,DL502568,MEMBER-2569,Retail Associate,Debt consolidation loan,Borrower-written description of the loan purpose.,809,https://example.com/loan/2569
2570,20282.99, 60 months,8.61%,B,B3,113027.29,6.1,OTHER,NY,educational,Fully Paid,3,0,NA,23.35%,9,34,Not Verified,Apr-18,100002569,100002569,100002569,900002569,DL502569,DL502569,MEMBER-2570,Retail Associate,Debt consolidation loan,Borrower-written description of the loan purpose.,844,https://example.com/loan/2570
2571,14017.89, 60 months,9.77%,A,A4,122089.35,19.14,OTHER,GA,wedding,Current,1,0,0,65.96%,3,48,Not Verified,Jan-14,100002570,100002570,100002570,900002570,DL502570,DL502570,MEMBER-2571,Nurse,Debt consolidation loan,Borrower-written description of the loan purpose.,460,https://example.com/loan/2571
2572,30559.68, 60 months,17.88%,B,B5,162080.69,29.41,NONE,FL,home_improvement,Current,1,0,NA,45.37%,15,39,Source Verified,Jan-15,100002571,100002571,100002571,900002571,DL502571,DL502571,MEMBER-2572,Nurse,Debt consolidation loan,Borrower-written description of the loan purpose.,185,https://example.com/loan/2572
2573,19576.67, 60 months,11.6%,E,E3,166366.97,12.31,RENT,IL,moving,Charged Off,4,0,NA,40.56%,17,41,Not Verified,Jun-15,100002572,100002572,100002572,900002572,DL502572,DL502572,MEMBER-2573,Nurse,Debt consolidation loan,Borrower-written description of the loan purpose.,999,https://example.com/loan/2573
2574,10085.33, 60 months,24.34%,C,C4,71973.41,4.58,NONE,CA,major_purchase,Fully Paid,0,2,0,57.38%,16,21,Verified,Jan-10,100002573,100002573,100002573,900002573,DL502573,DL502573,MEMBER-2574,Software Engineer,Debt consolidation loan,Borrower-written description of the loan purpose.,252,https://example.com/loan/2574
2575,28660.82, 36 months,8.66%,A,A3,193131.78,4.53,MORTGAGE,FL,wedding,Current,1,0,NA,52.54%,5,52,Verified,Aug-13,100002574,100002574,100002574,900002574,DL502574,DL502574,MEMBER-2575,Retail Associate,Debt consolidation loan,Borrower-written description of the loan purpose.,805,https://example.com/loan/2575
2576,26786.7, 60 months,18.57%,B,B2,65784.49,2.78,OTHER,MI,wedding,Charged Off,3,1,1,28.24%,14,5,Not Verified,Sep-14,100002575,100002575,100002575,900002575,DL502575,DL502575,MEMBER-2576,Driver,Debt consolidation loan,Borrower-written description of the loan purpose.,843,https://example.com/loan/2576
2577,20637.77, 60 months,22.58%,C,C2,158584.29,22.32,OWN,NY,major_purchase,Charged Off,2,0,1,20.92%,29,57,Not Verified,Nov-16,100002576,100002576,100002576,900002576,DL502576,DL502576,MEMBER-2577,Nurse,Debt consolidation loan,Borrower-written description of the loan purpose.,995,https://example.com/loan/2577
2578,572.98, 36 months,9.33%,A,A3,41189.97,5.49,RENT,TX,wedding,Current,3,0,NA,32.36%,21,41,Not Verified,Jul-15,100002577,100002577,100002577,900002577,DL502577,DL502577,MEMBER-2578,Nurse,Debt consolidation loan,Borrower-written description of the loan purpose.,207,https://example.com/loan/2578
2579,4932.29, 60 months,12.41%,E,E3,156039.59,3.41,OWN,TX,wedding,Current,0,3,NA,33.3%,23,7,Not Verified,Nov-10,100002578,100002578,100002578,900002578,DL502578,DL502578,MEMBER-2579,Retail Associate,Debt consolidation loan,Borrower-written description of the loan purpose.,726,https://example.com/loan/2579
2580,24605.42, 36 months,7.26%,F,F1,47014.26,5.22,OWN,OH,car,Charged Off,2,3,2,0.91%,6,30,Verified,Aug-12,100002579,100002579,100002579,900002579,DL502579,DL502579,MEMBER-2580,Driver,Debt consolidation loan,Borrower-written description of the loan purpose.,788,https://example.com/loan/2580
2581,34097.34, 60 months,12.65%,B,B4,140969.33,19.22,NONE,GA,renewable_energy,Current,4,2,2,24.19%,23,6,Not Verified,Apr-08,100002580,100002580,100002580,900002580,DL502580,DL502580,MEMBER-2581,Software Engineer,Debt consolidation loan,Borrower-written description of the loan purpose.,981,https://example.com/loan/2581
2582,20577.66, 36 months,14.45%,G,G5,177242.39,13.58,RENT,CA,educational,Fully Paid,0,1,2,69.11%,11,39,Verified,Jun-14,100002581,100002581,100002581,900002581,DL502581,DL502581,MEMBER-2582,Software Engineer,Debt consolidation loan,Borrower-written description of the loan purpose.,691,https://example.com/loan/2582
2583,30550.13, 60 months,11.27%,B,B4,173700.07,21.58,MORTGAGE,FL,house,Current,2,2,NA,88.55%,24,43,Not Verified,Oct-16,100002582,100002582,100002582,900002582,DL502582,DL502582,MEMBER-2583,Nurse,Debt consolidation loan,Borrower-written description of the loan purpose.,890,https://example.com/loan/2583
2584,7067.18, 60 months,7.9%,C,C1,159517.24,11.14,OWN,NY,car,Fully Paid,4,1,1,71.49%,30,38,Not Verified,Sep-10,100002583,100002583,100002583,900002583,DL502583,DL502583,MEMBER-2584,Retail Associate,Debt consolidation loan,Borrower-written description of the loan purpose.,130,https://example.com/loan/2584
2585,5779.45, 60 months,21.39%,C,C5,198897.63,5.11,OWN,MI,educational,Fully Paid,0,2,2,30.29%,12,41,Source Verified,Nov-13,100002584,100002584,100002584,900002584,DL502584,DL502584,MEMBER-2585,Software Engineer,Debt consolidation loan,Borrower-written description of the loan purpose.,985,https://example.com/loan/2585
2586,22920.32, 60 months,13.94%,G,G1,52753.07,25.68,OTHER,TX,car,Current,1,3,NA,77.64%,3,33,Verified,Jul-12,100002585,100002585,100002585,900002585,DL502585,DL502585,MEMBER-2586,Retail Associate,Debt consolidation loan,Borrower-written description of the loan purpose.,414,https://example.com/loan/2586
2587,23433.57, 36 months,14.07%,D,D2,153767.34,18.08,OTHER,NC,credit_card,Fully Paid,4,3,NA,85.69%,5,58,Not Verified,Sep-13,100002586,100002586,100002586,900002586,DL502586,DL502586,MEMBER-2587,Nurse,Debt consolidation loan,Borrower-written description of the loan purpose.,528,https://example.com/loan/2587
2588,11692.0, 36 months,7.55%,E,E2,35134.68,24.61,OWN,FL,small_business,Fully Paid,0,1,1,2.33%,2,31,Not Verified,May-11,100002587,100002587,100002587,900002587,DL502587,DL502587,MEMBER-2588,Software Engineer,Debt consolidation loan,Borrower-written description of the loan purpose.,152,https://example.com/loan/2588
2589,22329.18, 60 months,9.32%,B,B2,183080.46,17.17,MORTGAGE,FL,major_purchase,Charged Off,0,3,NA,16.14%,11,2,Verified,Mar-18,100002588,100002588,100002588,900002588,DL502588,DL502588,MEMBER-2589,Software Engineer,Debt consolidation loan,Borrower-written description of the loan purpose.,374,https://example.com/loan/2589
2590,16030.3, 60 months,7.29%,F,F1,91241.94,22.76,OTHER,FL,educational,Fully Paid,2,3,NA,54.27%,10,18,Not Verified,Feb-13,100002589,100002589,100002589,900002589,DL502589,DL502589,MEMBER-2590,Retail Associate,Debt consolidation loan,Borrower-written description of the loan purpose.,457,https://example.com/loan/2590
2591,20075.38, 60 months,6.16%,D,D2,153730.34,12.29,NONE,MI,moving,Current,0,1,2,24.26%,20,52,Source Verified,Apr-15,100002590,100002590,100002590,900002590,DL502590,DL502590,MEMBER-2591,Software Engineer,Debt consolidation loan,Borrower-written description of the loan purpose.,501,https://example.com/loan/2591
2592,29415.64, 36 months,13.48%,A,A4,70910.92,21.34,OWN,NC,vacation,Fully Paid,2,1,0,62.21%,19,12,Not Verified,Aug-10,100002591,100002591,100002591,900002591,DL502591,DL502591,MEMBER-2592,Nurse,Debt consolidation loan,Borrower-written description of the loan purpose.,167,https://example.com/loan/2592
2593,29209.47, 60 months,16.11%,D,D2,105264.23,23.98,NONE,NY,small_business,Fully Paid,4,3,NA,87.31%,15,12,Source Verified,Mar-18,100002592,100002592,100002592,900002592,DL502592,DL502592,MEMBER-2593,Retail Associate,Debt consolidation loan,Borrower-written description of the loan purpose.,329,https://example.com/loan/2593
2594,10876.11, 60 months,9.38%,D,D2,161402.68,1.99,OTHER,NY,house,Fully Paid,3,3,1,19.68%,18,38,Source Verified,Feb-12,100002593,100002593,100002593,900002593,DL502593,DL502593,MEMBER-2594,Retail Associate,Debt consolidation loan,Borrower-written description of the loan purpose.,613,https://example.com/loan/2594
2595,3393.9, 60 months,13.76%,A,A2,126095.8,8.61,RENT,FL,major_purchase,Current,4,3,0,29.08%,15,21,Not Verified,Feb-16,100002594,100002594,100002594,900002594,DL502594,DL502594,MEMBER-2595,Software Engineer,Debt consolidation loan,Borrower-written description of the loan purpose.,494,https://example.com/loan/2595
2596,11062.26, 60 months,15.07%,A,A1,160986.99,27.34,RENT,TX,car,Current,1,2,2,13.51%,16,60,Not Verified,Mar-18,100002595,100002595,100002595,900002595,DL502595,DL502595,MEMBER-2596,Software Engineer,Debt consolidation loan,Borrower-written description of the loan purpose.,137,https://example.com/loan/2596
2597,33731.21, 60 months,16.62%,A,A3,168904.71,3.13,MORTGAGE,MI,major_purchase,Fully Paid,2,0,NA,17.26%,21,58,Source Verified,Sep-16,100002596,100002596,100002596,900002596,DL502596,DL502596,MEMBER-2597,Software Engineer,Debt consolidation loan,Borrower-written description of the loan purpose.,157,https://example.com/loan/2597
2598,20738.03, 36 months,6.0%,F,F2,120284.72,13.15,OTHER,OH,small_business,Current,2,0,NA,29.75%,9,14,Verified,Sep-14,100002597,100002597,100002597,900002597,DL502597,DL502597,MEMBER-2598,Nurse,Debt consolidation loan,Borrower-written description of the loan purpose.,858,https://example.com/loan/2598
2599,8203.67, 60 months,24.42%,C,C4,171363.03,2.81,OTHER,OH,house,Charged Off,0,2,NA,21.15%,23,49,Source Verified,Apr-12,100002598,100002598,100002598,900002598,DL502598,DL502598,MEMBER-2599,Software Engineer,Debt consolidation loan,Borrower-written description of the loan purpose.,688,https://example.com/loan/2599
2600,19327.29, 60 months,12.1%,C,C2,120348.96,12.44,RENT,PA,renewable_energy,Current,0,0,0,5.78%,27,7,Verified,Nov-16,100002599,100002599,100002599,900002599,DL502599,DL502599,MEMBER-2600,Driver,Debt consolidation loan,Borrower-written description of the loan purpose.,668,https://example.com/loan/2600
2601,25466.97, 60 months,10.16%,B,B3,33118.66,14.82,RENT,FL,home_improvement,Fully Paid,4,0,NA,64.08%,12,40,Verified,Mar-11,100002600,100002600,100002600,900002600,DL502600,DL502600,MEMBER-2601,Driver,Debt consolidation loan,Borrower-written description of the loan purpose.,128,https://example.com/loan/2601
2602,33070.93, 60 months,15.28%,F,F5,184373.05,18.08,MORTGAGE,IL,car,Charged Off,0,2,1,59.4%,27,58,Verified,Nov-10,100002601,100002601,100002601,900002601,DL502601,DL502601,MEMBER-2602,Retail Associate,Debt consolidation loan,Borrower-written description of the loan purpose.,859,https://example.com/loan/2602
2603,2222.6, 60 months,22.0%,E,E1,124922.09,14.08,OWN,FL,renewable_energy,Fully Paid,1,1,NA,45.56%,17,42,Not Verified,Nov-13,100002602,100002602,100002602,900002602,DL502602,DL502602,MEMBER-2603,Retail Associate,Debt consolidation loan,Borrower-written description of the loan purpose.,744,https://example.com/loan/2603
2604,19779.95, 36 months,21.83%,B,B4,144685.8,5.21,NONE,GA,other,Fully Paid,2,1,2,30.98%,17,33,Source Verified,Nov-18,100002603,100002603,100002603,900002603,DL502603,DL502603,MEMBER-2604,Nurse,Debt consolidation loan,Borrower-written description of the loan purpose.,327,https://example.com/loan/2604
2605,14107.25, 36 months,14.85%,B,B5,181935.43,23.69,OWN,PA,vacation,Fully Paid,4,1,1,22.24%,15,13,Not Verified,Dec-08,100002604,100002604,100002604,900002604,DL502604,DL502604,MEMBER-2605,Driver,Debt consolidation loan,Borrower-written description of the loan purpose.,845,https://example.com/loan/2605
2606,2411.14, 36 months,9.8%,E,E5,81644.77,26.34,OWN,IL,home_improvement,Fully Paid,2,1,0,30.89%,8,36,Source Verified,Nov-18,100002605,100002605,100002605,900002605,DL502605,DL502605,MEMBER-2606,Nurse,Debt consolidation loan,Borrower-written description of the loan purpose.,967,https://example.com/loan/2606
2607,13606.96, 36 months,15.13%,B,B3,180704.01,0.34,MORTGAGE,FL,credit_card,Fully Paid,0,3,2,1.76%,28,35,Verified,Oct-09,100002606,100002606,100002606,900002606,DL502606,DL502606,MEMBER-2607,Retail Associate,Debt consolidation loan,Borrower-written description of the loan purpose.,447,https://example.com/loan/2607
2608,32262.26, 60 months,8.99%,A,A5,124811.41,8.86,NONE,CA,renewable_energy,Fully Paid,3,3,NA,92.67%,21,10,Not Verified,Apr-08,100002607,100002607,100002607,900002607,DL502607,DL502607,MEMBER-2608,Retail Associate,Debt consolidation loan,Borrower-written description of the loan purpose.,869,https://example.com/loan/2608
2609,17538.44, 36 months,19.48%,E,E4,22634.28,4.65,RENT,OH,major_purchase,Current,0,1,0,35.5%,21,47,Source Verified,Jul-17,100002608,100002608,100002608,900002608,DL502608,DL502608,MEMBER-2609,Nurse,Debt consolidation loan,Borrower-written description of the loan purpose.,825,https://example.com/loan/2609
2610,23659.72, 60 months,18.94%,A,A5,44618.55,27.03,MORTGAGE,CA,home_improvement,Fully Paid,0,3,1,83.61%,6,55,Verified,May-10,100002609,100002609,100002609,900002609,DL502609,DL502609,MEMBER-2610,Retail Associate,Debt consolidation loan,Borrower-written description of the loan purpose.,978,https://example.com/loan/2610
2611,16172.79, 36 months,10.77%,E,E1,124159.28,28.91,MORTGAGE,CA,other,Current,1,3,0,36.44%,25,2,Not Verified,Sep-12,100002610,100002610,100002610,900002610,DL502610,DL502610,MEMBER-2611,Nurse,Debt consolidation loan,Borrower-written description of the loan purpose.,782,https://example.com/loan/2611
2612,13860.28, 36 months,23.19%,G,G3,103459.75,13.23,RENT,NC,vacation,Charged Off,4,1,0,13.46%,2,8,Not Verified,Jan-11,100002611,100002611,100002611,900002611,DL502611,DL502611,MEMBER-2612,Retail Associate,Debt consolidation loan,Borrower-written description of the loan purpose.,120,https://example.com/loan/2612
2613,11632.61, 60 months,16.93%,D,D4,107724.1,5.04,NONE,CA,debt_consolidation,Fully Paid,2,3,0,65.88%,15,17,Verified,Jan-15,100002612,100002612,100002612,900002612,DL502612,DL502612,MEMBER-2613,Driver,Debt consolidation loan,Borrower-written description of the loan purpose.,994,https://example.com/loan/2613
2614,815.2, 60 months,16.12%,F,F2,88504.99,7.74,NONE,MI,moving,Charged Off,4,0,2,68.3%,11,8,Verified,Oct-08,100002613,100002613,100002613,900002613,DL502613,DL502613,MEMBER-2614,Driver,Debt consolidation loan,Borrower-written description of the loan purpose.,839,https://example.com/loan/2614
2615,27049.26, 60 months,15.33%,B,B1,175584.65,0.58,RENT,GA,house,Charged Off,0,3,1,50.07%,29,50,Source Verified,Dec-09,100002614,100002614,100002614,900002614,DL502614,DL502614,MEMBER-2615,Nurse,Debt consolidation loan,Borrower-written description of the loan purpose.,828,https://example.com/loan/2615
2616,3707.03, 36 months,13.53%,G,G2,29363.06,25.24,RENT,NC,educational,Charged Off,0,0,NA,93.82%,14,27,Source Verified,Aug-10,100002615,100002615,100002615,900002615,DL502615,DL502615,MEMBER-2616,Retail Associate,Debt consolidation loan,Borrower-written description of the loan purpose.,680,https://example.com/loan/2616
2617,30963.91, 36 months,23.91%,G,G3,101463.24,28.9,NONE,TX,renewable_energy,Fully Paid,4,2,2,58.9%,28,46,Source Verified,Dec-14,100002616,100002616,100002616,900002616,DL502616,DL502616,MEMBER-2617,Driver,Debt consolidation loan,Borrower-written description of the loan purpose.,847,https://example.com/loan/2617
2618,7847.66, 60 months,5.65%,B,B5,44144.62,26.56,MORTGAGE,IL,small_business,Fully Paid,1,3,0,18.66%,11,7,Verified,Dec-16,100002617,100002617,100002617,900002617,DL502617,DL502617,MEMBER-2618,Retail Associate,Debt consolidation loan,Borrower-written description of the loan purpose.,453,https://example.com/loan/2618
2619,14182.39, 36 months,8.1%,B,B5,118090.81,23.78,OWN,IL,home_improvement,Fully Paid,0,2,1,51.91%,9,19,Not Verified,Nov-16,100002618,100002618,100002618,900002618,DL502618,DL502618,MEMBER-2619,Software Engineer,Debt consolidation loan,Borrower-written description of the loan purpose.,211,https://example.com/loan/2619
2620,32527.2, 60 months,17.24%,F,F1,56631.67,9.39,OWN,PA,credit_card,Fully Paid,4,2,1,56.83%,27,10,Not Verified,Jul-13,100002619,100002619,100002619,900002619,DL502619,DL502619,MEMBER-2620,Software Engineer,Debt consolidation loan,Borrower-written description of the loan purpose.,101,https://example.com/loan/2620
2621,28572.11, 60 months,13.19%,D,D2,87981.59,17.43,OTHER,CA,debt_consolidation,Fully Paid,0,2,1,18.22%,7,56,Not Verified,May-14,100002620,100002620,100002620,900002620,DL502620,DL502620,MEMBER-2621,Nurse,Debt consolidation loan,Borrower-written description of the loan purpose.,489,https://example.com/loan/2621
2622,4203.53, 60 months,12.82%,G,G1,41962.45,12.21,OTHER,CA,debt_consolidation,Fully Paid,0,1,0,13.88%,1,4,Source Verified,Apr-16,100002621,100002621,100002621,900002621,DL502621,DL502621,MEMBER-2622,Nurse,Debt consolidation loan,Borrower-written description of the loan purpose.,962,https://example.com/loan/2622
2623,9740.52, 60 months,23.62%,B,B3,83410.25,2.68,MORTGAGE,NC,moving,Fully Paid,3,0,0,95.43%,7,16,Source Verified,Feb-15,100002622,100002622,100002622,900002622,DL502622,DL502622,MEMBER-2623,Retail Associate,Debt consolidation loan,Borrower-written description of the loan purpose.,726,https://example.com/loan/2623
2624,15915.73, 36 months,6.59%,D,D4,24443.04,24.81,OTHER,PA,credit_card,Current,3,2,NA,9.62%,24,54,Source Verified,Dec-13,100002623,100002623,100002623,900002623,DL502623,DL502623,MEMBER-2624,Nurse,Debt consolidation loan,Borrower-written description of the loan purpose.,854,https://example.com/loan/2624
2625,34045.43, 60 months,14.72%,E,E3,85335.42,8.3,RENT,NY,wedding,Fully Paid,1,2,1,66.69%,26,31,Verified,Oct-08,100002624,100002624,100002624,900002624,DL502624,DL502624,MEMBER-2625,Nurse,Debt consolidation loan,Borrower-written description of the loan purpose.,204,https://example.com/loan/2625
2626,30300.72, 36 months,16.52%,D,D4,81093.26,22.94,RENT,NC,house,Charged Off,3,2,0,65.52%,15,54,Not Verified,Sep-13,100002625,100002625,100002625,900002625,DL502625,DL502625,MEMBER-2626,Software Engineer,Debt consolidation loan,Borrower-written description of the loan purpose.,209,https://example.com/loan/2626
2627,11216.51, 60 months,10.68%,F,F4,94016.12,12.98,OTHER,GA,home_improvement,Fully Paid,1,2,1,75.18%,20,13,Not Verified,May-16,100002626,100002626,100002626,900002626,DL502626,DL502626,MEMBER-2627,Retail Associate,Debt consolidation loan,Borrower-written description of the loan purpose.,443,https://example.com/loan/2627
2628,6694.99, 60 months,14.18%,C,C5,177812.18,8.25,OWN,NY,credit_card,Fully Paid,0,2,1,16.56%,4,50,Verified,May-11,100002627,100002627,100002627,900002627,DL502627,DL502627,MEMBER-2628,Retail Associate,Debt consolidation loan,Borrower-written description of the loan purpose.,974,https://example.com/loan/2628
2629,34394.54, 36 months,20.6%,C,C2,195892.23,7.77,NONE,IL,credit_card,Current,2,0,NA,66.92%,21,11,Source Verified,Jan-14,100002628,100002628,100002628,900002628,DL502628,DL502628,MEMBER-2629,Driver,Debt consolidation loan,Borrower-written description of the loan purpose.,255,https://example.com/loan/2629
2630,18557.68, 60 months,15.7%,G,G1,127842.38,6.95,NONE,GA,home_improvement,Charged Off,3,0,0,14.88%,8,55,Verified,Nov-18,100002629,100002629,100002629,900002629,DL502629,DL502629,MEMBER-2630,Retail Associate,Debt consolidation loan,Borrower-written description of the loan purpose.,631,https://example.com/loan/2630
2631,12546.06, 36 months,11.25%,G,G2,146869.17,24.31,MORTGAGE,OH,car,Fully Paid,4,3,0,47.92%,25,35,Verified,May-10,100002630,100002630,100002630,900002630,DL502630,DL502630,MEMBER-2631,Software Engineer,Debt consolidation loan,Borrower-written description of the loan purpose.,508,https://example.com/loan/2631
2632,28597.38, 60 months,23.4%,A,A2,178788.83,0.38,NONE,PA,moving,Fully Paid,4,2,0,6.31%,12,46,Source Verified,May-15,100002631,100002631,100002631,900002631,DL502631,DL502631,MEMBER-2632,Nurse,Debt consolidation loan,Borrower-written description of the loan purpose.,933,https://example.com/loan/2632
2633,29521.02, 60 months,14.74%,G,G3,42746.11,0.47,MORTGAGE,MI,small_business,Fully Paid,0,1,2,3.61%,8,19,Verified,Jan-14,100002632,100002632,100002632,900002632,DL502632,DL502632,MEMBER-2633,Driver,Debt consolidation loan,Borrower-written description of the loan purpose.,954,https://example.com/loan/2633
2634,11661.5, 60 months,11.9%,D,D3,79937.74,1.17,RENT,IL,car,Current,4,3,0,26.08%,23,8,Source Verified,Feb-09,100002633,100002633,100002633,900002633,DL502633,DL502633,MEMBER-2634,Nurse,Debt consolidation loan,Borrower-written description of the loan purpose.,143,https://example.com/loan/2634
2635,28564.35, 36 months,10.76%,G,G3,65325.36,7.64,RENT,NC,small_business,Fully Paid,1,1,2,7.19%,17,2,Verified,Jun-12,100002634,100002634,100002634,900002634,DL502634,DL502634,MEMBER-2635,Driver,Debt consolidation loan,Borrower-written description of the loan purpose.,136,https://example.com/loan/2635
2636,23811.82, 36 months,17.99%,A,A5,141299.94,17.95,MORTGAGE,TX,small_business,Current,1,1,0,99.43%,27,4,Verified,Jun-17,100002635,100002635,100002635,900002635,DL502635,DL502635,MEMBER-2636,Nurse,Debt consolidation loan,Borrower-written description of the loan purpose.,321,https://example.com/loan/2636
2637,26422.44, 60 months,12.79%,B,B4,144648.34,10.94,NONE,MI,credit_card,Current,2,0,1,86.4%,24,7,Verified,Jul-08,100002636,100002636,100002636,900002636,DL502636,DL502636,MEMBER-2637,Software Engineer,Debt consolidation loan,Borrower-written description of the loan purpose.,779,https://example.com/loan/2637
2638,6221.88, 36 months,11.01%,B,B5,93015.34,5.79,OTHER,IL,other,Current,4,1,0,45.49%,1,10,Not Verified,Mar-08,100002637,100002637,100002637,900002637,DL502637,DL502637,MEMBER-2638,Nurse,Debt consolidation loan,Borrower-written description of the loan purpose.,752,https://example.com/loan/2638
2639,2837.3, 36 months,19.9%,G,G5,46212.96,19.51,RENT,GA,moving,Current,3,1,0,96.78%,20,19,Verified,Sep-11,100002638,100002638,100002638,900002638,DL502638,DL502638,MEMBER-2639,Software Engineer,Debt consolidation loan,Borrower-written description of the loan purpose.,278,https://example.com/loan/2639
2640,31827.88, 36 months,12.17%,D,D4,85682.13,2.09,OTHER,TX,major_purchase,Fully Paid,0,0,2,24.55%,15,10,Source Verified,Jan-18,100002639,100002639,100002639,900002639,DL502639,DL502639,MEMBER-2640,Retail Associate,Debt consolidation loan,Borrower-written description of the loan purpose.,965,https://example.com/loan/2640
2641,31819.34, 36 months,7.81%,B,B5,155823.78,21.13,OTHER,MI,house,Current,1,1,2,50.86%,3,28,Verified,Nov-13,100002640,100002640,100002640,900002640,DL502640,DL502640,MEMBER-2641,Software Engineer,Debt consolidation loan,Borrower-written description of the loan purpose.,614,https://example.com/loan/2641
2642,17144.73, 36 months,20.98%,C,C5,146733.83,23.79,OTHER,MI,renewable_energy,Fully Paid,3,3,2,87.11%,6,48,Verified,Jun-10,100002641,100002641,100002641,900002641,DL502641,DL502641,MEMBER-2642,Retail Associate,Debt consolidation loan,Borrower-written description of the loan purpose.,688,https://example.com/loan/2642
2643,21502.79, 60 months,19.99%,C,C4,28561.87,3.52,NONE,GA,vacation,Current,1,2,NA,51.45%,22,50,Verified,Mar-18,100002642,100002642,100002642,900002642,DL502642,DL502642,MEMBER-2643,Driver,Debt consolidation loan,Borrower-written description of the loan purpose.,492,https://example.com/loan/2643
2644,27910.75, 36 months,7.01%,A,A4,109812.0,12.59,OWN,TX,renewable_energy,Charged Off,2,2,0,68.95%,24,49,Not Verified,May-17,100002643,100002643,100002643,900002643,DL502643,DL502643,MEMBER-2644,Retail Associate,Debt consolidation loan,Borrower-written description of the loan purpose.,872,https://example.com/loan/2644
2645,11077.25, 60 months,19.17%,F,F1,65883.54,29.72,OWN,CA,debt_consolidation,Fully Paid,4,2,1,0.99%,13,32,Not Verified,Oct-12,100002644,100002644,100002644,900002644,DL502644,DL502644,MEMBER-2645,Retail Associate,Debt consolidation loan,Borrower-written description of the loan purpose.,867,https://example.com/loan/2645
2646,10806.42, 60 months,18.8%,G,G5,95085.01,13.92,RENT,TX,car,Fully Paid,2,1,2,53.02%,18,38,Source Verified,Mar-16,100002645,100002645,100002645,900002645,DL502645,DL502645,MEMBER-2646,Nurse,Debt consolidation loan,Borrower-written description of the loan purpose.,796,https://example.com/loan/2646
2647,26221.08, 36 months,23.99%,A,A2,88895.05,21.75,NONE,IL,renewable_energy,Charged Off,2,0,1,14.5%,15,48,Not Verified,Oct-12,100002646,100002646,100002646,900002646,DL502646,DL502646,MEMBER-2647,Software Engineer,Debt consolidation loan,Borrower-written description of the loan purpose.,707,https://example.com/loan/2647
2648,12007.62, 60 months,14.19%,E,E2,71256.1,26.0,NONE,TX,educational,Fully Paid,0,2,NA,20.91%,20,52,Source Verified,Jan-11,100002647,100002647,100002647,900002647,DL502647,DL502647,MEMBER-2648,Driver,Debt consolidation loan,Borrower-written description of the loan purpose.,631,https://example.com/loan/2648
2649,5677.5, 60 months,10.49%,F,F2,178379.63,8.9,MORTGAGE,TX,credit_card,Fully Paid,1,1,1,75.15%,20,41,Source Verified,Oct-16,100002648,100002648,100002648,900002648,DL502648,DL502648,MEMBER-2649,Retail Associate,Debt consolidation loan,Borrower-written description of the loan purpose.,167,https://example.com/loan/2649
2650,18188.82, 60 months,9.05%,A,A3,51263.28,18.62,OWN,MI,car,Fully Paid,1,2,2,74.95%,2,53,Source Verified,Aug-12,100002649,100002649,100002649,900002649,DL502649,DL502649,MEMBER-2650,Nurse,Debt consolidation loan,Borrower-written description of the loan purpose.,236,https://example.com/loan/2650
2651,23373.36, 60 months,14.65%,D,D2,51801.79,15.05,OWN,CA,medical,Fully Paid,1,2,NA,72.46%,19,5,Not Verified,May-14,100002650,100002650,100002650,900002650,DL502650,DL502650,MEMBER-2651,Nurse,Debt consolidation loan,Borrower-written description of the loan purpose.,111,https://example.com/loan/2651
2652,12983.34, 36 months,20.89%,D,D1,108887.83,8.64,NONE,PA,house,Fully Paid,1,2,2,45.41%,14,19,Source Verified,Nov-18,100002651,100002651,100002651,900002651,DL502651,DL502651,MEMBER-2652,Nurse,Debt consolidation loan,Borrower-written description of the loan purpose.,582,https://example.com/loan/2652
2653,32057.8, 36 months,6.56%,C,C2,74506.62,26.53,NONE,IL,major_purchase,Fully Paid,3,1,2,48.39%,14,12,Source Verified,Feb-09,100002652,100002652,100002652,900002652,DL502652,DL502652,MEMBER-2653,Nurse,Debt consolidation loan,Borrower-written description of the loan purpose.,283,https://example.com/loan/2653
2654,23015.42, 60 months,12.58%,G,G4,190384.29,11.45,NONE,GA,home_improvement,Current,4,0,0,84.84%,5,28,Not Verified,Jan-15,100002653,100002653,100002653,900002653,DL502653,DL502653,MEMBER-2654,Driver,Debt consolidation loan,Borrower-written description of the loan purpose.,424,https://example.com/loan/2654
2655,14598.69, 60 months,17.07%,F,F3,146613.77,14.32,NONE,NY,small_business,Fully Paid,0,2,NA,46.57%,27,8,Verified,Feb-14,100002654,100002654,100002654,900002654,DL502654,DL502654,MEMBER-2655,Nurse,Debt consolidation loan,Borrower-written description of the loan purpose.,791,https://example.com/loan/2655
2656,12605.91, 36 months,8.05%,F,F1,161135.33,12.53,OWN,NC,medical,Current,4,0,NA,16.83%,23,16,Verified,Aug-09,100002655,100002655,100002655,900002655,DL502655,DL502655,MEMBER-2656,Driver,Debt consolidation loan,Borrower-written description of the loan purpose.,144,https://example.com/loan/2656
2657,3127.75, 60 months,16.01%,C,C5,119007.22,5.55,OTHER,NC,debt_consolidation,Fully Paid,0,2,1,32.98%,27,28,Not Verified,Jan-17,100002656,100002656,100002656,900002656,DL502656,DL502656,MEMBER-2657,Nurse,Debt consolidation loan,Borrower-written description of the loan purpose.,220,https://example.com/loan/2657
2658,28948.42, 60 months,13.64%,G,G3,41027.6,23.39,MORTGAGE,FL,car,Fully Paid,1,0,NA,53.07%,6,47,Source Verified,Feb-13,100002657,100002657,100002657,900002657,DL502657,DL502657,MEMBER-2658,Driver,Debt consolidation loan,Borrower-written description of the loan purpose.,151,https://example.com/loan/2658
2659,31040.86, 60 months,17.37%,B,B3,128723.78,26.23,MORTGAGE,FL,credit_card,Fully Paid,2,2,NA,94.37%,26,30,Source Verified,Sep-11,100002658,100002658,100002658,900002658,DL502658,DL502658,MEMBER-2659,Nurse,Debt consolidation loan,Borrower-written description of the loan purpose.,734,https://example.com/loan/2659
2660,33029.63, 36 months,7.61%,G,G2,199537.45,3.82,RENT,GA,wedding,Fully Paid,0,0,1,13.81%,16,54,Not Verified,Aug-11,100002659,100002659,100002659,900002659,DL502659,DL502659,MEMBER-2660,Nurse,Debt consolidation loan,Borrower-written description of the loan purpose.,509,https://example.com/loan/2660
2661,22872.18, 60 months,14.3%,B,B2,156312.09,1.52,OTHER,MI,medical,Charged Off,2,3,NA,34.63%,20,20,Source Verified,Apr-08,100002660,100002660,100002660,900002660,DL502660,DL502660,MEMBER-2661,Driver,Debt consolidation loan,Borrower-written description of the loan purpose.,792,https://example.com/loan/2661
2662,20275.25, 36 months,8.98%,B,B5,172604.53,10.18,OWN,NC,car,Current,4,0,0,95.79%,26,7,Not Verified,Sep-14,100002661,100002661,100002661,900002661,DL502661,DL502661,MEMBER-2662,Retail Associate,Debt consolidation loan,Borrower-written description of the loan purpose.,148,https://example.com/loan/2662
2663,20008.8, 60 months,8.83%,C,C2,181740.85,10.11,OWN,FL,credit_card,Fully Paid,3,2,0,31.5%,12,37,Not Verified,Feb-12,100002662,100002662,100002662,900002662,DL502662,DL502662,MEMBER-2663,Nurse,Debt consolidation loan,Borrower-written description of the loan purpose.,909,https://example.com/loan/2663
2664,34494.48, 60 months,20.52%,E,E1,24732.34,23.08,RENT,IL,wedding,Current,3,3,1,22.06%,30,43,Source Verified,Oct-11,100002663,100002663,100002663,900002663,DL502663,DL502663,MEMBER-2664,Retail Associate,Debt consolidation loan,Borrower-written description of the loan purpose.,713,https://example.com/loan/2664
2665,33477.95, 36 months,9.54%,C,C3,148160.6,3.81,MORTGAGE,OH,medical,Fully Paid,2,2,2,54.12%,15,28,Not Verified,Jan-10,100002664,100002664,100002664,900002664,DL502664,DL502664,MEMBER-2665,Nurse,Debt consolidation loan,Borrower-written description of the loan purpose.,269,https://example.com/loan/2665
2666,5821.22, 36 months,13.7%,B,B1,50376.16,7.78,MORTGAGE,OH,home_improvement,Fully Paid,1,3,0,63.55%,21,36,Verified,Jun-11,100002665,100002665,100002665,900002665,DL502665,DL502665,MEMBER-2666,Nurse,Debt consolidation loan,Borrower-written description of the loan purpose.,584,https://example.com/loan/2666
2667,20620.93, 60 months,6.03%,F,F4,145207.41,27.44,RENT,CA,wedding,Current,4,3,1,73.27%,2,15,Source Verified,Mar-10,100002666,100002666,100002666,900002666,DL502666,DL502666,MEMBER-2667,Nurse,Debt consolidation loan,Borrower-written description of the loan purpose.,724,https://example.com/loan/2667
2668,23393.71, 36 months,9.34%,D,D3,126099.74,12.08,MORTGAGE,MI,vacation,Fully Paid,3,2,NA,71.52%,29,33,Source Verified,Oct-15,100002667,100002667,100002667,900002667,DL502667,DL502667,MEMBER-2668,Retail Associate,Debt consolidation loan,Borrower-written description of the loan purpose.,932,https://example.com/loan/2668
2669,17066.79, 60 months,23.36%,F,F2,175469.87,26.76,OTHER,FL,major_purchase,Charged Off,0,0,NA,7.68%,10,29,Not Verified,Dec-16,100002668,100002668,100002668,900002668,DL502668,DL502668,MEMBER-2669,Nurse,Debt consolidation loan,Borrower-written description of the loan purpose.,514,https://example.com/loan/2669
2670,18622.39, 60 months,12.3%,C,C1,140241.62,1.74,OWN,NY,other,Current,4,2,NA,26.69%,27,18,Not Verified,Dec-15,100002669,100002669,100002669,900002669,DL502669,DL502669,MEMBER-2670,Retail Associate,Debt consolidation loan,Borrower-written description of the loan purpose.,520,https://example.com/loan/2670
2671,5550.74, 60 months,17.11%,E,E4,191764.59,28.62,OTHER,FL,wedding,Charged Off,1,1,2,51.5%,1,17,Verified,Oct-18,100002670,100002670,100002670,900002670,DL502670,DL502670,MEMBER-2671,Retail Associate,Debt consolidation loan,Borrower-written description of the loan purpose.,810,https://example.com/loan/2671
2672,5763.2, 36 months,18.56%,C,C1,198164.17,4.78,OWN,TX,debt_consolidation,Fully Paid,2,2,NA,6.08%,29,47,Verified,Dec-11,100002671,100002671,100002671,900002671,DL502671,DL502671,MEMBER-2672,Retail Associate,Debt consolidation loan,Borrower-written description of the loan purpose.,939,https://example.com/loan/2672
2673,33843.26, 60 months,11.77%,B,B1,21976.81,28.23,RENT,TX,house,Fully Paid,0,0,0,77.09%,29,38,Verified,Apr-12,100002672,100002672,100002672,900002672,DL502672,DL502672,MEMBER-2673,Nurse,Debt consolidation loan,Borrower-written description of the loan purpose.,858,https://example.com/loan/2673
2674,16561.93, 36 months,17.04%,E,E4,150497.2,23.04,RENT,MI,major_purchase,Current,1,1,1,31.87%,16,40,Source Verified,Jun-15,100002673,100002673,100002673,900002673,DL502673,DL502673,MEMBER-2674,Software Engineer,Debt consolidation loan,Borrower-written description of the loan purpose.,588,https://example.com/loan/2674
2675,13475.74, 60 months,24.34%,B,B4,155708.67,2.25,NONE,FL,vacation,Current,2,1,0,48.28%,28,21,Not Verified,Feb-18,100002674,100002674,100002674,900002674,DL502674,DL502674,MEMBER-2675,Software Engineer,Debt consolidation loan,Borrower-written description of the loan purpose.,707,https://example.com/loan/2675
2676,25544.39, 36 months,10.7%,B,B2,190468.28,27.63,RENT,OH,wedding,Current,0,3,1,40.41%,5,7,Verified,Jun-14,100002675,100002675,100002675,900002675,DL502675,DL502675,MEMBER-2676,Retail Associate,Debt consolidation loan,Borrower-written description of the loan purpose.,529,https://example.com/loan/2676
2677,21137.92, 60 months,15.41%,F,F4,21293.28,28.4,NONE,NC,renewable_energy,Fully Paid,2,0,0,6.74%,2,59,Not Verified,Jan-09,100002676,100002676,100002676,900002676,DL502676,DL502676,MEMBER-2677,Driver,Debt consolidation loan,Borrower-written description of the loan purpose.,833,https://example.com/loan/2677
2678,15861.21, 36 months,19.32%,D,D5,33020.17,23.27,NONE,TX,other,Fully Paid,4,1,1,92.28%,2,27,Source Verified,Nov-17,100002677,100002677,100002677,900002677,DL502677,DL502677,MEMBER-2678,Driver,Debt consolidation loan,Borrower-written description of the loan purpose.,407,https://example.com/loan/2678
2679,21486.82, 36 months,11.26%,F,F5,113408.23,25.47,RENT,MI,debt_consolidation,Charged Off,4,3,1,57.1%,23,48,Source Verified,Aug-10,100002678,100002678,100002678,900002678,DL502678,DL502678,MEMBER-2679,Retail Associate,Debt consolidation loan,Borrower-written description of the loan purpose.,875,https://example.com/loan/2679
2680,11488.92, 60 months,13.74%,C,C3,191672.22,8.69,NONE,IL,vacation,Fully Paid,0,2,2,38.98%,21,50,Source Verified,Apr-08,100002679,100002679,100002679,900002679,DL502679,DL502679,MEMBER-2680,Driver,Debt consolidation loan,Borrower-written description of the loan purpose.,844,https://example.com/loan/2680
2681,8915.88, 36 months,6.93%,D,D5,39905.92,2.05,MORTGAGE,NY,house,Fully Paid,1,2,NA,30.79%,30,51,Not Verified,Feb-12,100002680,100002680,100002680,900002680,DL502680,DL502680,MEMBER-2681,Nurse,Debt consolidation loan,Borrower-written description of the loan purpose.,656,https://example.com/loan/2681
2682,18048.57, 60 months,8.01%,D,D3,31508.47,8.52,OWN,GA,car,Current,2,3,NA,96.66%,26,34,Not Verified,Mar-16,100002681,100002681,100002681,900002681,DL502681,DL502681,MEMBER-2682,Retail Associate,Debt consolidation loan,Borrower-written description of the loan purpose.,164,https://example.com/loan/2682
2683,1270.02, 36 months,21.56%,C,C4,134803.49,14.15,MORTGAGE,PA,medical,Fully Paid,4,1,1,18.04%,26,19,Not Verified,Jul-09,100002682,100002682,100002682,900002682,DL502682,DL502682,MEMBER-2683,Software Engineer,Debt consolidation loan,Borrower-written description of the loan purpose.,807,https://example.com/loan/2683
2684,23722.61, 36 months,16.17%,C,C1,138530.18,13.44,MORTGAGE,NC,renewable_energy,Current,0,1,2,62.48%,1,38,Source Verified,Oct-17,100002683,100002683,100002683,900002683,DL502683,DL502683,MEMBER-2684,Retail Associate,Debt consolidation loan,Borrower-written description of the loan purpose.,919,https://example.com/loan/2684
2685,28971.56, 36 months,20.93%,E,E4,158744.89,29.01,RENT,TX,car,Fully Paid,4,1,1,40.68%,22,37,Source Verified,Jul-18,100002684,100002684,100002684,900002684,DL502684,DL502684,MEMBER-2685,Driver,Debt consolidation loan,Borrower-written description of the loan purpose.,354,https://example.com/loan/2685
2686,21236.44, 60 months,12.93%,B,B3,94475.68,22.27,OWN,GA,home_improvement,Fully Paid,4,0,1,56.76%,25,20,Verified,Dec-17,100002685,100002685,100002685,900002685,DL502685,DL502685,MEMBER-2686,Driver,Debt consolidation loan,Borrower-written description of the loan purpose.,186,https://example.com/loan/2686
2687,23675.57, 60 months,12.57%,A,A3,158245.87,1.12,OWN,CA,renewable_energy,Fully Paid,0,3,0,6.88%,26,2,Not Verified,Feb-08,100002686,100002686,100002686,900002686,DL502686,DL502686,MEMBER-2687,Retail Associate,Debt consolidation loan,Borrower-written description of the loan purpose.,742,https://example.com/loan/2687
2688,6017.09, 36 months,13.38%,A,A5,163263.59,27.92,NONE,CA,vacation,Fully Paid,2,0,0,38.96%,9,43,Not Verified,Jan-10,100002687,100002687,100002687,900002687,DL502687,DL502687,MEMBER-2688,Retail Associate,Debt consolidation loan,Borrower-written description of the loan purpose.,240,https://example.com/loan/2688
2689,652.27, 60 months,7.04%,D,D5,190465.34,26.7,MORTGAGE,GA,moving,Fully Paid,0,1,0,0.13%,17,9,Verified,Nov-10,100002688,100002688,100002688,900002688,DL502688,DL502688,MEMBER-2689,Retail Associate,Debt consolidation loan,Borrower-written description of the loan purpose.,837,https://example.com/loan/2689
2690,11870.26, 60 months,22.77%,F,F5,29291.51,15.89,MORTGAGE,NC,major_purchase,Fully Paid,2,0,2,98.82%,29,44,Not Verified,Jan-08,100002689,100002689,100002689,900002689,DL502689,DL502689,MEMBER-2690,Nurse,Debt consolidation loan,Borrower-written description of the loan purpose.,884,https://example.com/loan/2690
2691,16693.25, 36 months,19.49%,B,B2,171617.95,0.33,RENT,IL,renewable_energy,Current,1,3,1,90.15%,13,51,Not Verified,Jul-18,100002690,100002690,100002690,900002690,DL502690,DL502690,MEMBER-2691,Software Engineer,Debt consolidation loan,Borrower-written description of the loan purpose.,645,https://example.com/loan/2691
2692,2628.11, 60 months,14.57%,E,E3,162693.77,27.39,OTHER,IL,credit_card,Fully Paid,2,1,2,62.0%,10,27,Not Verified,Feb-12,100002691,100002691,100002691,900002691,DL502691,DL502691,MEMBER-2692,Nurse,Debt consolidation loan,Borrower-written description of the loan purpose.,359,https://example.com/loan/2692
2693,4102.91, 60 months,8.55%,C,C1,119994.87,22.48,NONE,NY,renewable_energy,Charged Off,0,2,0,47.15%,27,26,Source Verified,Jul-17,100002692,100002692,100002692,900002692,DL502692,DL502692,MEMBER-2693,Retail Associate,Debt consolidation loan,Borrower-written description of the loan purpose.,593,https://example.com/loan/2693
2694,12202.71, 60 months,8.58%,C,C3,39361.89,18.01,OWN,FL,moving,Current,1,1,2,39.0%,27,3,Not Verified,Apr-12,100002693,100002693,100002693,900002693,DL502693,DL502693,MEMBER-2694,Nurse,Debt consolidation loan,Borrower-written description of the loan purpose.,333,https://example.com/loan/2694
2695,1528.77, 36 months,17.88%,B,B4,69896.57,23.03,NONE,GA,moving,Fully Paid,2,0,0,37.96%,27,22,Verified,Sep-14,100002694,100002694,100002694,900002694,DL502694,DL502694,MEMBER-2695,Nurse,Debt consolidation loan,Borrower-written description of the loan purpose.,204,https://example.com/loan/2695
2696,16943.77, 36 months,6.8%,F,F5,49955.91,23.2,RENT,GA,small_business,Current,3,0,2,73.29%,27,32,Verified,May-12,100002695,100002695,100002695,900002695,DL502695,DL502695,MEMBER-2696,Software Engineer,Debt consolidation loan,Borrower-written description of the loan purpose.,435,https://example.com/loan/2696
2697,33963.58, 60 months,14.17%,B,B3,164941.16,8.98,NONE,OH,moving,Current,4,3,1,83.72%,19,20,Not Verified,Dec-11,100002696,100002696,100002696,900002696,DL502696,DL502696,MEMBER-2697,Retail Associate,Debt consolidation loan,Borrower-written description of the loan purpose.,956,https://example.com/loan/2697
2698,31000.13, 36 months,13.38%,F,F1,155031.1,13.74,OTHER,NC,moving,Fully Paid,4,3,2,47.91%,26,2,Not Verified,Dec-16,100002697,100002697,100002697,900002697,DL502697,DL502697,MEMBER-2698,Software Engineer,Debt consolidation loan,Borrower-written description of the loan purpose.,853,https://example.com/loan/2698
2699,15247.46, 36 months,5.65%,E,E4,138473.74,13.57,RENT,IL,house,Fully Paid,2,2,2,91.22%,6,11,Verified,Apr-15,100002698,100002698,100002698,900002698,DL502698,DL502698,MEMBER-2699,Software Engineer,Debt consolidation loan,Borrower-written description of the loan purpose.,220,https://example.com/loan/2699
2700,9346.19, 36 months,16.01%,E,E4,153259.53,8.49,RENT,PA,educational,Current,4,3,2,70.12%,12,24,Not Verified,Sep-09,100002699,100002699,100002699,900002699,DL502699,DL502699,MEMBER-2700,Retail Associate,Debt consolidation loan,Borrower-written description of the loan purpose.,436,https://example.com/loan/2700
2701,31394.13, 60 months,6.82%,A,A1,36529.59,3.91,NONE,NY,credit_card,Current,1,1,NA,7.51%,22,47,Source Verified,Feb-10,100002700,100002700,100002700,900002700,DL502700,DL502700,MEMBER-2701,Retail Associate,Debt consolidation loan,Borrower-written description of the loan purpose.,477,https://example.com/loan/2701
2702,26901.61, 36 months,13.63%,A,A2,165358.55,18.05,RENT,IL,wedding,Current,1,0,0,52.9%,23,33,Verified,Jun-14,100002701,100002701,100002701,900002701,DL502701,DL502701,MEMBER-2702,Driver,Debt consolidation loan,Borrower-written description of the loan purpose.,402,https://example.com/loan/2702
2703,14806.3, 36 months,19.44%,D,D2,149369.85,0.7,OWN,NY,debt_consolidation,Fully Paid,2,0,0,88.68%,28,8,Source Verified,Sep-16,100002702,100002702,100002702,900002702,DL502702,DL502702,MEMBER-2703,Retail Associate,Debt consolidation loan,Borrower-written description of the loan purpose.,669,https://example.com/loan/2703
2704,17727.66, 36 months,19.6%,C,C1,163389.87,20.43,RENT,TX,educational,Fully Paid,1,1,0,7.01%,17,34,Verified,Feb-16,100002703,100002703,100002703,900002703,DL502703,DL502703,MEMBER-2704,Software Engineer,Debt consolidation loan,Borrower-written description of the loan purpose.,990,https://example.com/loan/2704
2705,13320.41, 60 months,7.5%,F,F4,44090.07,9.51,RENT,MI,major_purchase,Current,0,3,0,80.75%,3,52,Not Verified,Jan-13,100002704,100002704,100002704,900002704,DL502704,DL502704,MEMBER-2705,Driver,Debt consolidation loan,Borrower-written description of the loan purpose.,429,https://example.com/loan/2705
2706,32789.87, 60 months,10.14%,B,B1,56101.78,22.49,RENT,TX,house,Current,3,2,2,81.83%,18,2,Verified,Aug-08,100002705,100002705,100002705,900002705,DL502705,DL502705,MEMBER-2706,Driver,Debt consolidation loan,Borrower-written description of the loan purpose.,644,https://example.com/loan/2706
2707,6241.07, 60 months,15.32%,C,C4,100052.34,4.99,OTHER,TX,house,Fully Paid,4,0,0,0.19%,11,60,Verified,Sep-16,100002706,100002706,100002706,900002706,DL502706,DL502706,MEMBER-2707,Driver,Debt consolidation loan,Borrower-written description of the loan purpose.,557,https://example.com/loan/2707
2708,29269.55, 36 months,11.74%,F,F3,182477.56,3.45,RENT,IL,renewable_energy,Fully Paid,4,0,1,22.23%,2,51,Source Verified,Sep-15,100002707,100002707,100002707,900002707,DL502707,DL502707,MEMBER-2708,Retail Associate,Debt consolidation loan,Borrower-written description of the loan purpose.,758,https://example.com/loan/2708
2709,29891.82, 60 months,9.07%,D,D2,77715.39,26.57,OTHER,OH,wedding,Fully Paid,0,2,NA,89.4%,1,35,Not Verified,Oct-14,100002708,100002708,100002708,900002708,DL502708,DL502708,MEMBER-2709,Retail Associate,Debt consolidation loan,Borrower-written description of the loan purpose.,430,https://example.com/loan/2709
2710,16807.05, 36 months,14.55%,E,E2,133087.85,2.83,NONE,FL,moving,Current,0,0,0,45.63%,20,27,Verified,Jan-13,100002709,100002709,100002709,900002709,DL502709,DL502709,MEMBER-2710,Driver,Debt consolidation loan,Borrower-written description of the loan purpose.,864,https://example.com/loan/2710
2711,11829.75, 36 months,7.9%,E,E1,186834.45,20.75,RENT,TX,home_improvement,Fully Paid,1,0,0,0.86%,11,7,Not Verified,Jul-13,100002710,100002710,100002710,900002710,DL502710,DL502710,MEMBER-2711,Retail Associate,Debt consolidation loan,Borrower-written description of the loan purpose.,327,https://example.com/loan/2711
2712,5680.26, 36 months,22.41%,G,G2,37004.93,13.21,NONE,NY,medical,Fully Paid,3,1,NA,15.56%,19,5,Source Verified,Oct-10,100002711,100002711,100002711,900002711,DL502711,DL502711,MEMBER-2712,Nurse,Debt consolidation loan,Borrower-written description of the loan purpose.,447,https://example.com/loan/2712
2713,1964.12, 60 months,8.75%,F,F2,104446.48,23.52,NONE,CA,medical,Current,2,3,0,56.91%,1,15,Source Verified,Apr-16,100002712,100002712,100002712,900002712,DL502712,DL502712,MEMBER-2713,Retail Associate,Debt consolidation loan,Borrower-written description of the loan purpose.,166,https://example.com/loan/2713
2714,18665.77, 36 months,7.67%,F,F4,27789.47,8.4,OTHER,MI,debt_consolidation,Current,4,1,2,93.05%,20,6,Verified,Oct-14,100002713,100002713,100002713,900002713,DL502713,DL502713,MEMBER-2714,Driver,Debt consolidation loan,Borrower-written description of the loan purpose.,720,https://example.com/loan/2714
2715,15048.76, 36 months,23.43%,A,A1,199165.91,19.27,OTHER,GA,car,Current,4,2,2,37.5%,12,13,Verified,Aug-14,100002714,100002714,100002714,900002714,DL502714,DL502714,MEMBER-2715,Driver,Debt consolidation loan,Borrower-written description of the loan purpose.,290,https://example.com/loan/2715
2716,27269.12, 36 months,13.88%,E,E2,114568.45,29.46,RENT,CA,credit_card,Fully Paid,2,2,2,47.91%,1,30,Not Verified,Aug-15,100002715,100002715,100002715,900002715,DL502715,DL502715,MEMBER-2716,Driver,Debt consolidation loan,Borrower-written description of the loan purpose.,348,https://example.com/loan/2716
2717,19133.33, 36 months,23.64%,B,B1,137008.69,11.46,NONE,FL,vacation,Fully Paid,2,1,2,30.01%,25,56,Not Verified,Sep-09,100002716,100002716,100002716,900002716,DL502716,DL502716,MEMBER-2717,Nurse,Debt consolidation loan,Borrower-written description of the loan purpose.,770,https://example.com/loan/2717
2718,6367.84, 36 months,10.41%,B,B1,40130.17,24.29,RENT,PA,moving,Fully Paid,1,1,NA,58.81%,6,43,Verified,Mar-17,100002717,100002717,100002717,900002717,DL502717,DL502717,MEMBER-2718,Driver,Debt consolidation loan,Borrower-written description of the loan purpose.,919,https://example.com/loan/2718
2719,23672.53, 60 months,19.08%,F,F3,183673.36,3.92,OTHER,PA,medical,Fully Paid,4,0,0,9.53%,15,40,Source Verified,Feb-09,100002718,100002718,100002718,900002718,DL502718,DL502718,MEMBER-2719,Retail Associate,Debt consolidation loan,Borrower-written description of the loan purpose.,435,https://example.com/loan/2719
2720,19752.4, 60 months,12.21%,F,F4,149188.56,9.98,MORTGAGE,CA,small_business,Fully Paid,4,3,NA,20.02%,2,45,Not Verified,May-15,100002719,100002719,100002719,900002719,DL502719,DL502719,MEMBER-2720,Nurse,Debt consolidation loan,Borrower-written description of the loan purpose.,716,https://example.com/loan/2720
2721,27500.85, 36 months,19.96%,F,F5,79555.29,21.62,OWN,PA,house,Current,0,3,2,39.48%,6,16,Source Verified,Oct-08,100002720,100002720,100002720,900002720,DL502720,DL502720,MEMBER-2721,Nurse,Debt consolidation loan,Borrower-written description of the loan purpose.,444,https://example.com/loan/2721
2722,33626.65, 36 months,18.97%,A,A1,105126.8,16.51,MORTGAGE,GA,car,Fully Paid,3,2,NA,84.64%,7,30,Verified,May-13,100002721,100002721,100002721,900002721,DL502721,DL502721,MEMBER-2722,Driver,Debt consolidation loan,Borrower-written description of the loan purpose.,482,https://example.com/loan/2722
2723,22169.16, 36 months,19.45%,F,F4,68304.22,26.63,NONE,NY,credit_card,Fully Paid,1,3,0,64.97%,20,32,Verified,Sep-09,100002722,100002722,100002722,900002722,DL502722,DL502722,MEMBER-2723,Driver,Debt consolidation loan,Borrower-written description of the loan purpose.,746,https://example.com/loan/2723
2724,2839.95, 60 months,7.65%,F,F4,102610.64,0.36,OWN,TX,debt_consolidation,Current,1,2,1,30.65%,4,42,Source Verified,May-16,100002723,100002723,100002723,900002723,DL502723,DL502723,MEMBER-2724,Driver,Debt consolidation loan,Borrower-written description of the loan purpose.,369,https://example.com/loan/2724
2725,15516.82, 60 months,10.89%,E,E4,166266.85,11.08,RENT,OH,renewable_energy,Fully Paid,3,3,0,13.38%,12,57,Verified,Jul-16,100002724,100002724,100002724,900002724,DL502724,DL502724,MEMBER-2725,Software Engineer,Debt consolidation loan,Borrower-written description of the loan purpose.,140,https://example.com/loan/2725
2726,3426.27, 36 months,22.6%,G,G4,143661.14,22.88,NONE,IL,major_purchase,Current,4,1,2,56.09%,12,24,Source Verified,Jan-12,100002725,100002725,100002725,900002725,DL502725,DL502725,MEMBER-2726,Nurse,Debt consolidation loan,Borrower-written description of the loan purpose.,910,https://example.com/loan/2726
2727,29199.39, 36 months,23.13%,F,F1,176092.32,21.13,RENT,NY,vacation,Fully Paid,2,2,2,42.53%,6,18,Not Verified,Oct-08,100002726,100002726,100002726,900002726,DL502726,DL502726,MEMBER-2727,Driver,Debt consolidation loan,Borrower-written description of the loan purpose.,297,https://example.com/loan/2727
2728,3612.66, 60 months,18.73%,C,C2,23528.1,11.89,OWN,PA,credit_card,Fully Paid,4,1,NA,40.2%,13,28,Verified,Feb-09,100002727,100002727,100002727,900002727,DL502727,DL502727,MEMBER-2728,Driver,Debt consolidation loan,Borrower-written description of the loan purpose.,789,https://example.com/loan/2728
2729,22232.2, 36 months,14.91%,A,A4,91053.1,7.74,OWN,TX,debt_consolidation,Fully Paid,4,2,NA,58.49%,22,34,Verified,Mar-15,100002728,100002728,100002728,900002728,DL502728,DL502728,MEMBER-2729,Software Engineer,Debt consolidation loan,Borrower-written description of the loan purpose.,108,https://example.com/loan/2729
2730,12398.58, 60 months,17.79%,C,C2,30400.33,26.74,OTHER,MI,home_improvement,Current,2,1,2,69.19%,1,38,Source Verified,Dec-09,100002729,100002729,100002729,900002729,DL502729,DL502729,MEMBER-2730,Driver,Debt consolidation loan,Borrower-written description of the loan purpose.,528,https://example.com/loan/2730
2731,17837.22, 36 months,10.17%,D,D3,126163.3,23.81,NONE,OH,educational,Current,3,2,2,93.48%,19,53,Not Verified,Dec-12,100002730,100002730,100002730,900002730,DL502730,DL502730,MEMBER-2731,Nurse,Debt consolidation loan,Borrower-written description of the loan purpose.,171,https://example.com/loan/2731
2732,22358.45, 36 months,11.13%,G,G5,187283.14,19.47,OWN,PA,other,Current,4,0,2,89.52%,9,28,Source Verified,Nov-15,100002731,100002731,100002731,900002731,DL502731,DL502731,MEMBER-2732,Nurse,Debt consolidation loan,Borrower-written description of the loan purpose.,517,https://example.com/loan/2732
2733,8310.04, 60 months,19.12%,B,B4,27024.6,4.79,NONE,NY,small_business,Fully Paid,2,2,2,65.62%,1,27,Verified,Nov-18,100002732,100002732,100002732,900002732,DL502732,DL502732,MEMBER-2733,Driver,Debt consolidation loan,Borrower-written description of the loan purpose.,138,https://example.com/loan/2733
2734,23705.22, 60 months,5.73%,D,D1,142518.0,18.4,RENT,MI,medical,Charged Off,3,3,1,88.34%,12,26,Verified,Feb-14,100002733,100002733,100002733,900002733,DL502733,DL502733,MEMBER-2734,Nurse,Debt consolidation loan,Borrower-written description of the loan purpose.,949,https://example.com/loan/2734
2735,7506.28, 60 months,14.52%,G,G4,141265.46,4.28,RENT,MI,car,Fully Paid,0,2,0,83.01%,10,13,Verified,Dec-16,100002734,100002734,100002734,900002734,DL502734,DL502734,MEMBER-2735,Retail Associate,Debt consolidation loan,Borrower-written description of the loan purpose.,143,https://example.com/loan/2735
2736,16879.59, 36 months,11.03%,D,D2,102287.77,0.16,MORTGAGE,NY,moving,Current,0,3,2,51.2%,1,15,Source Verified,Feb-08,100002735,100002735,100002735,900002735,DL502735,DL502735,MEMBER-2736,Software Engineer,Debt consolidation loan,Borrower-written description of the loan purpose.,114,https://example.com/loan/2736
2737,21906.81, 36 months,13.25%,A,A1,96209.36,20.2,OWN,PA,educational,Current,3,1,1,56.61%,9,9,Verified,Jun-12,100002736,100002736,100002736,900002736,DL502736,DL502736,MEMBER-2737,Software Engineer,Debt consolidation loan,Borrower-written description of the loan purpose.,160,https://example.com/loan/2737
2738,13917.14, 60 months,12.99%,F,F1,178540.15,5.42,MORTGAGE,PA,credit_card,Current,3,3,NA,14.36%,27,5,Not Verified,Jan-16,100002737,100002737,100002737,900002737,DL502737,DL502737,MEMBER-2738,Driver,Debt consolidation loan,Borrower-written description of the loan purpose.,648,https://example.com/loan/2738
2739,21263.79, 36 months,21.03%,F,F4,29535.28,28.24,MORTGAGE,CA,renewable_energy,Current,2,2,2,27.25%,1,18,Verified,Aug-12,100002738,100002738,100002738,900002738,DL502738,DL502738,MEMBER-2739,Nurse,Debt consolidation loan,Borrower-written description of the loan purpose.,249,https://example.com/loan/2739
2740,11601.86, 60 months,18.9%,A,A4,181821.59,12.21,OWN,CA,vacation,Fully Paid,4,0,1,39.68%,10,13,Verified,Jun-08,100002739,100002739,100002739,900002739,DL502739,DL502739,MEMBER-2740,Driver,Debt consolidation loan,Borrower-written description of the loan purpose.,949,https://example.com/loan/2740
2741,6177.16, 60 months,21.31%,C,C4,47302.17,13.88,MORTGAGE,FL,medical,Current,4,1,2,14.84%,8,8,Source Verified,Apr-08,100002740,100002740,100002740,900002740,DL502740,DL502740,MEMBER-2741,Software Engineer,Debt consolidation loan,Borrower-written description of the loan purpose.,897,https://example.com/loan/2741
2742,7981.81, 60 months,9.79%,D,D3,82669.98,1.86,RENT,GA,moving,Current,1,2,0,87.36%,24,28,Source Verified,Jan-18,100002741,100002741,100002741,900002741,DL502741,DL502741,MEMBER-2742,Retail Associate,Debt consolidation loan,Borrower-written description of the loan purpose.,829,https://example.com/loan/2742
2743,23616.2, 36 months,8.89%,G,G5,77576.79,3.42,OWN,NC,vacation,Fully Paid,4,0,2,21.91%,10,49,Source Verified,Dec-12,100002742,100002742,100002742,900002742,DL502742,DL502742,MEMBER-2743,Driver,Debt consolidation loan,Borrower-written description of the loan purpose.,514,https://example.com/loan/2743
2744,27555.72, 60 months,19.77%,E,E4,128672.0,24.21,RENT,PA,moving,Current,1,3,NA,54.22%,11,39,Not Verified,Oct-16,100002743,100002743,100002743,900002743,DL502743,DL502743,MEMBER-2744,Driver,Debt consolidation loan,Borrower-written description of the loan purpose.,102,https://example.com/loan/2744
2745,17656.03, 36 months,9.29%,E,E4,138302.48,16.59,OWN,GA,house,Current,4,0,2,48.73%,13,58,Verified,May-11,100002744,100002744,100002744,900002744,DL502744,DL502744,MEMBER-2745,Driver,Debt consolidation loan,Borrower-written description of the loan purpose.,853,https://example.com/loan/2745
2746,6065.44, 60 months,11.96%,E,E2,91568.03,29.16,MORTGAGE,NC,other,Current,0,3,0,5.6%,15,53,Not Verified,Jul-16,100002745,100002745,100002745,900002745,DL502745,DL502745,MEMBER-2746,Driver,Debt consolidation loan,Borrower-written description of the loan purpose.,364,https://example.com/loan/2746
2747,26093.04, 36 months,16.98%,E,E2,170563.5,19.59,OWN,PA,major_purchase,Fully Paid,2,1,1,68.02%,4,55,Verified,Nov-13,100002746,100002746,100002746,900002746,DL502746,DL502746,MEMBER-2747,Software Engineer,Debt consolidation loan,Borrower-written description of the loan purpose.,819,https://example.com/loan/2747
2748,26471.99, 36 months,14.24%,C,C5,70623.55,4.63,NONE,MI,home_improvement,Current,0,2,2,18.75%,6,52,Source Verified,Aug-12,100002747,100002747,100002747,900002747,DL502747,DL502747,MEMBER-2748,Software Engineer,Debt consolidation loan,Borrower-written description of the loan purpose.,941,https://example.com/loan/2748
2749,23725.99, 60 months,8.89%,G,G1,137209.06,7.51,OWN,NC,major_purchase,Fully Paid,0,2,1,85.26%,9,13,Verified,Apr-10,100002748,100002748,100002748,900002748,DL502748,DL502748,MEMBER-2749,Retail Associate,Debt consolidation loan,Borrower-written description of the loan purpose.,734,https://example.com/loan/2749
2750,13474.01, 60 months,16.53%,C,C3,183353.18,11.1,RENT,MI,vacation,Fully Paid,0,0,NA,31.3%,2,4,Not Verified,Jun-09,100002749,100002749,100002749,900002749,DL502749,DL502749,MEMBER-2750,Retail Associate,Debt consolidation loan,Borrower-written description of the loan purpose.,866,https://example.com/loan/2750
2751,20762.22, 60 months,23.24%,D,D1,143564.33,11.38,OWN,OH,vacation,Current,4,3,0,20.16%,18,40,Verified,May-10,100002750,100002750,100002750,900002750,DL502750,DL502750,MEMBER-2751,Nurse,Debt consolidation loan,Borrower-written description of the loan purpose.,852,https://example.com/loan/2751
2752,16522.31, 36 months,6.96%,C,C5,110529.15,26.32,OWN,FL,renewable_energy,Fully Paid,0,1,1,85.7%,17,46,Not Verified,Nov-08,100002751,100002751,100002751,900002751,DL502751,DL502751,MEMBER-2752,Software Engineer,Debt consolidation loan,Borrower-written description of the loan purpose.,721,https://example.com/loan/2752
2753,14380.78, 36 months,24.11%,E,E3,54902.33,11.94,OWN,GA,wedding,Fully Paid,4,1,0,59.18%,19,5,Not Verified,Dec-18,100002752,100002752,100002752,900002752,DL502752,DL502752,MEMBER-2753,Software Engineer,Debt consolidation loan,Borrower-written description of the loan purpose.,696,https://example.com/loan/2753
2754,26063.65, 36 months,5.83%,A,A4,39931.2,3.23,OTHER,MI,wedding,Current,0,1,NA,24.76%,28,24,Source Verified,Jul-10,100002753,100002753,100002753,900002753,DL502753,DL502753,MEMBER-2754,Nurse,Debt consolidation loan,Borrower-written description of the loan purpose.,800,https://example.com/loan/2754
2755,32241.77, 60 months,5.58%,D,D1,106436.77,2.64,OWN,GA,wedding,Fully Paid,0,2,2,89.5%,23,18,Source Verified,Oct-10,100002754,100002754,100002754,900002754,DL502754,DL502754,MEMBER-2755,Nurse,Debt consolidation loan,Borrower-written description of the loan purpose.,933,https://example.com/loan/2755
2756,971.15, 60 months,10.13%,G,G4,42662.77,21.28,OTHER,TX,other,Current,2,1,2,39.28%,30,7,Source Verified,May-10,100002755,100002755,100002755,900002755,DL502755,DL502755,MEMBER-2756,Retail Associate,Debt consolidation loan,Borrower-written description of the loan purpose.,987,https://example.com/loan/2756
2757,20511.06, 36 months,6.47%,C,C1,52134.97,10.83,OWN,FL,car,Charged Off,3,1,NA,53.29%,26,21,Source Verified,Dec-08,100002756,100002756,100002756,900002756,DL502756,DL502756,MEMBER-2757,Nurse,Debt consolidation loan,Borrower-written description of the loan purpose.,555,https://example.com/loan/2757
2758,872.54, 36 months,13.46%,D,D4,137811.05,9.64,OWN,PA,credit_card,Current,4,0,NA,35.43%,19,60,Verified,Mar-11,100002757,100002757,100002757,900002757,DL502757,DL502757,MEMBER-2758,Software Engineer,Debt consolidation loan,Borrower-written description of the loan purpose.,762,https://example.com/loan/2758
2759,29903.4, 60 months,16.44%,D,D4,113228.46,25.32,OTHER,PA,vacation,Fully Paid,1,2,0,20.73%,29,11,Verified,Jun-13,100002758,100002758,100002758,900002758,DL502758,DL502758,MEMBER-2759,Nurse,Debt consolidation loan,Borrower-written description of the loan purpose.,176,https://example.com/loan/2759
2760,8583.04, 36 months,20.98%,D,D1,95253.51,13.55,OTHER,FL,vacation,Fully Paid,4,1,1,25.25%,6,35,Verified,Aug-09,100002759,100002759,100002759,900002759,DL502759,DL502759,MEMBER-2760,Software Engineer,Debt consolidation loan,Borrower-written description of the loan purpose.,703,https://example.com/loan/2760
2761,34014.69, 60 months,14.79%,G,G3,100634.93,0.96,NONE,IL,major_purchase,Fully Paid,2,2,1,65.15%,24,30,Not Verified,Nov-14,100002760,100002760,100002760,900002760,DL502760,DL502760,MEMBER-2761,Nurse,Debt consolidation loan,Borrower-written description of the loan purpose.,506,https://example.com/loan/2761
2762,2277.74, 60 months,7.63%,D,D3,107362.93,0.48,MORTGAGE,MI,home_improvement,Current,0,0,0,17.9%,5,11,Not Verified,Mar-14,100002761,100002761,100002761,900002761,DL502761,DL502761,MEMBER-2762,Software Engineer,Debt consolidation loan,Borrower-written description of the loan purpose.,599,https://example.com/loan/2762
2763,21453.56, 60 months,21.78%,C,C1,182954.44,13.98,RENT,NY,wedding,Fully Paid,2,0,NA,47.2%,7,4,Verified,Aug-14,100002762,100002762,100002762,900002762,DL502762,DL502762,MEMBER-2763,Driver,Debt consolidation loan,Borrower-written description of the loan purpose.,202,https://example.com/loan/2763
2764,32555.08, 60 months,22.59%,A,A2,34685.12,0.78,MORTGAGE,NC,credit_card,Fully Paid,0,1,NA,99.26%,23,7,Not Verified,Apr-15,100002763,100002763,100002763,900002763,DL502763,DL502763,MEMBER-2764,Retail Associate,Debt consolidation loan,Borrower-written description of the loan purpose.,843,https://example.com/loan/2764
2765,8958.16, 60 months,20.03%,A,A2,114786.63,25.35,NONE,NY,small_business,Fully Paid,0,3,NA,61.35%,2,49,Not Verified,May-10,100002764,100002764,100002764,900002764,DL502764,DL502764,MEMBER-2765,Retail Associate,Debt consolidation loan,Borrower-written description of the loan purpose.,163,https://example.com/loan/2765
2766,7962.46, 36 months,20.94%,C,C4,189386.04,24.47,OWN,OH,moving,Fully Paid,3,1,2,66.42%,12,11,Verified,Feb-15,100002765,100002765,100002765,900002765,DL502765,DL502765,MEMBER-2766,Nurse,Debt consolidation loan,Borrower-written description of the loan purpose.,769,https://example.com/loan/2766
2767,22472.18, 36 months,23.42%,G,G1,94492.85,27.78,RENT,CA,moving,Fully Paid,1,0,0,23.03%,25,58,Verified,Mar-14,100002766,100002766,100002766,900002766,DL502766,DL502766,MEMBER-2767,Retail Associate,Debt consolidation loan,Borrower-written description of the loan purpose.,728,https://example.com/loan/2767
2768,7330.48, 36 months,23.32%,G,G4,130080.73,13.29,MORTGAGE,OH,credit_card,Current,4,0,2,33.16%,20,43,Source Verified,Aug-12,100002767,100002767,100002767,900002767,DL502767,DL502767,MEMBER-2768,Nurse,Debt consolidation loan,Borrower-written description of the loan purpose.,451,https://example.com/loan/2768
2769,13148.32, 60 months,6.27%,G,G3,177979.09,14.1,OWN,NC,home_improvement,Charged Off,1,3,0,55.88%,19,21,Verified,Apr-13,100002768,100002768,100002768,900002768,DL502768,DL502768,MEMBER-2769,Software Engineer,Debt consolidation loan,Borrower-written description of the loan purpose.,300,https://example.com/loan/2769
2770,29862.23, 36 months,17.46%,E,E2,58312.48,26.03,MORTGAGE,NC,small_business,Fully Paid,4,2,0,7.86%,17,41,Not Verified,Feb-10,100002769,100002769,100002769,900002769,DL502769,DL502769,MEMBER-2770,Nurse,Debt consolidation loan,Borrower-written description of the loan purpose.,127,https://example.com/loan/2770
2771,26394.48, 60 months,19.62%,C,C2,82667.52,0.95,MORTGAGE,MI,car,Fully Paid,0,3,1,70.14%,27,60,Verified,Sep-13,100002770,100002770,100002770,900002770,DL502770,DL502770,MEMBER-2771,Retail Associate,Debt consolidation loan,Borrower-written description of the loan purpose.,206,https://example.com/loan/2771
2772,33618.19, 60 months,22.42%,B,B2,178233.87,21.43,MORTGAGE,OH,wedding,Current,1,2,NA,13.37%,28,38,Source Verified,Oct-17,100002771,100002771,100002771,900002771,DL502771,DL502771,MEMBER-2772,Driver,Debt consolidation loan,Borrower-written description of the loan purpose.,295,https://example.com/loan/2772
2773,22770.29, 36 months,11.51%,E,E5,134478.8,7.84,OWN,GA,major_purchase,Fully Paid,4,3,0,72.45%,17,9,Not Verified,Sep-16,100002772,100002772,100002772,900002772,DL502772,DL502772,MEMBER-2773,Software Engineer,Debt consolidation loan,Borrower-written description of the loan purpose.,613,https://example.com/loan/2773
2774,34822.5, 36 months,10.05%,E,E1,28663.14,15.11,NONE,PA,credit_card,Current,3,0,0,66.5%,21,25,Source Verified,Sep-12,100002773,100002773,100002773,900002773,DL502773,DL502773,MEMBER-2774,Retail Associate,Debt consolidation loan,Borrower-written description of the loan purpose.,157,https://example.com/loan/2774
2775,838.14, 60 months,18.94%,D,D1,55853.42,29.19,NONE,MI,wedding,Fully Paid,0,2,2,76.96%,21,7,Source Verified,Jan-09,100002774,100002774,100002774,900002774,DL502774,DL502774,MEMBER-2775,Retail Associate,Debt consolidation loan,Borrower-written description of the loan purpose.,687,https://example.com/loan/2775
2776,27195.76, 60 months,22.3%,B,B4,164376.87,8.06,NONE,GA,wedding,Current,1,3,2,87.07%,21,3,Source Verified,Apr-13,100002775,100002775,100002775,900002775,DL502775,DL502775,MEMBER-2776,Retail Associate,Debt consolidation loan,Borrower-written description of the loan purpose.,278,https://example.com/loan/2776
2777,2101.96, 36 months,16.71%,B,B4,92366.53,25.33,MORTGAGE,GA,other,Fully Paid,3,0,NA,92.9%,9,48,Not Verified,Nov-15,100002776,100002776,100002776,900002776,DL502776,DL502776,MEMBER-2777,Software Engineer,Debt consolidation loan,Borrower-written description of the loan purpose.,880,https://example.com/loan/2777
2778,20690.98, 36 months,19.58%,E,E4,62485.46,14.46,OTHER,IL,credit_card,Fully Paid,1,0,0,15.05%,5,53,Source Verified,Aug-12,100002777,100002777,100002777,900002777,DL502777,DL502777,MEMBER-2778,Software Engineer,Debt consolidation loan,Borrower-written description of the loan purpose.,720,https://example.com/loan/2778
2779,12711.89, 36 months,7.98%,C,C2,70219.91,18.94,RENT,CA,credit_card,Current,0,0,NA,53.05%,23,41,Not Verified,Jul-12,100002778,100002778,100002778,900002778,DL502778,DL502778,MEMBER-2779,Software Engineer,Debt consolidation loan,Borrower-written description of the loan purpose.,607,https://example.com/loan/2779
2780,27771.64, 36 months,9.21%,F,F5,93139.19,1.84,OTHER,FL,medical,Current,0,0,NA,35.06%,17,44,Source Verified,Jan-11,100002779,100002779,100002779,900002779,DL502779,DL502779,MEMBER-2780,Software Engineer,Debt consolidation loan,Borrower-written description of the loan purpose.,624,https://example.com/loan/2780
2781,4035.46, 36 months,15.61%,A,A1,69772.57,22.46,MORTGAGE,OH,debt_consolidation,Fully Paid,0,0,2,24.6%,9,24,Not Verified,Aug-17,100002780,100002780,100002780,900002780,DL502780,DL502780,MEMBER-2781,Retail Associate,Debt consolidation loan,Borrower-written description of the loan purpose.,274,https://example.com/loan/2781
2782,26567.72, 60 months,18.31%,B,B1,25559.11,13.23,OWN,FL,vacation,Fully Paid,4,3,1,4.4%,13,9,Verified,May-14,100002781,100002781,100002781,900002781,DL502781,DL502781,MEMBER-2782,Software Engineer,Debt consolidation loan,Borrower-written description of the loan purpose.,315,https://example.com/loan/2782
2783,20947.54, 60 months,18.96%,A,A3,178362.79,0.73,OTHER,IL,renewable_energy,Charged Off,3,0,NA,64.05%,27,24,Source Verified,Apr-14,100002782,100002782,100002782,900002782,DL502782,DL502782,MEMBER-2783,Nurse,Debt consolidation loan,Borrower-written description of the loan purpose.,794,https://example.com/loan/2783
2784,22220.03, 36 months,13.65%,B,B3,87139.43,9.09,RENT,CA,car,Fully Paid,4,2,NA,37.62%,9,31,Verified,Mar-17,100002783,100002783,100002783,900002783,DL502783,DL502783,MEMBER-2784,Driver,Debt consolidation loan,Borrower-written description of the loan purpose.,705,https://example.com/loan/2784
2785,10960.09, 60 months,20.9%,G,G4,174846.24,4.69,OWN,MI,major_purchase,Current,3,1,NA,84.98%,17,14,Verified,Sep-14,100002784,100002784,100002784,900002784,DL502784,DL502784,MEMBER-2785,Software Engineer,Debt consolidation loan,Borrower-written description of the loan purpose.,767,https://example.com/loan/2785
2786,24272.63, 36 months,11.87%,F,F1,97350.49,27.94,NONE,FL,other,Current,4,3,NA,84.53%,28,26,Not Verified,Oct-12,100002785,100002785,100002785,900002785,DL502785,DL502785,MEMBER-2786,Nurse,Debt consolidation loan,Borrower-written description of the loan purpose.,337,https://example.com/loan/2786
2787,573.45, 60 months,11.28%,F,F2,194604.21,13.25,OWN,OH,house,Fully Paid,4,3,NA,74.99%,6,37,Verified,Dec-16,100002786,100002786,100002786,900002786,DL502786,DL502786,MEMBER-2787,Software Engineer,Debt consolidation loan,Borrower-written description of the loan purpose.,811,https://example.com/loan/2787
2788,31228.77, 36 months,19.94%,A,A3,199978.07,9.07,NONE,IL,vacation,Fully Paid,0,2,2,31.75%,5,16,Verified,Apr-14,100002787,100002787,100002787,900002787,DL502787,DL502787,MEMBER-2788,Driver,Debt consolidation loan,Borrower-written description of the loan purpose.,310,https://example.com/loan/2788
2789,2547.87, 60 months,8.92%,G,G4,48402.23,29.35,RENT,NC,vacation,Charged Off,0,1,1,0.02%,30,47,Source Verified,Aug-08,100002788,100002788,100002788,900002788,DL502788,DL502788,MEMBER-2789,Driver,Debt consolidation loan,Borrower-written description of the loan purpose.,165,https://example.com/loan/2789
2790,34573.93, 60 months,20.37%,F,F1,21190.45,13.18,OTHER,IL,home_improvement,Fully Paid,0,3,0,1.81%,12,55,Not Verified,Jul-13,100002789,100002789,100002789,900002789,DL502789,DL502789,MEMBER-2790,Driver,Debt consolidation loan,Borrower-written description of the loan purpose.,415,https://example.com/loan/2790
2791,17704.62, 36 months,6.68%,F,F3,91875.54,9.75,MORTGAGE,CA,house,Charged Off,1,1,0,57.33%,5,52,Not Verified,Sep-09,100002790,100002790,100002790,900002790,DL502790,DL502790,MEMBER-2791,Driver,Debt consolidation loan,Borrower-written description of the loan purpose.,440,https://example.com/loan/2791
2792,33855.64, 36 months,12.03%,F,F3,86203.46,2.15,MORTGAGE,CA,renewable_energy,Current,3,0,1,12.42%,28,8,Source Verified,Mar-18,100002791,100002791,100002791,900002791,DL502791,DL502791,MEMBER-2792,Driver,Debt consolidation loan,Borrower-written description of the loan purpose.,161,https://example.com/loan/2792
2793,3287.48, 60 months,7.45%,C,C5,55132.3,20.32,OTHER,MI,renewable_energy,Current,1,0,1,78.85%,3,22,Not Verified,Feb-15,100002792,100002792,100002792,900002792,DL502792,DL502792,MEMBER-2793,Driver,Debt consolidation loan,Borrower-written description of the loan purpose.,291,https://example.com/loan/2793
2794,33045.24, 36 months,15.08%,A,A4,144402.4,15.67,NONE,GA,vacation,Current,2,2,1,69.88%,9,50,Verified,Nov-11,100002793,100002793,100002793,900002793,DL502793,DL502793,MEMBER-2794,Driver,Debt consolidation loan,Borrower-written description of the loan purpose.,275,https://example.com/loan/2794
2795,18974.87, 36 months,21.68%,B,B2,88173.51,9.15,OTHER,NC,renewable_energy,Fully Paid,0,3,1,97.36%,20,40,Verified,Mar-18,100002794,100002794,100002794,900002794,DL502794,DL502794,MEMBER-2795,Driver,Debt consolidation loan,Borrower-written description of the loan purpose.,412,https://example.com/loan/2795
2796,22358.47, 36 months,14.09%,A,A4,97769.14,4.19,OTHER,PA,debt_consolidation,Fully Paid,0,2,1,63.32%,27,24,Verified,Jul-10,100002795,100002795,100002795,900002795,DL502795,DL502795,MEMBER-2796,Nurse,Debt consolidation loan,Borrower-written description of the loan purpose.,278,https://example.com/loan/2796
2797,15712.32, 36 months,6.68%,D,D4,55655.5,1.31,OTHER,GA,renewable_energy,Fully Paid,4,1,2,29.59%,29,5,Source Verified,Jun-17,100002796,100002796,100002796,900002796,DL502796,DL502796,MEMBER-2797,Retail Associate,Debt consolidation loan,Borrower-written description of the loan purpose.,326,https://example.com/loan/2797
2798,32100.69, 60 months,7.52%,A,A3,158472.73,3.37,MORTGAGE,TX,debt_consolidation,Charged Off,1,2,2,39.28%,1,26,Not Verified,Oct-18,100002797,100002797,100002797,900002797,DL502797,DL502797,MEMBER-2798,Driver,Debt consolidation loan,Borrower-written description of the loan purpose.,970,https://example.com/loan/2798
2799,11473.75, 36 months,24.35%,E,E1,178743.61,13.02,OWN,MI,wedding,Current,0,2,1,66.2%,25,40,Not Verified,Aug-09,100002798,100002798,100002798,900002798,DL502798,DL502798,MEMBER-2799,Retail Associate,Debt consolidation loan,Borrower-written description of the loan purpose.,562,https://example.com/loan/2799
2800,20349.63, 36 months,15.64%,E,E2,198916.69,12.65,RENT,MI,vacation,Fully Paid,3,2,1,77.81%,17,31,Verified,Sep-14,100002799,100002799,100002799,900002799,DL502799,DL502799,MEMBER-2800,Driver,Debt consolidation loan,Borrower-written description of the loan purpose.,199,https://example.com/loan/2800
2801,5927.01, 60 months,8.62%,E,E1,196383.75,26.58,OWN,TX,vacation,Current,0,3,0,0.86%,8,58,Verified,Mar-16,100002800,100002800,100002800,900002800,DL502800,DL502800,MEMBER-2801,Nurse,Debt consolidation loan,Borrower-written description of the loan purpose.,712,https://example.com/loan/2801
2802,20423.36, 36 months,6.77%,E,E3,93803.02,3.82,OWN,MI,home_improvement,Fully Paid,1,0,0,62.83%,5,26,Source Verified,Mar-13,100002801,100002801,100002801,900002801,DL502801,DL502801,MEMBER-2802,Retail Associate,Debt consolidation loan,Borrower-written description of the loan purpose.,643,https://example.com/loan/2802
2803,3863.36, 60 months,18.02%,C,C4,177803.79,25.75,OWN,NY,debt_consolidation,Current,1,2,0,46.87%,7,3,Not Verified,Feb-12,100002802,100002802,100002802,900002802,DL502802,DL502802,MEMBER-2803,Nurse,Debt consolidation loan,Borrower-written description of the loan purpose.,553,https://example.com/loan/2803
2804,25200.22, 36 months,16.63%,F,F4,98328.2,25.12,NONE,IL,debt_consolidation,Fully Paid,0,0,NA,73.16%,11,47,Verified,Dec-17,100002803,100002803,100002803,900002803,DL502803,DL502803,MEMBER-2804,Software Engineer,Debt consolidation loan,Borrower-written description of the loan purpose.,279,https://example.com/loan/2804
2805,20954.94, 36 months,24.09%,A,A3,103325.62,13.98,NONE,PA,small_business,Current,2,0,0,93.8%,2,29,Source Verified,Jul-14,100002804,100002804,100002804,900002804,DL502804,DL502804,MEMBER-2805,Driver,Debt consolidation loan,Borrower-written description of the loan purpose.,933,https://example.com/loan/2805
2806,18520.56, 36 months,14.82%,B,B3,64363.07,27.89,MORTGAGE,GA,vacation,Current,0,1,1,27.11%,1,56,Not Verified,Nov-15,100002805,100002805,100002805,900002805,DL502805,DL502805,MEMBER-2806,Driver,Debt consolidation loan,Borrower-written description of the loan purpose.,681,https://example.com/loan/2806
2807,7050.19, 36 months,14.46%,C,C3,169181.38,27.02,NONE,TX,educational,Fully Paid,1,3,0,35.93%,9,39,Source Verified,Jul-08,100002806,100002806,100002806,900002806,DL502806,DL502806,MEMBER-2807,Driver,Debt consolidation loan,Borrower-written description of the loan purpose.,328,https://example.com/loan/2807
2808,34243.34, 36 months,15.9%,B,B1,34643.52,1.4,RENT,PA,small_business,Current,2,0,NA,48.34%,13,19,Verified,Dec-17,100002807,100002807,100002807,900002807,DL502807,DL502807,MEMBER-2808,Software Engineer,Debt consolidation loan,Borrower-written description of the loan purpose.,688,https://example.com/loan/2808
2809,2206.32, 60 months,23.02%,E,E4,143179.45,27.99,OTHER,FL,debt_consolidation,Fully Paid,4,3,1,80.8%,23,7,Not Verified,Mar-08,100002808,100002808,100002808,900002808,DL502808,DL502808,MEMBER-2809,Retail Associate,Debt consolidation loan,Borrower-written description of the loan purpose.,749,https://example.com/loan/2809
2810,10186.74, 36 months,8.18%,E,E5,144462.37,13.58,RENT,IL,major_purchase,Fully Paid,3,3,0,31.24%,27,19,Not Verified,Apr-08,100002809,100002809,100002809,900002809,DL502809,DL502809,MEMBER-2810,Software Engineer,Debt consolidation loan,Borrower-written description of the loan purpose.,902,https://example.com/loan/2810
2811,25760.29, 60 months,18.86%,C,C1,72440.96,16.55,RENT,MI,house,Fully Paid,2,1,NA,41.44%,7,38,Verified,Dec-14,100002810,100002810,100002810,900002810,DL502810,DL502810,MEMBER-2811,Software Engineer,Debt consolidation loan,Borrower-written description of the loan purpose.,805,https://example.com/loan/2811
2812,5466.51, 36 months,21.29%,G,G4,118286.77,4.95,MORTGAGE,NC,car,Fully Paid,4,0,NA,49.08%,12,9,Source Verified,Jul-12,100002811,100002811,100002811,900002811,DL502811,DL502811,MEMBER-2812,Driver,Debt consolidation loan,Borrower-written description of the loan purpose.,225,https://example.com/loan/2812
2813,8157.93, 60 months,14.24%,C,C2,171432.16,5.17,RENT,OH,car,Fully Paid,4,3,NA,89.41%,21,32,Source Verified,Dec-17,100002812,100002812,100002812,900002812,DL502812,DL502812,MEMBER-2813,Software Engineer,Debt consolidation loan,Borrower-written description of the loan purpose.,321,https://example.com/loan/2813
2814,18148.05, 36 months,12.42%,A,A5,141301.16,17.25,MORTGAGE,PA,moving,Current,0,2,NA,91.37%,4,46,Source Verified,Dec-14,100002813,100002813,100002813,900002813,DL502813,DL502813,MEMBER-2814,Driver,Debt consolidation loan,Borrower-written description of the loan purpose.,673,https://example.com/loan/2814
2815,13416.63, 60 months,22.21%,C,C2,51709.88,21.66,MORTGAGE,FL,home_improvement,Fully Paid,4,1,NA,36.29%,22,30,Source Verified,Jun-12,100002814,100002814,100002814,900002814,DL502814,DL502814,MEMBER-2815,Nurse,Debt consolidation loan,Borrower-written description of the loan purpose.,763,https://example.com/loan/2815
2816,24751.8, 36 months,20.16%,C,C5,110559.65,12.14,OTHER,FL,house,Fully Paid,0,3,2,84.02%,19,34,Verified,Jun-16,100002815,100002815,100002815,900002815,DL502815,DL502815,MEMBER-2816,Software Engineer,Debt consolidation loan,Borrower-written description of the loan purpose.,240,https://example.com/loan/2816
2817,9321.55, 36 months,16.63%,E,E5,125643.68,16.17,RENT,GA,medical,Charged Off,2,1,NA,91.7%,12,53,Verified,Jul-17,100002816,100002816,100002816,900002816,DL502816,DL502816,MEMBER-2817,Software Engineer,Debt consolidation loan,Borrower-written description of the loan purpose.,831,https://example.com/loan/2817
2818,19215.53, 36 months,18.2%,G,G2,130762.18,8.24,MORTGAGE,OH,other,Charged Off,3,0,NA,59.57%,24,14,Not Verified,Dec-16,100002817,100002817,100002817,900002817,DL502817,DL502817,MEMBER-2818,Software Engineer,Debt consolidation loan,Borrower-written description of the loan purpose.,316,https://example.com/loan/2818
2819,3492.4, 60 months,13.24%,B,B2,70891.37,27.22,OWN,PA,other,Fully Paid,4,0,0,31.87%,1,52,Not Verified,Jun-09,100002818,100002818,100002818,900002818,DL502818,DL502818,MEMBER-2819,Retail Associate,Debt consolidation loan,Borrower-written description of the loan purpose.,815,https://example.com/loan/2819
2820,14710.21, 60 months,18.3%,B,B2,141241.1,11.17,MORTGAGE,NC,credit_card,Fully Paid,1,3,1,0.13%,9,31,Not Verified,May-08,100002819,100002819,100002819,900002819,DL502819,DL502819,MEMBER-2820,Driver,Debt consolidation loan,Borrower-written description of the loan purpose.,153,https://example.com/loan/2820
2821,3026.26, 36 months,23.06%,C,C5,59187.77,29.5,MORTGAGE,PA,home_improvement,Current,2,0,NA,56.28%,1,30,Not Verified,Jan-15,100002820,100002820,100002820,900002820,DL502820,DL502820,MEMBER-2821,Nurse,Debt consolidation loan,Borrower-written description of the loan purpose.,399,https://example.com/loan/2821
2822,25011.43, 60 months,7.17%,A,A2,125744.6,8.42,MORTGAGE,NC,home_improvement,Fully Paid,4,1,0,25.55%,16,29,Source Verified,Oct-16,100002821,100002821,100002821,900002821,DL502821,DL502821,MEMBER-2822,Software Engineer,Debt consolidation loan,Borrower-written description of the loan purpose.,253,https://example.com/loan/2822
2823,34370.58, 36 months,5.66%,E,E5,51190.99,23.86,RENT,GA,renewable_energy,Current,1,1,1,41.14%,6,55,Source Verified,Jul-18,100002822,100002822,100002822,900002822,DL502822,DL502822,MEMBER-2823,Nurse,Debt consolidation loan,Borrower-written description of the loan purpose.,312,https://example.com/loan/2823
2824,3018.58, 60 months,10.94%,A,A1,185435.13,3.71,NONE,CA,house,Current,0,0,NA,86.24%,10,40,Source Verified,Apr-10,100002823,100002823,100002823,900002823,DL502823,DL502823,MEMBER-2824,Nurse,Debt consolidation loan,Borrower-written description of the loan purpose.,185,https://example.com/loan/2824
2825,29593.16, 36 months,16.34%,B,B5,136517.06,9.33,MORTGAGE,TX,major_purchase,Fully Paid,1,3,1,61.16%,1,43,Verified,Aug-10,100002824,100002824,100002824,900002824,DL502824,DL502824,MEMBER-2825,Driver,Debt consolidation loan,Borrower-written description of the loan purpose.,471,https://example.com/loan/2825
2826,9863.57, 36 months,16.78%,C,C3,134502.26,9.69,MORTGAGE,TX,car,Fully Paid,1,1,1,85.83%,1,52,Source Verified,Nov-13,100002825,100002825,100002825,900002825,DL502825,DL502825,MEMBER-2826,Nurse,Debt consolidation loan,Borrower-written description of the loan purpose.,883,https://example.com/loan/2826
2827,1046.85, 36 months,17.6%,A,A4,145309.63,22.71,MORTGAGE,TX,debt_consolidation,Fully Paid,4,0,NA,29.38%,11,28,Not Verified,Dec-14,100002826,100002826,100002826,900002826,DL502826,DL502826,MEMBER-2827,Driver,Debt consolidation loan,Borrower-written description of the loan purpose.,326,https://example.com/loan/2827
2828,15915.41, 36 months,12.46%,D,D3,88262.8,19.18,NONE,TX,house,Fully Paid,2,1,0,60.11%,30,25,Source Verified,Mar-14,100002827,100002827,100002827,900002827,DL502827,DL502827,MEMBER-2828,Nurse,Debt consolidation loan,Borrower-written description of the loan purpose.,330,https://example.com/loan/2828
2829,23339.27, 36 months,14.92%,G,G1,107321.89,26.07,RENT,TX,renewable_energy,Fully Paid,2,2,2,5.77%,22,49,Verified,Jan-17,100002828,100002828,100002828,900002828,DL502828,DL502828,MEMBER-2829,Driver,Debt consolidation loan,Borrower-written description of the loan purpose.,553,https://example.com/loan/2829
2830,28372.34, 60 months,16.86%,D,D1,179390.78,14.31,MORTGAGE,FL,credit_card,Fully Paid,2,2,NA,62.77%,16,16,Not Verified,Mar-11,100002829,100002829,100002829,900002829,DL502829,DL502829,MEMBER-2830,Nurse,Debt consolidation loan,Borrower-written description of the loan purpose.,637,https://example.com/loan/2830
2831,20937.93, 60 months,15.25%,F,F5,182597.99,25.31,NONE,MI,moving,Current,0,3,NA,75.89%,17,28,Source Verified,Jan-17,100002830,100002830,100002830,900002830,DL502830,DL502830,MEMBER-2831,Nurse,Debt consolidation loan,Borrower-written description of the loan purpose.,877,https://example.com/loan/2831
2832,6825.88, 36 months,9.47%,G,G2,178182.29,12.28,RENT,OH,small_business,Charged Off,1,2,NA,85.43%,1,42,Not Verified,May-15,100002831,100002831,100002831,900002831,DL502831,DL502831,MEMBER-2832,Nurse,Debt consolidation loan,Borrower-written description of the loan purpose.,687,https://example.com/loan/2832
2833,9561.6, 36 months,16.26%,A,A5,70839.57,8.17,OWN,MI,wedding,Fully Paid,0,3,1,30.41%,4,44,Source Verified,May-17,100002832,100002832,100002832,900002832,DL502832,DL502832,MEMBER-2833,Nurse,Debt consolidation loan,Borrower-written description of the loan purpose.,563,https://example.com/loan/2833
2834,9243.1, 60 months,11.6%,A,A2,156753.41,1.07,NONE,PA,house,Fully Paid,3,1,NA,14.29%,23,36,Verified,Apr-10,100002833,100002833,100002833,900002833,DL502833,DL502833,MEMBER-2834,Nurse,Debt consolidation loan,Borrower-written description of the loan purpose.,432,https://example.com/loan/2834
2835,21205.27, 60 months,20.46%,G,G5,39954.06,27.5,NONE,CA,credit_card,Charged Off,0,3,NA,73.21%,24,51,Source Verified,Apr-13,100002834,100002834,100002834,900002834,DL502834,DL502834,MEMBER-2835,Nurse,Debt consolidation loan,Borrower-written description of the loan purpose.,398,https://example.com/loan/2835
2836,10058.43, 60 months,13.19%,E,E1,93297.33,9.76,OWN,TX,home_improvement,Fully Paid,3,2,NA,54.6%,22,7,Not Verified,May-10,100002835,100002835,100002835,900002835,DL502835,DL502835,MEMBER-2836,Software Engineer,Debt consolidation loan,Borrower-written description of the loan purpose.,853,https://example.com/loan/2836
2837,12241.97, 36 months,17.96%,B,B5,80159.17,24.03,MORTGAGE,CA,wedding,Fully Paid,2,2,NA,91.6%,18,16,Source Verified,Sep-17,100002836,100002836,100002836,900002836,DL502836,DL502836,MEMBER-2837,Nurse,Debt consolidation loan,Borrower-written description of the loan purpose.,813,https://example.com/loan/2837
2838,17747.01, 60 months,17.93%,A,A4,158809.2,12.64,OTHER,NC,renewable_energy,Current,1,0,0,4.12%,18,28,Source Verified,Aug-09,100002837,100002837,100002837,900002837,DL502837,DL502837,MEMBER-2838,Software Engineer,Debt consolidation loan,Borrower-written description of the loan purpose.,729,https://example.com/loan/2838
2839,13021.36, 36 months,6.71%,A,A3,133552.72,0.68,NONE,FL,wedding,Charged Off,3,3,2,66.21%,11,3,Verified,Jun-10,100002838,100002838,100002838,900002838,DL502838,DL502838,MEMBER-2839,Nurse,Debt consolidation loan,Borrower-written description of the loan purpose.,737,https://example.com/loan/2839
2840,24810.07, 60 months,22.81%,G,G3,70363.03,19.08,RENT,FL,debt_consolidation,Charged Off,4,2,1,51.81%,30,48,Source Verified,May-08,100002839,100002839,100002839,900002839,DL502839,DL502839,MEMBER-2840,Software Engineer,Debt consolidation loan,Borrower-written description of the loan purpose.,764,https://example.com/loan/2840
2841,16444.65, 36 months,14.44%,E,E4,182585.3,1.94,RENT,FL,medical,Current,2,3,0,45.57%,24,39,Not Verified,Aug-08,100002840,100002840,100002840,900002840,DL502840,DL502840,MEMBER-2841,Retail Associate,Debt consolidation loan,Borrower-written description of the loan purpose.,471,https://example.com/loan/2841
2842,22884.39, 36 months,8.56%,G,G2,39245.56,16.33,MORTGAGE,NC,renewable_energy,Charged Off,0,2,2,70.21%,9,46,Source Verified,Sep-10,100002841,100002841,100002841,900002841,DL502841,DL502841,MEMBER-2842,Driver,Debt consolidation loan,Borrower-written description of the loan purpose.,167,https://example.com/loan/2842
2843,2169.67, 36 months,15.92%,C,C1,118560.15,5.94,RENT,NC,small_business,Fully Paid,2,3,NA,24.59%,30,22,Verified,Mar-12,100002842,100002842,100002842,900002842,DL502842,DL502842,MEMBER-2843,Driver,Debt consolidation loan,Borrower-written description of the loan purpose.,584,https://example.com/loan/2843
2844,12953.32, 60 months,17.31%,F,F3,125671.84,25.25,NONE,GA,debt_consolidation,Charged Off,1,2,1,53.51%,22,32,Not Verified,Sep-17,100002843,100002843,100002843,900002843,DL502843,DL502843,MEMBER-2844,Driver,Debt consolidation loan,Borrower-written description of the loan purpose.,455,https://example.com/loan/2844
2845,23855.55, 36 months,8.18%,G,G3,97971.8,2.96,OTHER,FL,house,Current,2,0,1,39.75%,16,24,Not Verified,Aug-14,100002844,100002844,100002844,900002844,DL502844,DL502844,MEMBER-2845,Software Engineer,Debt consolidation loan,Borrower-written description of the loan purpose.,195,https://example.com/loan/2845
2846,4100.5, 60 months,9.67%,E,E1,190678.47,12.37,OTHER,NC,home_improvement,Fully Paid,1,3,0,33.48%,24,30,Source Verified,Oct-18,100002845,100002845,100002845,900002845,DL502845,DL502845,MEMBER-2846,Retail Associate,Debt consolidation loan,Borrower-written description of the loan purpose.,825,https://example.com/loan/2846
2847,7236.45, 36 months,20.51%,E,E2,147364.47,29.78,RENT,MI,house,Fully Paid,4,3,2,36.31%,18,43,Verified,Feb-13,100002846,100002846,100002846,900002846,DL502846,DL502846,MEMBER-2847,Retail Associate,Debt consolidation loan,Borrower-written description of the loan purpose.,242,https://example.com/loan/2847
2848,2692.96, 36 months,23.79%,G,G2,137844.88,20.99,OTHER,FL,major_purchase,Charged Off,1,1,2,48.65%,11,30,Source Verified,Mar-09,100002847,100002847,100002847,900002847,DL502847,DL502847,MEMBER-2848,Nurse,Debt consolidation loan,Borrower-written description of the loan purpose.,632,https://example.com/loan/2848
2849,2816.6, 36 months,23.83%,E,E3,33347.38,9.7,RENT,CA,vacation,Current,3,1,1,55.83%,25,49,Source Verified,Sep-17,100002848,100002848,100002848,900002848,DL502848,DL502848,MEMBER-2849,Retail Associate,Debt consolidation loan,Borrower-written description of the loan purpose.,759,https://example.com/loan/2849
2850,12765.19, 60 months,21.64%,B,B2,132643.6,5.34,OWN,FL,moving,Fully Paid,4,0,NA,4.63%,2,4,Verified,Feb-16,100002849,100002849,100002849,900002849,DL502849,DL502849,MEMBER-2850,Nurse,Debt consolidation loan,Borrower-written description of the loan purpose.,699,https://example.com/loan/2850
2851,12422.85, 36 months,23.87%,B,B4,92040.43,16.65,NONE,NY,credit_card,Fully Paid,0,3,1,2.62%,21,3,Not Verified,Oct-08,100002850,100002850,100002850,900002850,DL502850,DL502850,MEMBER-2851,Nurse,Debt consolidation loan,Borrower-written description of the loan purpose.,128,https://example.com/loan/2851
2852,15855.81, 60 months,20.21%,E,E1,40868.94,20.06,OTHER,IL,vacation,Current,2,0,0,38.02%,4,42,Verified,Feb-08,100002851,100002851,100002851,900002851,DL502851,DL502851,MEMBER-2852,Driver,Debt consolidation loan,Borrower-written description of the loan purpose.,257,https://example.com/loan/2852
2853,31043.16, 36 months,16.67%,D,D5,177692.17,8.81,RENT,GA,wedding,Fully Paid,4,0,1,60.68%,4,24,Source Verified,Oct-08,100002852,100002852,100002852,900002852,DL502852,DL502852,MEMBER-2853,Retail Associate,Debt consolidation loan,Borrower-written description of the loan purpose.,380,https://example.com/loan/2853
2854,11115.02, 60 months,5.46%,E,E5,197983.85,25.75,NONE,OH,credit_card,Fully Paid,0,2,1,5.87%,7,25,Source Verified,Dec-12,100002853,100002853,100002853,900002853,DL502853,DL502853,MEMBER-2854,Software Engineer,Debt consolidation loan,Borrower-written description of the loan purpose.,874,https://example.com/loan/2854
2855,6522.01, 60 months,24.18%,A,A4,182810.13,1.67,OTHER,PA,home_improvement,Fully Paid,0,0,NA,80.95%,8,50,Not Verified,Dec-18,100002854,100002854,100002854,900002854,DL502854,DL502854,MEMBER-2855,Driver,Debt consolidation loan,Borrower-written description of the loan purpose.,323,https://example.com/loan/2855
2856,33019.89, 36 months,14.89%,D,D1,192580.93,7.9,OTHER,FL,house,Charged Off,4,1,2,70.67%,6,11,Source Verified,Oct-16,100002855,100002855,100002855,900002855,DL502855,DL502855,MEMBER-2856,Nurse,Debt consolidation loan,Borrower-written description of the loan purpose.,504,https://example.com/loan/2856
2857,17298.53, 60 months,19.03%,G,G4,149878.07,1.44,OTHER,CA,house,Charged Off,3,2,1,75.26%,27,9,Source Verified,Sep-15,100002856,100002856,100002856,900002856,DL502856,DL502856,MEMBER-2857,Retail Associate,Debt consolidation loan,Borrower-written description of the loan purpose.,942,https://example.com/loan/2857
2858,34771.39, 60 months,21.7%,A,A5,96800.19,2.97,NONE,OH,small_business,Charged Off,3,3,0,8.93%,12,28,Verified,Apr-11,100002857,100002857,100002857,900002857,DL502857,DL502857,MEMBER-2858,Retail Associate,Debt consolidation loan,Borrower-written description of the loan purpose.,289,https://example.com/loan/2858
2859,4727.05, 60 months,13.86%,E,E3,114841.35,29.53,RENT,FL,major_purchase,Fully Paid,0,3,1,82.12%,1,39,Source Verified,Oct-18,100002858,100002858,100002858,900002858,DL502858,DL502858,MEMBER-2859,Driver,Debt consolidation loan,Borrower-written description of the loan purpose.,620,https://example.com/loan/2859
2860,20864.97, 36 months,20.73%,B,B2,84556.08,0.56,OTHER,NY,educational,Current,1,2,0,85.96%,4,52,Source Verified,Jan-13,100002859,100002859,100002859,900002859,DL502859,DL502859,MEMBER-2860,Software Engineer,Debt consolidation loan,Borrower-written description of the loan purpose.,925,https://example.com/loan/2860
2861,13311.02, 60 months,7.33%,D,D1,142334.17,26.97,OTHER,PA,small_business,Fully Paid,3,0,2,91.77%,2,24,Verified,Jun-13,100002860,100002860,100002860,900002860,DL502860,DL502860,MEMBER-2861,Driver,Debt consolidation loan,Borrower-written description of the loan purpose.,682,https://example.com/loan/2861
2862,5043.36, 60 months,11.51%,G,G2,84117.44,11.37,OWN,CA,major_purchase,Charged Off,1,1,2,70.87%,12,4,Not Verified,Feb-15,100002861,100002861,100002861,900002861,DL502861,DL502861,MEMBER-2862,Nurse,Debt consolidation loan,Borrower-written description of the loan purpose.,810,https://example.com/loan/2862
2863,29803.99, 36 months,23.5%,E,E2,48401.34,5.72,OWN,NY,other,Charged Off,0,0,NA,61.92%,21,47,Verified,May-08,100002862,100002862,100002862,900002862,DL502862,DL502862,MEMBER-2863,Software Engineer,Debt consolidation loan,Borrower-written description of the loan purpose.,289,https://example.com/loan/2863
2864,3456.94, 60 months,15.42%,D,D1,163331.92,14.42,MORTGAGE,IL,car,Fully Paid,3,3,0,76.67%,26,29,Not Verified,Oct-09,100002863,100002863,100002863,900002863,DL502863,DL502863,MEMBER-2864,Driver,Debt consolidation loan,Borrower-written description of the loan purpose.,624,https://example.com/loan/2864
2865,8215.05, 60 months,17.6%,E,E2,25750.04,3.99,NONE,CA,major_purchase,Current,4,3,NA,73.47%,5,11,Source Verified,Jun-18,100002864,100002864,100002864,900002864,DL502864,DL502864,MEMBER-2865,Nurse,Debt consolidation loan,Borrower-written description of the loan purpose.,267,https://example.com/loan/2865
2866,5297.42, 60 months,9.78%,A,A5,118568.57,26.87,OTHER,FL,vacation,Current,1,2,2,43.83%,18,53,Source Verified,May-12,100002865,100002865,100002865,900002865,DL502865,DL502865,MEMBER-2866,Nurse,Debt consolidation loan,Borrower-written description of the loan purpose.,827,https://example.com/loan/2866
2867,3944.39, 36 months,7.64%,D,D2,135573.82,23.81,OWN,FL,small_business,Current,1,0,NA,97.27%,10,10,Verified,Mar-09,100002866,100002866,100002866,900002866,DL502866,DL502866,MEMBER-2867,Software Engineer,Debt consolidation loan,Borrower-written description of the loan purpose.,824,https://example.com/loan/2867
2868,29666.1, 60 months,22.92%,E,E5,123757.87,25.27,NONE,MI,medical,Current,0,3,0,44.32%,8,57,Not Verified,Dec-08,100002867,100002867,100002867,900002867,DL502867,DL502867,MEMBER-2868,Retail Associate,Debt consolidation loan,Borrower-written description of the loan purpose.,792,https://example.com/loan/2868
2869,18623.43, 60 months,14.44%,F,F2,41800.95,13.05,NONE,GA,vacation,Fully Paid,3,1,0,63.33%,21,33,Verified,Oct-08,100002868,100002868,100002868,900002868,DL502868,DL502868,MEMBER-2869,Driver,Debt consolidation loan,Borrower-written description of the loan purpose.,698,https://example.com/loan/2869
2870,1699.43, 36 months,16.71%,G,G3,145937.64,7.14,OTHER,GA,home_improvement,Fully Paid,2,0,0,53.34%,5,16,Verified,Feb-14,100002869,100002869,100002869,900002869,DL502869,DL502869,MEMBER-2870,Software Engineer,Debt consolidation loan,Borrower-written description of the loan purpose.,722,https://example.com/loan/2870
2871,30129.38, 36 months,15.4%,A,A1,56563.02,27.61,RENT,GA,medical,Current,0,3,1,8.59%,18,7,Not Verified,Apr-17,100002870,100002870,100002870,900002870,DL502870,DL502870,MEMBER-2871,Software Engineer,Debt consolidation loan,Borrower-written description of the loan purpose.,427,https://example.com/loan/2871
2872,34218.82, 36 months,13.95%,G,G4,147834.87,21.01,RENT,PA,educational,Charged Off,3,3,2,49.15%,15,32,Not Verified,Nov-11,100002871,100002871,100002871,900002871,DL502871,DL502871,MEMBER-2872,Driver,Debt consolidation loan,Borrower-written description of the loan purpose.,626,https://example.com/loan/2872
2873,34756.63, 36 months,18.47%,A,A4,88983.83,1.04,OWN,PA,educational,Fully Paid,2,3,0,17.18%,5,46,Source Verified,Jan-13,100002872,100002872,100002872,900002872,DL502872,DL502872,MEMBER-2873,Software Engineer,Debt consolidation loan,Borrower-written description of the loan purpose.,946,https://example.com/loan/2873
2874,17320.57, 60 months,21.78%,B,B3,58017.09,13.52,NONE,GA,educational,Current,2,1,1,18.61%,10,36,Not Verified,Jul-08,100002873,100002873,100002873,900002873,DL502873,DL502873,MEMBER-2874,Software Engineer,Debt consolidation loan,Borrower-written description of the loan purpose.,649,https://example.com/loan/2874
2875,33056.92, 36 months,19.7%,A,A4,152623.85,16.86,MORTGAGE,OH,educational,Fully Paid,2,2,1,66.56%,4,8,Verified,Oct-08,100002874,100002874,100002874,900002874,DL502874,DL502874,MEMBER-2875,Software Engineer,Debt consolidation loan,Borrower-written description of the loan purpose.,458,https://example.com/loan/2875
2876,24630.33, 36 months,17.11%,E,E2,186769.77,22.46,OTHER,IL,other,Current,0,2,2,40.13%,14,34,Not Verified,Oct-09,100002875,100002875,100002875,900002875,DL502875,DL502875,MEMBER-2876,Software Engineer,Debt consolidation loan,Borrower-written description of the loan purpose.,281,https://example.com/loan/2876
2877,7832.29, 36 months,15.65%,B,B2,149174.72,29.47,OWN,PA,other,Fully Paid,3,3,NA,71.46%,27,20,Verified,Jun-18,100002876,100002876,100002876,900002876,DL502876,DL502876,MEMBER-2877,Software Engineer,Debt consolidation loan,Borrower-written description of the loan purpose.,216,https://example.com/loan/2877
2878,21740.94, 60 months,18.12%,E,E5,163296.72,2.43,OTHER,NY,small_business,Fully Paid,4,2,0,57.89%,15,53,Source Verified,Jul-11,100002877,100002877,100002877,900002877,DL502877,DL502877,MEMBER-2878,Retail Associate,Debt consolidation loan,Borrower-written description of the loan purpose.,616,https://example.com/loan/2878
2879,11305.21, 60 months,12.75%,F,F1,175464.17,12.58,OTHER,CA,medical,Fully Paid,0,2,2,18.93%,27,41,Not Verified,Dec-12,100002878,100002878,100002878,900002878,DL502878,DL502878,MEMBER-2879,Nurse,Debt consolidation loan,Borrower-written description of the loan purpose.,492,https://example.com/loan/2879
2880,14098.78, 36 months,13.97%,G,G3,164085.78,5.71,NONE,FL,moving,Fully Paid,2,2,NA,88.72%,14,55,Verified,Apr-15,100002879,100002879,100002879,900002879,DL502879,DL502879,MEMBER-2880,Driver,Debt consolidation loan,Borrower-written description of the loan purpose.,687,https://example.com/loan/2880
2881,33703.41, 60 months,16.67%,B,B4,46690.53,10.74,OTHER,PA,home_improvement,Fully Paid,1,3,0,59.98%,24,52,Verified,Aug-13,100002880,100002880,100002880,900002880,DL502880,DL502880,MEMBER-2881,Software Engineer,Debt consolidation loan,Borrower-written description of the loan purpose.,451,https://example.com/loan/2881
2882,32813.34, 36 months,15.92%,E,E1,68137.95,0.29,NONE,IL,other,Current,2,3,NA,93.44%,25,40,Source Verified,Jun-08,100002881,100002881,100002881,900002881,DL502881,DL502881,MEMBER-2882,Nurse,Debt consolidation loan,Borrower-written description of the loan purpose.,906,https://example.com/loan/2882
2883,18486.04, 60 months,20.68%,E,E3,38127.34,14.44,NONE,OH,educational,Current,0,2,0,93.8%,6,9,Verified,Mar-18,100002882,100002882,100002882,900002882,DL502882,DL502882,MEMBER-2883,Driver,Debt consolidation loan,Borrower-written description of the loan purpose.,602,https://example.com/loan/2883
2884,17029.91, 36 months,22.29%,D,D1,102465.17,9.12,NONE,PA,wedding,Fully Paid,4,1,2,32.36%,2,13,Source Verified,Aug-10,100002883,100002883,100002883,900002883,DL502883,DL502883,MEMBER-2884,Retail Associate,Debt consolidation loan,Borrower-written description of the loan purpose.,360,https://example.com/loan/2884
2885,12801.0, 60 months,23.57%,B,B3,81478.81,26.38,RENT,NC,educational,Fully Paid,2,3,0,97.65%,10,4,Not Verified,Sep-09,100002884,100002884,100002884,900002884,DL502884,DL502884,MEMBER-2885,Nurse,Debt consolidation loan,Borrower-written description of the loan purpose.,474,https://example.com/loan/2885
2886,5104.62, 60 months,21.05%,A,A5,109942.76,27.26,OWN,NC,home_improvement,Fully Paid,0,2,NA,34.19%,8,17,Verified,Mar-13,100002885,100002885,100002885,900002885,DL502885,DL502885,MEMBER-2886,Software Engineer,Debt consolidation loan,Borrower-written description of the loan purpose.,472,https://example.com/loan/2886
2887,25598.96, 60 months,20.67%,G,G2,133304.32,8.67,OTHER,TX,debt_consolidation,Fully Paid,2,3,0,58.6%,17,57,Not Verified,Aug-17,100002886,100002886,100002886,900002886,DL502886,DL502886,MEMBER-2887,Driver,Debt consolidation loan,Borrower-written description of the loan purpose.,670,https://example.com/loan/2887
2888,5189.32, 36 months,9.01%,F,F5,56580.1,3.02,RENT,MI,wedding,Current,1,2,1,32.82%,23,37,Not Verified,Nov-10,100002887,100002887,100002887,900002887,DL502887,DL502887,MEMBER-2888,Retail Associate,Debt consolidation loan,Borrower-written description of the loan purpose.,166,https://example.com/loan/2888
2889,34715.1, 36 months,7.29%,D,D1,41950.16,5.63,RENT,TX,major_purchase,Current,1,3,2,18.93%,8,46,Source Verified,Mar-15,100002888,100002888,100002888,900002888,DL502888,DL502888,MEMBER-2889,Driver,Debt consolidation loan,Borrower-written description of the loan purpose.,117,https://example.com/loan/2889
2890,33873.85, 36 months,18.55%,B,B3,86077.94,8.53,OWN,GA,medical,Fully Paid,3,0,0,9.9%,10,10,Source Verified,Jan-12,100002889,100002889,100002889,900002889,DL502889,DL502889,MEMBER-2890,Software Engineer,Debt consolidation loan,Borrower-written description of the loan purpose.,931,https://example.com/loan/2890
2891,32676.35, 36 months,8.86%,D,D4,29461.55,18.21,NONE,IL,other,Fully Paid,2,2,2,37.88%,14,17,Verified,Nov-12,100002890,100002890,100002890,900002890,DL502890,DL502890,MEMBER-2891,Nurse,Debt consolidation loan,Borrower-written description of the loan purpose.,209,https://example.com/loan/2891
2892,24357.86, 60 months,22.34%,C,C1,88030.06,11.18,NONE,IL,renewable_energy,Fully Paid,2,2,NA,29.75%,21,57,Not Verified,Jan-09,100002891,100002891,100002891,900002891,DL502891,DL502891,MEMBER-2892,Retail Associate,Debt consolidation loan,Borrower-written description of the loan purpose.,847,https://example.com/loan/2892
2893,5465.45, 60 months,9.28%,B,B1,97643.18,4.92,NONE,NY,major_purchase,Fully Paid,2,1,2,98.58%,4,24,Verified,Feb-08,100002892,100002892,100002892,900002892,DL502892,DL502892,MEMBER-2893,Software Engineer,Debt consolidation loan,Borrower-written description of the loan purpose.,402,https://example.com/loan/2893
2894,22221.59, 36 months,12.07%,C,C3,27388.4,25.59,NONE,GA,debt_consolidation,Fully Paid,1,3,NA,59.16%,5,20,Source Verified,Jan-09,100002893,100002893,100002893,900002893,DL502893,DL502893,MEMBER-2894,Nurse,Debt consolidation loan,Borrower-written description of the loan purpose.,727,https://example.com/loan/2894
2895,16674.97, 60 months,10.71%,C,C5,188320.0,21.37,OTHER,OH,other,Current,2,1,2,32.64%,16,42,Not Verified,Feb-10,100002894,100002894,100002894,900002894,DL502894,DL502894,MEMBER-2895,Nurse,Debt consolidation loan,Borrower-written description of the loan purpose.,788,https://example.com/loan/2895
2896,18615.9, 60 months,12.58%,A,A1,193885.74,27.83,RENT,OH,moving,Current,4,2,2,65.07%,1,56,Source Verified,Jul-16,100002895,100002895,100002895,900002895,DL502895,DL502895,MEMBER-2896,Software Engineer,Debt consolidation loan,Borrower-written description of the loan purpose.,409,https://example.com/loan/2896
2897,28650.65, 36 months,9.18%,A,A3,113035.16,1.88,MORTGAGE,MI,house,Fully Paid,3,2,1,75.32%,24,10,Source Verified,Dec-18,100002896,100002896,100002896,900002896,DL502896,DL502896,MEMBER-2897,Retail Associate,Debt consolidation loan,Borrower-written description of the loan purpose.,239,https://example.com/loan/2897
2898,22867.0, 60 months,19.9%,A,A5,186577.02,29.35,OWN,PA,small_business,Fully Paid,1,3,2,94.66%,1,41,Source Verified,Feb-16,100002897,100002897,100002897,900002897,DL502897,DL502897,MEMBER-2898,Nurse,Debt consolidation loan,Borrower-written description of the loan purpose.,572,https://example.com/loan/2898
2899,33674.82, 36 months,17.73%,B,B2,99803.53,11.76,OTHER,OH,major_purchase,Fully Paid,1,3,2,67.18%,5,27,Not Verified,Jan-08,100002898,100002898,100002898,900002898,DL502898,DL502898,MEMBER-2899,Software Engineer,Debt consolidation loan,Borrower-written description of the loan purpose.,437,https://example.com/loan/2899
2900,17347.24, 36 months,15.87%,A,A3,84544.04,23.38,OTHER,FL,medical,Current,1,1,1,66.46%,16,40,Not Verified,Jul-11,100002899,100002899,100002899,900002899,DL502899,DL502899,MEMBER-2900,Driver,Debt consolidation loan,Borrower-written description of the loan purpose.,400,https://example.com/loan/2900
2901,16505.77, 36 months,9.22%,A,A2,132253.21,29.31,RENT,GA,car,Fully Paid,1,0,1,59.04%,9,7,Not Verified,Aug-09,100002900,100002900,100002900,900002900,DL502900,DL502900,MEMBER-2901,Nurse,Debt consolidation loan,Borrower-written description of the loan purpose.,231,https://example.com/loan/2901
2902,3632.15, 60 months,17.58%,D,D2,75782.62,28.22,NONE,PA,other,Fully Paid,3,0,0,37.03%,3,2,Not Verified,Nov-13,100002901,100002901,100002901,900002901,DL502901,DL502901,MEMBER-2902,Nurse,Debt consolidation loan,Borrower-written description of the loan purpose.,235,https://example.com/loan/2902
2903,13025.9, 60 months,15.74%,A,A3,162449.19,24.07,NONE,NC,home_improvement,Current,3,0,NA,32.35%,19,17,Source Verified,Jun-17,100002902,100002902,100002902,900002902,DL502902,DL502902,MEMBER-2903,Nurse,Debt consolidation loan,Borrower-written description of the loan purpose.,521,https://example.com/loan/2903
2904,24308.56, 36 months,18.98%,F,F5,132295.26,23.93,NONE,FL,car,Fully Paid,0,0,0,4.1%,19,43,Verified,May-14,100002903,100002903,100002903,900002903,DL502903,DL502903,MEMBER-2904,Nurse,Debt consolidation loan,Borrower-written description of the loan purpose.,776,https://example.com/loan/2904
2905,32574.82, 36 months,20.12%,B,B1,44562.85,2.21,MORTGAGE,OH,major_purchase,Fully Paid,1,1,0,6.83%,19,33,Verified,Sep-16,100002904,100002904,100002904,900002904,DL502904,DL502904,MEMBER-2905,Retail Associate,Debt consolidation loan,Borrower-written description of the loan purpose.,234,https://example.com/loan/2905
2906,7068.1, 36 months,20.02%,B,B3,174338.26,21.54,MORTGAGE,FL,moving,Fully Paid,1,1,1,56.4%,26,16,Not Verified,Jan-11,100002905,100002905,100002905,900002905,DL502905,DL502905,MEMBER-2906,Nurse,Debt consolidation loan,Borrower-written description of the loan purpose.,195,https://example.com/loan/2906
2907,28857.93, 36 months,10.63%,F,F4,39385.16,3.42,OTHER,NC,wedding,Fully Paid,1,3,1,12.73%,15,2,Source Verified,Sep-09,100002906,100002906,100002906,900002906,DL502906,DL502906,MEMBER-2907,Retail Associate,Debt consolidation loan,Borrower-written description of the loan purpose.,208,https://example.com/loan/2907
2908,21261.45, 36 months,21.69%,C,C4,99281.33,12.14,MORTGAGE,MI,renewable_energy,Fully Paid,0,2,0,43.38%,15,2,Source Verified,Jul-08,100002907,100002907,100002907,900002907,DL502907,DL502907,MEMBER-2908,Retail Associate,Debt consolidation loan,Borrower-written description of the loan purpose.,161,https://example.com/loan/2908
2909,14639.15, 60 months,5.77%,F,F3,160410.02,11.83,OWN,MI,small_business,Current,2,1,NA,24.06%,10,46,Not Verified,Jul-09,100002908,100002908,100002908,900002908,DL502908,DL502908,MEMBER-2909,Driver,Debt consolidation loan,Borrower-written description of the loan purpose.,531,https://example.com/loan/2909
2910,10273.45, 36 months,11.25%,E,E1,70813.68,20.4,NONE,FL,credit_card,Fully Paid,4,0,1,82.66%,25,36,Not Verified,May-09,100002909,100002909,100002909,900002909,DL502909,DL502909,MEMBER-2910,Driver,Debt consolidation loan,Borrower-written description of the loan purpose.,997,https://example.com/loan/2910
2911,15955.71, 60 months,12.36%,E,E2,22245.59,2.95,OTHER,IL,educational,Fully Paid,4,0,NA,92.77%,20,40,Verified,Nov-12,100002910,100002910,100002910,900002910,DL502910,DL502910,MEMBER-2911,Driver,Debt consolidation loan,Borrower-written description of the loan purpose.,514,https://example.com/loan/2911
2912,9041.17, 36 months,17.97%,B,B3,189027.41,18.25,RENT,FL,educational,Current,4,0,0,88.72%,28,13,Verified,Jun-12,100002911,100002911,100002911,900002911,DL502911,DL502911,MEMBER-2912,Driver,Debt consolidation loan,Borrower-written description of the loan purpose.,618,https://example.com/loan/2912
2913,18945.0, 36 months,12.38%,G,G3,162903.67,4.21,OTHER,PA,medical,Fully Paid,3,3,1,88.95%,11,27,Not Verified,Jun-13,100002912,100002912,100002912,900002912,DL502912,DL502912,MEMBER-2913,Nurse,Debt consolidation loan,Borrower-written description of the loan purpose.,158,https://example.com/loan/2913
2914,19539.01, 60 months,7.57%,E,E4,66410.17,7.6,RENT,FL,renewable_energy,Charged Off,4,3,NA,77.89%,30,39,Not Verified,Dec-11,100002913,100002913,100002913,900002913,DL502913,DL502913,MEMBER-2914,Software Engineer,Debt consolidation loan,Borrower-written description of the loan purpose.,526,https://example.com/loan/2914
2915,2003.25, 36 months,9.28%,C,C5,46307.24,21.4,NONE,PA,medical,Current,1,0,2,73.06%,29,52,Verified,Dec-18,100002914,100002914,100002914,900002914,DL502914,DL502914,MEMBER-2915,Driver,Debt consolidation loan,Borrower-written description of the loan purpose.,326,https://example.com/loan/2915
2916,23783.79, 36 months,21.51%,A,A4,144910.97,14.92,OTHER,MI,car,Current,1,2,1,43.5%,16,12,Not Verified,Aug-09,100002915,100002915,100002915,900002915,DL502915,DL502915,MEMBER-2916,Driver,Debt consolidation loan,Borrower-written description of the loan purpose.,441,https://example.com/loan/2916
2917,30363.2, 60 months,23.7%,G,G4,100449.59,27.73,MORTGAGE,OH,medical,Fully Paid,1,1,NA,1.98%,5,43,Verified,Feb-18,100002916,100002916,100002916,900002916,DL502916,DL502916,MEMBER-2917,Nurse,Debt consolidation loan,Borrower-written description of the loan purpose.,689,https://example.com/loan/2917
2918,7575.09, 60 months,7.72%,G,G1,30634.75,21.23,NONE,FL,home_improvement,Fully Paid,0,2,0,96.21%,18,9,Source Verified,Aug-13,100002917,100002917,100002917,900002917,DL502917,DL502917,MEMBER-2918,Retail Associate,Debt consolidation loan,Borrower-written description of the loan purpose.,888,https://example.com/loan/2918
2919,2091.12, 36 months,13.01%,D,D3,112212.19,29.64,MORTGAGE,GA,car,Fully Paid,4,2,NA,53.68%,2,47,Verified,Dec-08,100002918,100002918,100002918,900002918,DL502918,DL502918,MEMBER-2919,Driver,Debt consolidation loan,Borrower-written description of the loan purpose.,633,https://example.com/loan/2919
2920,19295.18, 36 months,24.41%,G,G2,116231.32,15.68,RENT,GA,house,Fully Paid,4,1,0,37.68%,26,54,Verified,Mar-12,100002919,100002919,100002919,900002919,DL502919,DL502919,MEMBER-2920,Driver,Debt consolidation loan,Borrower-written description of the loan purpose.,672,https://example.com/loan/2920
2921,33425.4, 60 months,10.38%,E,E2,95906.25,8.25,RENT,MI,credit_card,Charged Off,0,1,1,47.43%,27,43,Not Verified,Aug-12,100002920,100002920,100002920,900002920,DL502920,DL502920,MEMBER-2921,Nurse,Debt consolidation loan,Borrower-written description of the loan purpose.,787,https://example.com/loan/2921
2922,14379.83, 36 months,9.66%,G,G1,78245.7,10.28,OWN,NC,debt_consolidation,Fully Paid,3,1,NA,57.73%,5,50,Source Verified,Mar-10,100002921,100002921,100002921,900002921,DL502921,DL502921,MEMBER-2922,Nurse,Debt consolidation loan,Borrower-written description of the loan purpose.,173,https://example.com/loan/2922
2923,18219.25, 36 months,17.07%,F,F4,129679.84,24.88,NONE,TX,small_business,Fully Paid,2,3,NA,17.97%,8,24,Not Verified,Jun-10,100002922,100002922,100002922,900002922,DL502922,DL502922,MEMBER-2923,Retail Associate,Debt consolidation loan,Borrower-written description of the loan purpose.,708,https://example.com/loan/2923
2924,9318.08, 36 months,8.52%,D,D1,170025.25,23.46,OTHER,TX,home_improvement,Current,2,1,2,52.96%,9,57,Verified,Jan-18,100002923,100002923,100002923,900002923,DL502923,DL502923,MEMBER-2924,Software Engineer,Debt consolidation loan,Borrower-written description of the loan purpose.,388,https://example.com/loan/2924
2925,3164.81, 36 months,21.72%,F,F2,94638.09,17.48,RENT,CA,car,Current,1,2,NA,56.35%,23,55,Verified,Sep-18,100002924,100002924,100002924,900002924,DL502924,DL502924,MEMBER-2925,Retail Associate,Debt consolidation loan,Borrower-written description of the loan purpose.,411,https://example.com/loan/2925
2926,2732.06, 60 months,18.96%,D,D5,187806.88,17.17,OWN,IL,house,Fully Paid,0,1,NA,73.25%,9,18,Not Verified,Feb-08,100002925,100002925,100002925,900002925,DL502925,DL502925,MEMBER-2926,Driver,Debt consolidation loan,Borrower-written description of the loan purpose.,514,https://example.com/loan/2926
2927,12802.88, 36 months,9.95%,D,D1,129257.51,24.86,OTHER,OH,car,Current,3,2,1,26.37%,18,50,Not Verified,Oct-14,100002926,100002926,100002926,900002926,DL502926,DL502926,MEMBER-2927,Software Engineer,Debt consolidation loan,Borrower-written description of the loan purpose.,586,https://example.com/loan/2927
2928,18673.5, 60 months,15.2%,E,E2,35835.3,18.99,NONE,IL,moving,Current,4,2,1,75.56%,17,8,Source Verified,Oct-10,100002927,100002927,100002927,900002927,DL502927,DL502927,MEMBER-2928,Software Engineer,Debt consolidation loan,Borrower-written description of the loan purpose.,758,https://example.com/loan/2928
2929,28744.61, 36 months,6.05%,G,G4,111694.5,11.89,OTHER,IL,debt_consolidation,Current,0,1,0,89.69%,8,53,Source Verified,Oct-15,100002928,100002928,100002928,900002928,DL502928,DL502928,MEMBER-2929,Nurse,Debt consolidation loan,Borrower-written description of the loan purpose.,957,https://example.com/loan/2929
2930,5946.47, 36 months,12.19%,C,C3,50831.55,14.6,OTHER,MI,car,Fully Paid,1,1,1,88.46%,21,26,Not Verified,May-12,100002929,100002929,100002929,900002929,DL502929,DL502929,MEMBER-2930,Retail Associate,Debt consolidation loan,Borrower-written description of the loan purpose.,973,https://example.com/loan/2930
2931,4912.73, 36 months,23.51%,F,F1,150273.63,12.7,OWN,IL,car,Current,2,2,0,96.13%,18,5,Verified,Jan-14,100002930,100002930,100002930,900002930,DL502930,DL502930,MEMBER-2931,Software Engineer,Debt consolidation loan,Borrower-written description of the loan purpose.,282,https://example.com/loan/2931
2932,13639.71, 36 months,15.01%,E,E2,130508.73,1.47,MORTGAGE,FL,vacation,Current,1,1,0,89.28%,26,52,Not Verified,Jun-14,100002931,100002931,100002931,900002931,DL502931,DL502931,MEMBER-2932,Driver,Debt consolidation loan,Borrower-written description of the loan purpose.,102,https://example.com/loan/2932
2933,31147.57, 60 months,18.47%,G,G1,102908.3,29.5,NONE,PA,educational,Current,2,3,0,30.49%,27,16,Verified,Oct-17,100002932,100002932,100002932,900002932,DL502932,DL502932,MEMBER-2933,Nurse,Debt consolidation loan,Borrower-written description of the loan purpose.,482,https://example.com/loan/2933
2934,1505.62, 60 months,16.01%,C,C5,26249.6,14.01,OTHER,PA,other,Fully Paid,2,0,1,4.36%,1,43,Not Verified,May-08,100002933,100002933,100002933,900002933,DL502933,DL502933,MEMBER-2934,Driver,Debt consolidation loan,Borrower-written description of the loan purpose.,997,https://example.com/loan/2934
2935,14548.94, 36 months,13.94%,A,A5,138392.11,24.32,MORTGAGE,CA,renewable_energy,Current,1,2,1,51.99%,3,16,Source Verified,Sep-14,100002934,100002934,100002934,900002934,DL502934,DL502934,MEMBER-2935,Nurse,Debt consolidation loan,Borrower-written description of the loan purpose.,558,https://example.com/loan/2935
2936,4418.18, 60 months,23.37%,G,G4,192130.5,10.73,NONE,NC,moving,Fully Paid,2,0,0,41.68%,5,12,Not Verified,Jul-10,100002935,100002935,100002935,900002935,DL502935,DL502935,MEMBER-2936,Driver,Debt consolidation loan,Borrower-written description of the loan purpose.,896,https://example.com/loan/2936
2937,5676.32, 60 months,11.65%,C,C5,176429.99,17.04,NONE,IL,major_purchase,Current,4,1,0,55.43%,6,34,Verified,Feb-13,100002936,100002936,100002936,900002936,DL502936,DL502936,MEMBER-2937,Retail Associate,Debt consolidation loan,Borrower-written description of the loan purpose.,136,https://example.com/loan/2937
2938,27645.27, 60 months,19.71%,D,D5,74407.47,1.69,MORTGAGE,TX,debt_consolidation,Fully Paid,2,1,NA,19.84%,23,57,Not Verified,Mar-17,100002937,100002937,100002937,900002937,DL502937,DL502937,MEMBER-2938,Nurse,Debt consolidation loan,Borrower-written description of the loan purpose.,470,https://example.com/loan/2938
2939,8650.58, 60 months,20.38%,G,G4,29924.8,1.19,OWN,NY,small_business,Fully Paid,4,3,1,42.11%,9,33,Source Verified,Feb-14,100002938,100002938,100002938,900002938,DL502938,DL502938,MEMBER-2939,Software Engineer,Debt consolidation loan,Borrower-written description of the loan purpose.,123,https://example.com/loan/2939
2940,10805.08, 36 months,14.01%,G,G2,107231.37,4.78,MORTGAGE,NY,small_business,Fully Paid,2,2,NA,38.45%,15,31,Source Verified,Oct-10,100002939,100002939,100002939,900002939,DL502939,DL502939,MEMBER-2940,Driver,Debt consolidation loan,Borrower-written description of the loan purpose.,627,https://example.com/loan/2940
2941,9706.19, 60 months,12.46%,G,G2,152614.66,8.65,NONE,IL,other,Fully Paid,3,2,0,85.3%,1,28,Source Verified,May-09,100002940,100002940,100002940,900002940,DL502940,DL502940,MEMBER-2941,Software Engineer,Debt consolidation loan,Borrower-written description of the loan purpose.,900,https://example.com/loan/2941
2942,29849.65, 36 months,21.78%,B,B3,143380.62,3.91,NONE,CA,home_improvement,Current,4,3,NA,15.38%,11,52,Verified,Mar-15,100002941,100002941,100002941,900002941,DL502941,DL502941,MEMBER-2942,Retail Associate,Debt consolidation loan,Borrower-written description of the loan purpose.,579,https://example.com/loan/2942
2943,12814.51, 60 months,12.5%,E,E4,108568.05,12.99,MORTGAGE,CA,credit_card,Fully Paid,4,1,0,16.9%,12,53,Not Verified,Jun-12,100002942,100002942,100002942,900002942,DL502942,DL502942,MEMBER-2943,Driver,Debt consolidation loan,Borrower-written description of the loan purpose.,647,https://example.com/loan/2943
2944,20184.66, 60 months,17.77%,A,A1,166609.04,13.77,RENT,MI,medical,Current,3,2,1,63.37%,6,14,Verified,Nov-17,100002943,100002943,100002943,900002943,DL502943,DL502943,MEMBER-2944,Software Engineer,Debt consolidation loan,Borrower-written description of the loan purpose.,730,https://example.com/loan/2944
2945,32359.96, 36 months,7.45%,A,A3,102370.05,21.47,NONE,CA,other,Current,2,2,2,19.38%,27,20,Source Verified,Dec-11,100002944,100002944,100002944,900002944,DL502944,DL502944,MEMBER-2945,Retail Associate,Debt consolidation loan,Borrower-written description of the loan purpose.,118,https://example.com/loan/2945
2946,2125.03, 60 months,17.23%,F,F2,50193.95,28.6,RENT,CA,small_business,Fully Paid,3,3,NA,52.27%,10,16,Not Verified,Dec-11,100002945,100002945,100002945,900002945,DL502945,DL502945,MEMBER-2946,Software Engineer,Debt consolidation loan,Borrower-written description of the loan purpose.,823,https://example.com/loan/2946
2947,29929.54, 60 months,21.35%,B,B5,126901.12,2.02,OWN,TX,debt_consolidation,Charged Off,1,2,0,2.9%,8,9,Not Verified,Jun-09,100002946,100002946,100002946,900002946,DL502946,DL502946,MEMBER-2947,Nurse,Debt consolidation loan,Borrower-written description of the loan purpose.,231,https://example.com/loan/2947
2948,29368.46, 36 months,12.34%,E,E5,97507.03,23.98,MORTGAGE,TX,renewable_energy,Fully Paid,1,3,NA,95.5%,11,7,Verified,Feb-16,100002947,100002947,100002947,900002947,DL502947,DL502947,MEMBER-2948,Retail Associate,Debt consolidation loan,Borrower-written description of the loan purpose.,843,https://example.com/loan/2948
2949,15712.34, 60 months,22.98%,C,C4,172496.39,26.7,OWN,TX,major_purchase,Fully Paid,0,0,0,8.76%,14,48,Source Verified,Sep-11,100002948,100002948,100002948,900002948,DL502948,DL502948,MEMBER-2949,Nurse,Debt consolidation loan,Borrower-written description of the loan purpose.,957,https://example.com/loan/2949
2950,26646.4, 36 months,22.23%,G,G3,54704.21,0.58,OWN,CA,other,Fully Paid,4,0,NA,13.8%,14,47,Not Verified,Sep-11,100002949,100002949,100002949,900002949,DL502949,DL502949,MEMBER-2950,Software Engineer,Debt consolidation loan,Borrower-written description of the loan purpose.,376,https://example.com/loan/2950
2951,6559.5, 60 months,21.91%,D,D4,164612.75,28.27,RENT,IL,major_purchase,Charged Off,2,3,1,2.49%,17,6,Source Verified,Jul-16,100002950,100002950,100002950,900002950,DL502950,DL502950,MEMBER-2951,Driver,Debt consolidation loan,Borrower-written description of the loan purpose.,776,https://example.com/loan/2951
2952,23502.0, 60 months,21.86%,G,G2,103532.85,28.62,RENT,NC,debt_consolidation,Fully Paid,0,1,2,93.14%,2,27,Source Verified,Oct-08,100002951,100002951,100002951,900002951,DL502951,DL502951,MEMBER-2952,Driver,Debt consolidation loan,Borrower-written description of the loan purpose.,337,https://example.com/loan/2952
2953,33108.06, 36 months,19.86%,F,F2,162649.41,5.36,MORTGAGE,NC,major_purchase,Current,0,1,NA,64.97%,23,40,Verified,Sep-12,100002952,100002952,100002952,900002952,DL502952,DL502952,MEMBER-2953,Software Engineer,Debt consolidation loan,Borrower-written description of the loan purpose.,136,https://example.com/loan/2953
2954,18246.27, 60 months,14.35%,F,F1,98163.59,25.25,NONE,GA,moving,Fully Paid,4,3,1,58.34%,26,13,Not Verified,Nov-09,100002953,100002953,100002953,900002953,DL502953,DL502953,MEMBER-2954,Retail Associate,Debt consolidation loan,Borrower-written description of the loan purpose.,250,https://example.com/loan/2954
2955,10904.73, 36 months,11.38%,G,G2,184979.47,3.75,NONE,TX,medical,Fully Paid,2,1,0,55.2%,10,9,Source Verified,Jul-08,100002954,100002954,100002954,900002954,DL502954,DL502954,MEMBER-2955,Nurse,Debt consolidation loan,Borrower-written description of the loan purpose.,105,https://example.com/loan/2955
2956,17406.45, 36 months,9.98%,C,C4,27951.15,4.98,NONE,PA,house,Current,0,0,1,74.42%,4,6,Source Verified,Jun-10,100002955,100002955,100002955,900002955,DL502955,DL502955,MEMBER-2956,Software Engineer,Debt consolidation loan,Borrower-written description of the loan purpose.,855,https://example.com/loan/2956
2957,2275.25, 60 months,20.72%,C,C1,50385.79,0.64,OTHER,NY,small_business,Current,3,2,NA,65.7%,3,14,Source Verified,Oct-09,100002956,100002956,100002956,900002956,DL502956,DL502956,MEMBER-2957,Software Engineer,Debt consolidation loan,Borrower-written description of the loan purpose.,761,https://example.com/loan/2957
2958,14372.45, 60 months,16.7%,C,C5,42424.01,10.61,OWN,PA,small_business,Fully Paid,2,2,NA,70.26%,7,5,Verified,Feb-09,100002957,100002957,100002957,900002957,DL502957,DL502957,MEMBER-2958,Retail Associate,Debt consolidation loan,Borrower-written description of the loan purpose.,738,https://example.com/loan/2958
2959,32986.27, 60 months,18.38%,F,F1,98961.1,8.66,OWN,OH,credit_card,Fully Paid,4,2,1,64.7%,14,21,Source Verified,Sep-11,100002958,100002958,100002958,900002958,DL502958,DL502958,MEMBER-2959,Driver,Debt consolidation loan,Borrower-written description of the loan purpose.,551,https://example.com/loan/2959
2960,26001.86, 36 months,17.91%,D,D1,140777.16,19.38,OTHER,CA,other,Charged Off,3,0,2,68.97%,13,10,Verified,May-11,100002959,100002959,100002959,900002959,DL502959,DL502959,MEMBER-2960,Software Engineer,Debt consolidation loan,Borrower-written description of the loan purpose.,824,https://example.com/loan/2960
2961,3136.05, 60 months,21.12%,D,D2,130903.23,4.47,NONE,TX,other,Current,0,0,NA,55.74%,20,31,Verified,Sep-16,100002960,100002960,100002960,900002960,DL502960,DL502960,MEMBER-2961,Driver,Debt consolidation loan,Borrower-written description of the loan purpose.,839,https://example.com/loan/2961
2962,3982.88, 60 months,7.93%,F,F2,125479.49,18.62,OWN,PA,medical,Current,0,2,2,17.1%,27,6,Verified,Sep-15,100002961,100002961,100002961,900002961,DL502961,DL502961,MEMBER-2962,Software Engineer,Debt consolidation loan,Borrower-written description of the loan purpose.,182,https://example.com/loan/2962
2963,23430.59, 36 months,14.35%,A,A5,194838.73,27.9,OWN,CA,renewable_energy,Current,1,3,1,51.61%,19,2,Verified,Feb-10,100002962,100002962,100002962,900002962,DL502962,DL502962,MEMBER-2963,Driver,Debt consolidation loan,Borrower-written description of the loan purpose.,600,https://example.com/loan/2963
2964,19214.87, 36 months,11.5%,D,D1,26598.8,16.33,RENT,IL,moving,Current,1,1,1,21.65%,16,9,Verified,Nov-16,100002963,100002963,100002963,900002963,DL502963,DL502963,MEMBER-2964,Retail Associate,Debt consolidation loan,Borrower-written description of the loan purpose.,914,https://example.com/loan/2964
2965,29228.97, 36 months,17.34%,F,F5,50530.39,23.53,OTHER,NY,other,Charged Off,2,1,1,27.21%,18,18,Not Verified,Feb-10,100002964,100002964,100002964,900002964,DL502964,DL502964,MEMBER-2965,Driver,Debt consolidation loan,Borrower-written description of the loan purpose.,890,https://example.com/loan/2965
2966,28419.19, 36 months,23.01%,F,F5,66598.7,1.85,OWN,GA,moving,Fully Paid,4,1,0,64.56%,19,3,Verified,Jan-10,100002965,100002965,100002965,900002965,DL502965,DL502965,MEMBER-2966,Software Engineer,Debt consolidation loan,Borrower-written description of the loan purpose.,800,https://example.com/loan/2966
2967,3415.3, 60 months,6.62%,C,C5,35709.64,8.99,NONE,MI,other,Fully Paid,3,1,2,60.64%,12,15,Not Verified,Apr-17,100002966,100002966,100002966,900002966,DL502966,DL502966,MEMBER-2967,Nurse,Debt consolidation loan,Borrower-written description of the loan purpose.,719,https://example.com/loan/2967
2968,8928.87, 60 months,22.31%,E,E1,68701.34,6.87,OWN,OH,debt_consolidation,Fully Paid,0,0,1,31.7%,8,56,Verified,Jan-15,100002967,100002967,100002967,900002967,DL502967,DL502967,MEMBER-2968,Retail Associate,Debt consolidation loan,Borrower-written description of the loan purpose.,109,https://example.com/loan/2968
2969,23960.65, 36 months,17.46%,F,F5,99778.06,3.12,NONE,NY,wedding,Current,1,2,0,37.71%,11,44,Not Verified,Sep-15,100002968,100002968,100002968,900002968,DL502968,DL502968,MEMBER-2969,Nurse,Debt consolidation loan,Borrower-written description of the loan purpose.,954,https://example.com/loan/2969
2970,5321.76, 36 months,9.82%,G,G2,147188.43,9.03,RENT,GA,educational,Fully Paid,3,1,NA,93.82%,27,23,Verified,Jul-13,100002969,100002969,100002969,900002969,DL502969,DL502969,MEMBER-2970,Software Engineer,Debt consolidation loan,Borrower-written description of the loan purpose.,472,https://example.com/loan/2970
2971,28738.06, 60 months,14.31%,F,F3,21389.79,17.95,MORTGAGE,PA,vacation,Fully Paid,3,3,NA,20.89%,1,7,Source Verified,Jun-15,100002970,100002970,100002970,900002970,DL502970,DL502970,MEMBER-2971,Software Engineer,Debt consolidation loan,Borrower-written description of the loan purpose.,406,https://example.com/loan/2971
2972,18635.22, 36 months,10.49%,G,G2,178062.76,5.55,NONE,NY,major_purchase,Fully Paid,1,3,0,6.93%,16,14,Verified,Aug-17,100002971,100002971,100002971,900002971,DL502971,DL502971,MEMBER-2972,Retail Associate,Debt consolidation loan,Borrower-written description of the loan purpose.,282,https://example.com/loan/2972
2973,18837.52, 60 months,12.27%,D,D4,187754.02,15.93,RENT,FL,debt_consolidation,Current,2,3,NA,67.93%,28,25,Source Verified,Nov-17,100002972,100002972,100002972,900002972,DL502972,DL502972,MEMBER-2973,Nurse,Debt consolidation loan,Borrower-written description of the loan purpose.,994,https://example.com/loan/2973
2974,25748.17, 60 months,7.31%,E,E5,152679.41,29.24,OWN,GA,house,Fully Paid,0,2,0,93.58%,6,45,Verified,Apr-18,100002973,100002973,100002973,900002973,DL502973,DL502973,MEMBER-2974,Driver,Debt consolidation loan,Borrower-written description of the loan purpose.,539,https://example.com/loan/2974
2975,2273.91, 36 months,9.88%,D,D3,172314.72,27.42,RENT,TX,other,Fully Paid,3,2,1,92.49%,5,32,Not Verified,Nov-08,100002974,100002974,100002974,900002974,DL502974,DL502974,MEMBER-2975,Driver,Debt consolidation loan,Borrower-written description of the loan purpose.,514,https://example.com/loan/2975
2976,33862.34, 36 months,6.8%,A,A1,52873.81,21.21,OTHER,PA,medical,Fully Paid,1,2,1,39.42%,15,54,Verified,Jun-16,100002975,100002975,100002975,900002975,DL502975,DL502975,MEMBER-2976,Software Engineer,Debt consolidation loan,Borrower-written description of the loan purpose.,649,https://example.com/loan/2976
2977,25601.48, 36 months,17.49%,E,E4,163337.28,12.9,OWN,GA,educational,Charged Off,2,3,0,87.07%,27,2,Verified,Feb-15,100002976,100002976,100002976,900002976,DL502976,DL502976,MEMBER-2977,Software Engineer,Debt consolidation loan,Borrower-written description of the loan purpose.,679,https://example.com/loan/2977
2978,15561.58, 60 months,17.37%,E,E1,100096.63,14.08,NONE,PA,house,Fully Paid,4,3,0,65.16%,10,56,Not Verified,Oct-09,100002977,100002977,100002977,900002977,DL502977,DL502977,MEMBER-2978,Software Engineer,Debt consolidation loan,Borrower-written description of the loan purpose.,966,https://example.com/loan/2978
2979,18716.08, 36 months,13.64%,C,C3,50982.11,6.64,MORTGAGE,GA,educational,Fully Paid,0,3,0,46.01%,23,56,Verified,Oct-12,100002978,100002978,100002978,900002978,DL502978,DL502978,MEMBER-2979,Retail Associate,Debt consolidation loan,Borrower-written description of the loan purpose.,270,https://example.com/loan/2979
2980,4801.91, 60 months,19.89%,A,A5,180093.91,21.6,NONE,TX,major_purchase,Fully Paid,0,0,1,85.53%,22,8,Verified,Jul-17,100002979,100002979,100002979,900002979,DL502979,DL502979,MEMBER-2980,Driver,Debt consolidation loan,Borrower-written description of the loan purpose.,937,https://example.com/loan/2980
2981,10982.88, 36 months,10.98%,G,G5,185620.16,20.25,OWN,NY,car,Current,0,1,1,24.55%,25,23,Verified,Jan-13,100002980,100002980,100002980,900002980,DL502980,DL502980,MEMBER-2981,Retail Associate,Debt consolidation loan,Borrower-written description of the loan purpose.,789,https://example.com/loan/2981
2982,30100.62, 36 months,16.29%,B,B1,178265.56,21.59,MORTGAGE,NY,credit_card,Fully Paid,4,2,NA,63.54%,3,40,Source Verified,Jun-11,100002981,100002981,100002981,900002981,DL502981,DL502981,MEMBER-2982,Nurse,Debt consolidation loan,Borrower-written description of the loan purpose.,252,https://example.com/loan/2982
2983,22770.18, 36 months,24.42%,F,F2,26159.98,29.4,OWN,MI,wedding,Fully Paid,2,3,2,5.18%,3,51,Verified,Dec-14,100002982,100002982,100002982,900002982,DL502982,DL502982,MEMBER-2983,Driver,Debt consolidation loan,Borrower-written description of the loan purpose.,458,https://example.com/loan/2983
2984,507.02, 60 months,15.64%,G,G1,95451.25,3.66,OWN,OH,moving,Current,1,2,1,74.78%,2,20,Verified,Jan-18,100002983,100002983,100002983,900002983,DL502983,DL502983,MEMBER-2984,Driver,Debt consolidation loan,Borrower-written description of the loan purpose.,339,https://example.com/loan/2984
2985,29986.97, 36 months,18.75%,A,A4,117342.96,8.93,RENT,NC,house,Fully Paid,1,2,1,68.94%,30,28,Verified,Dec-15,100002984,100002984,100002984,900002984,DL502984,DL502984,MEMBER-2985,Driver,Debt consolidation loan,Borrower-written description of the loan purpose.,933,https://example.com/loan/2985
2986,4085.76, 60 months,13.47%,E,E3,20080.32,11.12,NONE,MI,house,Fully Paid,4,2,0,60.74%,10,5,Verified,Jun-11,100002985,100002985,100002985,900002985,DL502985,DL502985,MEMBER-2986,Nurse,Debt consolidation loan,Borrower-written description of the loan purpose.,401,https://example.com/loan/2986
2987,11611.95, 60 months,20.24%,F,F5,47092.61,27.38,NONE,IL,educational,Fully Paid,3,3,0,33.45%,26,37,Source Verified,Aug-15,100002986,100002986,100002986,900002986,DL502986,DL502986,MEMBER-2987,Driver,Debt consolidation loan,Borrower-written description of the loan purpose.,736,https://example.com/loan/2987
2988,20253.71, 60 months,7.86%,C,C5,35988.55,23.23,OTHER,MI,renewable_energy,Current,0,0,1,69.43%,3,12,Not Verified,Jan-11,100002987,100002987,100002987,900002987,DL502987,DL502987,MEMBER-2988,Retail Associate,Debt consolidation loan,Borrower-written description of the loan purpose.,706,https://example.com/loan/2988
2989,7956.75, 36 months,19.08%,E,E3,94898.79,29.03,NONE,OH,house,Fully Paid,4,0,1,33.35%,25,15,Verified,Mar-14,100002988,100002988,100002988,900002988,DL502988,DL502988,MEMBER-2989,Driver,Debt consolidation loan,Borrower-written description of the loan purpose.,928,https://example.com/loan/2989
2990,15540.48, 60 months,23.29%,A,A5,188477.98,8.61,OTHER,OH,small_business,Fully Paid,2,2,NA,12.66%,13,41,Verified,Oct-18,100002989,100002989,100002989,900002989,DL502989,DL502989,MEMBER-2990,Retail Associate,Debt consolidation loan,Borrower-written description of the loan purpose.,639,https://example.com/loan/2990
2991,27790.73, 36 months,17.39%,E,E4,171811.55,4.54,OTHER,FL,wedding,Fully Paid,4,0,NA,99.5%,20,31,Source Verified,May-11,100002990,100002990,100002990,900002990,DL502990,DL502990,MEMBER-2991,Retail Associate,Debt consolidation loan,Borrower-written description of the loan purpose.,442,https://example.com/loan/2991
2992,14898.09, 60 months,8.16%,G,G4,188156.61,22.73,OWN,NC,educational,Fully Paid,4,1,0,88.82%,27,2,Not Verified,May-16,100002991,100002991,100002991,900002991,DL502991,DL502991,MEMBER-2992,Driver,Debt consolidation loan,Borrower-written description of the loan purpose.,446,https://example.com/loan/2992
2993,28126.17, 36 months,12.99%,B,B4,84589.94,10.53,OTHER,NC,home_improvement,Fully Paid,4,3,1,31.99%,12,17,Verified,Dec-17,100002992,100002992,100002992,900002992,DL502992,DL502992,MEMBER-2993,Software Engineer,Debt consolidation loan,Borrower-written description of the loan purpose.,699,https://example.com/loan/2993
2994,12241.89, 60 months,17.25%,B,B5,30220.98,25.93,NONE,MI,home_improvement,Charged Off,0,0,NA,35.51%,18,57,Not Verified,Dec-14,100002993,100002993,100002993,900002993,DL502993,DL502993,MEMBER-2994,Nurse,Debt consolidation loan,Borrower-written description of the loan purpose.,169,https://example.com/loan/2994
2995,9725.92, 60 months,15.86%,C,C5,113022.49,3.42,OWN,GA,car,Charged Off,1,3,0,67.97%,1,47,Verified,Dec-15,100002994,100002994,100002994,900002994,DL502994,DL502994,MEMBER-2995,Driver,Debt consolidation loan,Borrower-written description of the loan purpose.,754,https://example.com/loan/2995
2996,20502.07, 36 months,5.53%,G,G5,60672.01,11.81,NONE,PA,renewable_energy,Charged Off,2,3,2,27.0%,24,28,Verified,Aug-09,100002995,100002995,100002995,900002995,DL502995,DL502995,MEMBER-2996,Software Engineer,Debt consolidation loan,Borrower-written description of the loan purpose.,428,https://example.com/loan/2996
2997,8780.93, 60 months,17.76%,B,B4,147053.26,0.07,OWN,OH,credit_card,Charged Off,0,0,0,68.41%,12,55,Not Verified,Jul-16,100002996,100002996,100002996,900002996,DL502996,DL502996,MEMBER-2997,Retail Associate,Debt consolidation loan,Borrower-written description of the loan purpose.,548,https://example.com/loan/2997
2998,17104.15, 60 months,14.7%,D,D4,77958.58,0.81,RENT,CA,debt_consolidation,Current,1,0,1,65.83%,22,47,Verified,Mar-17,100002997,100002997,100002997,900002997,DL502997,DL502997,MEMBER-2998,Software Engineer,Debt consolidation loan,Borrower-written description of the loan purpose.,150,https://example.com/loan/2998
2999,25373.16, 36 months,9.76%,A,A1,59158.55,18.41,OWN,FL,house,Current,0,0,0,1.36%,28,27,Source Verified,Apr-16,100002998,100002998,100002998,900002998,DL502998,DL502998,MEMBER-2999,Retail Associate,Debt consolidation loan,Borrower-written description of the loan purpose.,402,https://example.com/loan/2999
3000,28839.13, 60 months,21.43%,B,B5,181134.24,14.47,MORTGAGE,NY,small_business,Charged Off,0,0,NA,23.32%,14,7,Not Verified,Oct-10,100002999,100002999,100002999,900002999,DL502999,DL502999,MEMBER-3000,Software Engineer,Debt consolidation loan,Borrower-written description of the loan purpose.,947,https://example.com/loan/3000
