id,job,marital,education,age,balance,housing,loan,c_default,contact,month,day,duration,campaign,previous,poutcome,pdays,y
1,self-employed,divorced,secondary,999,47980.45,yes,yes,no,unknown,jul,19,1782,18,5,failure,190,no
2,student,married,secondary,-1,33739.35,yes,yes,no,cellular,nov,10,841,4,9,success,51,no
3,unemployed,divorced,unknown,-1,26436.93,no,yes,yes,cellular,oct,27,140,5,3,success,298,yes
4,housemaid,single,tertiary,-1,5143.18,no,yes,no,cellular,mar,28,1244,3,6,failure,-1,no
5,blue-collar,married,secondary,32,45247.49,no,no,no,telephone,jul,16,602,16,5,success,-1,no
6,services,divorced,secondary,72,17996.1,yes,no,no,telephone,jan,25,313,13,6,unknown,317,no
7,admin.,single,secondary,63,6514.83,no,no,yes,telephone,jul,16,489,1,3,success,39,yes
8,blue-collar,divorced,unknown,21,-45.07,no,yes,no,telephone,jan,17,805,18,2,unknown,-1,no
9,blue-collar,married,primary,71,12757.76,no,yes,no,telephone,feb,11,648,8,4,other,60,yes
10,management,single,primary,25,15627.33,no,yes,yes,telephone,aug,5,330,14,4,failure,210,yes
11,management,divorced,unknown,36,12839.16,yes,yes,no,cellular,may,6,1896,15,10,unknown,-1,no
12,admin.,single,primary,86,5352.72,yes,yes,no,cellular,apr,19,715,1,10,success,350,no
13,self-employed,married,tertiary,54,13026.11,no,yes,yes,unknown,dec,24,1802,11,6,failure,55,no
14,student,divorced,primary,94,20783.64,yes,yes,yes,telephone,dec,21,1207,14,6,success,302,no
15,retired,divorced,unknown,59,44099.94,yes,no,yes,cellular,oct,7,467,2,4,unknown,69,yes
16,unemployed,married,secondary,58,1903.57,no,yes,no,telephone,may,27,274,1,0,failure,-1,no
17,admin.,single,secondary,83,15747.71,yes,no,yes,unknown,aug,7,279,17,5,failure,301,no
18,services,divorced,secondary,23,-1352.49,no,no,yes,unknown,aug,19,1857,10,7,unknown,-1,no
19,self-employed,divorced,primary,67,42766.35,no,yes,yes,cellular,mar,21,943,4,6,other,387,yes
20,management,married,primary,52,40618.32,no,yes,yes,telephone,sep,28,1929,16,8,failure,-1,no
21,unemployed,single,tertiary,62,38273.7,yes,no,no,telephone,aug,27,1862,15,1,success,-1,no
22,blue-collar,divorced,primary,53,46809.07,yes,no,no,cellular,dec,3,493,14,8,failure,375,no
23,services,single,tertiary,32,10056.71,no,yes,no,telephone,sep,24,1501,19,5,failure,-1,no
24,management,divorced,secondary,33,2594.97,no,no,no,unknown,aug,4,478,14,10,other,50,no
25,services,divorced,secondary,23,31759.99,no,no,no,unknown,nov,18,326,20,6,unknown,294,no
26,technician,divorced,primary,42,25191.25,yes,no,yes,cellular,jun,26,282,3,2,success,304,no
27,unemployed,married,tertiary,27,42345.03,no,yes,no,unknown,apr,17,1728,4,5,failure,120,no
28,unknown,married,tertiary,54,33996.71,yes,no,no,telephone,dec,21,829,5,5,success,121,no
29,unknown,married,secondary,86,14539.1,yes,no,no,telephone,oct,5,303,15,9,other,123,no
30,services,single,primary,65,757.02,no,yes,yes,telephone,aug,16,386,9,2,unknown,-1,no
31,management,married,unknown,42,44683.11,no,no,no,cellular,nov,6,1239,18,3,success,-1,no
32,services,divorced,tertiary,85,20779.06,no,no,yes,telephone,nov,7,243,14,7,other,-1,no
33,services,single,unknown,31,11992.04,no,no,yes,telephone,nov,9,1207,11,5,other,3,no
34,entrepreneur,divorced,tertiary,22,16724.16,no,yes,no,unknown,feb,7,1856,19,6,unknown,-1,no
35,entrepreneur,divorced,tertiary,28,38753.45,no,no,yes,cellular,oct,27,614,15,2,unknown,50,no
36,management,married,secondary,91,12315.52,no,no,no,cellular,jan,18,914,7,9,other,45,no
37,technician,single,tertiary,81,41978.48,yes,no,yes,cellular,mar,3,1247,17,4,failure,268,no
38,admin.,divorced,secondary,22,44642.05,no,no,yes,cellular,jul,8,652,19,6,unknown,51,no
39,unemployed,divorced,tertiary,59,44688.7,yes,yes,yes,telephone,may,2,641,19,3,other,-1,no
40,housemaid,single,secondary,68,23535.09,no,no,no,telephone,sep,6,1438,15,7,success,-1,no
41,management,divorced,tertiary,46,45734.96,yes,no,no,cellular,jun,13,247,15,0,other,-1,no
42,management,married,secondary,84,8116.88,no,yes,yes,unknown,jan,16,1921,9,1,failure,-1,no
43,management,married,tertiary,43,6244.19,yes,no,yes,unknown,apr,21,53,17,8,other,331,no
44,retired,divorced,tertiary,87,11869.99,yes,yes,no,unknown,mar,10,807,20,6,success,82,no
45,technician,divorced,primary,92,47083.06,yes,no,no,telephone,mar,27,1162,3,0,unknown,-1,no
46,self-employed,single,secondary,88,23088.28,yes,yes,no,cellular,may,22,714,20,4,failure,-1,no
47,entrepreneur,married,unknown,53,44712.33,no,yes,no,unknown,mar,21,1449,13,4,other,339,yes
48,unemployed,single,primary,56,20740.43,yes,no,no,unknown,nov,1,1762,20,6,other,-1,no
49,retired,married,tertiary,39,7858.59,yes,no,yes,telephone,jan,23,192,19,9,failure,-1,no
50,unknown,single,unknown,47,41837.87,yes,no,yes,telephone,nov,6,122,14,8,unknown,302,no
51,retired,married,primary,95,33447.24,no,yes,yes,telephone,may,18,45,17,10,other,-1,no
52,services,single,secondary,52,12815.5,no,yes,yes,unknown,sep,24,553,1,9,success,-1,yes
53,technician,divorced,secondary,24,37773.38,no,yes,no,cellular,apr,24,1612,3,3,success,396,no
54,blue-collar,single,unknown,84,49690.01,yes,yes,no,unknown,aug,19,1036,8,8,success,-1,no
55,entrepreneur,married,secondary,81,213.05,yes,yes,no,unknown,jun,1,1676,20,5,success,-1,no
56,blue-collar,divorced,secondary,83,47229.14,yes,yes,no,unknown,jul,23,1828,10,4,success,18,no
57,services,divorced,tertiary,26,1264.51,no,no,yes,unknown,sep,26,335,17,3,failure,253,yes
58,housemaid,single,secondary,52,15552.53,yes,yes,no,unknown,mar,21,1086,16,8,other,-1,no
59,retired,married,tertiary,18,3512.15,no,yes,no,telephone,jul,25,1434,16,6,other,345,no
60,blue-collar,married,unknown,26,37051.73,yes,yes,yes,unknown,oct,15,1336,10,5,success,263,no
61,entrepreneur,divorced,tertiary,59,6993.99,yes,no,yes,unknown,oct,5,485,11,5,unknown,80,no
62,unemployed,divorced,secondary,41,26248.21,no,no,yes,cellular,dec,21,1953,10,1,success,-1,no
63,retired,married,primary,25,30633.22,yes,no,yes,cellular,jun,3,166,7,6,unknown,373,no
64,blue-collar,married,tertiary,61,30962.1,no,yes,no,unknown,jan,25,295,14,5,success,149,no
65,unknown,single,secondary,45,-356.57,no,yes,yes,telephone,apr,18,1707,15,0,other,50,no
66,student,single,unknown,54,-1054.19,no,no,no,telephone,jun,13,1152,9,0,success,52,no
67,unknown,married,unknown,77,40821.01,yes,yes,yes,telephone,may,2,320,3,8,success,158,no
68,unemployed,divorced,unknown,29,2741.17,no,no,no,telephone,jan,12,1578,19,5,other,-1,no
69,unemployed,divorced,tertiary,23,16162.19,yes,yes,yes,unknown,dec,26,699,9,0,other,348,no
70,unknown,married,secondary,27,35858.07,no,no,yes,cellular,oct,13,554,6,2,other,20,no
71,entrepreneur,divorced,secondary,19,15119.04,yes,no,yes,telephone,jun,7,1567,17,8,unknown,338,no
72,student,single,tertiary,44,43288.46,yes,no,no,cellular,jun,5,1528,20,0,other,-1,no
73,unknown,single,secondary,27,20172.02,no,yes,yes,unknown,nov,8,665,10,5,success,100,yes
74,housemaid,divorced,unknown,87,24104.33,no,no,yes,cellular,jul,7,787,14,7,success,-1,no
75,retired,divorced,secondary,53,-119.34,no,no,yes,cellular,aug,15,1045,12,2,success,-1,yes
76,student,married,tertiary,30,46439.05,yes,yes,yes,telephone,feb,18,387,18,10,success,145,no
77,self-employed,married,unknown,41,2299.16,yes,yes,no,telephone,nov,9,511,8,5,unknown,215,no
78,housemaid,married,secondary,22,4540.19,no,no,no,telephone,apr,2,1039,16,10,failure,-1,no
79,housemaid,single,tertiary,68,9332.05,yes,yes,no,unknown,feb,23,1656,13,8,unknown,21,no
80,technician,married,unknown,23,18828.75,yes,yes,no,cellular,feb,13,1755,6,2,unknown,-1,no
81,services,divorced,unknown,18,10831.43,yes,no,no,unknown,sep,4,1886,7,3,failure,-1,no
82,management,single,unknown,63,23190.47,yes,no,yes,unknown,feb,15,1774,8,2,unknown,336,no
83,housemaid,married,tertiary,69,6359.53,no,yes,yes,cellular,dec,23,795,14,8,failure,371,no
84,housemaid,divorced,tertiary,90,30130.99,no,no,no,cellular,dec,10,1546,19,1,failure,248,no
85,services,divorced,primary,83,10688.65,no,yes,no,unknown,oct,27,505,5,3,other,170,no
86,entrepreneur,single,secondary,33,25161.8,yes,no,yes,cellular,aug,10,1643,7,0,failure,77,no
87,management,divorced,tertiary,84,34557.37,no,yes,no,telephone,oct,22,295,5,7,unknown,-1,no
88,unknown,married,secondary,62,18025.99,yes,yes,no,telephone,oct,5,1757,13,9,success,349,yes
89,housemaid,married,unknown,90,28644.38,no,yes,no,unknown,mar,9,869,16,1,unknown,375,no
90,services,single,unknown,87,28853.96,yes,no,yes,cellular,mar,3,1418,19,1,unknown,182,yes
91,entrepreneur,married,unknown,66,42236.92,no,yes,no,telephone,feb,10,1339,4,9,failure,95,yes
92,technician,married,tertiary,65,10578.62,yes,yes,no,cellular,jun,7,1292,1,0,failure,303,no
93,retired,divorced,unknown,36,6294.97,yes,no,yes,unknown,oct,21,915,14,2,other,320,no
94,self-employed,single,primary,58,19099.74,yes,no,no,telephone,jun,18,1859,4,2,success,289,yes
95,blue-collar,single,unknown,63,33940.14,no,yes,no,telephone,may,22,548,8,7,unknown,1,no
96,entrepreneur,single,unknown,90,21831.84,yes,yes,yes,cellular,may,12,418,11,9,failure,194,no
97,retired,married,secondary,62,11692.34,no,yes,no,cellular,apr,5,1575,6,4,other,344,yes
98,blue-collar,single,tertiary,45,36786.07,no,no,no,unknown,oct,11,1815,18,1,failure,76,no
99,technician,divorced,secondary,84,41430.92,yes,no,no,telephone,feb,13,841,15,8,unknown,226,no
100,blue-collar,single,secondary,95,-39.82,no,no,yes,telephone,dec,3,82,16,10,unknown,-1,no
101,management,divorced,unknown,83,8532.62,no,no,no,unknown,mar,2,223,17,1,unknown,364,no
102,management,married,secondary,20,174.51,yes,no,no,telephone,jul,18,1680,8,10,unknown,75,no
103,housemaid,divorced,tertiary,65,27332.74,yes,no,yes,cellular,jan,17,684,15,8,failure,288,no
104,student,divorced,tertiary,73,48843.3,no,yes,yes,unknown,feb,24,737,6,10,success,246,no
105,technician,single,unknown,81,44239.54,yes,no,yes,cellular,mar,11,794,2,7,other,-1,yes
106,services,divorced,primary,65,1762.16,yes,no,yes,cellular,oct,21,236,8,1,other,-1,yes
107,technician,married,primary,60,40605.94,yes,no,yes,telephone,jan,16,332,20,2,unknown,195,no
108,blue-collar,single,tertiary,56,27420.79,no,no,yes,cellular,apr,27,211,14,9,failure,95,no
109,retired,divorced,unknown,55,18616.73,no,yes,yes,cellular,mar,4,340,3,2,failure,-1,no
110,entrepreneur,married,tertiary,20,5894.69,no,yes,yes,unknown,apr,13,1203,4,2,failure,-1,no
111,unknown,divorced,primary,83,13401.6,no,yes,yes,cellular,jul,4,1909,13,5,other,131,no
112,technician,single,tertiary,39,48989.25,yes,no,no,cellular,jan,14,975,5,1,unknown,198,no
113,admin.,married,tertiary,25,24813.91,yes,no,yes,telephone,oct,15,1426,7,2,failure,69,no
114,blue-collar,single,unknown,18,46640.61,no,yes,no,unknown,sep,23,1832,6,5,unknown,354,no
115,student,married,tertiary,38,23325.81,no,yes,no,telephone,mar,25,1143,14,10,success,-1,no
116,self-employed,divorced,tertiary,34,25723.41,yes,yes,no,unknown,dec,19,1760,6,3,failure,33,no
117,self-employed,single,tertiary,44,35921.09,yes,yes,no,cellular,feb,13,873,14,6,other,-1,no
118,blue-collar,divorced,secondary,88,26521.14,no,no,no,unknown,jan,25,339,6,7,failure,10,no
119,housemaid,married,secondary,58,71.16,yes,no,yes,cellular,jan,16,1549,2,1,unknown,-1,no
120,retired,divorced,unknown,87,1284.34,yes,yes,yes,unknown,sep,2,745,9,3,unknown,132,no
121,services,married,secondary,58,10261.56,no,no,yes,cellular,jun,23,1393,12,9,other,-1,no
122,self-employed,married,secondary,91,640.76,no,yes,no,telephone,dec,10,159,16,0,unknown,-1,no
123,self-employed,single,tertiary,59,12331.27,no,no,yes,unknown,jan,17,943,2,0,success,322,no
124,self-employed,married,primary,65,29657.64,no,yes,yes,telephone,dec,26,1624,9,7,unknown,72,no
125,student,married,primary,36,634.75,yes,no,yes,cellular,aug,25,1420,1,10,success,41,no
126,blue-collar,single,unknown,53,36638.77,yes,no,no,unknown,nov,19,1563,1,4,unknown,-1,no
127,services,married,primary,22,13556.24,no,no,yes,cellular,mar,20,1194,16,0,failure,-1,no
128,retired,single,unknown,30,18271.27,no,no,no,telephone,mar,15,821,11,5,success,18,no
129,unemployed,divorced,secondary,42,16751.64,no,no,no,unknown,nov,22,1598,6,3,failure,136,no
130,student,married,unknown,95,2600.35,yes,no,no,telephone,mar,24,798,16,8,failure,-1,no
131,entrepreneur,married,unknown,58,25316.28,no,yes,no,unknown,apr,17,634,3,5,success,102,no
132,unemployed,single,secondary,47,46444.66,yes,no,no,telephone,oct,9,1569,10,2,unknown,321,no
133,retired,single,secondary,72,3663.03,no,no,yes,cellular,jun,17,1582,15,9,unknown,-1,no
134,blue-collar,married,tertiary,59,47020.21,yes,no,no,cellular,jul,28,441,13,4,failure,-1,no
135,services,married,unknown,21,43985.23,yes,yes,no,telephone,sep,28,185,13,10,other,-1,no
136,student,single,tertiary,36,1296.06,no,no,yes,telephone,jun,20,204,17,6,success,291,no
137,management,divorced,unknown,68,37254.11,no,no,no,telephone,oct,22,542,9,6,success,295,no
138,management,single,secondary,94,-892.34,yes,yes,yes,telephone,jun,12,626,12,2,failure,86,no
139,unknown,divorced,unknown,62,27420.16,yes,no,yes,unknown,may,12,1804,8,3,unknown,46,yes
140,housemaid,divorced,tertiary,24,-653.25,no,no,yes,unknown,feb,26,1355,12,10,unknown,-1,no
141,admin.,married,unknown,75,35846.18,yes,no,no,unknown,nov,19,1878,18,7,other,388,no
142,admin.,married,primary,91,-1723.97,yes,yes,yes,telephone,apr,8,132,10,2,other,-1,no
143,admin.,married,secondary,59,911.2,yes,no,yes,telephone,jun,15,1862,4,7,other,-1,no
144,retired,divorced,tertiary,50,48798.52,yes,yes,no,unknown,jun,2,59,9,2,unknown,-1,no
145,admin.,married,primary,25,15768.39,yes,yes,no,unknown,may,14,1171,15,4,unknown,-1,no
146,admin.,divorced,secondary,66,24266.3,yes,yes,no,cellular,mar,5,1553,6,1,other,151,no
147,student,married,primary,31,28139.98,yes,yes,yes,telephone,feb,5,1996,9,8,other,-1,no
148,housemaid,single,primary,67,17428.16,yes,yes,no,telephone,jun,26,1042,5,9,other,-1,no
149,retired,divorced,primary,36,18280.09,no,no,yes,telephone,oct,26,725,10,6,other,288,no
150,self-employed,single,primary,66,38428.92,yes,yes,yes,telephone,nov,26,915,6,2,success,-1,no
151,unknown,single,unknown,60,23189.6,yes,yes,yes,unknown,jan,10,1510,1,3,failure,172,no
152,self-employed,single,primary,26,5435.83,yes,yes,no,cellular,nov,16,168,6,3,unknown,12,no
153,self-employed,single,tertiary,51,17380.96,yes,no,no,telephone,feb,20,1121,13,4,unknown,-1,yes
154,self-employed,divorced,primary,80,19841.6,no,yes,yes,unknown,feb,12,1471,20,9,failure,303,yes
155,services,single,secondary,56,17010.07,yes,no,yes,cellular,feb,1,303,19,6,other,-1,no
156,admin.,divorced,secondary,64,38082.37,yes,yes,yes,telephone,dec,26,379,10,7,unknown,2,no
157,unemployed,single,secondary,28,46351.35,no,no,no,cellular,jan,2,655,13,5,other,188,no
158,unemployed,divorced,primary,70,38918.58,no,no,no,unknown,feb,15,1275,10,7,success,380,no
159,unemployed,divorced,primary,25,6553.63,no,yes,yes,telephone,may,4,500,12,6,other,-1,no
160,admin.,single,tertiary,24,33804.92,yes,yes,no,telephone,jul,13,918,2,0,success,86,no
161,technician,single,secondary,93,39062.58,no,yes,no,telephone,mar,9,81,12,6,other,-1,yes
162,self-employed,divorced,primary,46,431.79,no,no,no,unknown,mar,5,431,16,7,failure,384,no
163,technician,divorced,tertiary,62,39627.56,no,no,no,cellular,oct,12,766,18,5,success,-1,no
164,unknown,divorced,secondary,95,43363.84,no,no,yes,cellular,jan,21,1583,10,10,success,319,no
165,entrepreneur,single,unknown,34,3326.47,no,no,no,telephone,jun,8,625,12,0,failure,399,no
166,housemaid,divorced,primary,86,49858.67,yes,no,yes,unknown,aug,5,335,4,7,success,60,no
167,services,married,unknown,27,49469.72,no,no,no,unknown,oct,26,1741,1,5,unknown,-1,yes
168,management,married,primary,58,21391.02,no,no,no,unknown,sep,17,1928,4,6,failure,-1,no
169,technician,divorced,unknown,26,6912.4,yes,no,no,unknown,jun,26,1287,7,4,unknown,69,no
170,unemployed,divorced,secondary,39,20744.65,yes,no,yes,cellular,feb,20,1741,2,8,other,12,no
171,blue-collar,single,tertiary,75,19341.4,yes,yes,yes,unknown,apr,4,466,14,8,success,146,no
172,blue-collar,married,unknown,39,26750.04,yes,yes,yes,unknown,jan,18,1030,1,9,failure,374,no
173,blue-collar,divorced,primary,19,45156.0,no,no,yes,cellular,may,9,807,6,9,unknown,-1,no
174,housemaid,divorced,tertiary,48,6238.85,yes,yes,yes,unknown,mar,17,1321,5,1,failure,119,yes
175,management,married,primary,77,42637.31,no,yes,yes,telephone,nov,11,1149,2,6,failure,222,yes
176,admin.,divorced,tertiary,45,25809.46,no,yes,yes,cellular,jul,20,155,14,6,failure,240,no
177,unemployed,married,secondary,59,15175.5,no,yes,yes,unknown,may,7,1359,10,4,success,239,no
178,admin.,divorced,tertiary,68,37740.51,no,no,yes,telephone,mar,17,1328,20,4,failure,-1,no
179,blue-collar,divorced,primary,36,17678.35,yes,yes,no,telephone,feb,6,1524,2,1,success,-1,no
180,retired,single,unknown,18,5986.12,no,no,no,cellular,jan,17,185,13,9,failure,334,no
181,blue-collar,single,secondary,39,2872.28,yes,no,yes,telephone,may,2,1866,16,0,success,280,no
182,management,married,secondary,91,14676.28,yes,yes,yes,telephone,may,2,1644,9,6,unknown,14,no
183,student,divorced,primary,44,6072.18,yes,yes,yes,telephone,feb,28,118,15,3,other,-1,yes
184,management,married,unknown,22,48807.45,no,no,no,cellular,jan,17,160,5,8,unknown,81,no
185,student,married,secondary,58,3520.41,no,yes,no,cellular,mar,22,1750,5,10,unknown,389,no
186,technician,divorced,unknown,70,6747.58,no,no,yes,unknown,jan,10,1084,16,6,unknown,43,no
187,retired,divorced,unknown,34,32971.48,yes,yes,yes,unknown,apr,2,900,3,2,failure,326,no
188,management,single,secondary,22,46255.47,yes,no,yes,unknown,jan,19,24,14,8,failure,214,no
189,retired,single,primary,66,36962.39,yes,yes,yes,unknown,dec,1,1792,11,9,other,43,no
190,retired,married,unknown,48,27836.95,yes,no,yes,cellular,feb,22,1483,20,4,failure,301,no
191,blue-collar,divorced,secondary,44,49021.58,yes,yes,yes,unknown,jan,10,1142,9,8,failure,230,no
192,unemployed,married,primary,83,46371.11,no,no,yes,telephone,apr,9,1579,12,8,unknown,232,no
193,technician,married,tertiary,36,16238.06,yes,no,no,cellular,nov,8,1955,18,1,failure,301,no
194,unknown,divorced,unknown,53,5619.65,no,yes,yes,cellular,feb,4,1368,1,3,failure,-1,no
195,services,married,secondary,22,20552.4,yes,yes,yes,telephone,feb,12,1723,10,3,success,-1,no
196,retired,single,primary,47,24772.34,no,no,no,unknown,feb,22,1615,9,1,failure,-1,no
197,housemaid,divorced,primary,92,45239.97,no,yes,no,telephone,aug,18,398,8,0,other,302,no
198,student,single,primary,63,41383.24,yes,yes,no,telephone,jun,5,1211,14,3,failure,273,yes
199,admin.,single,primary,18,34141.28,no,yes,yes,unknown,jan,5,368,1,4,unknown,384,no
200,retired,married,primary,28,38556.84,yes,no,no,telephone,dec,5,953,6,8,other,275,no
201,student,married,tertiary,86,48432.53,no,no,no,unknown,dec,5,1069,2,5,unknown,348,no
202,blue-collar,divorced,tertiary,84,13078.31,yes,no,yes,telephone,jul,13,992,3,6,other,-1,no
203,admin.,single,secondary,18,9216.99,no,no,yes,cellular,sep,11,84,7,0,unknown,-1,no
204,blue-collar,married,tertiary,46,3373.3,yes,no,no,telephone,may,26,1318,11,2,unknown,240,no
205,self-employed,single,primary,64,29828.63,yes,no,yes,unknown,may,10,459,14,5,unknown,331,yes
206,unknown,married,unknown,64,19723.23,no,no,no,cellular,dec,10,7,8,5,failure,228,no
207,unknown,married,tertiary,77,28340.68,yes,no,no,cellular,dec,22,330,16,8,failure,-1,no
208,blue-collar,single,primary,70,24558.14,no,yes,no,unknown,mar,23,1261,19,9,failure,56,no
209,technician,divorced,secondary,64,39305.02,no,yes,yes,cellular,dec,7,141,14,6,other,117,no
210,management,divorced,secondary,41,4680.78,yes,yes,no,unknown,may,27,243,15,3,failure,347,no
211,student,married,primary,62,43187.34,yes,no,no,unknown,feb,2,1400,1,8,unknown,-1,no
212,student,single,secondary,77,46137.33,yes,yes,yes,cellular,sep,12,161,12,10,failure,-1,no
213,admin.,divorced,primary,53,6189.07,yes,no,yes,unknown,mar,10,451,16,10,other,17,yes
214,unknown,divorced,unknown,65,24590.43,yes,no,no,telephone,apr,8,1896,14,6,failure,-1,no
215,entrepreneur,divorced,primary,88,24543.77,no,yes,yes,telephone,aug,26,1529,13,7,unknown,205,no
216,services,divorced,unknown,82,43963.31,yes,yes,no,telephone,nov,8,534,19,2,failure,400,no
217,admin.,single,tertiary,27,21394.74,no,yes,yes,telephone,may,22,329,12,8,success,-1,no
218,housemaid,single,secondary,33,7027.99,no,yes,yes,unknown,mar,9,1647,3,2,unknown,347,yes
219,entrepreneur,divorced,tertiary,95,31787.43,no,no,no,telephone,may,20,273,1,4,unknown,5,yes
220,self-employed,single,tertiary,93,38887.56,no,yes,no,cellular,jul,22,699,17,9,failure,55,no
221,technician,single,unknown,42,25210.31,no,yes,no,cellular,may,25,1278,17,9,failure,-1,no
222,unknown,single,secondary,42,9362.43,yes,yes,yes,cellular,may,19,922,9,7,failure,-1,yes
223,student,divorced,primary,29,34295.8,no,no,no,cellular,jul,5,1580,19,5,success,-1,yes
224,admin.,divorced,tertiary,18,44543.92,no,no,yes,unknown,dec,18,689,5,3,other,18,no
225,services,married,primary,77,9953.12,yes,no,yes,telephone,mar,10,1820,8,6,unknown,159,no
226,unknown,divorced,unknown,65,37548.22,no,yes,no,telephone,sep,2,1126,2,1,unknown,189,no
227,student,married,tertiary,80,12030.9,no,yes,yes,telephone,jul,19,1384,15,2,other,197,no
228,blue-collar,divorced,primary,42,24033.82,yes,no,yes,telephone,sep,27,678,14,8,failure,-1,no
229,blue-collar,married,tertiary,44,1124.47,yes,no,yes,unknown,mar,19,209,9,1,unknown,56,no
230,housemaid,single,secondary,74,8067.92,no,yes,yes,cellular,jun,20,92,7,1,failure,352,no
231,unknown,single,unknown,68,42786.97,yes,no,yes,unknown,mar,13,297,19,9,success,-1,no
232,housemaid,divorced,unknown,26,16878.84,no,no,yes,unknown,mar,21,1634,4,10,failure,345,yes
233,student,single,secondary,23,29223.17,yes,yes,no,telephone,feb,8,1202,18,2,success,-1,no
234,housemaid,married,unknown,89,20953.84,yes,yes,no,cellular,nov,22,1477,15,0,failure,-1,no
235,blue-collar,single,unknown,91,22871.49,no,yes,no,cellular,jun,8,232,18,2,failure,294,no
236,self-employed,married,primary,51,3673.55,yes,no,yes,cellular,oct,3,1670,9,4,unknown,386,no
237,unemployed,single,secondary,64,33460.46,yes,yes,yes,cellular,jun,22,1573,15,7,other,-1,no
238,unknown,single,primary,74,24640.26,yes,yes,no,cellular,dec,26,1973,13,5,unknown,176,no
239,entrepreneur,divorced,unknown,63,4595.98,no,yes,no,telephone,jan,2,1108,19,9,other,-1,yes
240,blue-collar,single,unknown,51,47990.45,yes,yes,no,cellular,aug,25,1180,14,9,other,85,no
241,entrepreneur,divorced,unknown,42,24129.68,yes,no,no,unknown,nov,3,153,8,7,unknown,-1,no
242,management,divorced,unknown,40,42164.05,yes,yes,no,cellular,feb,15,1891,11,4,other,-1,no
243,admin.,divorced,unknown,47,47672.54,no,yes,no,telephone,jul,26,211,6,9,failure,46,yes
244,retired,divorced,tertiary,56,46782.15,yes,yes,no,unknown,mar,3,1396,1,4,success,-1,no
245,blue-collar,divorced,tertiary,69,41640.7,no,yes,no,cellular,mar,27,1141,4,7,unknown,-1,no
246,student,single,secondary,39,19332.94,no,yes,no,cellular,may,8,982,9,10,failure,344,no
247,unknown,married,secondary,92,15030.5,yes,no,yes,telephone,may,22,586,8,4,success,-1,yes
248,unemployed,married,unknown,45,25164.92,yes,yes,yes,telephone,sep,26,1211,16,4,failure,-1,no
249,entrepreneur,married,secondary,21,13680.09,yes,no,no,cellular,apr,7,513,18,10,other,27,no
250,self-employed,divorced,secondary,25,13916.09,yes,no,yes,cellular,feb,28,1781,14,3,failure,194,no
251,management,married,unknown,71,11404.59,no,no,yes,cellular,mar,16,1960,8,9,success,205,no
252,entrepreneur,divorced,tertiary,79,46979.49,yes,yes,no,telephone,mar,22,60,20,8,other,-1,no
253,self-employed,married,secondary,59,47122.33,yes,no,yes,telephone,jan,27,765,11,9,unknown,23,no
254,admin.,divorced,tertiary,80,22936.38,yes,no,no,cellular,jan,1,1908,6,3,success,332,no
255,blue-collar,married,tertiary,57,3757.65,yes,no,no,unknown,apr,26,1822,17,8,success,-1,no
256,unknown,single,primary,93,26660.41,yes,yes,yes,unknown,oct,27,1564,2,9,unknown,-1,no
257,management,married,unknown,26,-1424.05,yes,yes,no,unknown,oct,4,731,16,10,unknown,284,no
258,student,single,tertiary,75,1598.9,no,yes,yes,cellular,jun,11,1317,18,5,success,-1,no
259,blue-collar,divorced,unknown,52,45619.4,no,no,yes,unknown,aug,19,1596,17,3,success,99,no
260,admin.,single,unknown,69,16971.96,yes,no,no,unknown,apr,13,602,8,6,success,316,no
261,technician,married,primary,75,11674.26,no,yes,yes,telephone,jun,18,188,11,7,unknown,256,no
262,student,divorced,unknown,89,37190.54,yes,no,yes,cellular,jan,2,1544,9,9,other,-1,no
263,self-employed,married,tertiary,46,35027.2,no,yes,no,unknown,may,2,811,5,1,failure,188,no
264,self-employed,married,tertiary,54,23555.94,no,yes,yes,cellular,may,2,1895,13,2,success,26,no
265,blue-collar,divorced,unknown,82,11153.7,no,yes,no,unknown,may,22,492,15,9,unknown,-1,no
266,entrepreneur,married,primary,83,40030.41,no,yes,no,telephone,feb,25,1463,7,4,success,-1,no
267,technician,married,unknown,38,20020.02,yes,yes,yes,cellular,mar,16,64,1,3,unknown,-1,no
268,technician,divorced,tertiary,87,42641.42,no,no,no,cellular,dec,16,900,11,3,success,68,no
269,retired,divorced,tertiary,52,15402.58,yes,yes,no,telephone,oct,20,1580,1,1,unknown,24,no
270,blue-collar,married,tertiary,42,30210.63,no,yes,no,unknown,aug,12,1261,2,1,unknown,128,no
271,student,divorced,unknown,77,16102.63,no,no,yes,telephone,jul,25,1677,10,2,failure,-1,yes
272,unknown,single,unknown,89,29599.19,yes,yes,yes,telephone,apr,24,1603,18,4,unknown,360,no
273,unemployed,married,secondary,57,33727.59,no,yes,no,cellular,jul,9,1996,18,10,success,-1,no
274,blue-collar,divorced,unknown,89,44610.92,yes,yes,yes,cellular,feb,21,1447,1,3,success,-1,no
275,blue-collar,single,secondary,81,1506.87,no,yes,yes,telephone,nov,26,645,11,6,unknown,228,no
276,housemaid,divorced,unknown,75,6469.5,yes,no,no,cellular,mar,11,422,3,2,failure,182,no
277,technician,single,primary,50,49467.89,no,yes,no,telephone,jun,18,1800,3,4,other,399,no
278,self-employed,married,tertiary,58,32585.43,no,yes,no,unknown,jan,11,1564,18,4,failure,-1,no
279,unknown,divorced,unknown,47,40799.87,yes,no,yes,telephone,sep,12,1809,5,0,success,70,yes
280,unknown,married,primary,58,14198.35,yes,no,yes,unknown,feb,25,1173,13,6,unknown,305,no
281,student,single,secondary,23,21569.15,yes,no,no,unknown,jul,10,864,12,2,failure,283,no
282,management,single,tertiary,86,36293.29,no,no,yes,cellular,dec,28,849,12,10,failure,-1,no
283,technician,single,primary,80,4769.95,no,no,no,cellular,jul,17,410,9,7,unknown,-1,no
284,services,divorced,primary,81,26527.56,no,yes,no,cellular,aug,23,1019,16,5,other,166,no
285,housemaid,married,primary,91,34993.19,no,yes,no,cellular,nov,10,1738,13,8,success,266,no
286,technician,single,unknown,66,3663.33,yes,no,no,unknown,jul,28,957,11,9,success,239,yes
287,technician,married,primary,33,26207.13,yes,no,no,telephone,sep,7,268,15,10,failure,140,no
288,unknown,divorced,primary,50,48658.23,yes,yes,no,telephone,sep,9,1793,15,3,unknown,184,no
289,blue-collar,divorced,unknown,95,33450.19,yes,no,yes,cellular,dec,13,1548,15,8,other,-1,no
290,admin.,married,unknown,22,46854.52,yes,no,yes,cellular,aug,24,26,11,4,failure,116,no
291,blue-collar,married,secondary,18,40978.49,yes,no,no,telephone,jan,27,1844,18,7,failure,154,no
292,entrepreneur,single,tertiary,44,13299.09,no,no,yes,cellular,jan,4,649,14,10,success,189,no
293,services,married,secondary,60,28011.41,no,yes,no,telephone,jan,26,1533,20,4,failure,-1,no
294,unknown,single,secondary,52,21179.62,no,yes,no,cellular,mar,11,1331,8,9,success,-1,no
295,services,divorced,tertiary,28,31466.15,no,no,no,cellular,may,9,1832,12,1,success,-1,no
296,unemployed,single,tertiary,66,2594.42,yes,yes,yes,cellular,jan,18,326,10,2,failure,232,no
297,technician,divorced,secondary,53,48862.34,no,yes,no,unknown,feb,1,965,12,10,success,-1,no
298,blue-collar,married,tertiary,92,31089.7,no,no,yes,telephone,nov,7,632,9,9,success,368,no
299,unemployed,married,secondary,45,24054.32,yes,no,no,telephone,apr,17,1982,1,2,other,35,no
300,management,single,secondary,29,36758.59,no,no,yes,telephone,feb,12,1313,15,0,unknown,-1,no
301,self-employed,single,tertiary,72,23955.34,yes,yes,yes,telephone,may,27,1954,11,1,unknown,249,no
302,entrepreneur,single,unknown,60,28318.58,no,yes,no,cellular,jun,16,298,14,6,other,284,no
303,entrepreneur,married,primary,39,25257.02,no,no,no,cellular,oct,21,1914,15,7,unknown,-1,no
304,blue-collar,single,tertiary,66,19410.88,no,no,no,cellular,may,9,444,19,4,failure,314,no
305,technician,single,tertiary,53,38809.64,yes,no,no,cellular,jun,19,116,13,4,other,99,no
306,admin.,single,tertiary,52,36715.49,yes,no,no,cellular,aug,17,458,15,3,success,17,no
307,self-employed,divorced,tertiary,41,38.59,yes,yes,no,telephone,nov,14,1850,19,0,other,-1,no
308,retired,divorced,secondary,56,21207.89,yes,yes,no,cellular,nov,6,631,9,8,failure,18,yes
309,entrepreneur,married,primary,69,39057.46,no,yes,yes,cellular,jul,8,1305,18,3,failure,113,no
310,blue-collar,single,primary,39,9016.03,yes,yes,no,cellular,dec,27,1152,16,8,other,-1,no
311,blue-collar,single,primary,29,28488.15,no,no,no,unknown,may,11,1249,19,3,other,291,no
312,entrepreneur,divorced,tertiary,93,46007.98,yes,no,no,telephone,dec,22,713,18,2,unknown,-1,no
313,unknown,divorced,unknown,87,10598.22,yes,yes,yes,telephone,feb,3,245,19,1,unknown,394,no
314,student,single,primary,42,45687.18,no,no,no,unknown,apr,16,578,8,0,failure,76,no
315,unknown,divorced,unknown,86,2032.67,yes,yes,yes,telephone,aug,14,701,6,2,success,32,no
316,technician,married,secondary,72,6004.81,yes,no,no,cellular,aug,25,112,19,9,other,-1,no
317,admin.,married,primary,86,30497.91,yes,yes,yes,cellular,nov,27,1954,12,1,success,-1,yes
318,retired,divorced,unknown,32,38228.1,yes,no,no,unknown,may,7,1760,16,9,success,27,yes
319,admin.,divorced,primary,59,10749.24,no,no,yes,unknown,apr,2,1741,4,1,unknown,188,no
320,entrepreneur,divorced,tertiary,56,36851.55,no,no,yes,cellular,dec,12,479,20,6,other,183,no
321,entrepreneur,married,primary,41,10090.59,yes,yes,no,telephone,nov,12,815,12,8,failure,345,no
322,student,married,tertiary,79,30711.32,yes,yes,no,telephone,aug,17,1542,10,9,success,191,yes
323,retired,single,tertiary,19,19225.41,yes,no,yes,telephone,dec,5,1581,9,2,success,398,yes
324,admin.,married,unknown,90,14543.31,no,yes,yes,unknown,sep,24,472,10,1,failure,-1,yes
325,student,single,primary,65,13671.2,yes,yes,yes,unknown,oct,16,593,6,2,failure,-1,no
326,self-employed,married,primary,71,587.74,no,yes,yes,cellular,mar,14,766,6,0,success,-1,no
327,admin.,divorced,tertiary,24,1623.28,no,no,yes,unknown,oct,23,484,14,2,other,-1,no
328,blue-collar,divorced,secondary,29,34818.19,yes,no,no,telephone,aug,16,1146,9,9,success,-1,no
329,technician,married,unknown,81,2241.91,no,no,yes,unknown,sep,8,533,19,1,success,243,no
330,technician,married,primary,53,38770.66,yes,no,yes,unknown,jul,28,1116,15,10,failure,296,no
331,services,single,primary,22,43879.77,no,yes,yes,unknown,sep,12,76,10,6,other,-1,no
332,self-employed,single,secondary,31,41667.21,yes,no,yes,cellular,apr,8,1478,13,6,failure,-1,no
333,retired,single,unknown,88,26416.27,yes,no,no,unknown,jan,22,928,16,5,unknown,18,no
334,student,single,unknown,19,429.71,no,no,no,unknown,jul,18,1073,5,2,unknown,389,no
335,management,single,tertiary,50,45522.4,yes,no,no,cellular,mar,6,770,12,7,other,307,no
336,blue-collar,single,unknown,34,32871.45,no,no,yes,telephone,mar,4,1462,10,0,success,205,no
337,entrepreneur,single,tertiary,91,14555.55,no,yes,yes,telephone,oct,3,297,17,10,other,100,yes
338,entrepreneur,divorced,primary,42,49431.62,no,no,yes,telephone,aug,22,406,14,5,success,-1,yes
339,unemployed,married,unknown,42,7472.76,no,no,yes,cellular,apr,13,846,13,6,unknown,127,no
340,management,single,primary,90,29842.37,yes,no,no,unknown,apr,3,990,13,8,unknown,77,no
341,retired,single,secondary,21,49328.4,no,no,no,cellular,jun,12,87,2,10,unknown,95,no
342,blue-collar,married,primary,63,25503.8,no,no,no,telephone,jun,20,618,19,1,unknown,50,no
343,services,married,secondary,63,37004.11,yes,yes,yes,telephone,sep,21,1405,17,7,other,-1,no
344,retired,divorced,tertiary,79,37771.6,yes,no,no,telephone,mar,15,1869,19,7,unknown,289,no
345,management,divorced,primary,71,30530.41,no,yes,no,telephone,jan,28,222,15,8,unknown,344,no
346,admin.,divorced,unknown,29,6291.43,no,no,yes,cellular,oct,4,421,3,3,other,143,no
347,student,married,secondary,43,49324.9,no,yes,yes,unknown,mar,25,1415,13,5,other,152,no
348,admin.,divorced,unknown,58,11817.15,yes,yes,yes,cellular,aug,22,1567,2,5,failure,-1,yes
349,blue-collar,married,primary,47,24354.44,yes,yes,no,telephone,aug,9,1451,2,2,success,370,no
350,admin.,married,secondary,62,-1533.71,no,no,no,unknown,feb,19,1972,20,1,other,-1,no
351,housemaid,married,primary,47,36061.61,yes,yes,no,telephone,apr,19,1102,9,10,other,-1,no
352,unemployed,married,primary,39,16021.24,yes,yes,no,cellular,nov,12,351,20,5,success,51,no
353,unknown,married,secondary,92,15789.92,yes,yes,no,telephone,nov,9,1296,9,1,other,-1,yes
354,blue-collar,divorced,secondary,76,29409.99,yes,no,no,unknown,apr,12,524,1,1,other,-1,no
355,management,divorced,secondary,73,8629.59,yes,no,yes,telephone,jan,8,1367,9,3,other,381,no
356,services,divorced,primary,94,41595.34,no,yes,no,cellular,jun,21,720,20,6,success,61,no
357,entrepreneur,divorced,primary,89,16988.07,no,yes,yes,unknown,feb,8,302,7,7,success,170,yes
358,unknown,married,unknown,27,46028.75,no,yes,yes,cellular,jul,2,884,9,0,unknown,-1,no
359,unemployed,divorced,secondary,39,44933.72,no,no,yes,unknown,apr,21,1730,14,0,other,340,no
360,services,married,primary,64,36455.11,no,yes,yes,unknown,sep,17,1443,13,0,other,-1,yes
361,unknown,single,primary,58,10782.46,no,yes,no,cellular,jan,7,1359,1,5,failure,169,no
362,housemaid,divorced,unknown,89,5049.55,no,no,no,telephone,may,3,1847,9,10,other,217,no
363,services,divorced,secondary,57,14732.95,no,yes,yes,cellular,may,10,573,3,4,other,281,no
364,student,divorced,secondary,33,24065.28,no,no,no,telephone,dec,15,754,4,6,success,267,no
365,self-employed,single,secondary,88,34810.68,yes,no,yes,cellular,sep,9,1405,14,10,other,61,no
366,services,divorced,secondary,54,27888.83,yes,yes,no,cellular,oct,3,644,16,9,unknown,-1,no
367,services,married,primary,38,4141.75,yes,yes,no,cellular,sep,3,176,10,7,failure,-1,no
368,unemployed,divorced,secondary,90,13238.78,yes,no,yes,unknown,mar,26,382,16,0,unknown,-1,no
369,retired,single,tertiary,27,49847.08,no,yes,yes,telephone,jul,12,2000,6,10,success,-1,no
370,retired,married,unknown,40,43079.0,no,no,yes,cellular,aug,21,334,19,0,unknown,380,no
371,technician,single,secondary,94,6155.87,yes,no,no,cellular,sep,23,699,8,5,other,80,yes
372,admin.,married,tertiary,32,1815.19,yes,no,no,cellular,jun,25,1445,15,8,other,103,no
373,services,divorced,secondary,54,3686.91,no,no,no,unknown,dec,19,1019,8,10,success,143,no
374,unknown,married,secondary,61,47337.63,yes,yes,yes,telephone,feb,26,1502,19,8,success,356,yes
375,unemployed,divorced,tertiary,42,26554.42,no,no,yes,unknown,oct,14,1892,5,8,unknown,-1,no
376,housemaid,married,secondary,47,333.75,yes,no,yes,telephone,oct,17,594,1,3,success,-1,no
377,admin.,married,secondary,48,43126.66,no,no,yes,telephone,mar,12,801,16,9,success,185,no
378,admin.,married,secondary,84,37958.98,no,no,no,unknown,jan,22,544,5,0,unknown,-1,no
379,unemployed,single,primary,45,9554.56,yes,no,yes,telephone,jun,9,1620,2,9,success,-1,no
380,technician,married,secondary,51,35543.91,no,yes,no,cellular,may,12,487,18,10,other,253,no
381,admin.,divorced,unknown,87,20556.35,no,yes,no,unknown,jan,26,1223,20,3,unknown,340,no
382,admin.,married,tertiary,94,831.23,yes,yes,no,telephone,feb,21,334,7,7,failure,-1,no
383,technician,single,tertiary,74,32991.44,yes,yes,yes,cellular,sep,1,917,16,5,unknown,185,no
384,unemployed,married,tertiary,63,20184.76,yes,no,no,cellular,jan,10,359,17,4,success,-1,no
385,services,married,tertiary,36,8494.48,no,yes,yes,unknown,sep,25,576,5,9,other,33,no
386,technician,married,secondary,64,39035.45,yes,no,yes,telephone,nov,10,293,14,6,unknown,250,yes
387,housemaid,single,unknown,87,7869.19,no,yes,yes,cellular,jun,10,376,2,10,other,340,yes
388,services,married,primary,48,39347.46,yes,yes,no,unknown,feb,9,853,12,5,unknown,4,no
389,unemployed,single,unknown,19,20406.49,no,no,yes,cellular,aug,25,1724,4,7,success,26,yes
390,student,married,tertiary,32,3099.47,yes,no,yes,unknown,oct,25,929,7,6,success,95,no
391,unemployed,single,primary,92,2837.52,yes,no,yes,cellular,mar,12,1694,1,8,failure,-1,no
392,self-employed,single,primary,90,32359.27,yes,yes,yes,unknown,jul,9,1835,9,4,success,149,no
393,housemaid,married,unknown,58,38571.4,yes,no,no,cellular,oct,15,16,16,0,success,259,yes
394,management,married,tertiary,89,9047.49,yes,yes,no,cellular,dec,11,490,13,1,success,-1,no
395,admin.,single,secondary,94,9643.16,no,yes,yes,telephone,dec,26,1922,10,1,failure,282,no
396,self-employed,divorced,tertiary,91,25409.93,yes,no,yes,unknown,feb,2,136,8,1,success,288,no
397,housemaid,divorced,secondary,53,6825.67,no,no,yes,cellular,apr,14,1264,14,9,failure,197,no
398,management,single,tertiary,46,-208.0,no,no,yes,unknown,aug,17,243,17,9,failure,299,no
399,student,divorced,unknown,53,24271.76,yes,no,yes,cellular,jun,2,12,8,6,failure,-1,no
400,unemployed,married,secondary,40,32185.01,yes,yes,yes,telephone,dec,2,673,11,8,other,314,no
401,self-employed,divorced,unknown,24,31287.8,yes,yes,yes,cellular,apr,16,1342,4,10,failure,258,no
402,unemployed,married,unknown,29,30812.19,yes,no,yes,telephone,aug,16,630,15,5,success,306,no
403,entrepreneur,single,secondary,82,4679.59,yes,no,yes,cellular,apr,5,1149,13,0,failure,237,no
404,entrepreneur,divorced,tertiary,94,41132.77,yes,no,no,cellular,feb,1,399,4,6,failure,223,no
405,management,single,secondary,60,16293.03,yes,yes,yes,unknown,jan,18,1251,13,1,success,44,no
406,unemployed,divorced,tertiary,79,41870.5,yes,yes,yes,telephone,may,5,501,20,2,unknown,182,no
407,unemployed,single,tertiary,23,41829.28,no,yes,no,unknown,apr,14,824,9,5,unknown,-1,no
408,blue-collar,divorced,unknown,65,6248.69,yes,yes,no,unknown,mar,10,1852,12,0,unknown,132,no
409,technician,married,primary,70,8004.93,no,no,yes,cellular,jan,16,1866,7,6,other,215,no
410,student,married,tertiary,80,30897.26,no,no,no,telephone,jun,11,1570,1,5,failure,86,no
411,management,divorced,secondary,23,43323.49,no,yes,yes,cellular,nov,2,1544,10,8,other,320,no
412,services,married,primary,72,14025.72,no,yes,no,telephone,jul,9,727,17,5,unknown,53,no
413,self-employed,married,primary,44,40999.33,no,no,no,telephone,feb,6,1170,1,0,unknown,-1,yes
414,admin.,single,unknown,80,42618.01,yes,no,no,telephone,oct,4,1244,18,4,unknown,183,no
415,housemaid,divorced,tertiary,80,34156.82,yes,no,no,telephone,may,9,580,9,0,other,-1,no
416,retired,divorced,tertiary,69,24668.52,yes,yes,no,unknown,may,2,27,6,7,other,156,no
417,technician,married,unknown,93,12248.98,no,yes,yes,telephone,jul,24,1164,13,8,success,114,no
418,technician,divorced,secondary,87,21794.4,yes,no,no,unknown,may,15,1682,3,4,unknown,24,yes
419,blue-collar,single,tertiary,70,179.6,no,yes,no,cellular,aug,26,964,16,10,success,158,no
420,housemaid,single,tertiary,50,27041.54,no,yes,no,cellular,jun,6,60,8,10,failure,361,no
421,management,single,tertiary,43,-255.16,yes,no,no,telephone,aug,22,1851,8,10,unknown,-1,no
422,blue-collar,married,secondary,81,24034.22,no,yes,yes,telephone,jan,5,170,10,8,other,-1,no
423,entrepreneur,single,secondary,81,41816.67,no,yes,yes,telephone,jan,3,528,4,4,unknown,-1,no
424,admin.,married,unknown,76,17992.27,no,no,yes,unknown,jan,6,79,13,1,success,219,no
425,retired,married,unknown,69,40048.48,no,yes,no,cellular,feb,17,255,18,6,other,-1,no
426,management,single,tertiary,47,31764.65,yes,yes,no,cellular,sep,15,993,7,7,other,25,no
427,student,married,primary,42,42398.58,yes,no,no,cellular,oct,8,1694,12,2,other,238,no
428,technician,single,tertiary,45,31649.25,yes,no,yes,telephone,apr,5,1480,14,10,other,21,yes
429,blue-collar,married,tertiary,45,36416.88,no,yes,no,telephone,jan,24,890,15,3,success,-1,no
430,services,divorced,secondary,46,12712.68,yes,no,yes,telephone,nov,20,178,17,10,other,-1,no
431,unemployed,divorced,unknown,54,14054.13,no,yes,yes,telephone,mar,22,1063,15,6,failure,20,no
432,retired,single,secondary,77,24718.42,no,no,no,telephone,dec,16,553,18,6,failure,-1,no
433,self-employed,married,unknown,55,40310.28,yes,no,no,cellular,nov,17,488,1,2,other,-1,no
434,technician,single,tertiary,67,39898.07,yes,no,no,cellular,jun,4,1291,13,1,other,-1,no
435,unknown,single,primary,36,9089.8,no,no,yes,cellular,aug,23,1536,3,1,other,-1,yes
436,blue-collar,single,primary,51,14881.43,yes,no,yes,unknown,oct,20,1695,12,8,other,-1,no
437,unemployed,single,unknown,45,43211.88,yes,no,no,telephone,nov,28,773,5,4,failure,101,no
438,admin.,single,primary,91,34661.39,yes,yes,no,telephone,feb,28,695,1,9,unknown,-1,no
439,unemployed,single,tertiary,62,42048.56,no,yes,no,cellular,dec,11,1189,2,6,success,-1,no
440,services,single,tertiary,65,43420.93,no,no,no,unknown,apr,13,1259,11,9,success,367,no
441,self-employed,single,tertiary,28,41537.42,no,no,no,cellular,may,24,349,8,2,other,-1,no
442,management,married,tertiary,21,4154.66,yes,yes,no,unknown,oct,7,230,15,6,unknown,344,no
443,housemaid,married,secondary,92,16855.69,yes,yes,yes,telephone,oct,15,1603,9,10,failure,94,no
444,entrepreneur,single,primary,21,15588.88,no,no,yes,cellular,may,5,1507,2,2,success,322,no
445,unknown,divorced,secondary,72,8409.86,yes,yes,yes,telephone,apr,8,1729,8,9,failure,342,no
446,student,single,unknown,76,41480.06,yes,yes,yes,telephone,may,14,1036,2,6,unknown,395,no
447,student,married,unknown,64,42365.48,no,no,no,telephone,mar,14,254,8,1,failure,251,no
448,services,married,primary,65,16721.04,no,no,yes,cellular,sep,1,841,12,10,failure,25,yes
449,management,married,secondary,37,28503.25,yes,no,yes,cellular,aug,4,1262,4,4,other,-1,no
450,retired,divorced,primary,48,2611.88,yes,no,no,telephone,oct,19,573,14,4,failure,-1,no
451,services,single,unknown,71,39324.19,no,yes,yes,unknown,jan,19,690,16,1,other,-1,no
452,entrepreneur,single,primary,39,40465.36,no,yes,no,cellular,dec,14,1135,19,5,failure,-1,no
453,student,divorced,tertiary,37,29007.59,yes,no,no,telephone,oct,12,603,18,3,success,338,no
454,student,married,tertiary,77,20249.84,yes,no,no,unknown,oct,7,1850,12,1,other,137,no
455,entrepreneur,single,tertiary,25,26870.27,no,no,no,cellular,oct,23,1200,13,5,other,-1,no
456,self-employed,married,primary,77,-1230.41,no,no,no,cellular,may,8,1985,17,7,success,-1,no
457,retired,married,tertiary,71,48965.78,no,no,no,cellular,apr,27,1995,7,6,other,-1,no
458,unknown,married,unknown,35,16809.06,yes,no,yes,cellular,sep,3,627,3,1,other,-1,no
459,management,single,unknown,59,13651.72,no,yes,yes,unknown,feb,16,1780,6,3,success,-1,no
460,management,single,unknown,68,20492.38,no,yes,no,unknown,sep,12,1541,2,0,success,118,no
461,technician,married,secondary,49,26578.64,no,yes,no,telephone,apr,22,1012,7,0,success,357,no
462,retired,married,tertiary,95,11379.44,yes,yes,no,cellular,jul,14,1027,11,9,failure,-1,no
463,blue-collar,married,secondary,84,11768.77,no,no,yes,cellular,jan,7,1216,15,10,other,110,no
464,admin.,single,secondary,84,5050.24,yes,yes,yes,cellular,aug,1,353,14,5,failure,85,no
465,entrepreneur,married,secondary,54,12442.11,yes,yes,no,telephone,nov,22,108,1,4,other,-1,no
466,self-employed,married,unknown,33,38805.07,yes,no,no,telephone,oct,19,1332,3,7,unknown,324,no
467,entrepreneur,married,secondary,64,13543.41,no,no,yes,cellular,jun,28,1515,7,9,other,369,no
468,admin.,divorced,tertiary,79,11714.67,yes,yes,no,unknown,sep,15,1652,18,7,failure,-1,no
469,student,married,unknown,67,28405.44,yes,yes,yes,cellular,sep,14,246,1,6,other,195,no
470,technician,married,unknown,68,25153.34,no,no,yes,cellular,apr,6,650,8,4,other,10,no
471,unemployed,single,tertiary,82,37571.78,no,no,no,unknown,jan,4,943,1,10,other,-1,no
472,housemaid,single,secondary,65,37389.64,no,yes,no,cellular,mar,14,1827,2,2,unknown,-1,no
473,services,married,primary,85,47823.44,yes,yes,no,unknown,jan,3,1525,10,6,other,150,no
474,housemaid,married,secondary,63,10177.25,yes,no,no,unknown,jun,9,148,15,7,success,72,yes
475,unknown,single,primary,85,16161.27,no,no,no,unknown,mar,7,1961,19,1,failure,-1,no
476,services,single,tertiary,86,48857.37,no,no,no,cellular,apr,9,1116,20,2,other,-1,no
477,management,married,tertiary,79,2575.59,no,no,yes,unknown,mar,17,1314,9,4,other,31,no
478,student,single,tertiary,59,10094.51,yes,no,no,unknown,aug,1,63,4,2,success,177,no
479,blue-collar,married,primary,28,46678.36,no,no,no,cellular,feb,26,1419,4,4,other,-1,no
480,blue-collar,single,secondary,28,31185.37,no,no,yes,telephone,jul,8,1675,3,0,unknown,-1,no
481,housemaid,married,primary,32,20744.21,no,yes,no,unknown,sep,14,1242,15,4,success,61,no
482,housemaid,divorced,secondary,22,23480.71,no,yes,yes,cellular,jan,5,1971,5,6,failure,-1,no
483,admin.,married,unknown,24,10672.57,yes,no,no,telephone,mar,1,152,20,5,unknown,-1,no
484,housemaid,married,secondary,37,10054.53,no,yes,no,telephone,oct,25,1637,14,0,unknown,221,no
485,admin.,divorced,tertiary,66,22547.83,yes,yes,no,cellular,jan,26,327,10,9,other,196,yes
486,unemployed,divorced,unknown,26,8272.77,no,no,no,telephone,jan,17,779,18,7,other,278,no
487,retired,single,secondary,85,23100.79,no,yes,no,unknown,mar,20,598,4,5,success,105,no
488,unknown,divorced,tertiary,48,42965.9,no,no,yes,cellular,mar,24,356,7,6,other,-1,no
489,housemaid,divorced,secondary,37,48300.57,no,no,yes,cellular,jul,27,1676,17,6,other,203,no
490,housemaid,married,secondary,39,44567.66,yes,yes,yes,unknown,sep,25,823,20,2,unknown,21,no
491,blue-collar,divorced,tertiary,58,10380.79,no,no,no,telephone,jun,2,1419,19,8,success,-1,yes
492,retired,married,tertiary,73,43550.59,yes,no,no,cellular,nov,28,1754,8,0,unknown,-1,no
493,retired,divorced,tertiary,85,38159.95,yes,yes,no,cellular,dec,9,202,6,1,other,-1,no
494,blue-collar,single,tertiary,33,21090.06,no,no,no,telephone,jul,6,1407,15,0,success,276,no
495,retired,married,secondary,18,16292.42,no,yes,yes,cellular,sep,12,594,10,2,failure,195,no
496,housemaid,divorced,unknown,86,28818.47,yes,no,yes,unknown,aug,11,753,14,7,success,233,no
497,self-employed,divorced,secondary,37,7779.34,yes,no,no,telephone,apr,25,1920,9,2,success,80,yes
498,management,single,secondary,49,24363.45,no,no,no,telephone,aug,22,559,7,9,other,283,no
499,unemployed,married,tertiary,54,27277.03,no,yes,no,unknown,dec,15,1807,7,4,failure,14,no
500,technician,married,primary,78,40715.59,yes,yes,yes,unknown,aug,12,107,10,10,other,321,yes
501,technician,married,unknown,66,16498.12,no,yes,no,telephone,sep,8,1819,12,0,success,-1,no
502,technician,divorced,unknown,25,12029.93,no,yes,yes,unknown,feb,25,1160,7,3,unknown,82,no
503,housemaid,single,secondary,79,17492.03,yes,yes,yes,cellular,feb,21,217,4,4,success,99,yes
504,unknown,divorced,tertiary,86,49061.67,yes,yes,no,telephone,oct,23,808,5,8,other,-1,no
505,student,divorced,secondary,64,32953.33,yes,yes,yes,unknown,sep,6,866,18,10,unknown,174,no
506,self-employed,married,primary,38,48965.33,yes,yes,yes,telephone,dec,21,1499,1,7,unknown,56,no
507,entrepreneur,divorced,secondary,38,40133.81,yes,no,no,cellular,sep,17,1496,3,6,unknown,51,no
508,unknown,divorced,primary,79,43390.42,no,yes,yes,cellular,sep,14,1417,8,0,success,-1,no
509,services,single,tertiary,35,43684.64,no,no,no,telephone,jan,10,280,7,7,success,82,no
510,retired,married,primary,88,1816.58,no,yes,yes,unknown,sep,28,161,2,9,other,-1,no
511,management,single,secondary,30,46479.51,no,yes,yes,unknown,may,14,13,17,9,unknown,239,no
512,management,single,primary,22,11534.05,yes,no,yes,telephone,aug,19,925,17,9,other,210,yes
513,services,divorced,unknown,21,321.95,yes,no,no,telephone,jan,22,1360,9,7,success,307,no
514,unemployed,single,unknown,65,7093.21,yes,no,yes,telephone,mar,9,1653,12,6,failure,-1,no
515,retired,married,tertiary,81,38476.59,yes,yes,no,unknown,dec,10,27,18,7,success,275,no
516,blue-collar,single,primary,65,11259.06,yes,no,yes,cellular,jan,21,1080,19,8,unknown,-1,no
517,admin.,divorced,primary,94,26044.06,no,yes,yes,unknown,jun,22,1375,19,1,unknown,-1,no
518,unemployed,divorced,unknown,24,1949.36,no,no,yes,unknown,dec,11,106,1,7,failure,297,no
519,housemaid,married,secondary,45,31108.75,yes,yes,yes,telephone,oct,21,1957,1,10,other,-1,no
520,unknown,single,unknown,21,13616.22,no,yes,yes,cellular,sep,5,1177,11,9,unknown,217,no
521,services,divorced,tertiary,56,19921.6,yes,no,yes,telephone,jun,17,572,4,1,failure,34,no
522,management,married,tertiary,19,32221.99,yes,no,no,cellular,jan,28,774,14,1,success,347,no
523,self-employed,divorced,secondary,91,23191.63,yes,yes,no,unknown,aug,9,1754,10,2,unknown,269,no
524,housemaid,married,tertiary,66,28689.54,no,yes,no,cellular,mar,6,658,1,8,other,-1,no
525,services,single,secondary,32,8615.27,no,no,yes,unknown,jun,13,360,20,7,other,247,no
526,blue-collar,married,unknown,50,49979.76,yes,no,no,telephone,dec,6,1540,3,8,success,361,yes
527,admin.,married,tertiary,68,15083.36,no,no,no,cellular,feb,9,229,18,2,success,-1,no
528,blue-collar,married,secondary,24,24822.91,yes,yes,no,cellular,jan,6,40,6,10,failure,356,no
529,retired,divorced,unknown,45,8838.1,no,yes,yes,cellular,jan,23,290,7,5,unknown,-1,no
530,retired,married,unknown,46,46524.17,no,yes,yes,telephone,feb,11,59,9,1,unknown,53,yes
531,retired,married,secondary,28,25298.42,yes,yes,no,cellular,nov,23,238,10,6,failure,377,no
532,management,married,unknown,51,34055.66,yes,no,no,unknown,jan,27,410,9,6,unknown,56,no
533,management,divorced,primary,49,3971.82,no,no,yes,unknown,jan,27,1997,10,9,other,280,yes
534,self-employed,married,primary,94,-1095.69,no,no,yes,telephone,mar,5,1754,8,10,failure,261,yes
535,admin.,married,tertiary,51,10361.08,no,yes,no,telephone,apr,20,1773,1,1,unknown,-1,no
536,management,married,tertiary,24,47695.7,no,no,no,telephone,jun,5,1463,19,2,other,-1,no
537,technician,married,unknown,63,3061.48,yes,yes,yes,cellular,feb,10,46,13,8,failure,-1,no
538,housemaid,divorced,unknown,52,39868.05,yes,no,yes,telephone,dec,24,1819,19,10,other,-1,no
539,housemaid,married,secondary,39,40879.48,no,no,yes,cellular,jun,5,197,18,9,success,-1,no
540,retired,divorced,unknown,44,1869.65,yes,no,yes,cellular,jul,9,1385,20,5,unknown,-1,no
541,services,married,secondary,69,10337.33,yes,yes,yes,unknown,nov,17,1292,3,9,unknown,75,no
542,admin.,divorced,primary,81,37776.08,yes,yes,yes,telephone,nov,27,70,4,10,other,335,no
543,unemployed,married,primary,40,5849.47,no,no,no,unknown,jul,20,1205,15,8,other,-1,no
544,technician,divorced,unknown,28,8997.93,yes,yes,yes,telephone,jan,25,1181,9,4,unknown,244,no
545,unknown,single,unknown,84,-575.87,yes,yes,no,unknown,sep,10,584,19,6,unknown,337,no
546,admin.,divorced,unknown,21,47392.53,yes,yes,yes,cellular,mar,3,1515,10,2,success,-1,yes
547,blue-collar,divorced,tertiary,45,9363.62,no,yes,yes,telephone,aug,7,1904,15,1,failure,-1,no
548,management,single,secondary,20,26167.67,no,yes,no,telephone,jul,15,433,1,7,success,-1,no
549,retired,married,tertiary,66,2680.48,no,yes,no,cellular,jun,4,1908,17,8,unknown,-1,no
550,entrepreneur,married,secondary,22,25326.05,no,no,yes,telephone,jul,2,1331,3,4,failure,193,no
551,retired,single,primary,95,44975.98,yes,yes,yes,cellular,sep,16,1768,9,5,other,31,no
552,student,married,tertiary,34,20362.19,no,yes,yes,telephone,mar,2,374,2,0,failure,240,no
553,admin.,divorced,primary,50,37963.71,yes,yes,yes,cellular,jul,16,1642,12,9,failure,232,yes
554,entrepreneur,married,primary,53,13930.27,no,yes,yes,cellular,apr,22,772,16,8,unknown,112,yes
555,unknown,married,unknown,63,28070.49,no,no,no,unknown,may,1,1785,15,4,success,-1,no
556,entrepreneur,divorced,tertiary,32,39153.12,yes,no,no,unknown,feb,1,1603,13,4,success,384,no
557,housemaid,married,unknown,36,14321.95,yes,no,no,telephone,oct,2,844,11,1,success,210,no
558,entrepreneur,single,tertiary,36,13003.04,yes,no,no,unknown,jul,12,1631,7,3,success,196,no
559,unemployed,married,tertiary,43,29632.47,no,yes,yes,telephone,aug,23,1188,10,3,unknown,125,no
560,unemployed,divorced,tertiary,69,5389.52,no,no,no,unknown,apr,21,480,20,10,success,199,no
561,services,married,tertiary,62,879.97,no,no,yes,cellular,jan,1,756,15,10,failure,340,no
562,entrepreneur,single,secondary,38,9976.95,no,no,yes,cellular,aug,20,1370,8,8,failure,-1,no
563,unemployed,single,secondary,81,33413.12,no,yes,yes,unknown,mar,14,91,16,1,other,158,no
564,management,divorced,unknown,76,29771.37,yes,yes,no,telephone,jun,17,577,2,7,failure,-1,no
565,retired,married,tertiary,20,-1379.74,yes,yes,no,unknown,oct,6,41,15,10,success,13,no
566,services,single,unknown,76,-49.94,no,no,yes,cellular,jan,19,915,2,1,other,-1,no
567,services,single,primary,74,23648.35,no,no,no,telephone,dec,8,898,18,4,other,179,no
568,unemployed,married,unknown,86,12385.18,no,no,no,unknown,jun,5,85,7,9,unknown,-1,no
569,services,divorced,unknown,74,23976.82,no,no,yes,telephone,may,22,1187,4,6,failure,13,no
570,retired,married,unknown,90,40684.49,no,no,yes,cellular,jan,12,579,12,10,unknown,98,no
571,entrepreneur,married,tertiary,35,49262.76,yes,no,yes,unknown,may,3,1292,14,10,other,-1,no
572,student,divorced,primary,56,34416.64,yes,no,no,unknown,aug,9,386,7,3,success,-1,no
573,housemaid,divorced,unknown,50,20890.1,yes,yes,yes,cellular,may,18,1439,11,3,success,-1,no
574,student,divorced,tertiary,57,42884.77,yes,no,yes,unknown,sep,14,1205,16,10,other,359,no
575,retired,divorced,primary,44,-1467.51,no,no,no,cellular,jan,14,414,20,6,unknown,-1,no
576,self-employed,married,unknown,54,49367.14,no,yes,yes,unknown,oct,12,614,10,3,other,30,no
577,technician,single,unknown,53,5423.18,yes,yes,no,unknown,aug,7,349,12,3,failure,-1,no
578,student,married,secondary,67,709.66,yes,no,no,unknown,jan,26,183,15,10,unknown,-1,no
579,management,divorced,unknown,50,10648.6,no,yes,no,telephone,jul,14,280,13,9,success,386,no
580,retired,divorced,tertiary,68,48726.45,no,no,yes,cellular,jul,3,1298,16,0,other,-1,no
581,housemaid,single,primary,29,20676.04,yes,no,yes,telephone,jan,12,1032,11,2,success,316,no
582,management,married,primary,56,7701.62,no,yes,yes,telephone,oct,13,324,7,0,unknown,134,yes
583,retired,married,tertiary,79,10258.44,no,no,yes,cellular,may,3,656,12,7,failure,-1,no
584,management,single,secondary,42,2774.49,no,no,no,unknown,aug,26,1489,17,10,success,170,no
585,self-employed,married,secondary,21,31500.61,no,no,no,cellular,dec,10,763,8,6,success,215,no
586,retired,divorced,unknown,53,29348.01,no,yes,yes,unknown,jun,6,843,11,8,unknown,-1,no
587,unemployed,married,secondary,95,42996.09,no,yes,yes,telephone,feb,28,277,7,1,failure,-1,no
588,unemployed,divorced,tertiary,70,38551.53,no,no,yes,telephone,oct,3,1045,16,4,unknown,-1,no
589,housemaid,single,tertiary,62,21042.05,yes,no,yes,unknown,apr,21,341,13,0,unknown,385,no
590,services,married,tertiary,29,422.72,no,no,yes,unknown,may,2,759,12,0,failure,69,no
591,services,married,primary,29,24922.43,no,no,no,telephone,may,17,1163,2,7,failure,376,no
592,retired,married,unknown,67,48621.83,no,no,yes,cellular,dec,20,1506,15,3,unknown,-1,no
593,unemployed,divorced,secondary,36,36595.84,yes,no,yes,unknown,oct,17,720,8,10,failure,-1,no
594,entrepreneur,married,tertiary,57,13481.23,no,no,no,telephone,may,13,836,16,0,success,32,no
595,management,single,unknown,73,45517.02,yes,no,yes,telephone,jun,23,1149,12,0,other,-1,yes
596,retired,single,unknown,27,11178.28,no,no,yes,telephone,feb,18,561,16,10,other,35,no
597,services,married,unknown,60,16018.91,no,no,yes,telephone,oct,1,878,20,8,other,-1,no
598,admin.,married,primary,93,16306.38,no,no,yes,cellular,aug,4,1022,14,2,other,281,no
599,housemaid,divorced,primary,48,5717.12,yes,no,no,telephone,apr,6,1540,7,7,failure,317,no
600,entrepreneur,single,primary,80,43148.29,yes,yes,yes,cellular,jul,23,615,9,5,other,149,no
601,student,divorced,primary,33,20757.51,yes,yes,no,telephone,feb,3,386,17,1,other,-1,no
602,student,divorced,primary,57,44168.73,no,no,no,cellular,mar,28,1463,15,1,success,-1,no
603,student,married,secondary,50,38162.45,no,no,no,cellular,jul,7,1345,19,2,failure,-1,no
604,unemployed,divorced,unknown,88,16728.65,yes,no,yes,cellular,jan,15,1246,18,8,other,-1,yes
605,entrepreneur,single,secondary,95,6804.61,no,yes,yes,cellular,apr,28,217,20,5,unknown,-1,no
606,housemaid,single,unknown,76,31459.95,yes,yes,yes,cellular,nov,7,1755,10,1,failure,147,no
607,unemployed,single,unknown,28,34654.91,yes,yes,yes,cellular,jul,7,1994,14,8,failure,4,no
608,services,single,secondary,40,22307.98,yes,yes,no,cellular,aug,10,1843,1,0,success,82,yes
609,retired,divorced,unknown,29,49883.21,no,no,no,telephone,may,18,1699,12,4,success,369,no
610,unknown,single,unknown,41,-1677.67,no,yes,yes,telephone,jul,6,694,16,4,success,294,no
611,entrepreneur,divorced,tertiary,44,684.51,yes,no,yes,cellular,mar,11,824,14,2,failure,-1,no
612,retired,divorced,unknown,85,9711.18,no,no,no,cellular,apr,4,1616,16,8,unknown,287,no
613,services,single,secondary,67,4011.11,no,yes,no,telephone,mar,7,589,2,0,failure,197,no
614,unknown,married,unknown,58,-889.49,no,yes,yes,unknown,feb,4,1352,6,6,failure,145,no
615,blue-collar,divorced,secondary,91,5505.03,no,no,yes,cellular,jun,18,296,14,10,other,21,yes
616,unknown,single,tertiary,58,48037.11,no,no,yes,cellular,sep,8,1915,7,9,failure,390,no
617,self-employed,married,unknown,32,49813.85,yes,yes,yes,unknown,nov,23,348,20,9,other,227,no
618,unemployed,divorced,tertiary,81,6680.96,no,no,yes,telephone,oct,22,1016,11,8,other,259,no
619,student,divorced,primary,59,37505.44,no,yes,no,cellular,dec,4,52,12,10,other,-1,yes
620,unknown,single,unknown,19,26928.64,no,yes,no,unknown,mar,5,1714,3,7,success,187,no
621,entrepreneur,married,unknown,91,4469.24,yes,yes,no,telephone,apr,19,1599,2,5,failure,233,no
622,services,married,tertiary,50,4130.49,yes,no,yes,cellular,oct,9,604,20,9,failure,-1,no
623,retired,married,unknown,90,29566.46,yes,yes,yes,cellular,may,16,1688,9,6,success,259,no
624,housemaid,single,primary,46,-551.53,yes,no,no,unknown,dec,23,1115,13,7,other,94,no
625,self-employed,divorced,secondary,20,1878.33,no,yes,yes,cellular,feb,25,1977,14,4,failure,-1,no
626,admin.,single,unknown,50,8396.31,yes,yes,no,telephone,oct,28,1474,14,5,failure,-1,no
627,student,divorced,primary,22,-1810.31,yes,no,yes,unknown,nov,2,1563,8,8,other,-1,no
628,unknown,single,tertiary,29,15420.19,no,yes,no,cellular,jul,28,480,11,0,failure,-1,no
629,management,single,secondary,58,49816.34,yes,no,yes,telephone,jul,7,463,12,8,success,81,no
630,services,single,tertiary,64,25562.8,no,no,no,unknown,nov,3,16,12,6,other,-1,no
631,housemaid,married,secondary,26,43972.43,no,yes,yes,unknown,jun,26,1926,6,10,success,183,no
632,entrepreneur,married,unknown,42,2335.26,no,yes,yes,unknown,sep,26,118,16,9,unknown,-1,no
633,retired,married,primary,62,35637.59,no,yes,yes,telephone,apr,21,1102,16,10,success,-1,no
634,housemaid,single,secondary,41,4048.25,yes,yes,no,cellular,aug,3,1062,15,1,success,-1,no
635,student,divorced,secondary,93,30051.91,yes,yes,no,telephone,aug,16,476,14,7,success,82,no
636,retired,married,unknown,18,30926.28,yes,no,no,unknown,jul,26,1965,7,1,unknown,335,yes
637,admin.,married,unknown,85,1552.74,no,no,yes,unknown,oct,12,92,10,10,failure,-1,no
638,retired,single,tertiary,31,16333.06,no,yes,no,unknown,oct,13,1088,10,0,unknown,163,no
639,student,married,unknown,67,46027.48,no,yes,no,telephone,sep,12,1062,3,5,success,332,no
640,admin.,single,secondary,66,2242.52,yes,yes,yes,unknown,dec,17,879,14,10,unknown,-1,no
641,management,divorced,tertiary,81,49424.14,no,no,yes,unknown,jun,13,1241,7,9,other,246,yes
642,blue-collar,divorced,tertiary,34,2885.48,no,no,yes,unknown,jun,23,613,3,1,other,148,no
643,self-employed,single,primary,28,-169.91,yes,no,yes,telephone,aug,11,730,19,1,failure,-1,no
644,admin.,divorced,secondary,71,16730.84,yes,yes,yes,cellular,sep,11,718,3,8,failure,55,no
645,admin.,single,secondary,18,41770.92,no,yes,yes,unknown,may,3,1727,16,0,other,-1,no
646,services,married,tertiary,61,27606.0,yes,yes,yes,unknown,feb,25,1708,19,8,success,-1,no
647,admin.,divorced,secondary,24,47318.19,yes,no,no,unknown,jun,28,844,14,9,success,379,no
648,admin.,divorced,unknown,18,391.94,no,no,yes,telephone,apr,13,948,1,5,unknown,38,no
649,admin.,divorced,tertiary,72,28433.32,yes,yes,no,unknown,may,11,55,19,7,unknown,239,no
650,blue-collar,divorced,primary,52,49238.39,yes,no,yes,unknown,feb,3,240,11,9,other,30,no
651,unemployed,divorced,secondary,38,11575.87,yes,no,no,cellular,oct,24,1164,9,10,failure,-1,no
652,management,divorced,primary,49,32944.67,no,no,no,cellular,may,2,858,11,9,other,-1,no
653,blue-collar,married,primary,61,16244.27,yes,yes,yes,unknown,jul,4,1815,2,3,other,31,yes
654,management,divorced,unknown,62,4342.13,no,yes,no,telephone,mar,14,342,19,4,failure,-1,no
655,retired,married,primary,78,1435.77,no,yes,yes,unknown,jun,24,1161,1,5,failure,171,no
656,housemaid,divorced,unknown,19,43013.78,yes,no,no,cellular,apr,11,1725,9,8,success,-1,no
657,management,divorced,primary,54,12699.38,no,yes,no,telephone,mar,12,590,8,7,failure,248,yes
658,student,married,tertiary,51,38413.75,yes,yes,no,telephone,may,2,180,15,1,other,89,no
659,housemaid,divorced,primary,25,49049.07,no,no,no,unknown,jan,4,1555,4,10,success,264,no
660,self-employed,married,unknown,80,34916.45,yes,no,no,cellular,feb,26,381,18,1,other,377,yes
661,retired,single,secondary,79,36038.84,no,yes,no,cellular,mar,7,72,20,0,other,150,no
662,management,single,unknown,94,25809.48,yes,no,yes,telephone,oct,11,260,8,3,failure,325,no
663,unknown,single,unknown,31,24054.98,no,no,yes,unknown,oct,22,560,10,4,other,234,no
664,services,married,primary,77,43747.65,yes,no,no,telephone,mar,13,1642,14,2,other,180,no
665,management,single,unknown,47,7954.7,no,no,yes,telephone,jan,18,1580,3,0,failure,-1,yes
666,self-employed,married,primary,90,38422.15,yes,no,no,telephone,oct,20,908,11,4,failure,272,no
667,blue-collar,divorced,tertiary,78,10993.41,no,no,no,telephone,mar,24,300,14,8,failure,-1,no
668,unemployed,divorced,secondary,92,7132.85,no,no,no,unknown,dec,17,391,6,2,unknown,61,no
669,management,married,secondary,86,48073.92,no,yes,yes,unknown,jun,13,383,13,0,success,105,no
670,blue-collar,divorced,tertiary,24,9416.93,no,no,no,telephone,jul,14,449,14,5,success,-1,no
671,retired,divorced,secondary,35,28798.84,yes,no,yes,unknown,jun,11,738,20,10,other,299,no
672,self-employed,married,unknown,93,10969.74,yes,no,yes,telephone,may,19,1501,5,8,other,323,no
673,unemployed,married,primary,45,8995.03,yes,yes,no,unknown,feb,9,1326,17,0,failure,186,no
674,services,single,secondary,59,30249.03,yes,no,yes,unknown,dec,23,178,19,6,other,255,no
675,entrepreneur,divorced,tertiary,27,16459.71,no,no,no,cellular,feb,5,1264,1,6,unknown,17,yes
676,admin.,single,secondary,22,36134.35,yes,no,no,cellular,sep,27,1683,16,6,success,-1,no
677,housemaid,married,unknown,88,15912.07,yes,yes,no,cellular,nov,24,1492,11,10,success,-1,no
678,services,divorced,secondary,54,21716.15,no,no,no,telephone,jun,25,1456,16,2,unknown,-1,no
679,unemployed,single,primary,76,23634.62,no,yes,yes,telephone,nov,24,1293,19,8,success,-1,no
680,admin.,divorced,primary,53,16003.21,yes,no,no,cellular,feb,17,1892,3,6,success,317,no
681,admin.,divorced,primary,78,35146.02,yes,no,no,cellular,may,20,489,10,5,unknown,-1,no
682,student,married,primary,51,29663.14,yes,yes,no,telephone,dec,9,551,5,4,failure,-1,no
683,housemaid,married,primary,74,38075.72,no,no,no,unknown,aug,6,322,9,3,unknown,58,no
684,housemaid,single,primary,57,29291.99,yes,yes,no,cellular,nov,23,1956,20,10,success,307,yes
685,unemployed,single,primary,67,5053.64,no,yes,no,telephone,may,18,391,8,3,unknown,-1,no
686,unknown,divorced,secondary,30,-86.82,no,yes,no,cellular,jul,13,328,5,9,failure,-1,no
687,entrepreneur,single,secondary,89,2051.93,no,no,yes,cellular,apr,2,517,10,7,other,121,no
688,housemaid,married,tertiary,36,32526.84,yes,yes,yes,cellular,jul,7,1259,7,9,other,187,yes
689,retired,single,tertiary,92,10114.8,no,no,yes,cellular,jan,12,582,17,1,failure,128,no
690,self-employed,single,tertiary,58,23019.39,no,yes,no,cellular,oct,25,1158,5,5,other,-1,no
691,services,single,tertiary,95,34061.65,yes,no,yes,unknown,jul,21,1404,19,8,unknown,-1,no
692,housemaid,divorced,unknown,76,27920.04,yes,yes,yes,cellular,jun,1,602,19,5,other,-1,no
693,management,married,unknown,32,44905.21,yes,yes,no,cellular,may,1,1278,4,1,other,23,no
694,entrepreneur,divorced,unknown,35,21076.5,yes,no,no,telephone,jun,5,1385,8,7,success,358,no
695,student,divorced,tertiary,32,35604.85,yes,no,no,cellular,feb,14,672,14,10,success,27,no
696,housemaid,divorced,primary,86,26527.27,no,yes,yes,unknown,jun,18,276,17,4,other,-1,no
697,blue-collar,married,tertiary,48,34862.91,yes,no,no,cellular,jun,8,1950,12,5,success,-1,no
698,admin.,divorced,secondary,22,17568.88,no,no,no,telephone,nov,23,1798,13,7,failure,338,no
699,retired,single,secondary,20,46649.76,no,no,yes,unknown,oct,3,1599,20,0,success,103,no
700,self-employed,divorced,secondary,81,38579.17,yes,yes,no,telephone,jan,4,1260,2,1,success,56,no
701,management,divorced,primary,92,15963.98,no,no,no,telephone,aug,28,1419,14,5,unknown,-1,no
702,services,single,secondary,40,29429.46,no,yes,no,telephone,oct,9,38,1,4,success,-1,no
703,self-employed,divorced,primary,68,48583.65,yes,yes,yes,cellular,sep,8,137,11,5,success,194,no
704,admin.,single,unknown,76,33762.5,no,no,yes,cellular,feb,20,1599,2,0,other,292,no
705,technician,married,secondary,35,3100.38,yes,yes,yes,telephone,jul,3,323,10,4,failure,-1,no
706,technician,married,unknown,73,1176.85,no,yes,yes,cellular,mar,9,648,12,8,success,273,no
707,unemployed,married,secondary,47,28009.0,yes,yes,no,telephone,mar,7,482,2,7,success,201,no
708,management,single,tertiary,42,35473.19,no,yes,yes,unknown,may,17,1123,2,6,failure,237,no
709,unemployed,divorced,secondary,34,6891.54,no,yes,no,cellular,nov,3,963,9,10,other,323,no
710,self-employed,married,primary,78,15762.0,no,no,yes,unknown,jun,13,1286,12,6,success,-1,no
711,unknown,divorced,unknown,28,16296.36,yes,no,yes,cellular,aug,1,137,18,9,unknown,73,no
712,services,divorced,unknown,50,3326.24,no,yes,yes,telephone,mar,1,1068,4,7,unknown,119,yes
713,unknown,married,primary,22,4567.44,no,yes,yes,telephone,feb,24,1592,12,6,unknown,-1,no
714,management,divorced,unknown,80,996.51,yes,no,yes,unknown,apr,24,818,2,3,unknown,57,no
715,unknown,single,unknown,29,9449.83,yes,no,no,unknown,jul,28,891,16,6,other,378,no
716,blue-collar,divorced,unknown,34,32256.84,no,yes,yes,telephone,sep,7,1417,6,1,other,-1,no
717,unemployed,married,primary,89,18977.94,yes,yes,yes,unknown,dec,4,384,9,7,unknown,350,no
718,management,divorced,unknown,48,28722.01,yes,no,no,cellular,jan,24,1254,13,4,failure,-1,no
719,admin.,divorced,secondary,92,45633.55,yes,yes,no,unknown,oct,21,1016,5,3,unknown,126,no
720,housemaid,single,unknown,31,35329.55,yes,yes,no,unknown,jul,18,982,6,4,success,-1,no
721,entrepreneur,divorced,unknown,72,21895.02,no,yes,yes,cellular,sep,3,576,1,4,failure,228,no
722,student,single,unknown,74,991.57,yes,yes,yes,unknown,nov,28,11,18,5,unknown,35,no
723,admin.,divorced,primary,32,40731.48,no,yes,yes,cellular,jan,12,1366,9,7,unknown,-1,yes
724,blue-collar,divorced,primary,45,39437.57,yes,no,no,cellular,aug,3,578,1,6,other,-1,no
725,blue-collar,single,unknown,70,33137.75,no,no,yes,telephone,apr,26,894,4,9,unknown,194,no
726,student,married,secondary,47,2385.27,no,yes,no,unknown,sep,2,1090,18,6,unknown,190,no
727,admin.,divorced,secondary,38,-1014.52,no,yes,no,cellular,sep,4,1812,5,7,unknown,-1,yes
728,unemployed,married,tertiary,80,43580.16,no,yes,no,unknown,sep,11,1507,7,3,unknown,336,no
729,self-employed,married,primary,69,44829.91,yes,yes,yes,cellular,jan,1,593,6,0,unknown,-1,yes
730,entrepreneur,married,tertiary,40,34416.99,yes,no,yes,telephone,may,28,1094,1,7,unknown,61,no
731,services,divorced,secondary,74,48120.47,yes,yes,no,unknown,mar,13,1742,10,3,other,193,no
732,unemployed,married,unknown,25,9520.77,no,yes,no,telephone,jan,9,1829,10,5,other,213,yes
733,technician,married,unknown,79,40657.64,yes,no,no,cellular,may,23,1546,7,6,other,309,no
734,blue-collar,married,unknown,29,29566.6,no,no,yes,cellular,feb,15,1360,20,4,other,325,no
735,unknown,married,primary,81,10250.19,yes,no,yes,cellular,may,21,498,5,2,unknown,107,no
736,student,divorced,unknown,79,32727.36,yes,no,yes,telephone,apr,27,1899,3,5,success,381,no
737,services,divorced,primary,35,48993.69,yes,no,yes,telephone,jun,22,274,5,2,other,217,no
738,unemployed,divorced,tertiary,62,14096.64,yes,yes,no,cellular,oct,26,1057,5,5,other,-1,no
739,admin.,divorced,unknown,80,-826.47,no,yes,yes,cellular,nov,10,1533,16,2,success,161,no
740,housemaid,single,unknown,93,7895.88,no,yes,no,cellular,jun,3,311,15,10,other,-1,no
741,student,single,tertiary,70,30758.25,yes,no,no,telephone,dec,21,715,7,5,failure,-1,no
742,retired,divorced,primary,44,18123.99,no,yes,yes,telephone,dec,4,212,5,7,failure,-1,no
743,student,single,tertiary,39,46762.88,no,no,no,telephone,apr,26,698,2,7,other,58,no
744,student,single,secondary,42,12727.2,no,yes,yes,cellular,apr,2,561,15,9,other,318,yes
745,blue-collar,married,primary,71,25930.99,no,yes,no,cellular,apr,3,890,10,2,success,108,no
746,housemaid,married,unknown,67,10574.72,yes,yes,no,telephone,nov,4,1636,16,3,success,-1,yes
747,admin.,divorced,secondary,19,36679.24,yes,yes,no,cellular,jan,6,1881,14,1,other,125,no
748,entrepreneur,married,unknown,38,21829.95,no,no,yes,telephone,nov,1,1066,7,7,failure,34,no
749,unknown,divorced,tertiary,67,20033.67,no,no,yes,telephone,mar,6,1196,16,0,failure,100,no
750,management,divorced,tertiary,48,26146.12,yes,yes,yes,unknown,jul,8,746,15,7,failure,167,no
751,technician,divorced,secondary,85,11369.38,no,yes,no,unknown,jun,16,794,12,7,failure,373,no
752,management,single,unknown,84,18334.47,yes,no,yes,unknown,may,2,1494,15,9,failure,115,no
753,technician,married,unknown,86,19576.38,yes,yes,yes,cellular,apr,25,418,14,1,failure,350,no
754,student,married,unknown,94,47527.42,no,no,yes,cellular,jul,9,1960,8,0,other,-1,no
755,unemployed,married,unknown,28,33884.84,no,no,no,unknown,nov,5,1282,10,3,success,237,no
756,blue-collar,married,tertiary,59,-1756.14,no,no,no,cellular,aug,22,704,7,8,failure,33,yes
757,unemployed,divorced,primary,19,1162.42,no,no,no,telephone,oct,11,1837,3,0,unknown,281,no
758,retired,divorced,primary,29,5686.31,no,no,yes,telephone,feb,27,1947,13,10,failure,361,yes
759,self-employed,divorced,unknown,40,38703.12,no,yes,no,unknown,dec,4,443,12,4,failure,207,no
760,management,married,tertiary,18,22589.56,no,yes,no,cellular,nov,3,641,15,1,other,-1,no
761,retired,single,tertiary,34,41543.11,no,yes,no,unknown,sep,12,1010,5,9,other,-1,no
762,unknown,divorced,primary,54,16234.07,no,no,no,cellular,mar,10,427,13,5,other,355,no
763,self-employed,divorced,tertiary,80,26237.64,no,no,yes,telephone,oct,18,1837,12,1,unknown,132,no
764,unknown,married,tertiary,55,21185.9,yes,yes,no,cellular,sep,4,260,1,3,failure,267,no
765,self-employed,single,tertiary,79,17105.02,no,yes,no,telephone,aug,17,1306,10,7,success,345,no
766,blue-collar,single,secondary,75,11941.78,yes,yes,no,cellular,dec,21,155,6,6,unknown,-1,no
767,admin.,single,tertiary,58,6835.4,yes,no,yes,cellular,dec,13,420,9,3,failure,-1,no
768,entrepreneur,married,secondary,22,14167.25,no,no,yes,telephone,aug,11,762,16,4,unknown,129,yes
769,unknown,single,secondary,52,20597.6,no,no,yes,cellular,aug,19,1327,13,4,success,-1,no
770,student,divorced,tertiary,47,286.86,no,yes,no,telephone,may,6,102,3,0,other,-1,no
771,unemployed,divorced,secondary,57,31306.75,no,yes,yes,telephone,jun,6,1168,15,4,failure,9,no
772,self-employed,divorced,tertiary,82,6412.85,yes,yes,no,cellular,aug,24,1025,2,9,success,-1,no
773,retired,divorced,secondary,33,33786.12,yes,yes,no,telephone,oct,19,788,3,0,success,-1,no
774,management,divorced,secondary,81,15086.0,no,yes,yes,cellular,oct,20,1804,2,5,failure,-1,no
775,unknown,married,secondary,72,15306.54,yes,no,no,cellular,feb,28,1292,3,4,unknown,306,no
776,services,divorced,tertiary,50,868.79,no,yes,no,cellular,aug,11,459,6,6,failure,350,no
777,admin.,divorced,secondary,94,13233.89,yes,no,yes,cellular,jun,27,276,13,8,failure,20,no
778,admin.,divorced,primary,80,17654.57,no,no,no,cellular,jun,7,926,15,9,other,129,no
779,blue-collar,divorced,unknown,28,36283.62,no,yes,no,telephone,oct,8,681,1,9,failure,338,no
780,services,divorced,secondary,46,23166.24,yes,no,yes,telephone,dec,20,395,10,4,failure,136,no
781,services,divorced,primary,83,24912.85,no,yes,no,telephone,jul,26,445,17,2,success,352,no
782,entrepreneur,single,tertiary,19,23635.43,yes,no,yes,unknown,sep,1,526,2,9,success,-1,no
783,retired,divorced,unknown,28,37568.96,yes,yes,no,cellular,nov,13,1297,8,6,success,141,no
784,admin.,married,secondary,32,41574.29,yes,yes,yes,unknown,apr,23,1408,10,9,failure,137,no
785,admin.,married,primary,65,20879.51,no,yes,no,cellular,oct,17,1462,2,9,success,123,no
786,self-employed,married,tertiary,34,38066.5,no,yes,yes,telephone,jan,13,1251,17,7,failure,-1,no
787,services,divorced,primary,34,-669.71,yes,no,no,unknown,sep,27,842,19,4,other,345,no
788,unemployed,married,unknown,40,12576.66,no,yes,no,telephone,apr,16,1912,20,9,success,125,no
789,services,single,primary,32,29856.43,yes,yes,yes,cellular,jan,20,1813,1,7,failure,142,no
790,unknown,single,tertiary,64,26870.16,no,no,no,cellular,jun,28,1495,18,0,success,-1,no
791,unknown,divorced,primary,61,30942.24,yes,yes,yes,unknown,jan,5,1149,11,3,unknown,127,no
792,housemaid,divorced,tertiary,84,911.47,no,no,yes,cellular,jun,22,1857,9,2,other,-1,yes
793,blue-collar,married,tertiary,37,46912.64,no,yes,yes,unknown,oct,12,222,5,4,unknown,-1,no
794,retired,divorced,primary,42,7505.83,no,yes,no,telephone,nov,7,326,18,5,other,364,no
795,retired,divorced,unknown,29,1034.8,yes,yes,no,telephone,jul,2,1139,7,7,failure,-1,no
796,retired,single,secondary,62,45150.4,no,no,no,unknown,aug,19,809,18,0,other,-1,no
797,unknown,single,unknown,58,509.24,no,yes,yes,telephone,jul,15,367,11,7,success,9,no
798,admin.,single,secondary,38,11639.1,yes,no,no,cellular,nov,4,200,16,8,success,378,no
799,admin.,divorced,primary,73,1518.84,no,yes,yes,cellular,jan,18,1584,6,1,success,-1,no
800,technician,married,tertiary,62,16901.6,no,no,no,telephone,nov,3,712,13,5,success,-1,no
801,housemaid,divorced,primary,78,39743.15,yes,no,yes,cellular,apr,13,1165,20,9,other,306,no
802,self-employed,single,secondary,88,36260.27,no,no,yes,unknown,jun,24,1790,9,10,unknown,310,no
803,retired,single,unknown,62,32321.81,yes,yes,no,cellular,aug,12,1645,8,8,failure,-1,no
804,self-employed,single,primary,46,36510.37,yes,no,no,cellular,jul,9,274,5,3,other,93,no
805,unknown,divorced,unknown,60,49868.56,no,yes,no,unknown,sep,24,471,8,5,success,112,no
806,housemaid,married,secondary,95,33215.04,no,no,yes,cellular,mar,4,1315,8,5,unknown,-1,yes
807,housemaid,married,unknown,71,28793.72,yes,yes,no,telephone,sep,26,1262,6,10,other,296,no
808,admin.,divorced,tertiary,28,39737.63,yes,yes,no,cellular,jun,6,1180,5,10,success,-1,no
809,unknown,divorced,tertiary,60,20338.25,no,yes,yes,cellular,aug,12,1765,15,4,other,-1,no
810,self-employed,divorced,unknown,64,13424.59,yes,yes,yes,unknown,sep,9,1160,12,5,unknown,330,no
811,self-employed,divorced,unknown,39,8809.12,no,no,no,cellular,sep,28,1970,7,0,success,-1,no
812,entrepreneur,single,tertiary,23,10570.3,no,no,no,telephone,aug,2,165,19,9,unknown,351,yes
813,services,divorced,tertiary,67,24063.7,yes,no,no,telephone,feb,17,189,3,5,unknown,67,no
814,technician,married,secondary,71,39635.84,yes,yes,yes,telephone,oct,4,1112,13,5,failure,-1,no
815,unemployed,divorced,primary,21,35233.94,yes,no,no,telephone,sep,13,1191,1,9,other,19,no
816,services,divorced,unknown,65,27384.78,no,no,yes,cellular,dec,7,201,16,4,failure,-1,no
817,retired,married,tertiary,45,29052.74,no,no,no,unknown,aug,1,613,14,8,other,164,no
818,housemaid,married,secondary,27,25311.11,yes,yes,no,telephone,jun,15,1291,14,6,other,-1,no
819,unknown,single,primary,39,9094.88,no,no,yes,telephone,jul,12,892,7,1,success,262,no
820,services,divorced,tertiary,25,21746.9,yes,yes,no,telephone,sep,22,1894,4,2,other,2,yes
821,management,divorced,tertiary,30,39844.7,yes,yes,yes,telephone,oct,24,587,9,3,other,358,no
822,self-employed,single,tertiary,73,32310.86,no,yes,yes,unknown,may,11,1904,17,8,unknown,252,no
823,unknown,married,secondary,89,34814.88,no,yes,no,unknown,may,12,31,13,5,failure,122,no
824,entrepreneur,married,primary,28,18910.65,no,no,no,telephone,sep,25,321,20,5,success,171,no
825,admin.,single,unknown,39,31740.61,no,no,no,unknown,jan,16,1053,3,5,other,201,no
826,blue-collar,single,primary,43,-1369.82,yes,no,yes,unknown,mar,12,1796,3,3,unknown,-1,no
827,admin.,divorced,unknown,46,14137.17,yes,yes,yes,cellular,jul,21,1866,9,5,success,33,no
828,student,married,unknown,56,39987.01,yes,no,no,telephone,apr,18,572,6,9,success,178,no
829,admin.,divorced,secondary,71,39584.75,no,no,yes,telephone,oct,9,1190,18,6,failure,5,no
830,retired,divorced,tertiary,23,8213.65,no,yes,no,unknown,mar,9,976,5,6,other,36,no
831,student,divorced,primary,19,-913.42,no,no,yes,unknown,mar,6,1820,15,4,failure,-1,no
832,entrepreneur,single,tertiary,36,37207.38,yes,no,yes,telephone,feb,18,989,9,3,failure,-1,no
833,unemployed,divorced,tertiary,45,23565.7,no,no,no,telephone,nov,12,548,16,0,other,67,yes
834,unemployed,single,secondary,45,9203.02,yes,yes,no,cellular,aug,9,467,10,9,other,-1,no
835,management,divorced,secondary,47,43549.63,yes,yes,no,cellular,jun,3,1743,8,8,failure,-1,no
836,unknown,divorced,primary,25,9734.63,yes,no,yes,unknown,nov,19,561,3,10,failure,260,no
837,unemployed,single,secondary,63,21420.76,yes,no,yes,telephone,feb,25,1857,1,6,unknown,219,no
838,services,divorced,unknown,47,15714.82,no,no,no,unknown,sep,24,1967,11,2,other,276,no
839,retired,married,tertiary,58,30530.83,yes,yes,no,telephone,sep,12,1991,4,8,success,-1,no
840,unknown,divorced,primary,94,19162.04,yes,yes,yes,telephone,apr,8,338,12,2,other,216,yes
841,unemployed,married,tertiary,84,-139.77,no,no,yes,cellular,jan,12,501,6,4,other,-1,no
842,technician,divorced,secondary,39,14623.7,no,yes,no,cellular,jul,17,796,14,5,other,318,no
843,retired,single,tertiary,20,47202.32,no,yes,yes,telephone,oct,1,579,2,10,failure,-1,no
844,retired,single,unknown,70,19697.84,no,no,no,unknown,jul,3,1874,11,6,success,-1,no
845,services,married,unknown,44,31974.62,no,no,no,cellular,nov,24,5,17,10,other,4,no
846,management,divorced,primary,27,-842.33,yes,no,yes,cellular,jan,26,1214,2,8,other,355,no
847,blue-collar,married,tertiary,51,43440.61,no,yes,yes,cellular,oct,15,400,11,7,unknown,-1,no
848,unemployed,married,secondary,74,33578.86,yes,no,no,cellular,sep,7,1170,6,1,other,343,no
849,unknown,divorced,primary,89,18410.25,yes,yes,no,cellular,aug,18,1784,11,3,other,328,no
850,unemployed,single,primary,38,26682.5,yes,yes,no,cellular,nov,10,1034,19,1,failure,-1,no
851,unknown,married,primary,80,-1199.29,yes,no,yes,unknown,nov,3,1027,4,0,unknown,-1,no
852,unknown,married,tertiary,75,45055.72,no,no,yes,unknown,jul,2,1289,5,10,unknown,226,no
853,retired,married,secondary,24,33823.56,no,yes,no,unknown,nov,26,1605,2,8,failure,-1,yes
854,unemployed,married,secondary,24,15968.22,no,no,no,unknown,apr,9,1059,6,0,success,287,no
855,unemployed,single,tertiary,37,14376.36,yes,yes,no,telephone,may,20,744,5,3,unknown,233,yes
856,services,married,tertiary,61,12646.82,yes,no,no,unknown,sep,17,365,14,0,failure,-1,no
857,admin.,divorced,secondary,46,45204.09,yes,no,yes,cellular,sep,2,1491,10,8,other,-1,no
858,blue-collar,single,unknown,50,-1044.17,no,no,no,unknown,jan,13,1950,13,4,unknown,-1,no
859,entrepreneur,divorced,unknown,70,30309.53,yes,no,no,unknown,may,6,989,11,8,unknown,-1,yes
860,technician,divorced,primary,82,25870.16,no,no,no,telephone,apr,22,1153,17,8,success,49,no
861,technician,divorced,unknown,22,37350.33,yes,yes,no,unknown,may,24,915,16,0,unknown,96,no
862,blue-collar,divorced,primary,78,26253.77,yes,yes,yes,cellular,jul,7,729,18,10,success,-1,no
863,retired,divorced,unknown,78,48091.54,no,yes,no,telephone,oct,7,1710,18,5,success,-1,no
864,blue-collar,married,primary,81,8629.24,no,no,no,unknown,may,6,512,10,0,failure,249,no
865,unknown,married,primary,75,18307.95,no,yes,no,cellular,jan,16,1342,16,8,unknown,8,yes
866,technician,single,tertiary,86,18903.88,no,no,no,telephone,may,3,553,16,6,success,-1,no
867,management,divorced,unknown,70,49008.98,no,no,no,unknown,mar,4,392,18,3,failure,33,no
868,blue-collar,single,unknown,95,28562.87,no,no,yes,cellular,nov,23,1958,6,10,unknown,-1,no
869,unemployed,divorced,tertiary,41,26283.68,no,no,no,telephone,may,24,1974,5,8,other,-1,no
870,entrepreneur,single,secondary,60,7875.89,no,no,no,unknown,jul,10,744,5,3,unknown,338,no
871,technician,married,tertiary,44,12546.63,yes,yes,yes,unknown,nov,9,1347,8,0,unknown,105,yes
872,admin.,married,secondary,87,19542.62,no,no,yes,telephone,nov,2,106,12,5,success,-1,no
873,self-employed,divorced,tertiary,38,7297.46,no,no,no,telephone,jan,12,1965,4,10,other,151,no
874,entrepreneur,divorced,primary,21,15143.0,no,no,no,cellular,mar,25,952,7,10,success,367,no
875,self-employed,divorced,unknown,79,41945.75,yes,yes,no,cellular,jun,26,1018,8,10,success,241,yes
876,entrepreneur,divorced,secondary,19,36558.77,no,yes,no,telephone,oct,25,210,8,2,failure,184,no
877,technician,divorced,secondary,41,6248.98,yes,no,yes,cellular,feb,28,1169,1,9,other,293,no
878,retired,single,primary,44,23443.29,no,no,no,telephone,may,1,395,16,1,other,390,no
879,blue-collar,divorced,primary,27,48058.25,yes,no,no,unknown,apr,11,1464,7,1,success,203,no
880,retired,married,tertiary,45,36809.4,no,yes,yes,cellular,may,12,1910,1,1,other,43,no
881,student,married,unknown,39,47413.47,no,yes,yes,telephone,jul,25,1489,20,2,unknown,-1,no
882,self-employed,single,secondary,82,20386.17,yes,yes,no,cellular,oct,27,1345,19,8,failure,293,yes
883,student,single,tertiary,59,32876.07,no,no,no,cellular,may,21,257,9,10,other,-1,no
884,management,single,primary,41,21997.97,yes,no,yes,cellular,sep,22,119,19,5,failure,340,no
885,unknown,single,tertiary,41,37730.18,yes,yes,no,telephone,apr,18,1512,12,6,failure,-1,no
886,unemployed,divorced,tertiary,63,44476.96,yes,yes,no,cellular,jan,10,1767,18,5,failure,-1,yes
887,unknown,divorced,tertiary,85,26040.32,yes,no,no,telephone,sep,25,544,7,0,other,-1,no
888,services,married,secondary,67,37095.41,no,no,no,unknown,oct,6,1470,4,5,unknown,123,no
889,unemployed,divorced,unknown,67,32944.42,no,yes,yes,telephone,jul,15,520,9,5,success,-1,no
890,retired,married,primary,80,-1039.35,no,no,no,unknown,jun,14,392,19,10,unknown,108,no
891,self-employed,divorced,unknown,78,23324.88,yes,yes,yes,telephone,apr,5,136,18,9,unknown,-1,no
892,technician,single,tertiary,45,20873.28,yes,no,no,cellular,nov,3,1773,2,10,success,299,no
893,self-employed,single,unknown,71,23541.01,no,no,yes,unknown,jan,11,1009,19,8,unknown,95,no
894,student,married,unknown,31,29985.89,yes,yes,no,telephone,feb,15,1341,12,4,other,58,no
895,housemaid,single,tertiary,24,633.96,no,no,no,unknown,aug,24,1444,9,6,unknown,-1,no
896,entrepreneur,divorced,tertiary,83,3130.13,yes,yes,yes,cellular,jul,1,23,7,4,unknown,29,no
897,unemployed,married,primary,54,29501.59,yes,no,no,cellular,mar,1,184,10,8,other,40,yes
898,technician,single,unknown,48,37424.88,no,yes,yes,telephone,jul,27,1761,15,6,unknown,-1,no
899,housemaid,divorced,tertiary,60,35640.8,no,yes,no,cellular,sep,24,330,15,2,unknown,-1,yes
900,management,married,secondary,83,25827.09,yes,no,yes,cellular,jan,5,1292,18,10,unknown,161,no
901,student,divorced,secondary,71,45131.65,no,yes,yes,unknown,apr,19,641,1,8,other,134,no
902,management,divorced,tertiary,28,29474.53,no,yes,no,unknown,jun,9,1310,10,9,failure,-1,no
903,student,married,tertiary,82,8094.99,yes,no,yes,cellular,feb,16,1786,13,6,unknown,-1,no
904,blue-collar,divorced,tertiary,93,6347.75,yes,no,no,cellular,aug,18,436,9,9,other,-1,no
905,retired,divorced,secondary,21,48281.0,yes,no,no,telephone,jan,4,1333,17,2,other,-1,no
906,unemployed,married,unknown,66,32574.18,no,yes,yes,unknown,may,26,483,7,0,failure,379,no
907,unemployed,divorced,tertiary,63,12601.43,yes,yes,yes,unknown,jan,7,1557,19,2,unknown,212,no
908,retired,single,tertiary,27,31106.81,yes,no,yes,telephone,jan,6,664,6,4,unknown,-1,no
909,student,single,unknown,79,7940.9,yes,yes,no,cellular,oct,22,451,19,9,failure,142,no
910,student,single,tertiary,29,1513.43,no,no,yes,telephone,aug,12,1937,10,10,unknown,296,no
911,technician,single,unknown,37,26477.26,yes,no,yes,telephone,apr,22,1540,16,6,failure,-1,no
912,self-employed,divorced,unknown,72,48550.46,yes,yes,no,cellular,jan,5,987,13,9,unknown,291,no
913,blue-collar,married,secondary,45,10886.3,yes,yes,no,telephone,may,17,559,6,6,failure,-1,yes
914,unemployed,married,secondary,91,15762.56,yes,yes,yes,unknown,jun,18,1349,14,6,success,143,no
915,retired,divorced,secondary,84,9545.38,yes,no,no,unknown,oct,27,544,8,1,success,49,no
916,student,married,unknown,62,30294.99,yes,yes,yes,unknown,mar,10,151,2,9,failure,-1,no
917,unemployed,divorced,primary,38,46643.44,yes,no,no,cellular,jan,17,1602,5,0,failure,317,no
918,self-employed,single,tertiary,32,41681.0,yes,yes,yes,telephone,mar,18,220,3,10,success,-1,no
919,management,single,tertiary,38,-1568.92,no,no,no,unknown,oct,22,1360,14,0,other,41,no
920,unknown,divorced,primary,30,32724.86,yes,yes,yes,cellular,sep,12,821,20,5,other,-1,no
921,services,married,primary,84,10023.78,yes,no,yes,cellular,jan,1,1192,18,7,unknown,180,no
922,unknown,divorced,tertiary,34,48221.91,yes,no,yes,telephone,sep,27,1002,16,5,success,169,no
923,technician,married,secondary,69,26618.57,yes,yes,yes,telephone,jun,10,1526,19,0,other,-1,no
924,retired,divorced,unknown,57,37959.26,yes,no,yes,telephone,nov,2,1825,16,3,unknown,276,yes
925,technician,married,unknown,24,15627.3,yes,yes,no,unknown,may,19,1256,7,8,failure,363,no
926,retired,married,unknown,67,22153.04,no,yes,yes,cellular,oct,21,362,1,7,success,373,no
927,blue-collar,single,primary,78,34041.05,no,no,yes,telephone,apr,24,1140,10,10,success,137,no
928,admin.,married,primary,64,22421.47,yes,no,yes,unknown,feb,17,790,20,0,other,-1,no
929,self-employed,divorced,primary,54,4821.55,no,no,no,telephone,aug,10,1275,6,1,failure,239,yes
930,services,divorced,primary,20,32367.59,no,no,no,unknown,nov,6,547,7,9,failure,15,no
931,retired,single,primary,34,26284.03,yes,yes,no,unknown,mar,6,1411,14,8,other,102,no
932,blue-collar,divorced,tertiary,51,14959.22,no,no,no,cellular,jun,21,1005,19,2,success,145,yes
933,student,single,secondary,54,31462.79,no,yes,no,unknown,nov,14,33,12,5,other,110,no
934,management,single,secondary,75,30586.56,no,yes,no,unknown,jul,18,872,6,0,other,-1,no
935,services,married,unknown,94,973.79,yes,yes,no,telephone,apr,14,1368,1,8,unknown,321,no
936,technician,divorced,unknown,94,19728.85,no,yes,no,telephone,mar,4,282,19,2,other,332,no
937,self-employed,divorced,primary,24,11023.48,no,yes,no,telephone,mar,4,1539,4,8,success,250,no
938,unknown,divorced,unknown,30,14548.79,yes,yes,yes,unknown,jun,14,916,18,0,other,299,no
939,unknown,single,secondary,75,12063.18,yes,yes,yes,cellular,nov,12,1806,1,6,unknown,63,no
940,unemployed,married,unknown,78,27554.81,yes,no,yes,cellular,jul,24,1178,16,8,failure,141,no
941,entrepreneur,divorced,primary,93,92.4,no,no,yes,cellular,oct,14,580,20,7,other,-1,yes
942,technician,single,tertiary,83,37404.41,yes,yes,no,unknown,dec,5,693,14,2,other,-1,yes
943,entrepreneur,single,tertiary,86,1243.5,yes,no,no,cellular,feb,24,1487,6,10,unknown,240,no
944,entrepreneur,married,tertiary,61,37061.82,yes,no,no,cellular,apr,8,1196,12,4,unknown,305,no
945,blue-collar,divorced,primary,80,-588.36,yes,yes,no,telephone,aug,12,1027,2,2,unknown,285,no
946,housemaid,divorced,primary,43,33721.27,yes,no,yes,unknown,may,1,487,7,4,failure,330,no
947,retired,married,unknown,64,11601.13,no,yes,yes,unknown,oct,27,1569,17,2,unknown,72,no
948,entrepreneur,married,unknown,64,472.24,no,no,no,telephone,apr,15,104,10,7,success,382,no
949,housemaid,single,secondary,88,16429.15,no,no,yes,cellular,jan,11,787,16,3,other,74,no
950,self-employed,married,primary,28,16617.09,yes,yes,yes,telephone,nov,9,917,11,9,failure,-1,yes
951,housemaid,married,primary,89,49726.42,yes,no,no,telephone,oct,1,151,1,1,other,117,no
952,unknown,single,unknown,77,33830.2,yes,no,no,cellular,aug,19,335,18,0,unknown,-1,no
953,admin.,single,primary,92,46715.63,no,no,no,unknown,feb,12,1191,1,3,success,152,yes
954,retired,single,unknown,95,49031.09,yes,yes,yes,unknown,mar,28,888,7,4,unknown,337,no
955,student,single,secondary,77,28640.78,no,no,yes,cellular,jul,18,702,17,8,other,-1,no
956,unknown,single,primary,56,40293.64,yes,no,yes,cellular,apr,23,1763,11,6,success,-1,no
957,housemaid,married,secondary,71,6356.08,yes,yes,yes,cellular,apr,22,815,10,0,other,41,no
958,unemployed,married,unknown,29,1592.98,yes,no,yes,unknown,jun,5,1130,19,2,failure,-1,yes
959,entrepreneur,divorced,tertiary,79,46846.09,no,no,no,cellular,dec,19,1759,9,10,success,3,no
960,admin.,single,unknown,20,11948.63,no,no,yes,telephone,jan,13,1241,5,3,failure,-1,no
961,unknown,divorced,tertiary,75,20070.25,no,no,no,telephone,nov,25,1214,5,9,success,263,no
962,unknown,single,tertiary,79,-1358.06,no,no,yes,cellular,sep,21,1393,7,8,success,-1,yes
963,management,married,primary,77,26428.18,yes,no,yes,cellular,may,14,961,8,5,unknown,168,yes
964,services,single,primary,76,27649.64,yes,no,yes,cellular,feb,2,573,5,7,other,275,no
965,unemployed,divorced,primary,56,1799.72,no,no,no,telephone,sep,26,986,16,0,other,-1,no
966,technician,divorced,secondary,47,41502.0,yes,yes,no,telephone,oct,27,1915,16,7,success,36,no
967,entrepreneur,married,primary,20,-1389.77,no,yes,no,cellular,sep,11,1754,9,4,failure,100,no
968,management,married,secondary,62,11610.8,yes,no,no,unknown,feb,20,633,20,2,unknown,-1,no
969,unknown,married,secondary,83,47922.83,no,yes,yes,telephone,jun,16,887,13,5,failure,196,no
970,unemployed,divorced,unknown,23,30818.47,yes,no,no,telephone,jul,20,1639,20,0,failure,-1,no
971,admin.,married,secondary,48,15656.81,no,no,yes,cellular,oct,18,158,20,4,other,278,no
972,entrepreneur,single,primary,61,43906.64,yes,yes,no,telephone,apr,16,294,8,4,unknown,237,no
973,unknown,married,unknown,38,7768.44,no,yes,no,cellular,nov,13,1992,20,6,failure,-1,no
974,technician,married,tertiary,52,39475.33,no,yes,no,unknown,feb,15,1008,5,7,failure,-1,no
975,housemaid,married,secondary,93,7027.11,no,yes,no,telephone,jul,28,603,17,10,success,-1,no
976,entrepreneur,married,tertiary,56,7070.25,yes,yes,yes,unknown,jul,3,1425,13,7,failure,152,no
977,admin.,married,unknown,85,49696.52,yes,yes,yes,cellular,nov,11,516,17,0,other,320,yes
978,unemployed,single,primary,58,36969.32,no,no,no,telephone,sep,2,1687,2,6,other,-1,yes
979,admin.,single,primary,56,37422.89,yes,yes,yes,cellular,mar,1,1020,5,6,other,-1,no
980,housemaid,divorced,unknown,39,11868.57,yes,yes,yes,cellular,mar,11,1856,10,7,success,-1,no
981,housemaid,married,secondary,50,47014.0,no,no,no,cellular,dec,24,1466,6,10,other,87,no
982,entrepreneur,single,primary,33,12810.7,no,yes,yes,unknown,may,16,734,17,3,success,129,no
983,unknown,single,primary,28,22999.07,yes,no,no,unknown,jan,18,16,14,0,failure,-1,yes
984,blue-collar,divorced,primary,71,10422.54,yes,yes,yes,telephone,aug,2,1252,19,0,unknown,205,no
985,unknown,married,unknown,26,48634.43,yes,no,yes,unknown,jul,26,1558,13,7,success,257,no
986,technician,married,primary,67,32962.88,no,no,no,telephone,sep,9,1417,4,9,unknown,-1,no
987,retired,divorced,primary,74,5419.92,yes,no,no,unknown,jan,18,1616,11,10,failure,-1,no
988,unemployed,single,secondary,67,16444.81,yes,yes,yes,cellular,aug,18,159,15,7,success,82,no
989,housemaid,married,secondary,20,34084.99,yes,no,yes,cellular,jan,16,533,11,1,other,-1,no
990,entrepreneur,divorced,unknown,92,47190.46,yes,yes,yes,cellular,jun,9,981,14,9,failure,-1,no
991,admin.,divorced,unknown,69,31544.6,no,no,yes,unknown,jul,6,208,20,5,unknown,-1,no
992,management,single,primary,28,41227.05,no,yes,yes,unknown,dec,25,384,15,1,success,-1,no
993,self-employed,single,unknown,44,47842.36,yes,no,no,cellular,jul,6,238,2,6,success,-1,no
994,admin.,single,tertiary,77,23370.92,no,no,yes,telephone,apr,23,1027,9,1,unknown,-1,no
995,admin.,single,secondary,41,36173.66,no,no,no,telephone,jan,13,1159,16,8,failure,-1,no
996,technician,single,unknown,83,36940.99,no,yes,yes,cellular,oct,4,1773,10,5,other,270,no
997,management,divorced,secondary,79,14713.29,yes,yes,yes,cellular,feb,19,712,16,2,unknown,80,no
998,student,single,secondary,27,11337.67,yes,yes,no,telephone,dec,24,1095,15,1,success,-1,no
999,self-employed,divorced,primary,78,48844.99,no,no,no,cellular,apr,20,1866,6,6,failure,140,no
1000,entrepreneur,married,tertiary,46,13046.45,yes,yes,no,cellular,apr,27,1772,4,8,success,360,no
1001,student,married,secondary,80,45814.25,no,yes,no,telephone,apr,22,1676,13,4,failure,255,yes
1002,blue-collar,single,tertiary,24,36078.37,no,yes,yes,telephone,nov,16,628,3,3,other,47,no
1003,entrepreneur,single,unknown,56,1184.94,no,no,yes,cellular,nov,5,1783,5,10,unknown,-1,yes
1004,blue-collar,married,unknown,67,35513.39,no,no,yes,unknown,mar,23,567,16,10,other,386,no
1005,unemployed,married,unknown,89,37479.57,no,no,yes,telephone,dec,12,1915,2,3,failure,-1,no
1006,unemployed,married,secondary,47,35337.79,no,yes,no,cellular,mar,16,54,8,8,other,75,no
1007,blue-collar,single,tertiary,78,46560.86,yes,no,yes,cellular,may,22,1397,1,7,failure,349,no
1008,admin.,divorced,primary,54,14199.4,yes,no,no,unknown,sep,8,682,17,4,failure,133,no
1009,student,divorced,primary,87,986.97,no,no,yes,telephone,nov,27,345,11,6,failure,-1,no
1010,blue-collar,married,tertiary,51,965.42,no,no,no,telephone,jan,9,761,10,3,unknown,47,yes
1011,unknown,married,unknown,25,29513.97,no,yes,yes,unknown,apr,21,1586,8,1,unknown,182,no
1012,entrepreneur,divorced,secondary,91,4018.43,yes,no,no,telephone,jun,16,1770,20,6,failure,-1,yes
1013,management,married,tertiary,23,41271.85,no,yes,yes,unknown,mar,19,905,1,8,failure,398,no
1014,retired,married,primary,45,43484.73,yes,no,yes,cellular,dec,8,915,14,4,failure,186,no
1015,unemployed,divorced,secondary,58,32629.4,yes,no,yes,cellular,jan,11,1051,15,0,success,-1,no
1016,unemployed,single,primary,80,4238.27,no,no,yes,cellular,jul,2,506,2,5,success,145,no
1017,unknown,single,primary,69,45826.74,yes,no,no,telephone,sep,14,61,18,9,success,91,no
1018,technician,divorced,tertiary,89,11013.88,yes,no,no,cellular,jan,16,1385,15,1,failure,322,no
1019,unknown,divorced,tertiary,86,42233.66,yes,no,no,cellular,nov,15,460,16,3,failure,-1,no
1020,technician,divorced,unknown,95,29335.65,yes,no,no,unknown,jan,7,1537,13,8,failure,-1,no
1021,technician,divorced,secondary,63,15312.62,no,yes,yes,telephone,may,16,1888,12,5,other,56,no
1022,entrepreneur,divorced,primary,74,20324.88,yes,no,yes,telephone,jan,20,1652,11,4,failure,67,no
1023,blue-collar,divorced,unknown,86,3473.03,no,no,yes,unknown,aug,12,147,19,2,failure,177,no
1024,services,married,tertiary,40,15455.89,no,yes,no,cellular,may,7,246,19,3,unknown,168,no
1025,student,married,tertiary,42,17454.69,yes,no,yes,cellular,jul,13,144,4,6,other,399,no
1026,student,divorced,tertiary,82,4999.03,yes,yes,no,telephone,jun,14,576,5,2,other,-1,no
1027,management,single,secondary,29,24680.71,no,no,no,unknown,mar,21,1946,13,3,failure,184,no
1028,management,divorced,tertiary,89,40454.66,yes,yes,yes,telephone,apr,3,758,14,8,other,129,no
1029,entrepreneur,divorced,secondary,29,18626.43,yes,yes,yes,unknown,jul,13,133,1,6,failure,298,no
1030,retired,married,secondary,83,46922.31,yes,no,yes,cellular,mar,8,1947,18,1,unknown,379,no
1031,unknown,divorced,unknown,70,18406.14,yes,no,no,cellular,sep,7,1782,12,9,other,154,no
1032,student,divorced,secondary,58,4670.79,no,yes,no,cellular,apr,2,1828,4,3,success,68,no
1033,admin.,married,tertiary,59,43733.43,yes,yes,no,unknown,apr,6,338,4,5,unknown,174,no
1034,blue-collar,married,unknown,78,9755.2,yes,no,yes,telephone,feb,10,139,8,7,other,117,no
1035,blue-collar,divorced,secondary,87,28496.56,yes,yes,no,telephone,jul,2,706,11,1,success,252,yes
1036,blue-collar,married,tertiary,90,42449.38,no,yes,yes,unknown,mar,14,1298,18,10,unknown,199,no
1037,student,divorced,secondary,95,46613.51,no,no,yes,cellular,dec,17,166,15,9,other,349,no
1038,student,single,tertiary,90,22449.28,yes,yes,yes,cellular,dec,4,1023,13,8,unknown,-1,no
1039,retired,single,tertiary,54,17029.06,yes,yes,no,unknown,sep,16,1934,19,0,success,-1,yes
1040,entrepreneur,married,unknown,33,41756.92,no,yes,no,telephone,oct,15,989,1,1,other,201,no
1041,self-employed,married,tertiary,65,9954.0,no,no,no,telephone,apr,20,1043,1,1,unknown,-1,no
1042,self-employed,single,tertiary,79,-440.4,yes,yes,yes,cellular,sep,10,292,19,1,failure,297,yes
1043,retired,divorced,tertiary,85,-401.9,no,no,no,unknown,jan,16,438,7,8,unknown,17,no
1044,retired,divorced,primary,86,22695.52,no,no,no,unknown,sep,24,677,3,5,failure,-1,no
1045,unemployed,married,tertiary,39,19979.45,no,yes,yes,unknown,oct,19,1485,6,9,other,147,yes
1046,self-employed,married,unknown,80,21551.55,no,no,yes,cellular,aug,13,698,15,0,failure,3,yes
1047,management,single,unknown,88,40543.26,no,yes,yes,cellular,nov,13,662,1,1,success,-1,no
1048,blue-collar,single,primary,24,17313.69,no,no,yes,cellular,aug,23,1617,1,0,success,197,no
1049,management,divorced,secondary,34,22319.58,yes,no,no,unknown,sep,4,1735,4,1,success,43,no
1050,unemployed,single,secondary,84,42396.16,yes,no,no,cellular,jul,23,800,12,9,failure,112,no
1051,entrepreneur,married,tertiary,84,34375.63,no,yes,no,cellular,jan,13,268,20,3,unknown,-1,no
1052,student,single,unknown,42,19716.56,no,no,yes,cellular,oct,6,254,14,4,failure,-1,no
1053,management,married,secondary,87,4179.64,no,no,no,cellular,feb,3,1905,20,0,other,254,no
1054,unknown,divorced,tertiary,76,17284.49,yes,no,no,telephone,mar,17,1217,12,0,unknown,35,no
1055,unknown,single,primary,52,8083.4,yes,yes,no,unknown,feb,12,1268,14,10,other,303,no
1056,blue-collar,single,secondary,66,46625.81,no,no,no,cellular,mar,6,1010,3,9,other,42,no
1057,entrepreneur,divorced,tertiary,70,8142.04,yes,yes,yes,telephone,sep,18,1897,8,6,unknown,254,no
1058,entrepreneur,married,primary,34,37122.74,yes,no,no,unknown,dec,21,296,8,4,unknown,371,no
1059,retired,married,primary,31,47918.28,yes,no,yes,unknown,jan,19,688,6,1,unknown,313,no
1060,technician,married,tertiary,65,13176.74,no,no,no,telephone,may,1,95,19,3,failure,12,no
1061,housemaid,single,secondary,65,30814.27,no,yes,no,cellular,apr,23,1823,13,6,success,25,no
1062,admin.,single,secondary,76,47811.28,yes,yes,no,telephone,dec,12,1449,15,7,other,331,yes
1063,management,married,unknown,35,25591.36,yes,yes,yes,cellular,jan,20,768,4,7,unknown,-1,no
1064,self-employed,single,secondary,95,47533.1,yes,yes,yes,unknown,mar,21,1749,9,9,unknown,-1,no
1065,unemployed,married,unknown,22,43318.37,no,no,yes,cellular,jul,24,336,13,3,other,286,no
1066,management,single,primary,36,41098.16,no,no,no,unknown,dec,8,545,3,8,unknown,128,no
1067,services,divorced,primary,90,31371.02,no,no,no,cellular,feb,20,1308,10,1,failure,355,no
1068,unemployed,divorced,unknown,53,21065.23,no,yes,yes,telephone,feb,1,177,14,8,unknown,358,no
1069,self-employed,single,tertiary,73,29250.46,yes,no,yes,cellular,mar,26,818,8,5,other,-1,no
1070,housemaid,single,tertiary,65,42753.65,yes,yes,no,cellular,may,3,623,20,1,failure,183,yes
1071,self-employed,single,secondary,68,22840.18,yes,no,yes,telephone,sep,15,1542,8,9,failure,187,no
1072,retired,divorced,unknown,84,29064.17,yes,yes,no,telephone,jul,22,563,11,9,unknown,115,no
1073,retired,single,tertiary,53,4683.43,yes,no,yes,cellular,feb,18,478,8,1,success,362,no
1074,admin.,divorced,secondary,36,44574.2,no,no,yes,unknown,jan,8,1003,11,0,failure,353,yes
1075,unknown,single,tertiary,64,49259.55,yes,no,no,cellular,jan,25,1822,7,10,other,-1,yes
1076,unemployed,divorced,secondary,73,39684.34,yes,no,yes,unknown,apr,3,1437,6,0,unknown,165,no
1077,services,married,unknown,84,14551.1,yes,no,yes,cellular,apr,10,883,1,5,other,-1,no
1078,self-employed,divorced,unknown,30,13766.05,no,yes,yes,unknown,jul,23,1095,14,7,success,12,no
1079,management,divorced,secondary,53,32671.45,no,yes,no,unknown,may,12,476,11,3,success,-1,no
1080,management,divorced,unknown,21,34702.83,no,yes,no,telephone,mar,23,602,14,3,unknown,369,no
1081,technician,divorced,unknown,72,1214.84,yes,no,no,cellular,jan,22,472,11,9,failure,256,no
1082,retired,single,primary,68,9390.04,no,yes,no,cellular,nov,13,230,5,0,failure,211,yes
1083,technician,divorced,tertiary,78,23450.69,yes,no,no,telephone,apr,14,1154,14,6,success,383,no
1084,entrepreneur,divorced,secondary,81,16199.45,yes,no,yes,cellular,aug,24,1739,8,8,failure,391,no
1085,technician,single,tertiary,25,21651.41,no,no,yes,cellular,oct,10,387,12,8,failure,78,no
1086,unemployed,single,secondary,24,16084.21,yes,no,yes,cellular,dec,25,1726,11,0,unknown,-1,no
1087,student,divorced,secondary,24,8577.18,no,yes,no,unknown,jan,8,395,3,10,success,177,yes
1088,technician,married,tertiary,29,11456.24,no,no,no,unknown,sep,14,1406,9,1,failure,329,no
1089,student,married,primary,35,21867.89,no,yes,yes,cellular,dec,20,1539,20,2,success,-1,no
1090,entrepreneur,divorced,primary,37,35351.66,yes,no,no,unknown,nov,13,46,10,7,success,-1,no
1091,services,married,secondary,39,19009.52,no,yes,no,cellular,apr,21,1792,1,8,success,10,no
1092,housemaid,divorced,secondary,54,5629.65,yes,yes,yes,cellular,nov,22,1989,12,5,other,18,no
1093,services,single,unknown,85,21393.48,yes,no,yes,unknown,sep,2,424,4,10,unknown,-1,no
1094,blue-collar,divorced,primary,93,28133.65,no,no,no,telephone,nov,17,738,17,3,unknown,-1,no
1095,unemployed,single,unknown,71,12302.74,yes,no,no,cellular,mar,25,1607,10,8,failure,204,no
1096,unemployed,single,secondary,36,6329.3,no,no,yes,unknown,oct,5,606,10,3,failure,42,no
1097,retired,divorced,unknown,72,3974.02,no,yes,no,unknown,apr,13,617,11,3,unknown,114,no
1098,housemaid,married,secondary,29,716.3,yes,yes,no,unknown,dec,9,1556,17,2,other,285,no
1099,services,divorced,primary,85,23457.75,yes,yes,yes,cellular,mar,19,1846,12,7,unknown,62,no
1100,admin.,divorced,primary,53,26193.68,yes,yes,yes,unknown,jul,25,866,3,0,unknown,226,no
1101,admin.,divorced,unknown,18,40322.07,yes,no,no,telephone,dec,27,1597,19,9,success,95,no
1102,student,married,tertiary,50,12886.09,yes,yes,no,unknown,apr,25,986,18,4,success,-1,no
1103,services,married,tertiary,47,37557.01,no,yes,no,cellular,mar,19,66,7,6,unknown,338,no
1104,unknown,single,tertiary,86,6169.95,yes,no,no,unknown,oct,13,1082,13,8,success,-1,yes
1105,housemaid,divorced,primary,55,29022.07,yes,no,yes,cellular,jul,18,282,19,7,other,-1,no
1106,management,single,unknown,35,23836.78,no,no,no,telephone,jan,13,79,7,4,failure,19,no
1107,management,divorced,unknown,59,4323.92,yes,yes,yes,cellular,may,26,1284,16,4,other,257,no
1108,unknown,divorced,secondary,56,26614.71,yes,yes,no,unknown,sep,6,736,3,3,success,322,no
1109,management,single,secondary,58,24249.7,yes,no,no,cellular,aug,28,1083,15,5,success,201,no
1110,blue-collar,married,unknown,84,5089.03,yes,no,no,unknown,oct,22,1549,13,7,success,88,no
1111,retired,married,tertiary,54,8521.22,yes,yes,no,telephone,aug,3,1825,11,1,failure,-1,no
1112,services,divorced,primary,59,44939.73,yes,yes,yes,unknown,aug,18,1753,4,7,failure,106,no
1113,management,single,secondary,56,25053.41,no,yes,no,cellular,apr,10,153,14,2,failure,-1,no
1114,unknown,single,unknown,55,47782.89,no,yes,yes,telephone,apr,17,1953,9,8,unknown,-1,no
1115,unemployed,divorced,tertiary,78,30995.64,yes,yes,no,telephone,aug,4,1853,14,0,other,-1,no
1116,technician,divorced,secondary,84,45267.5,no,yes,no,telephone,apr,3,864,20,6,unknown,-1,no
1117,blue-collar,single,tertiary,77,32028.74,yes,no,yes,cellular,jul,4,773,18,0,unknown,87,no
1118,housemaid,divorced,unknown,41,6758.27,yes,yes,no,telephone,mar,3,874,10,10,failure,55,yes
1119,retired,divorced,secondary,62,22725.3,yes,yes,yes,unknown,sep,23,1304,4,6,success,358,no
1120,blue-collar,married,secondary,28,17001.26,no,no,yes,cellular,dec,19,1446,1,9,success,-1,no
1121,management,single,unknown,40,18166.02,no,no,yes,unknown,nov,2,1116,18,0,unknown,122,no
1122,student,single,primary,50,3366.0,no,no,yes,cellular,mar,12,1383,14,10,success,191,yes
1123,housemaid,single,unknown,87,36400.28,no,no,no,telephone,aug,10,379,3,7,other,154,no
1124,retired,divorced,unknown,69,3024.32,yes,yes,no,cellular,aug,7,1073,9,0,other,-1,no
1125,services,divorced,secondary,29,11164.18,no,no,no,unknown,oct,26,296,9,8,success,272,no
1126,unemployed,single,tertiary,90,13158.6,no,no,no,unknown,sep,17,1314,17,1,failure,14,no
1127,services,divorced,tertiary,28,12967.41,yes,yes,no,unknown,mar,14,866,16,3,failure,-1,no
1128,technician,married,tertiary,90,9224.07,yes,no,yes,cellular,mar,24,1196,8,5,success,-1,no
1129,entrepreneur,single,secondary,60,22461.01,no,yes,yes,unknown,oct,20,663,16,7,success,237,no
1130,housemaid,single,secondary,40,23021.02,no,no,yes,telephone,jan,11,135,4,7,other,-1,no
1131,services,divorced,primary,38,2563.62,no,no,no,telephone,jun,28,1943,15,9,success,-1,no
1132,entrepreneur,married,primary,94,40595.49,yes,yes,yes,telephone,jul,10,645,9,1,other,-1,no
1133,unemployed,married,secondary,27,23321.13,no,no,no,unknown,jan,10,1715,8,3,success,181,yes
1134,unemployed,divorced,primary,28,300.1,yes,yes,yes,unknown,feb,22,931,13,7,other,-1,no
1135,self-employed,single,primary,81,23452.85,no,no,no,unknown,nov,21,937,4,8,unknown,-1,no
1136,student,single,primary,33,3599.99,no,yes,yes,unknown,sep,4,1950,10,5,other,-1,no
1137,blue-collar,single,primary,83,15935.28,no,no,no,cellular,jun,10,1381,1,5,unknown,124,no
1138,retired,married,primary,46,-1329.91,yes,yes,yes,unknown,feb,2,586,4,7,unknown,365,no
1139,technician,divorced,primary,19,12950.6,no,yes,no,cellular,feb,2,1169,5,4,other,-1,no
1140,services,divorced,unknown,62,31353.51,yes,yes,no,telephone,may,10,412,18,6,failure,-1,no
1141,self-employed,divorced,unknown,59,9833.32,yes,yes,no,telephone,nov,22,90,11,7,other,208,no
1142,unknown,single,primary,62,47048.71,no,no,no,unknown,nov,18,1421,17,6,other,-1,no
1143,technician,married,primary,66,32545.52,no,yes,yes,cellular,nov,14,1546,19,7,other,-1,no
1144,unemployed,divorced,primary,78,46182.24,no,yes,no,telephone,oct,24,1699,18,8,unknown,275,no
1145,retired,single,unknown,51,8823.0,no,yes,no,unknown,may,28,485,2,3,other,-1,yes
1146,entrepreneur,divorced,secondary,78,43637.11,yes,no,no,unknown,nov,10,1615,15,9,unknown,42,no
1147,self-employed,single,unknown,36,35780.36,yes,yes,yes,unknown,mar,10,869,14,4,unknown,84,no
1148,self-employed,married,primary,50,3469.03,no,yes,yes,telephone,may,22,1749,5,7,unknown,189,yes
1149,management,divorced,unknown,76,48587.38,yes,yes,yes,unknown,apr,7,1661,1,7,other,268,yes
1150,retired,single,tertiary,76,48394.46,yes,no,no,unknown,jul,21,1504,10,2,success,-1,no
1151,services,married,unknown,78,18510.26,yes,no,no,cellular,jul,24,861,2,1,success,-1,no
1152,retired,single,secondary,46,37354.56,yes,yes,yes,unknown,aug,3,1656,13,3,success,250,no
1153,blue-collar,married,tertiary,66,13488.24,yes,no,no,telephone,jan,9,1204,6,6,failure,328,no
1154,self-employed,married,tertiary,84,-709.39,yes,no,no,unknown,aug,19,469,16,1,failure,-1,no
1155,management,married,tertiary,84,24708.93,yes,no,no,unknown,sep,4,266,7,6,failure,-1,no
1156,housemaid,married,unknown,28,14460.57,yes,yes,no,telephone,aug,17,928,5,0,success,-1,no
1157,housemaid,divorced,unknown,67,26424.03,yes,no,no,unknown,dec,12,1966,19,10,failure,224,yes
1158,student,single,tertiary,22,30664.69,no,yes,yes,cellular,sep,21,1042,17,5,other,-1,yes
1159,retired,married,tertiary,36,3948.58,no,no,no,unknown,sep,12,1204,19,4,success,304,no
1160,admin.,single,secondary,47,316.92,no,yes,yes,telephone,oct,15,1953,13,3,failure,10,no
1161,retired,single,tertiary,77,39202.04,yes,no,no,telephone,dec,22,1641,20,8,other,383,no
1162,entrepreneur,married,unknown,77,22340.55,yes,yes,no,unknown,jun,16,974,1,7,other,108,no
1163,blue-collar,divorced,secondary,40,28634.43,no,yes,yes,telephone,sep,25,1209,10,0,success,-1,no
1164,self-employed,single,tertiary,79,39023.94,no,no,no,unknown,aug,19,538,11,4,success,-1,no
1165,retired,married,tertiary,36,4711.15,yes,yes,yes,telephone,dec,19,690,20,8,success,-1,no
1166,unknown,married,unknown,35,39482.07,yes,yes,yes,unknown,may,10,1224,15,7,success,-1,no
1167,retired,married,tertiary,87,45960.13,yes,no,no,telephone,jul,21,1343,15,5,failure,-1,no
1168,services,married,secondary,68,3967.83,yes,yes,no,telephone,jul,26,268,4,1,unknown,362,no
1169,unemployed,single,unknown,37,3320.21,no,no,yes,cellular,jul,5,1213,12,9,success,-1,no
1170,student,divorced,tertiary,43,29467.98,yes,yes,no,telephone,may,24,1985,6,3,other,334,no
1171,management,single,tertiary,45,38087.4,yes,no,no,unknown,dec,17,1755,2,3,failure,54,no
1172,student,divorced,secondary,88,30497.07,no,no,no,cellular,jan,2,1542,9,10,success,300,no
1173,entrepreneur,single,secondary,49,36499.26,no,no,yes,telephone,may,14,395,11,4,other,-1,no
1174,admin.,single,secondary,89,48549.35,no,no,no,cellular,may,7,1296,1,0,failure,-1,no
1175,student,divorced,unknown,89,10870.78,yes,no,yes,telephone,jan,11,81,4,3,success,257,no
1176,unemployed,single,secondary,80,30066.59,no,yes,no,unknown,may,22,248,10,0,unknown,82,no
1177,admin.,single,unknown,60,48162.27,no,no,no,cellular,sep,1,1833,19,6,other,60,no
1178,housemaid,single,secondary,67,30081.55,no,no,yes,cellular,jul,5,1470,18,3,other,-1,no
1179,technician,divorced,unknown,74,5257.23,yes,yes,no,unknown,jan,13,231,14,2,other,30,no
1180,admin.,divorced,primary,50,13936.11,yes,no,yes,cellular,sep,26,977,4,9,success,243,no
1181,blue-collar,divorced,tertiary,24,40357.27,no,yes,yes,cellular,nov,22,1766,8,1,other,117,no
1182,entrepreneur,married,primary,52,11522.29,yes,no,no,cellular,dec,17,646,15,10,unknown,12,no
1183,self-employed,divorced,tertiary,30,36106.54,yes,no,yes,unknown,nov,22,1181,15,9,success,153,yes
1184,self-employed,divorced,primary,77,2225.02,no,no,no,unknown,oct,20,847,11,9,other,143,no
1185,technician,divorced,tertiary,66,44582.64,yes,no,no,telephone,feb,13,1281,15,4,other,252,no
1186,entrepreneur,divorced,tertiary,76,11234.47,no,yes,no,telephone,jul,4,913,18,4,failure,338,no
1187,self-employed,divorced,secondary,90,42097.58,no,yes,no,telephone,dec,26,1448,18,7,unknown,43,no
1188,services,married,primary,51,21187.45,yes,no,no,telephone,feb,22,1540,10,9,success,60,no
1189,admin.,married,primary,39,790.22,no,yes,yes,unknown,may,26,1097,18,2,unknown,-1,no
1190,student,married,unknown,71,15712.98,yes,yes,no,cellular,jul,21,1107,3,9,other,190,yes
1191,self-employed,married,primary,50,10968.29,yes,no,yes,cellular,nov,10,439,5,1,unknown,163,no
1192,blue-collar,married,tertiary,26,34782.65,yes,yes,yes,telephone,oct,14,270,6,5,failure,147,no
1193,housemaid,divorced,unknown,57,3019.76,yes,yes,no,unknown,nov,24,849,20,1,other,358,no
1194,services,divorced,tertiary,25,10306.48,no,no,no,cellular,may,4,1389,10,6,failure,93,yes
1195,self-employed,single,unknown,35,21963.54,yes,no,yes,telephone,sep,1,203,7,6,failure,145,no
1196,unknown,married,tertiary,94,28218.28,yes,no,no,cellular,apr,16,924,10,4,success,327,no
1197,unknown,single,tertiary,43,18717.31,no,no,yes,unknown,apr,27,1941,7,6,failure,68,no
1198,self-employed,single,tertiary,25,14766.62,no,no,no,telephone,aug,27,1477,9,0,other,-1,no
1199,unknown,married,unknown,42,37858.01,no,no,yes,cellular,sep,27,1931,15,2,failure,-1,no
1200,management,single,secondary,53,48479.71,yes,yes,yes,cellular,sep,28,190,10,4,other,302,no
1201,housemaid,divorced,secondary,19,9052.05,no,no,yes,unknown,nov,22,388,14,7,success,50,no
1202,entrepreneur,single,unknown,20,4187.69,no,no,yes,cellular,jan,18,395,11,3,success,293,yes
1203,unknown,married,primary,27,30486.66,no,yes,no,cellular,nov,2,1506,1,1,failure,250,no
1204,entrepreneur,single,tertiary,36,15774.38,yes,no,no,unknown,apr,26,503,5,1,unknown,352,yes
1205,unknown,divorced,primary,28,15602.27,no,no,yes,cellular,feb,25,734,6,1,success,-1,no
1206,housemaid,married,secondary,21,3272.62,no,yes,yes,telephone,mar,14,1146,3,7,unknown,295,no
1207,services,single,tertiary,65,34985.91,no,yes,no,telephone,aug,24,1641,18,8,other,-1,no
1208,self-employed,single,tertiary,59,44140.9,no,yes,yes,cellular,may,9,479,11,3,other,288,no
1209,student,single,unknown,72,2393.62,no,yes,no,cellular,feb,18,744,6,1,success,203,no
1210,blue-collar,single,unknown,39,27095.12,no,yes,yes,cellular,feb,19,819,2,6,success,304,yes
1211,self-employed,divorced,secondary,63,21899.17,no,yes,yes,telephone,sep,24,768,11,3,unknown,-1,no
1212,management,single,primary,35,36865.48,yes,no,no,unknown,jan,10,895,9,10,other,-1,no
1213,entrepreneur,married,secondary,79,33542.08,yes,yes,yes,cellular,apr,15,1391,1,0,other,207,no
1214,unknown,single,unknown,69,38029.9,yes,yes,yes,cellular,aug,11,1327,15,3,unknown,-1,no
1215,blue-collar,single,secondary,43,4977.66,yes,no,yes,unknown,jun,18,981,9,0,failure,252,yes
1216,admin.,married,unknown,66,15238.4,yes,yes,no,cellular,dec,11,343,2,9,failure,318,no
1217,unemployed,married,primary,74,16043.05,no,no,yes,cellular,apr,1,1092,15,4,other,295,no
1218,student,married,tertiary,82,29847.55,yes,yes,yes,telephone,jul,8,1863,18,4,success,255,no
1219,services,married,primary,46,21387.69,no,yes,yes,telephone,sep,10,571,17,4,unknown,-1,no
1220,services,divorced,tertiary,94,19522.96,yes,yes,no,telephone,mar,25,850,14,10,other,-1,yes
1221,unemployed,married,tertiary,44,8324.32,yes,no,yes,cellular,jul,4,1910,3,0,unknown,-1,no
1222,unemployed,married,unknown,27,3337.45,no,yes,no,cellular,sep,26,323,9,3,other,-1,no
1223,self-employed,single,unknown,28,10596.95,no,no,yes,telephone,jun,4,1404,14,1,unknown,92,no
1224,unemployed,single,primary,49,47428.79,no,no,no,cellular,jun,1,1504,3,7,success,-1,no
1225,unemployed,single,primary,34,19300.06,yes,yes,yes,telephone,sep,9,142,1,0,unknown,400,no
1226,blue-collar,single,secondary,34,28051.51,yes,no,yes,unknown,mar,18,954,19,0,other,-1,no
1227,management,married,secondary,43,47328.56,yes,yes,yes,cellular,mar,2,947,19,1,success,363,no
1228,housemaid,married,primary,89,5673.44,no,yes,no,telephone,feb,24,1871,15,0,failure,85,no
1229,student,single,tertiary,83,18332.03,no,no,no,cellular,may,20,587,16,1,unknown,-1,no
1230,student,single,secondary,40,36913.69,yes,no,yes,cellular,dec,28,1663,13,8,other,84,no
1231,admin.,single,primary,22,31008.87,no,yes,yes,cellular,apr,21,106,12,9,failure,-1,yes
1232,admin.,married,primary,46,27024.21,no,yes,no,telephone,aug,9,1433,2,4,failure,388,no
1233,housemaid,single,tertiary,49,43855.62,yes,no,no,cellular,nov,6,1424,6,6,success,306,yes
1234,blue-collar,divorced,secondary,60,38765.51,yes,yes,yes,cellular,oct,27,1625,8,9,success,357,no
1235,blue-collar,married,primary,26,19243.47,no,no,no,cellular,apr,16,1307,8,0,unknown,162,no
1236,admin.,married,tertiary,52,16217.02,yes,no,no,cellular,feb,6,596,14,0,unknown,48,no
1237,unknown,single,tertiary,21,16134.62,yes,no,no,unknown,jul,1,1069,16,0,success,281,no
1238,management,married,secondary,64,44752.15,no,no,yes,telephone,nov,7,1878,6,4,other,-1,no
1239,student,married,secondary,85,14342.22,no,no,no,telephone,aug,1,82,10,4,other,-1,no
1240,technician,married,tertiary,32,22495.17,yes,yes,yes,cellular,apr,15,334,16,10,failure,83,no
1241,retired,married,primary,87,2077.48,yes,no,yes,cellular,jan,9,257,19,7,other,-1,no
1242,blue-collar,single,secondary,66,47359.96,no,yes,no,unknown,may,9,451,6,1,unknown,-1,no
1243,blue-collar,divorced,unknown,44,14686.95,yes,yes,no,unknown,feb,1,186,15,1,success,-1,no
1244,admin.,married,tertiary,24,10666.77,yes,no,yes,telephone,jul,14,813,7,8,unknown,240,no
1245,unknown,divorced,secondary,27,7123.2,no,yes,no,unknown,jan,9,1568,18,5,other,286,no
1246,unknown,divorced,unknown,54,13255.09,yes,yes,yes,cellular,oct,19,1738,12,5,success,45,yes
1247,blue-collar,single,secondary,37,27609.21,no,no,no,telephone,mar,18,1845,3,5,failure,349,no
1248,entrepreneur,married,tertiary,35,19547.79,no,no,no,unknown,nov,24,1219,3,2,unknown,9,no
1249,blue-collar,divorced,unknown,65,20960.96,yes,no,yes,cellular,nov,28,1287,14,4,other,18,no
1250,blue-collar,married,primary,31,31144.42,yes,no,no,unknown,nov,13,1082,12,1,other,174,no
1251,unknown,married,secondary,79,1868.9,yes,yes,no,cellular,apr,2,520,8,7,unknown,-1,no
1252,management,married,secondary,60,41543.1,yes,yes,no,telephone,aug,23,1166,18,3,other,347,no
1253,blue-collar,single,primary,95,22661.14,no,yes,yes,telephone,jan,5,720,2,3,success,51,no
1254,unemployed,divorced,primary,20,19485.59,no,no,no,telephone,oct,13,1731,10,5,unknown,-1,no
1255,management,married,secondary,45,46653.01,yes,no,no,unknown,aug,21,1113,19,9,failure,313,no
1256,blue-collar,married,secondary,79,2565.32,yes,no,no,cellular,sep,14,239,1,1,unknown,199,no
1257,housemaid,single,primary,26,11408.28,no,no,yes,cellular,may,16,1967,17,6,unknown,136,no
1258,unknown,divorced,tertiary,77,26026.99,yes,yes,no,telephone,may,27,1909,3,9,failure,386,no
1259,entrepreneur,single,secondary,85,27187.63,no,yes,yes,unknown,apr,25,1316,18,9,other,81,no
1260,unknown,single,unknown,89,42027.15,yes,no,yes,unknown,jul,10,1817,2,0,unknown,-1,no
1261,student,married,primary,27,26586.92,yes,yes,yes,cellular,jun,15,1433,15,4,other,-1,no
1262,self-employed,single,unknown,79,360.4,yes,yes,yes,cellular,mar,6,1325,4,10,success,-1,no
1263,unemployed,divorced,unknown,32,9638.37,no,no,no,cellular,aug,23,1452,6,5,other,200,no
1264,student,single,secondary,52,-1249.54,yes,yes,yes,unknown,aug,19,1959,6,4,success,-1,no
1265,unemployed,divorced,secondary,87,44481.39,no,yes,no,telephone,aug,22,280,10,0,success,-1,no
1266,admin.,married,secondary,77,27220.76,no,yes,no,cellular,dec,5,1905,15,10,success,-1,no
1267,entrepreneur,single,unknown,79,33565.07,no,no,yes,unknown,oct,8,1906,16,4,success,-1,no
1268,unknown,married,primary,83,16325.55,yes,yes,yes,telephone,jul,23,1777,6,10,other,113,no
1269,services,single,unknown,32,39463.29,no,yes,no,unknown,jun,7,219,2,3,unknown,355,no
1270,services,married,secondary,62,47622.44,yes,no,yes,cellular,mar,2,556,9,2,other,44,no
1271,entrepreneur,divorced,tertiary,35,302.51,no,yes,no,telephone,apr,3,1862,16,3,success,-1,no
1272,entrepreneur,divorced,secondary,59,48585.53,no,no,no,telephone,jan,12,121,12,3,failure,397,no
1273,entrepreneur,single,primary,66,35915.45,no,yes,no,telephone,aug,2,310,10,3,other,201,no
1274,entrepreneur,divorced,unknown,95,39914.74,no,no,no,cellular,mar,6,66,7,6,unknown,-1,no
1275,unknown,married,tertiary,80,48888.1,yes,yes,yes,unknown,nov,11,785,10,4,success,-1,yes
1276,unemployed,divorced,primary,60,15029.02,no,no,no,cellular,jul,25,1035,1,6,unknown,351,no
1277,student,married,tertiary,64,45437.69,no,no,no,telephone,aug,4,24,4,5,unknown,-1,no
1278,unknown,single,unknown,44,12987.13,yes,yes,yes,cellular,nov,18,1043,20,3,failure,162,no
1279,entrepreneur,single,unknown,80,36236.51,no,no,no,telephone,aug,20,315,18,5,success,265,no
1280,retired,divorced,secondary,75,3432.68,no,yes,yes,unknown,jun,28,1816,3,1,unknown,99,no
1281,unemployed,married,tertiary,79,8886.57,yes,yes,yes,unknown,feb,10,892,11,5,success,367,no
1282,retired,married,unknown,84,9187.43,yes,yes,yes,unknown,oct,14,1583,2,3,failure,342,yes
1283,unemployed,divorced,tertiary,18,-1462.01,no,yes,yes,unknown,mar,3,1799,5,3,failure,106,no
1284,management,single,unknown,32,48790.83,no,no,no,telephone,apr,15,186,1,3,success,31,no
1285,retired,divorced,primary,62,13324.37,no,no,no,cellular,nov,7,1669,10,6,unknown,223,no
1286,unemployed,divorced,primary,89,19699.03,no,yes,no,unknown,feb,1,1704,8,6,unknown,148,yes
1287,management,married,unknown,43,71.23,no,no,no,unknown,mar,15,1794,4,0,success,311,yes
1288,unemployed,married,tertiary,48,32476.62,yes,yes,no,unknown,aug,16,1422,7,5,other,-1,no
1289,management,married,tertiary,58,9882.52,yes,no,no,cellular,jun,17,1885,14,1,success,114,no
1290,entrepreneur,single,tertiary,22,42250.38,yes,no,yes,unknown,nov,10,87,18,10,success,-1,no
1291,entrepreneur,single,unknown,21,6714.73,yes,yes,yes,telephone,oct,22,1972,20,6,unknown,211,no
1292,entrepreneur,divorced,primary,81,26847.18,no,yes,no,telephone,nov,3,1130,10,4,success,-1,no
1293,technician,single,primary,72,16432.86,no,yes,no,telephone,apr,17,449,7,10,other,-1,no
1294,unknown,divorced,unknown,61,19928.96,no,no,yes,telephone,dec,17,1041,19,8,unknown,271,no
1295,housemaid,divorced,secondary,76,10273.56,no,yes,no,telephone,feb,9,971,5,7,success,336,no
1296,student,married,secondary,29,14489.72,yes,no,yes,telephone,may,4,487,13,7,other,32,no
1297,student,married,primary,30,17813.48,no,no,yes,telephone,jun,13,930,7,9,failure,-1,no
1298,blue-collar,married,unknown,32,32398.77,no,yes,no,telephone,jul,22,159,10,1,other,314,no
1299,technician,married,unknown,78,9175.09,no,yes,no,unknown,nov,15,1300,3,9,failure,-1,yes
1300,housemaid,divorced,unknown,33,855.09,no,no,yes,unknown,sep,26,862,2,2,failure,320,no
1301,entrepreneur,single,unknown,47,31277.16,no,no,yes,telephone,jul,15,437,4,0,other,-1,no
1302,management,single,secondary,64,4749.68,no,no,yes,telephone,apr,5,251,17,6,success,-1,no
1303,services,single,unknown,33,12817.99,no,yes,no,unknown,apr,19,1030,15,0,failure,-1,no
1304,management,divorced,tertiary,31,10829.99,no,no,yes,telephone,jul,15,66,7,10,success,-1,no
1305,self-employed,single,primary,70,825.34,no,no,yes,telephone,nov,17,261,9,8,failure,134,yes
1306,entrepreneur,divorced,primary,70,857.42,yes,yes,no,cellular,feb,22,126,1,10,success,176,no
1307,management,divorced,primary,73,49843.96,no,no,no,unknown,jun,25,689,5,3,unknown,-1,no
1308,admin.,single,unknown,66,43333.49,no,yes,yes,telephone,jan,5,1219,6,10,unknown,83,no
1309,retired,single,primary,55,3232.7,no,yes,no,telephone,sep,15,478,9,4,failure,367,no
1310,services,married,unknown,40,33407.82,no,yes,no,telephone,nov,6,588,18,5,unknown,-1,no
1311,self-employed,divorced,primary,44,33138.06,no,yes,no,cellular,oct,13,1949,3,9,failure,367,no
1312,unemployed,divorced,unknown,24,42553.07,yes,no,yes,telephone,sep,6,1654,19,4,other,-1,no
1313,services,single,secondary,40,23402.17,yes,no,no,unknown,nov,16,1194,14,2,unknown,317,no
1314,unknown,married,unknown,57,-1282.03,yes,yes,no,cellular,jul,15,39,15,6,unknown,5,yes
1315,technician,single,unknown,92,68.11,yes,no,yes,cellular,jun,18,765,10,6,unknown,-1,no
1316,blue-collar,married,tertiary,57,46423.77,no,no,yes,telephone,jan,3,771,7,8,success,308,no
1317,student,single,primary,95,6782.36,yes,no,yes,unknown,may,8,1189,9,7,other,122,no
1318,management,married,primary,43,31182.94,yes,no,no,cellular,jun,16,1479,5,4,success,-1,no
1319,retired,divorced,tertiary,73,49124.57,yes,yes,yes,unknown,sep,18,1390,13,0,failure,184,no
1320,unknown,divorced,tertiary,85,14665.92,no,no,yes,telephone,nov,10,1939,20,9,unknown,97,no
1321,blue-collar,single,secondary,82,22938.81,no,yes,yes,unknown,sep,24,495,7,10,other,269,no
1322,retired,single,secondary,81,12568.7,no,yes,yes,cellular,sep,23,856,14,9,unknown,250,yes
1323,services,married,unknown,56,25283.5,yes,yes,yes,telephone,jan,21,1409,7,4,failure,317,no
1324,services,married,tertiary,33,38091.4,no,no,no,telephone,sep,16,1149,18,7,success,77,no
1325,unemployed,single,secondary,90,29922.44,no,no,no,cellular,sep,11,1254,16,3,unknown,117,yes
1326,unknown,single,tertiary,32,17967.86,no,yes,no,telephone,nov,22,1647,10,0,failure,-1,no
1327,housemaid,divorced,secondary,22,-399.93,no,yes,yes,unknown,jan,20,645,9,0,success,127,no
1328,blue-collar,divorced,unknown,43,16088.65,no,yes,yes,cellular,oct,5,948,7,8,unknown,-1,no
1329,technician,married,secondary,45,26830.55,yes,yes,no,telephone,may,27,1760,8,7,other,45,no
1330,blue-collar,single,unknown,91,28135.57,yes,no,no,cellular,may,21,1508,3,1,success,-1,no
1331,blue-collar,single,unknown,46,15325.74,no,no,yes,cellular,dec,1,560,10,8,unknown,3,no
1332,blue-collar,married,unknown,50,16167.84,yes,no,no,unknown,nov,13,924,9,5,unknown,395,no
1333,entrepreneur,divorced,primary,94,29739.24,yes,no,no,cellular,aug,8,1752,14,5,unknown,317,no
1334,technician,single,tertiary,89,28412.18,yes,yes,yes,unknown,jun,4,1815,16,8,success,376,no
1335,services,single,unknown,70,49070.8,yes,yes,no,unknown,jan,16,1746,8,2,other,78,no
1336,unknown,divorced,secondary,74,28958.16,no,no,no,cellular,oct,18,517,19,9,success,17,no
1337,management,divorced,tertiary,35,23110.19,yes,yes,no,telephone,may,8,203,13,9,failure,88,no
1338,student,single,tertiary,90,11342.15,no,yes,no,telephone,jun,28,100,3,1,other,335,no
1339,entrepreneur,divorced,secondary,29,30956.69,yes,yes,no,unknown,dec,15,78,5,3,unknown,38,no
1340,technician,married,primary,78,30351.96,yes,yes,no,cellular,jan,9,1451,5,7,unknown,-1,no
1341,unknown,single,primary,77,41048.4,no,no,no,telephone,may,23,425,12,9,unknown,-1,no
1342,retired,single,primary,94,38994.55,yes,no,no,unknown,jun,11,1513,15,6,unknown,23,no
1343,technician,divorced,unknown,43,31300.17,no,yes,yes,cellular,may,20,1799,8,10,failure,305,yes
1344,housemaid,divorced,primary,25,13086.23,no,yes,no,telephone,jul,27,987,9,3,unknown,305,no
1345,retired,married,tertiary,70,40599.92,yes,yes,no,unknown,jul,25,1066,5,4,success,205,no
1346,retired,married,primary,81,25573.43,no,no,yes,unknown,jan,27,777,17,0,unknown,270,no
1347,student,married,primary,41,49477.27,no,yes,yes,unknown,jul,7,1810,16,10,other,293,no
1348,self-employed,single,unknown,91,43410.24,no,yes,yes,telephone,aug,19,1386,5,6,other,88,no
1349,management,married,unknown,41,44033.09,no,yes,no,unknown,nov,23,34,2,7,unknown,-1,no
1350,student,divorced,unknown,25,32361.53,no,no,yes,unknown,aug,14,1782,2,9,success,189,no
1351,retired,divorced,unknown,35,2380.89,no,no,no,telephone,feb,15,587,13,6,unknown,-1,no
1352,unemployed,married,tertiary,53,2907.04,no,yes,no,cellular,jul,18,1550,10,8,failure,223,no
1353,student,married,secondary,79,40449.7,yes,yes,yes,unknown,jun,16,521,16,1,other,79,no
1354,services,divorced,tertiary,95,-237.7,yes,no,yes,cellular,mar,15,1341,5,5,other,-1,no
1355,entrepreneur,single,primary,84,35043.53,yes,yes,no,unknown,apr,25,1145,9,2,failure,-1,no
1356,unemployed,single,unknown,20,11919.7,no,no,no,unknown,mar,24,1005,5,3,unknown,-1,no
1357,unknown,divorced,secondary,28,49537.18,no,yes,no,unknown,feb,4,1716,17,3,unknown,41,no
1358,retired,divorced,unknown,42,49443.99,yes,yes,yes,unknown,jan,4,1964,11,0,failure,-1,no
1359,management,married,secondary,68,49951.5,yes,no,yes,unknown,may,4,88,15,4,other,244,yes
1360,unknown,divorced,primary,21,27122.24,no,yes,yes,unknown,jul,18,132,10,5,failure,172,no
1361,technician,divorced,unknown,71,10870.69,yes,yes,no,unknown,jul,18,233,2,6,success,-1,no
1362,technician,divorced,secondary,28,44891.79,yes,no,no,telephone,nov,12,637,20,7,unknown,-1,no
1363,services,single,unknown,48,102.78,no,yes,no,unknown,dec,2,352,2,5,success,-1,no
1364,technician,married,secondary,41,32156.17,yes,no,yes,cellular,oct,27,139,8,1,success,68,no
1365,entrepreneur,single,tertiary,89,33389.99,no,yes,no,unknown,oct,4,111,11,2,other,350,no
1366,retired,married,secondary,90,42605.59,no,yes,no,unknown,nov,28,642,8,7,success,334,no
1367,student,divorced,unknown,79,35315.28,no,yes,yes,unknown,oct,15,1506,9,4,other,-1,no
1368,retired,married,tertiary,18,7699.68,yes,yes,no,unknown,dec,16,1919,3,7,unknown,-1,no
1369,retired,divorced,unknown,54,12327.33,yes,yes,yes,telephone,jan,5,1380,1,10,other,-1,no
1370,self-employed,single,primary,86,34944.69,yes,no,no,unknown,mar,18,390,13,10,other,105,no
1371,student,divorced,tertiary,56,18314.32,yes,no,yes,telephone,feb,8,1654,11,9,failure,146,no
1372,technician,single,secondary,63,39521.04,yes,no,yes,unknown,jun,16,1811,2,7,success,-1,no
1373,self-employed,married,unknown,46,30277.36,yes,no,yes,cellular,jun,16,1861,15,0,failure,17,no
1374,services,single,tertiary,69,47323.11,no,yes,yes,telephone,aug,2,1146,19,0,success,-1,no
1375,admin.,married,primary,77,19506.25,yes,no,yes,telephone,apr,16,198,1,1,success,-1,no
1376,housemaid,married,primary,67,-807.3,yes,no,no,telephone,dec,21,1381,13,5,failure,259,no
1377,housemaid,married,primary,25,46789.7,no,no,no,telephone,sep,5,1550,14,6,other,163,no
1378,retired,divorced,tertiary,56,1520.18,yes,yes,yes,telephone,may,16,981,4,3,success,4,no
1379,blue-collar,married,unknown,80,45333.03,yes,no,yes,telephone,dec,19,1427,9,4,unknown,-1,no
1380,housemaid,married,secondary,92,30203.47,no,no,no,unknown,jul,13,1850,17,7,other,-1,no
1381,services,divorced,primary,91,22789.97,no,no,no,unknown,sep,6,1344,6,8,success,-1,no
1382,management,married,tertiary,29,-1856.04,yes,no,yes,cellular,sep,2,1769,8,2,failure,164,no
1383,admin.,divorced,secondary,41,18572.64,yes,no,yes,unknown,aug,17,1716,19,5,failure,-1,no
1384,blue-collar,divorced,unknown,67,22925.12,yes,no,yes,unknown,feb,10,1229,9,9,failure,271,no
1385,retired,divorced,unknown,86,-106.79,yes,yes,no,telephone,nov,19,217,13,4,unknown,119,no
1386,unknown,single,unknown,93,36172.86,no,no,yes,cellular,jun,17,1477,5,0,success,193,no
1387,unknown,single,unknown,74,11806.01,no,no,no,cellular,jun,13,307,3,7,unknown,-1,yes
1388,technician,single,secondary,22,10365.43,no,no,yes,telephone,dec,1,1339,7,8,success,352,no
1389,unknown,single,secondary,26,22784.2,no,no,no,cellular,dec,7,414,17,8,success,396,no
1390,housemaid,single,primary,31,10332.59,yes,yes,yes,unknown,aug,21,203,20,2,success,-1,no
1391,technician,married,primary,37,2049.59,yes,yes,no,unknown,aug,24,231,10,5,other,-1,no
1392,technician,divorced,tertiary,67,14165.47,no,no,no,cellular,mar,7,258,5,4,unknown,174,no
1393,unknown,married,unknown,77,2315.71,no,yes,yes,telephone,apr,25,265,3,9,success,-1,no
1394,unknown,married,primary,20,20454.37,no,yes,yes,unknown,nov,17,1288,1,10,success,-1,no
1395,unemployed,married,unknown,43,8499.39,no,yes,no,telephone,jul,5,1886,3,1,success,186,no
1396,student,divorced,secondary,80,42457.49,yes,yes,no,telephone,jun,26,1987,10,6,other,-1,no
1397,entrepreneur,married,primary,72,16472.34,no,yes,no,cellular,mar,2,1329,18,7,other,-1,no
1398,admin.,single,primary,59,12536.57,yes,no,no,cellular,may,10,1124,4,8,failure,289,no
1399,management,married,tertiary,84,37416.14,yes,yes,yes,cellular,oct,4,52,12,4,other,-1,no
1400,retired,single,tertiary,67,32409.53,no,no,no,cellular,jan,21,206,4,9,other,-1,no
1401,entrepreneur,divorced,primary,75,-1242.12,no,yes,yes,unknown,sep,12,132,17,2,other,341,no
1402,management,single,tertiary,20,37751.76,yes,no,yes,telephone,dec,24,1512,17,1,unknown,106,no
1403,services,married,unknown,40,-1748.56,no,no,no,cellular,sep,4,1483,10,4,failure,298,no
1404,entrepreneur,divorced,secondary,93,40323.47,yes,no,yes,telephone,jul,8,997,17,0,success,130,no
1405,services,single,unknown,37,40295.02,yes,yes,no,unknown,oct,24,1692,14,3,other,-1,no
1406,housemaid,single,secondary,70,38782.44,yes,no,no,unknown,oct,21,738,13,1,unknown,-1,no
1407,services,divorced,primary,48,44846.92,no,yes,no,unknown,aug,24,597,15,5,other,-1,no
1408,admin.,married,primary,33,7425.57,no,yes,no,telephone,nov,23,233,20,7,success,-1,yes
1409,blue-collar,divorced,secondary,32,31211.18,no,no,no,unknown,jul,20,1076,11,10,other,-1,no
1410,services,divorced,unknown,46,4089.71,yes,no,no,unknown,mar,7,65,11,6,unknown,106,no
1411,retired,married,tertiary,36,11788.46,yes,yes,yes,cellular,jun,1,441,14,7,unknown,12,no
1412,unemployed,single,tertiary,85,7552.61,yes,yes,yes,unknown,feb,21,68,1,1,success,-1,no
1413,management,divorced,unknown,61,8076.61,yes,no,no,telephone,aug,28,1965,2,4,failure,-1,no
1414,student,single,primary,63,46064.68,no,yes,no,telephone,jun,18,870,16,4,other,-1,no
1415,blue-collar,single,unknown,75,8646.75,yes,no,no,telephone,feb,13,1097,8,2,other,185,no
1416,self-employed,divorced,secondary,64,16487.25,yes,yes,no,telephone,aug,2,1193,2,8,success,-1,no
1417,housemaid,married,primary,83,43481.0,yes,yes,yes,cellular,apr,3,1271,13,1,success,-1,yes
1418,unknown,married,primary,91,14759.48,yes,yes,yes,cellular,dec,7,905,8,4,other,-1,no
1419,unknown,divorced,tertiary,94,28652.99,no,yes,no,unknown,nov,25,43,10,6,other,327,yes
1420,unknown,married,tertiary,50,11957.14,yes,no,no,unknown,aug,3,1469,20,2,other,299,no
1421,student,divorced,secondary,70,10093.34,no,yes,no,unknown,apr,27,1660,2,1,failure,-1,yes
1422,entrepreneur,divorced,tertiary,44,7255.88,no,no,no,cellular,nov,16,642,9,7,failure,-1,no
1423,technician,married,primary,86,3474.21,yes,no,no,telephone,nov,23,303,4,7,success,19,no
1424,blue-collar,single,primary,91,33372.53,no,yes,no,unknown,mar,15,1116,5,3,unknown,-1,no
1425,admin.,divorced,unknown,59,-1836.9,yes,yes,no,cellular,feb,2,1854,13,5,unknown,-1,no
1426,technician,married,primary,32,40935.07,yes,no,yes,unknown,apr,17,1242,3,1,unknown,336,no
1427,retired,divorced,secondary,39,20325.21,yes,no,yes,telephone,feb,25,1268,10,9,other,-1,no
1428,student,divorced,secondary,94,40597.89,no,no,yes,cellular,jan,25,1175,16,2,other,3,no
1429,management,divorced,tertiary,33,32680.42,no,no,no,telephone,jul,16,1679,7,5,failure,-1,no
1430,blue-collar,single,secondary,89,35272.92,yes,yes,yes,cellular,mar,20,284,10,2,unknown,331,no
1431,retired,married,secondary,72,30833.24,no,no,no,cellular,aug,8,1591,13,2,unknown,-1,no
1432,admin.,divorced,secondary,82,40302.57,no,no,no,cellular,sep,15,1072,17,4,failure,144,no
1433,management,single,unknown,74,8624.08,no,no,no,cellular,sep,5,1514,14,7,success,361,no
1434,entrepreneur,single,tertiary,58,11209.72,yes,no,no,unknown,may,17,640,3,4,success,28,no
1435,student,divorced,unknown,72,39821.44,yes,yes,yes,unknown,mar,10,1189,5,3,success,209,no
1436,unemployed,single,secondary,64,32000.59,no,no,yes,cellular,jul,24,70,12,0,other,-1,no
1437,self-employed,divorced,tertiary,59,8496.01,yes,yes,no,unknown,jan,27,630,15,9,other,86,no
1438,blue-collar,single,secondary,84,45995.04,no,yes,no,unknown,sep,26,1747,8,2,other,-1,no
1439,management,single,primary,63,19283.61,no,no,no,telephone,jun,22,390,11,3,failure,250,no
1440,blue-collar,married,secondary,54,27980.79,yes,no,no,cellular,jan,5,1076,6,5,other,389,no
1441,unemployed,divorced,primary,29,-781.7,no,no,yes,unknown,jun,7,423,7,7,success,386,no
1442,blue-collar,single,unknown,93,27973.12,no,no,yes,telephone,jan,4,1264,1,7,unknown,-1,no
1443,blue-collar,single,primary,45,22490.62,no,no,no,unknown,aug,18,206,2,8,unknown,-1,no
1444,student,divorced,secondary,31,5754.26,no,yes,yes,unknown,feb,23,809,4,0,other,146,no
1445,retired,divorced,secondary,35,37261.73,no,no,no,cellular,jun,22,20,12,10,unknown,175,no
1446,retired,divorced,primary,61,22531.79,yes,no,yes,cellular,may,19,650,5,10,success,329,no
1447,technician,single,secondary,25,45517.16,yes,no,yes,unknown,apr,18,848,8,7,failure,117,yes
1448,retired,divorced,tertiary,32,296.98,yes,yes,yes,telephone,apr,17,1734,7,6,other,146,no
1449,blue-collar,divorced,tertiary,61,14052.39,no,yes,yes,cellular,nov,20,619,20,0,unknown,-1,no
1450,unemployed,married,unknown,24,47383.3,yes,no,yes,unknown,aug,18,1590,3,9,success,-1,no
1451,entrepreneur,married,secondary,72,28782.25,yes,no,no,telephone,feb,24,668,13,1,unknown,374,no
1452,housemaid,single,secondary,80,13164.35,yes,yes,yes,telephone,aug,2,601,6,0,unknown,-1,no
1453,admin.,divorced,secondary,29,44663.35,no,yes,no,telephone,sep,22,1288,9,3,unknown,285,no
1454,management,divorced,tertiary,69,36318.03,yes,yes,yes,unknown,nov,9,989,10,5,other,-1,no
1455,services,married,unknown,81,-1622.29,yes,no,yes,unknown,jul,12,411,7,3,failure,-1,no
1456,services,married,primary,54,41899.48,yes,no,yes,cellular,aug,28,476,5,2,other,-1,no
1457,blue-collar,single,tertiary,39,46719.41,no,yes,no,unknown,may,15,1289,4,0,other,137,no
1458,unknown,married,tertiary,21,20834.97,no,yes,yes,cellular,oct,15,236,17,4,failure,-1,no
1459,student,single,tertiary,93,40844.24,yes,yes,no,unknown,jun,26,966,13,2,other,-1,no
1460,housemaid,married,unknown,84,19163.54,no,yes,no,unknown,may,18,973,14,10,failure,100,no
1461,unknown,divorced,tertiary,87,31175.06,yes,yes,no,telephone,may,7,1695,15,7,failure,59,no
1462,management,divorced,primary,71,46303.83,no,yes,no,unknown,oct,3,1465,4,6,unknown,35,no
1463,student,married,secondary,39,16053.74,yes,yes,no,telephone,jan,2,1812,7,7,unknown,-1,no
1464,technician,single,primary,93,13817.76,yes,no,no,cellular,jul,21,342,1,0,unknown,347,no
1465,retired,divorced,tertiary,50,36361.73,no,yes,no,telephone,mar,1,740,13,1,success,158,no
1466,retired,married,primary,62,22174.31,no,no,no,cellular,jul,25,322,2,6,unknown,-1,no
1467,student,single,tertiary,49,13934.92,no,no,no,cellular,oct,10,1449,5,3,other,49,no
1468,entrepreneur,divorced,unknown,39,29112.12,no,no,no,cellular,sep,12,1970,1,8,unknown,145,no
1469,retired,divorced,secondary,67,49254.28,no,no,yes,cellular,jul,3,848,19,3,other,-1,no
1470,technician,divorced,secondary,41,2771.61,yes,yes,no,telephone,jan,3,1450,14,1,unknown,-1,no
1471,services,divorced,tertiary,59,38129.09,no,no,no,cellular,jun,4,1202,11,10,failure,-1,no
1472,services,married,primary,18,24867.5,yes,yes,no,telephone,sep,24,1964,15,0,success,106,no
1473,services,divorced,primary,21,45405.98,yes,yes,yes,telephone,apr,4,76,18,6,success,-1,yes
1474,management,divorced,secondary,42,47431.56,yes,yes,no,cellular,oct,14,1089,1,10,unknown,318,yes
1475,technician,divorced,primary,23,23059.19,yes,yes,yes,telephone,sep,27,659,13,1,failure,-1,no
1476,entrepreneur,divorced,secondary,51,3360.22,no,no,yes,cellular,jan,8,1807,11,2,success,122,no
1477,unknown,married,primary,25,15880.75,no,no,no,cellular,jan,14,1679,9,9,success,-1,no
1478,unknown,married,primary,49,46834.12,yes,no,no,telephone,may,22,322,12,10,failure,19,no
1479,blue-collar,single,unknown,45,4060.97,no,no,no,cellular,aug,28,919,13,7,success,318,no
1480,management,single,primary,89,15884.17,yes,yes,no,telephone,oct,4,1026,9,6,unknown,221,no
1481,technician,single,primary,44,-71.92,yes,no,yes,unknown,jan,11,721,2,6,failure,-1,no
1482,unemployed,single,primary,66,39528.27,yes,yes,yes,cellular,mar,14,1279,17,5,success,110,no
1483,housemaid,divorced,unknown,18,16470.2,no,no,yes,cellular,nov,18,1669,15,7,other,70,no
1484,blue-collar,married,unknown,90,23913.77,no,yes,yes,unknown,nov,3,1520,19,8,success,354,no
1485,housemaid,single,tertiary,83,14175.51,yes,no,yes,telephone,may,23,1963,18,0,failure,147,yes
1486,admin.,divorced,primary,75,12975.72,yes,yes,yes,unknown,feb,20,316,11,3,other,-1,no
1487,retired,married,tertiary,47,9433.27,no,yes,no,cellular,aug,23,284,3,4,failure,-1,no
1488,entrepreneur,married,tertiary,47,43774.54,yes,no,no,cellular,may,22,1304,9,0,success,157,no
1489,unemployed,single,secondary,71,32712.35,no,yes,yes,telephone,jun,12,1615,13,9,success,-1,yes
1490,housemaid,divorced,primary,59,19315.12,yes,yes,no,unknown,nov,28,1022,15,2,failure,345,no
1491,blue-collar,divorced,primary,28,44983.62,no,yes,yes,telephone,jun,10,1183,3,2,failure,-1,no
1492,technician,married,tertiary,70,24717.48,yes,yes,yes,telephone,dec,28,390,18,4,success,186,no
1493,blue-collar,married,primary,65,27720.38,yes,no,yes,cellular,nov,7,504,10,5,other,109,no
1494,blue-collar,divorced,primary,70,15075.94,no,no,no,telephone,dec,24,1117,5,1,unknown,-1,no
1495,retired,divorced,unknown,83,17402.5,no,yes,yes,unknown,sep,5,367,3,5,failure,308,no
1496,technician,divorced,tertiary,78,12155.33,no,yes,yes,unknown,aug,3,1493,18,9,unknown,-1,no
1497,self-employed,divorced,unknown,50,2271.13,no,no,no,cellular,feb,20,619,14,3,failure,268,no
1498,self-employed,divorced,primary,26,28926.62,yes,no,no,unknown,aug,6,861,18,3,success,-1,no
1499,retired,single,primary,56,33257.74,no,yes,no,unknown,may,18,1630,13,8,unknown,155,no
1500,blue-collar,single,primary,77,42146.21,no,yes,no,cellular,may,17,842,9,2,success,-1,no
1501,admin.,single,secondary,87,15189.59,yes,yes,no,telephone,nov,20,1537,9,8,success,119,no
1502,technician,divorced,unknown,85,23481.4,no,yes,yes,cellular,apr,2,1170,15,4,failure,166,no
1503,admin.,married,primary,74,29550.37,no,no,yes,unknown,oct,14,1594,17,2,unknown,-1,no
1504,unemployed,married,unknown,77,14339.82,no,yes,yes,unknown,sep,28,1418,11,1,unknown,-1,no
1505,services,single,primary,21,44890.91,no,no,yes,cellular,sep,14,1828,19,7,other,-1,no
1506,services,single,secondary,65,12544.32,yes,yes,yes,unknown,may,12,287,12,7,success,148,no
1507,unemployed,married,primary,34,40343.52,yes,yes,yes,telephone,jul,28,1792,4,1,failure,100,no
1508,admin.,single,tertiary,63,15962.82,yes,yes,no,telephone,apr,22,72,3,4,success,-1,no
1509,unemployed,married,tertiary,59,16077.28,no,yes,no,unknown,jan,8,536,18,10,unknown,294,no
1510,blue-collar,married,tertiary,72,28816.42,yes,yes,yes,unknown,jul,18,1385,6,7,success,258,no
1511,admin.,married,primary,57,22876.23,no,no,yes,cellular,jun,24,964,10,1,unknown,-1,no
1512,admin.,single,unknown,58,710.0,no,yes,yes,unknown,jan,9,1230,2,1,other,-1,no
1513,unknown,single,unknown,20,49526.78,no,no,yes,telephone,nov,11,1748,19,2,unknown,58,no
1514,student,single,tertiary,37,22955.09,no,yes,yes,cellular,jan,17,1169,8,3,unknown,29,no
1515,unknown,divorced,secondary,85,25527.35,yes,no,no,cellular,jul,13,374,3,2,unknown,-1,no
1516,student,married,tertiary,67,45527.86,yes,no,no,unknown,feb,7,293,5,9,other,-1,no
1517,housemaid,married,secondary,42,23921.08,yes,yes,yes,telephone,jan,21,1513,2,8,failure,291,no
1518,housemaid,divorced,unknown,71,3969.21,no,no,no,cellular,sep,10,1028,13,4,success,188,no
1519,blue-collar,single,tertiary,74,46659.55,no,yes,yes,telephone,oct,11,517,14,6,success,-1,no
1520,housemaid,married,secondary,40,8618.63,no,no,no,telephone,sep,14,525,14,5,unknown,302,no
1521,retired,married,primary,49,14104.89,yes,no,no,unknown,jun,19,1620,15,8,other,-1,yes
1522,management,single,tertiary,54,38602.07,yes,yes,yes,cellular,may,8,1479,18,2,unknown,327,no
1523,technician,divorced,tertiary,32,13405.46,yes,no,yes,telephone,sep,16,1172,9,2,success,31,no
1524,admin.,single,primary,37,37106.76,yes,yes,no,cellular,jun,4,299,15,5,failure,211,yes
1525,services,married,unknown,42,40232.66,no,no,yes,telephone,jul,27,1628,8,6,failure,-1,no
1526,unknown,divorced,secondary,49,21732.85,no,yes,no,cellular,apr,18,698,13,5,other,101,no
1527,housemaid,divorced,primary,86,24142.23,no,yes,no,unknown,jun,6,897,18,5,unknown,223,no
1528,retired,single,unknown,18,11821.95,no,yes,yes,cellular,may,11,976,6,10,success,354,no
1529,admin.,divorced,unknown,65,16015.1,no,no,no,telephone,oct,20,1468,9,4,success,251,yes
1530,entrepreneur,married,secondary,52,49027.39,no,yes,yes,unknown,sep,23,7,14,8,other,-1,no
1531,retired,divorced,secondary,68,9091.61,yes,yes,yes,unknown,jan,20,1170,8,5,unknown,70,no
1532,self-employed,married,tertiary,52,8965.03,yes,yes,yes,telephone,jun,8,1792,4,7,success,312,no
1533,admin.,married,tertiary,44,48120.89,no,no,no,cellular,jun,1,1535,17,9,unknown,191,no
1534,technician,single,unknown,93,49360.0,no,yes,no,telephone,may,12,975,8,6,success,-1,no
1535,housemaid,single,tertiary,79,37720.84,yes,yes,yes,unknown,jul,26,1968,5,1,other,284,no
1536,retired,divorced,tertiary,41,27108.84,yes,no,no,telephone,dec,6,1309,16,9,failure,235,no
1537,self-employed,divorced,tertiary,29,39067.29,yes,yes,yes,unknown,sep,19,928,3,6,failure,399,no
1538,unemployed,single,primary,72,-369.83,yes,no,yes,telephone,jul,4,1474,19,3,unknown,-1,no
1539,unemployed,divorced,unknown,78,20747.81,yes,no,yes,telephone,may,27,1112,7,10,unknown,277,no
1540,admin.,single,secondary,18,35351.79,no,yes,yes,telephone,jun,12,1065,10,1,success,-1,no
1541,blue-collar,divorced,secondary,66,37613.23,yes,no,yes,cellular,jun,18,1208,6,4,success,-1,no
1542,technician,single,primary,36,38610.91,no,yes,yes,telephone,may,6,958,11,4,success,-1,no
1543,technician,divorced,secondary,77,4288.56,yes,no,yes,unknown,oct,7,113,20,0,success,-1,no
1544,management,single,primary,87,5220.05,yes,yes,no,cellular,feb,27,50,11,7,unknown,60,no
1545,unknown,single,primary,25,4690.88,yes,yes,no,unknown,sep,27,966,16,0,success,-1,no
1546,self-employed,married,tertiary,49,49024.7,yes,no,no,unknown,aug,11,1246,7,10,success,255,no
1547,blue-collar,single,secondary,91,12010.58,no,yes,no,cellular,mar,7,1774,3,1,other,212,no
1548,housemaid,single,primary,81,39859.86,no,yes,yes,telephone,aug,2,899,2,5,failure,326,no
1549,self-employed,single,unknown,43,-976.76,no,yes,yes,cellular,mar,21,1078,11,9,other,256,no
1550,self-employed,single,primary,56,6496.41,yes,yes,yes,telephone,nov,3,377,7,2,unknown,-1,no
1551,retired,single,secondary,50,42646.96,yes,no,no,telephone,mar,14,427,19,3,success,-1,no
1552,unknown,divorced,tertiary,73,46812.95,no,yes,yes,unknown,dec,28,1512,16,2,unknown,127,no
1553,admin.,married,unknown,41,48769.97,no,no,no,unknown,nov,13,92,4,1,unknown,-1,no
1554,blue-collar,single,primary,34,28598.56,yes,yes,yes,cellular,may,20,108,1,1,failure,192,no
1555,student,single,tertiary,52,10911.61,yes,yes,yes,unknown,mar,27,433,5,5,unknown,107,no
1556,student,single,primary,58,25323.21,no,yes,yes,unknown,apr,4,1605,4,2,unknown,180,no
1557,retired,married,tertiary,51,-1844.49,yes,yes,yes,telephone,oct,24,992,15,10,unknown,131,no
1558,technician,married,unknown,35,7794.36,yes,no,no,telephone,aug,19,1281,7,5,unknown,299,no
1559,unknown,married,primary,32,17325.26,no,no,no,telephone,sep,13,211,4,9,failure,-1,no
1560,technician,single,tertiary,87,40831.41,no,no,no,unknown,feb,5,1465,12,8,unknown,-1,no
1561,self-employed,divorced,tertiary,19,2875.67,no,no,no,unknown,may,25,932,9,5,other,230,no
1562,unemployed,divorced,tertiary,52,8044.81,no,yes,no,telephone,mar,7,298,19,2,other,222,no
1563,technician,single,unknown,50,25473.3,no,yes,no,cellular,aug,7,1471,19,1,success,233,no
1564,student,single,secondary,53,46651.78,yes,yes,yes,unknown,aug,18,1052,19,7,other,-1,no
1565,technician,divorced,unknown,22,28465.01,no,no,yes,unknown,jan,21,392,17,4,success,41,no
1566,unknown,married,secondary,53,48097.29,yes,no,no,unknown,jun,13,1029,17,9,other,-1,no
1567,unknown,single,secondary,86,11895.83,no,no,no,cellular,jul,24,1900,5,1,success,357,no
1568,retired,married,tertiary,80,37388.49,no,yes,yes,telephone,apr,28,29,9,1,failure,359,no
1569,unknown,divorced,secondary,61,24258.01,no,yes,yes,cellular,feb,25,339,1,4,unknown,248,yes
1570,unemployed,single,tertiary,82,20806.81,yes,yes,yes,cellular,apr,26,990,15,4,unknown,381,no
1571,management,divorced,secondary,42,22296.44,no,yes,no,telephone,sep,10,45,6,3,other,391,no
1572,student,single,tertiary,72,3210.13,yes,no,no,telephone,jun,22,1062,10,6,unknown,381,no
1573,services,divorced,unknown,49,1639.62,yes,no,yes,cellular,jan,2,1473,1,4,other,70,no
1574,housemaid,divorced,primary,36,40876.89,yes,yes,no,telephone,feb,17,582,10,7,other,-1,no
1575,entrepreneur,single,unknown,40,26148.05,no,yes,yes,unknown,sep,24,1026,20,0,other,-1,no
1576,technician,divorced,tertiary,79,26437.58,yes,yes,yes,telephone,jan,12,1615,20,0,failure,354,no
1577,unknown,divorced,primary,81,25011.53,yes,no,yes,unknown,mar,25,613,1,5,unknown,342,no
1578,unknown,single,tertiary,29,47706.28,no,yes,yes,cellular,jan,6,1570,7,1,unknown,139,no
1579,housemaid,single,unknown,32,3079.67,yes,no,yes,unknown,dec,8,1310,9,0,unknown,-1,no
1580,housemaid,married,secondary,73,30482.33,no,yes,no,unknown,jan,23,42,20,4,success,275,no
1581,housemaid,divorced,tertiary,54,30444.29,no,no,yes,unknown,oct,25,819,4,7,unknown,187,no
1582,services,married,tertiary,72,4707.98,yes,yes,no,unknown,jul,22,106,8,6,failure,389,yes
1583,housemaid,divorced,secondary,36,45706.65,no,no,yes,unknown,sep,22,1711,7,2,other,-1,no
1584,unemployed,divorced,tertiary,25,34518.97,no,no,no,telephone,nov,14,1984,19,7,success,-1,no
1585,admin.,divorced,unknown,93,26584.48,no,no,no,cellular,sep,13,245,9,6,failure,270,no
1586,student,single,unknown,56,19159.02,yes,no,yes,cellular,feb,10,1888,6,6,success,-1,no
1587,self-employed,divorced,primary,21,29614.71,no,no,no,cellular,feb,15,526,16,7,success,396,no
1588,management,single,unknown,45,42867.03,no,yes,yes,unknown,dec,8,596,17,4,success,385,no
1589,housemaid,single,secondary,57,46193.82,yes,no,yes,unknown,may,10,881,18,10,unknown,57,no
1590,management,married,secondary,59,10567.41,no,yes,no,unknown,jul,7,413,1,0,other,-1,no
1591,services,divorced,secondary,62,18405.47,no,yes,yes,cellular,jun,18,1210,12,0,failure,-1,no
1592,admin.,single,tertiary,58,37916.81,yes,no,yes,unknown,may,15,246,10,10,unknown,-1,no
1593,services,divorced,secondary,33,12810.46,no,yes,no,unknown,sep,5,354,19,4,unknown,-1,no
1594,housemaid,single,primary,18,7931.63,no,yes,no,cellular,jul,15,839,8,10,success,-1,no
1595,services,married,secondary,18,-1595.12,yes,no,yes,telephone,jun,21,614,3,4,other,125,no
1596,self-employed,single,secondary,80,31512.31,no,no,no,telephone,jun,16,440,5,1,success,-1,no
1597,technician,divorced,unknown,76,21080.66,yes,yes,no,telephone,jun,9,371,15,4,success,269,no
1598,student,married,tertiary,69,49551.18,no,no,no,cellular,oct,15,969,13,6,other,146,no
1599,management,single,tertiary,62,44163.63,yes,yes,yes,telephone,sep,9,1544,20,0,unknown,105,no
1600,entrepreneur,divorced,tertiary,72,16867.0,yes,no,no,unknown,mar,28,66,1,0,other,-1,no
1601,self-employed,single,tertiary,22,32231.7,no,no,yes,unknown,nov,24,1054,20,3,success,133,no
1602,blue-collar,divorced,unknown,43,3927.91,yes,no,yes,unknown,nov,8,42,13,5,unknown,161,no
1603,services,married,tertiary,64,48504.19,no,no,yes,unknown,dec,12,1234,18,4,failure,130,no
1604,housemaid,divorced,secondary,72,24844.1,yes,yes,yes,cellular,feb,7,430,18,9,other,92,no
1605,unemployed,married,secondary,64,27673.69,no,yes,no,cellular,mar,15,1316,19,0,unknown,394,no
1606,entrepreneur,divorced,primary,26,39111.0,no,no,yes,telephone,aug,26,80,19,0,other,-1,no
1607,unknown,divorced,tertiary,29,29569.75,yes,no,no,cellular,apr,11,91,16,0,unknown,343,no
1608,student,married,tertiary,59,41410.27,yes,yes,yes,telephone,aug,21,175,10,0,failure,121,no
1609,technician,divorced,tertiary,51,18454.15,no,no,yes,telephone,apr,28,694,11,1,failure,87,no
1610,blue-collar,single,unknown,90,2898.64,yes,yes,yes,cellular,dec,6,1054,1,2,other,189,no
1611,student,single,unknown,35,17929.45,no,yes,yes,unknown,feb,18,1787,10,0,success,191,no
1612,services,single,primary,40,1116.09,no,no,yes,cellular,jul,25,52,9,8,unknown,308,no
1613,unknown,married,unknown,64,27879.41,no,no,no,unknown,aug,26,1383,3,0,success,-1,no
1614,self-employed,married,unknown,42,11595.6,yes,yes,no,unknown,nov,16,20,15,6,success,300,no
1615,self-employed,divorced,secondary,50,27579.95,yes,yes,no,telephone,nov,10,1111,17,3,unknown,273,no
1616,housemaid,single,unknown,72,48956.57,no,yes,yes,telephone,apr,25,918,16,4,failure,-1,no
1617,services,married,secondary,65,5570.98,no,yes,yes,telephone,sep,27,889,6,8,unknown,45,no
1618,unknown,married,tertiary,80,47428.25,no,no,no,unknown,oct,1,1865,1,9,failure,115,no
1619,unemployed,single,unknown,70,43795.81,no,no,yes,cellular,sep,10,1382,9,3,failure,41,no
1620,entrepreneur,married,tertiary,68,34883.97,no,no,yes,unknown,jan,16,326,12,3,failure,-1,no
1621,services,single,tertiary,85,24661.02,yes,yes,yes,unknown,oct,21,1353,19,5,other,-1,no
1622,blue-collar,married,secondary,31,-1916.96,yes,no,yes,unknown,jul,16,1265,17,1,failure,-1,no
1623,student,married,secondary,75,10241.93,yes,no,yes,cellular,feb,12,1459,1,6,other,-1,no
1624,management,married,unknown,77,18762.27,no,no,no,unknown,dec,10,45,19,5,failure,155,no
1625,management,married,primary,94,27516.03,yes,yes,no,cellular,sep,12,1448,3,1,success,-1,yes
1626,services,divorced,secondary,21,37271.44,no,no,yes,telephone,aug,16,1105,15,9,other,-1,no
1627,housemaid,married,primary,61,27666.99,yes,yes,yes,telephone,jun,19,699,16,3,failure,-1,yes
1628,admin.,married,unknown,75,-396.3,yes,yes,no,unknown,sep,27,190,16,10,unknown,230,no
1629,technician,married,tertiary,53,33915.29,no,yes,no,telephone,jun,19,1452,20,4,unknown,33,yes
1630,admin.,divorced,primary,69,34791.43,yes,no,no,cellular,jun,26,1316,5,0,success,-1,no
1631,blue-collar,divorced,secondary,48,26919.97,yes,no,no,unknown,feb,20,584,4,0,unknown,51,no
1632,unknown,single,tertiary,58,-39.98,no,yes,yes,cellular,jan,25,536,14,10,other,97,no
1633,unknown,married,secondary,44,47141.07,no,yes,no,cellular,oct,11,302,7,3,other,-1,no
1634,admin.,married,secondary,90,34596.97,no,yes,no,telephone,mar,13,1487,7,2,success,-1,no
1635,retired,married,primary,47,19069.98,yes,no,yes,telephone,oct,4,600,12,8,failure,-1,yes
1636,blue-collar,single,primary,90,9412.31,yes,yes,no,cellular,jun,20,764,20,10,other,174,no
1637,management,single,secondary,87,37088.88,yes,no,no,telephone,feb,15,1118,2,6,success,66,no
1638,unknown,divorced,secondary,26,33537.41,yes,no,yes,cellular,aug,2,1965,5,7,success,95,no
1639,blue-collar,married,unknown,22,17094.88,no,no,no,unknown,mar,9,835,8,5,success,174,yes
1640,entrepreneur,divorced,secondary,38,2450.3,yes,yes,no,unknown,feb,7,799,13,1,unknown,-1,no
1641,student,divorced,secondary,32,47802.13,no,no,no,cellular,jun,2,1219,16,4,other,-1,no
1642,housemaid,married,tertiary,76,36071.88,yes,no,yes,unknown,jun,24,1987,6,7,other,72,no
1643,entrepreneur,divorced,primary,33,31348.19,no,no,yes,unknown,mar,10,1640,5,10,success,337,no
1644,unknown,divorced,primary,28,19918.4,yes,yes,yes,telephone,may,10,1565,5,7,success,-1,no
1645,services,divorced,primary,71,25318.63,no,no,no,telephone,feb,4,619,20,4,success,-1,yes
1646,technician,divorced,tertiary,69,26395.78,yes,no,yes,unknown,sep,1,1394,12,9,success,145,no
1647,blue-collar,married,tertiary,66,38178.39,yes,yes,yes,cellular,feb,22,152,9,5,other,71,no
1648,student,divorced,primary,43,47566.54,yes,yes,no,unknown,sep,15,1934,19,4,unknown,392,no
1649,unknown,divorced,primary,67,21568.32,no,no,yes,telephone,sep,21,457,15,10,success,-1,no
1650,management,married,tertiary,40,18463.69,no,no,no,telephone,may,5,1885,12,7,unknown,333,no
1651,self-employed,married,unknown,84,18879.49,yes,yes,yes,telephone,dec,10,1784,16,7,failure,148,no
1652,retired,single,tertiary,38,30156.52,yes,yes,yes,telephone,oct,15,743,2,0,success,72,no
1653,management,divorced,tertiary,61,46429.28,no,yes,no,telephone,mar,17,504,2,9,other,-1,no
1654,retired,married,secondary,47,41185.07,no,yes,yes,cellular,jul,5,1833,18,0,other,23,yes
1655,entrepreneur,married,unknown,44,40808.51,no,no,yes,cellular,jan,24,785,10,4,failure,-1,no
1656,retired,divorced,primary,68,22810.55,no,no,yes,cellular,feb,22,511,20,5,failure,320,no
1657,unknown,divorced,secondary,30,36675.82,yes,yes,no,cellular,jun,21,643,9,2,unknown,-1,no
1658,services,married,tertiary,86,44991.27,no,yes,no,telephone,feb,6,630,19,10,success,261,no
1659,self-employed,divorced,primary,76,18036.26,no,yes,yes,cellular,dec,27,592,19,10,unknown,-1,no
1660,unemployed,married,secondary,43,792.37,yes,no,no,unknown,mar,2,1369,8,6,failure,236,no
1661,housemaid,divorced,tertiary,22,7691.48,yes,yes,no,unknown,may,5,1938,12,4,failure,-1,no
1662,entrepreneur,single,tertiary,44,19251.19,no,no,no,cellular,dec,15,1798,1,3,success,-1,yes
1663,admin.,divorced,secondary,75,18069.6,no,no,yes,cellular,dec,22,322,4,9,other,102,no
1664,student,married,tertiary,54,34086.77,yes,yes,no,unknown,mar,13,1945,7,6,other,-1,yes
1665,entrepreneur,single,primary,23,47097.5,no,yes,yes,telephone,may,28,1731,18,2,unknown,1,no
1666,retired,married,tertiary,50,16163.32,no,yes,yes,telephone,feb,2,737,18,7,unknown,-1,no
1667,management,married,unknown,18,39722.51,no,no,no,cellular,dec,24,1910,19,8,failure,392,no
1668,unknown,divorced,primary,90,39998.41,no,yes,no,cellular,may,26,131,8,0,success,96,no
1669,services,single,unknown,20,13615.63,no,yes,yes,telephone,nov,19,1610,16,7,failure,184,no
1670,unemployed,married,unknown,53,32957.51,no,no,no,cellular,oct,16,957,8,8,other,-1,no
1671,student,divorced,unknown,65,31330.87,no,no,no,telephone,jan,27,1219,6,4,success,242,no
1672,housemaid,married,primary,64,49213.67,no,no,no,telephone,apr,14,437,2,10,unknown,-1,no
1673,unknown,divorced,secondary,49,36063.3,no,yes,yes,unknown,jan,7,564,8,10,other,307,no
1674,technician,single,unknown,85,20381.78,no,yes,yes,cellular,apr,25,1340,17,1,success,-1,no
1675,unknown,married,tertiary,23,27156.39,yes,yes,yes,unknown,sep,8,728,13,10,success,-1,yes
1676,technician,single,unknown,25,46049.99,no,no,yes,unknown,jun,5,1763,18,8,other,-1,no
1677,retired,married,primary,76,17131.46,yes,yes,yes,unknown,mar,1,216,17,6,other,285,no
1678,admin.,divorced,secondary,69,48097.36,no,no,no,unknown,apr,24,829,1,7,unknown,-1,no
1679,self-employed,married,secondary,25,36678.01,no,yes,no,cellular,jul,14,226,15,5,other,-1,yes
1680,unemployed,married,unknown,40,29047.29,yes,yes,yes,unknown,sep,1,701,8,3,other,-1,yes
1681,unemployed,married,primary,91,11976.59,no,no,no,telephone,sep,18,1181,9,3,success,-1,no
1682,unknown,single,tertiary,20,23310.1,no,no,yes,cellular,nov,23,1556,5,0,unknown,84,no
1683,technician,single,unknown,29,46414.06,no,yes,yes,unknown,oct,24,1694,13,10,unknown,154,no
1684,unknown,divorced,primary,69,35335.55,yes,yes,yes,cellular,nov,12,1580,15,1,unknown,389,yes
1685,entrepreneur,divorced,unknown,91,47183.1,no,yes,yes,cellular,mar,25,356,16,4,failure,345,no
1686,entrepreneur,divorced,primary,70,30631.69,yes,no,no,unknown,jun,20,662,15,3,unknown,-1,no
1687,student,married,unknown,47,3868.16,yes,no,no,unknown,may,14,1879,6,2,success,-1,no
1688,unemployed,married,primary,37,34689.57,no,yes,no,telephone,oct,21,1679,14,0,failure,199,no
1689,retired,divorced,tertiary,59,29040.12,yes,no,yes,telephone,jan,7,1885,7,0,failure,146,no
1690,retired,single,secondary,57,4523.63,yes,no,yes,unknown,dec,15,1189,6,9,unknown,104,no
1691,self-employed,single,secondary,46,15059.07,no,no,no,telephone,aug,2,1780,12,7,other,-1,no
1692,entrepreneur,single,unknown,44,35064.76,yes,no,no,telephone,nov,7,920,8,3,success,13,no
1693,unknown,divorced,primary,58,2140.36,yes,no,yes,telephone,dec,24,1974,10,6,failure,136,no
1694,management,married,primary,70,30093.12,yes,no,no,telephone,sep,2,169,1,6,other,268,no
1695,admin.,divorced,primary,53,-877.47,yes,no,yes,telephone,may,17,1917,5,10,unknown,113,no
1696,management,divorced,primary,67,38308.81,yes,yes,yes,cellular,aug,17,190,13,2,other,-1,no
1697,technician,single,secondary,88,24213.24,yes,yes,no,telephone,jan,2,866,20,0,other,111,yes
1698,entrepreneur,single,tertiary,75,14958.94,no,yes,yes,cellular,jun,4,1663,9,1,other,-1,no
1699,management,divorced,tertiary,62,15710.89,yes,yes,yes,unknown,may,13,1510,18,5,success,380,no
1700,management,divorced,tertiary,61,-1382.94,yes,yes,yes,telephone,may,11,1945,6,0,failure,291,no
1701,services,married,primary,62,14413.69,yes,yes,yes,cellular,may,15,491,13,1,failure,68,no
1702,self-employed,single,tertiary,66,38025.03,no,yes,yes,telephone,aug,11,871,11,9,failure,-1,no
1703,student,divorced,unknown,95,38902.63,no,no,no,cellular,may,14,596,2,4,other,125,no
1704,entrepreneur,single,secondary,95,834.38,no,yes,yes,telephone,oct,28,254,19,4,failure,90,no
1705,management,single,primary,91,24932.4,no,yes,yes,unknown,apr,7,1400,5,0,unknown,49,yes
1706,entrepreneur,single,primary,82,14935.55,no,no,yes,unknown,oct,20,700,8,4,other,105,no
1707,admin.,single,secondary,25,16570.23,no,yes,yes,telephone,jan,23,903,1,3,failure,24,no
1708,student,single,primary,44,-1795.33,yes,yes,no,telephone,feb,14,982,11,9,unknown,356,no
1709,student,married,secondary,44,49906.97,no,yes,no,unknown,mar,28,192,20,10,failure,-1,no
1710,blue-collar,married,unknown,88,3984.54,no,yes,no,telephone,oct,12,1143,17,2,other,30,no
1711,entrepreneur,divorced,tertiary,18,13615.89,yes,yes,no,cellular,dec,24,381,9,9,unknown,387,no
1712,student,divorced,tertiary,69,5641.48,yes,yes,no,telephone,sep,8,971,19,10,unknown,304,no
1713,unemployed,single,tertiary,40,29445.29,no,yes,no,telephone,may,22,351,11,6,success,-1,no
1714,services,married,unknown,82,8566.31,yes,no,no,cellular,mar,3,1258,3,0,failure,277,no
1715,unemployed,married,unknown,63,42370.28,yes,no,no,telephone,may,26,632,5,6,unknown,356,no
1716,services,single,primary,43,48448.33,yes,no,yes,cellular,oct,26,365,11,5,success,132,no
1717,services,divorced,primary,37,13290.07,yes,yes,no,telephone,oct,22,482,6,4,unknown,147,no
1718,retired,divorced,primary,71,31199.46,yes,no,no,unknown,jun,8,94,19,4,failure,40,no
1719,self-employed,single,tertiary,48,15846.29,no,no,yes,unknown,jul,1,1496,13,10,other,-1,no
1720,student,single,unknown,37,25101.43,yes,no,yes,cellular,apr,18,1258,3,2,success,238,no
1721,management,married,primary,64,18179.92,yes,no,no,cellular,aug,16,1203,14,0,success,26,no
1722,management,divorced,tertiary,65,49571.3,yes,no,yes,cellular,oct,2,1928,18,0,unknown,-1,yes
1723,student,single,primary,29,2930.03,yes,yes,no,telephone,nov,13,426,4,6,success,372,no
1724,blue-collar,single,primary,22,30576.25,yes,no,no,cellular,jan,13,1948,16,0,unknown,173,no
1725,entrepreneur,single,secondary,59,40604.36,no,no,yes,telephone,mar,4,211,15,1,success,319,no
1726,retired,single,unknown,81,11480.42,yes,no,no,telephone,mar,9,959,2,8,failure,-1,no
1727,services,married,unknown,46,8505.94,yes,yes,no,cellular,dec,14,1957,10,7,other,-1,no
1728,management,married,unknown,73,19007.63,no,yes,yes,telephone,aug,8,559,16,4,success,-1,no
1729,student,divorced,tertiary,19,-1894.47,no,no,no,telephone,may,3,1506,20,3,unknown,-1,no
1730,blue-collar,single,unknown,55,46990.74,no,yes,yes,cellular,mar,14,154,7,5,success,14,no
1731,self-employed,single,secondary,63,45492.56,no,yes,yes,unknown,jan,8,528,13,3,success,-1,no
1732,self-employed,divorced,unknown,51,19980.62,no,yes,no,cellular,oct,23,1707,13,7,success,-1,no
1733,services,married,primary,51,8615.91,yes,yes,yes,telephone,jan,14,249,16,7,unknown,228,no
1734,retired,divorced,unknown,92,44527.95,yes,yes,yes,telephone,nov,1,1160,8,3,success,59,no
1735,housemaid,married,secondary,22,28393.53,yes,yes,no,unknown,apr,17,1319,14,10,failure,-1,no
1736,self-employed,married,tertiary,73,25754.5,yes,yes,yes,telephone,mar,13,1238,4,1,other,-1,no
1737,admin.,married,tertiary,90,5070.68,no,no,no,cellular,sep,19,1409,14,0,failure,1,no
1738,management,married,secondary,63,12702.08,yes,no,yes,cellular,may,9,1647,18,10,failure,-1,no
1739,blue-collar,divorced,tertiary,89,7020.44,no,no,no,telephone,jan,24,1398,13,10,unknown,190,no
1740,self-employed,single,tertiary,90,40140.51,yes,no,no,unknown,dec,20,1800,16,5,other,241,no
1741,student,married,tertiary,29,27062.01,no,yes,no,telephone,jul,23,1056,8,7,unknown,-1,no
1742,technician,divorced,unknown,89,1254.86,yes,yes,yes,unknown,may,22,1775,13,9,other,-1,no
1743,self-employed,single,primary,23,11483.34,yes,yes,no,cellular,sep,3,1615,16,1,other,167,yes
1744,housemaid,divorced,unknown,45,25124.73,no,yes,yes,cellular,apr,3,1619,18,6,unknown,-1,no
1745,unemployed,single,tertiary,33,20745.47,no,yes,yes,telephone,jun,1,1180,10,5,failure,260,yes
1746,retired,married,unknown,93,-1700.6,no,no,no,telephone,aug,16,1505,20,3,failure,230,no
1747,entrepreneur,married,unknown,27,3087.13,no,yes,no,unknown,apr,21,59,13,3,failure,223,no
1748,self-employed,married,unknown,83,18826.99,yes,yes,yes,telephone,may,23,1142,14,0,success,306,no
1749,management,single,primary,74,714.3,yes,no,no,cellular,jul,28,1622,13,6,success,-1,no
1750,unemployed,married,tertiary,91,-1194.5,no,no,no,telephone,may,13,1006,19,9,success,5,no
1751,unknown,single,unknown,28,-99.86,no,no,yes,telephone,apr,28,205,5,9,unknown,29,no
1752,technician,single,tertiary,57,19350.71,yes,no,no,unknown,oct,23,677,18,5,other,-1,no
1753,management,married,secondary,40,21085.26,yes,yes,no,unknown,oct,23,239,15,2,success,-1,no
1754,self-employed,divorced,tertiary,50,43465.49,yes,no,no,unknown,nov,3,1577,8,4,failure,244,no
1755,self-employed,single,unknown,50,49253.88,no,no,yes,telephone,nov,16,1455,3,5,failure,-1,no
1756,technician,single,tertiary,85,23734.54,yes,no,no,cellular,may,26,1770,15,5,failure,-1,no
1757,unemployed,single,unknown,32,12729.73,no,no,no,cellular,mar,8,1923,19,0,failure,227,no
1758,management,married,unknown,67,-1768.31,yes,yes,yes,cellular,aug,26,1441,20,1,other,187,no
1759,self-employed,married,secondary,81,25349.72,no,no,yes,unknown,oct,7,382,15,9,unknown,-1,no
1760,management,married,tertiary,41,39552.12,no,yes,yes,telephone,feb,14,1817,4,6,success,30,no
1761,blue-collar,divorced,primary,25,10465.64,no,yes,no,cellular,jan,25,777,19,8,unknown,-1,no
1762,management,married,tertiary,49,20213.47,no,no,yes,telephone,jan,1,959,15,9,failure,336,no
1763,retired,divorced,tertiary,55,11196.8,yes,no,no,cellular,oct,10,1745,9,8,success,290,no
1764,student,married,secondary,43,1743.89,no,yes,no,unknown,feb,5,295,3,2,other,-1,no
1765,management,divorced,secondary,44,25721.96,no,yes,no,cellular,nov,24,1800,9,4,success,281,no
1766,entrepreneur,single,secondary,46,35205.1,no,no,yes,cellular,mar,21,281,17,5,success,218,no
1767,technician,divorced,tertiary,76,23054.28,yes,yes,no,cellular,dec,7,440,9,0,unknown,-1,yes
1768,management,married,primary,79,21810.07,no,no,no,unknown,jul,4,1440,5,1,success,234,no
1769,retired,divorced,secondary,43,10177.56,no,no,yes,telephone,jan,6,180,1,10,failure,141,yes
1770,technician,married,primary,46,41586.76,yes,no,no,telephone,feb,4,1487,8,3,success,-1,no
1771,unknown,married,unknown,28,34801.46,no,yes,no,telephone,jun,15,1491,10,2,success,-1,no
1772,unknown,single,unknown,82,4273.96,yes,yes,yes,telephone,feb,23,1175,12,5,other,271,no
1773,blue-collar,single,tertiary,58,37779.52,yes,yes,yes,unknown,may,8,890,14,2,success,-1,no
1774,self-employed,divorced,secondary,35,11090.99,no,no,yes,unknown,sep,17,494,2,4,failure,-1,no
1775,admin.,divorced,primary,50,14820.9,no,yes,yes,telephone,nov,18,635,11,6,unknown,-1,no
1776,unknown,divorced,unknown,90,19319.12,no,no,no,unknown,dec,2,852,11,7,failure,311,no
1777,management,single,unknown,54,39852.04,yes,no,yes,unknown,dec,28,1856,6,4,failure,-1,no
1778,management,divorced,tertiary,44,18628.37,no,no,no,cellular,apr,1,7,4,4,other,86,yes
1779,entrepreneur,married,tertiary,92,9870.67,yes,no,yes,telephone,jul,12,1128,18,9,success,324,no
1780,self-employed,single,unknown,32,-1889.8,no,yes,no,unknown,aug,3,1769,9,0,success,-1,no
1781,blue-collar,married,unknown,42,17799.34,yes,yes,yes,cellular,apr,24,1259,8,6,failure,344,no
1782,blue-collar,divorced,secondary,81,22362.29,yes,yes,yes,cellular,dec,25,1486,14,4,success,-1,no
1783,technician,divorced,primary,43,21467.76,no,no,yes,cellular,feb,24,5,16,2,other,346,yes
1784,self-employed,single,unknown,47,28894.34,yes,no,no,unknown,feb,7,1658,2,2,success,211,no
1785,blue-collar,single,primary,54,29839.7,yes,no,yes,cellular,jun,14,1356,4,6,unknown,400,no
1786,housemaid,married,tertiary,53,34256.77,yes,no,no,unknown,sep,1,1386,4,4,other,-1,no
1787,management,single,secondary,63,43694.75,no,yes,no,telephone,jan,12,1395,8,5,unknown,-1,no
1788,housemaid,divorced,tertiary,31,38132.64,yes,yes,no,unknown,aug,27,1539,3,5,failure,111,no
1789,admin.,married,secondary,87,26256.46,yes,no,no,cellular,feb,14,1522,20,7,unknown,240,no
1790,unknown,divorced,unknown,53,44511.92,yes,yes,yes,telephone,oct,1,415,10,2,success,58,no
1791,self-employed,married,unknown,83,12094.53,no,yes,no,telephone,aug,23,987,7,5,other,260,no
1792,unknown,divorced,unknown,47,32458.09,yes,yes,yes,cellular,feb,4,1202,7,4,success,61,yes
1793,student,single,tertiary,83,2584.0,yes,no,yes,cellular,jul,7,1651,13,10,unknown,309,no
1794,unknown,divorced,secondary,69,45711.7,no,yes,yes,cellular,oct,1,1198,15,2,other,-1,no
1795,self-employed,married,unknown,84,11928.76,no,no,yes,telephone,mar,21,1269,2,9,failure,340,no
1796,entrepreneur,married,primary,56,42189.96,no,yes,no,unknown,dec,11,1878,20,5,success,-1,no
1797,self-employed,divorced,secondary,95,23710.57,no,yes,no,cellular,apr,2,910,20,4,other,102,no
1798,admin.,divorced,secondary,84,30222.01,no,no,yes,telephone,sep,2,526,4,3,other,192,no
1799,self-employed,married,secondary,48,-71.1,yes,no,yes,telephone,apr,27,1055,14,10,success,300,no
1800,unemployed,divorced,unknown,22,29904.57,no,no,yes,cellular,nov,21,1622,19,6,success,67,yes
1801,unemployed,divorced,tertiary,65,12918.71,no,yes,no,cellular,oct,24,1445,7,8,failure,23,yes
1802,entrepreneur,single,secondary,59,5821.21,yes,no,no,cellular,jun,12,635,10,0,success,-1,no
1803,unknown,divorced,secondary,84,42382.29,yes,no,no,telephone,jun,21,1611,17,5,failure,-1,no
1804,housemaid,married,tertiary,21,-508.91,yes,yes,no,telephone,dec,7,785,19,10,failure,13,no
1805,services,single,tertiary,72,14890.02,no,yes,no,cellular,oct,15,943,13,9,failure,98,no
1806,admin.,married,tertiary,68,32949.71,yes,no,no,telephone,sep,24,1934,9,4,other,-1,no
1807,unemployed,married,secondary,39,13568.59,yes,no,no,telephone,jul,19,1033,15,4,success,24,no
1808,management,married,unknown,95,3686.89,no,no,no,cellular,jun,15,1789,10,2,success,-1,no
1809,student,single,primary,62,6956.86,no,no,yes,telephone,oct,24,1765,18,3,failure,139,no
1810,unemployed,single,unknown,66,16320.17,yes,yes,no,telephone,dec,2,280,11,0,success,-1,no
1811,student,divorced,secondary,35,22531.69,no,yes,no,cellular,may,9,1984,6,5,other,-1,no
1812,unemployed,divorced,tertiary,75,4156.01,yes,no,no,unknown,may,24,1294,12,4,unknown,-1,no
1813,housemaid,single,unknown,84,28159.84,yes,no,yes,cellular,oct,4,1115,17,0,success,-1,no
1814,unknown,single,secondary,85,29760.67,yes,yes,yes,cellular,dec,27,591,19,7,other,295,no
1815,housemaid,divorced,primary,35,49404.98,yes,no,no,cellular,oct,21,1395,6,10,other,-1,no
1816,unemployed,divorced,tertiary,64,2028.89,yes,yes,yes,cellular,oct,25,1443,12,6,success,-1,no
1817,student,single,primary,92,34493.37,yes,yes,no,unknown,nov,18,1235,14,2,unknown,124,no
1818,technician,single,primary,47,5309.66,yes,yes,yes,unknown,nov,21,1147,16,10,failure,370,no
1819,entrepreneur,single,tertiary,25,39958.13,no,no,yes,telephone,may,26,1701,4,0,unknown,-1,no
1820,self-employed,single,tertiary,25,35370.39,yes,no,yes,cellular,feb,10,1113,11,3,failure,241,no
1821,blue-collar,divorced,tertiary,78,12274.51,yes,yes,no,telephone,aug,14,715,11,9,unknown,-1,no
1822,retired,divorced,secondary,58,30721.66,yes,no,no,telephone,nov,10,1710,7,3,other,208,no
1823,management,married,unknown,60,19469.33,no,yes,no,cellular,mar,6,720,15,6,other,187,no
1824,self-employed,divorced,primary,67,1444.23,no,no,no,cellular,feb,22,784,7,6,unknown,197,no
1825,housemaid,divorced,tertiary,71,24901.03,no,yes,yes,unknown,aug,10,931,2,0,success,43,no
1826,services,married,secondary,82,20988.95,no,no,no,telephone,jan,5,193,6,0,success,320,no
1827,unknown,divorced,secondary,31,45338.61,yes,yes,no,cellular,may,15,1735,15,3,other,-1,no
1828,admin.,single,primary,73,30203.5,no,no,no,telephone,feb,5,555,15,3,unknown,-1,no
1829,blue-collar,divorced,primary,41,6558.35,no,yes,no,unknown,jul,12,833,6,9,failure,-1,no
1830,retired,divorced,secondary,34,25658.23,yes,yes,no,cellular,feb,6,751,18,8,unknown,217,no
1831,student,single,tertiary,64,36017.62,no,yes,no,cellular,may,20,1859,8,3,other,-1,no
1832,management,married,unknown,55,21116.34,no,no,no,unknown,feb,21,1570,17,7,success,206,no
1833,management,divorced,secondary,49,16100.44,no,yes,no,cellular,jan,28,307,18,1,success,384,no
1834,management,single,primary,86,4515.05,yes,no,no,cellular,apr,23,1964,18,7,success,71,yes
1835,student,divorced,primary,61,16807.83,no,no,no,cellular,dec,3,109,2,1,failure,-1,no
1836,unemployed,single,tertiary,26,37106.65,yes,yes,yes,cellular,sep,26,97,5,0,unknown,266,no
1837,self-employed,married,tertiary,55,47641.07,no,no,yes,telephone,feb,19,1680,6,6,success,189,no
1838,blue-collar,divorced,secondary,24,43326.03,no,no,yes,cellular,jun,16,1649,12,7,unknown,148,no
1839,admin.,married,tertiary,78,44576.4,yes,yes,no,telephone,mar,27,1541,20,7,failure,178,no
1840,blue-collar,married,primary,89,18210.62,no,no,yes,telephone,nov,19,1842,11,1,other,159,no
1841,housemaid,divorced,unknown,95,22132.17,no,no,yes,cellular,may,4,806,10,3,other,-1,yes
1842,admin.,divorced,tertiary,71,7713.61,yes,no,no,cellular,sep,15,1536,12,3,success,270,no
1843,entrepreneur,married,primary,42,14178.52,yes,no,yes,cellular,mar,16,474,19,5,failure,292,no
1844,retired,single,secondary,92,42718.8,no,yes,yes,unknown,sep,27,363,1,3,unknown,-1,no
1845,services,single,tertiary,43,33153.29,yes,no,no,unknown,dec,23,1624,16,8,unknown,188,no
1846,services,married,secondary,26,16844.96,no,yes,no,unknown,sep,4,1579,14,8,success,-1,no
1847,blue-collar,divorced,primary,91,49770.64,yes,yes,yes,cellular,mar,4,763,6,8,unknown,209,no
1848,unknown,divorced,secondary,79,-297.08,no,no,yes,cellular,jan,23,204,6,8,failure,97,no
1849,services,single,primary,68,46728.27,yes,no,yes,unknown,jul,23,642,16,3,success,-1,no
1850,entrepreneur,single,unknown,88,3023.12,no,no,no,cellular,jul,22,1648,8,8,other,-1,no
1851,unemployed,single,secondary,46,16584.67,no,no,no,telephone,jan,9,19,14,7,failure,395,no
1852,housemaid,married,secondary,40,20576.62,yes,no,yes,cellular,nov,7,1264,4,0,success,28,no
1853,admin.,single,primary,76,-1158.06,yes,yes,no,cellular,apr,1,535,9,0,success,135,no
1854,student,divorced,tertiary,84,31316.99,no,yes,no,cellular,nov,16,1354,16,5,unknown,-1,yes
1855,admin.,single,primary,77,4895.82,yes,no,no,unknown,jun,23,1820,20,5,success,-1,no
1856,blue-collar,single,tertiary,40,30000.75,yes,no,yes,cellular,jan,13,475,17,1,other,49,yes
1857,student,single,primary,38,35601.41,no,no,no,unknown,feb,15,1912,3,7,failure,-1,no
1858,services,divorced,secondary,79,33611.22,no,yes,no,telephone,aug,23,284,15,2,other,149,no
1859,entrepreneur,divorced,secondary,39,30566.06,yes,no,yes,unknown,feb,15,1990,4,3,success,338,no
1860,blue-collar,married,unknown,83,11273.81,no,no,yes,cellular,dec,1,494,1,8,success,-1,no
1861,housemaid,single,unknown,65,11723.42,no,no,no,telephone,oct,3,694,16,1,unknown,-1,no
1862,housemaid,single,unknown,47,11599.45,yes,yes,no,telephone,sep,2,1412,18,9,unknown,352,no
1863,entrepreneur,single,secondary,63,9732.36,no,no,yes,telephone,jul,5,1050,6,8,success,200,no
1864,management,divorced,primary,28,33304.49,yes,no,no,cellular,feb,19,1352,13,10,unknown,-1,no
1865,retired,single,secondary,87,44999.96,no,yes,yes,unknown,nov,8,1211,16,7,success,225,no
1866,self-employed,married,primary,57,12746.73,yes,yes,no,cellular,mar,26,1333,6,5,failure,329,no
1867,retired,married,tertiary,81,11438.42,no,yes,no,cellular,jul,20,333,12,10,failure,-1,no
1868,housemaid,married,secondary,62,23081.84,no,yes,yes,cellular,oct,9,267,15,10,other,-1,no
1869,services,single,unknown,46,8116.05,no,no,yes,telephone,sep,1,277,7,2,other,256,no
1870,technician,single,secondary,64,13071.07,no,yes,yes,telephone,jun,1,1165,11,5,success,55,no
1871,student,married,primary,51,35058.99,yes,yes,yes,cellular,nov,13,1524,5,10,success,-1,no
1872,unknown,married,primary,40,26452.19,yes,no,yes,telephone,mar,2,164,20,0,failure,-1,no
1873,unemployed,divorced,secondary,87,43078.77,yes,yes,yes,cellular,jul,9,1862,8,5,success,203,no
1874,entrepreneur,married,primary,63,8533.54,no,no,yes,telephone,may,11,535,1,8,success,-1,no
1875,housemaid,divorced,unknown,93,19819.65,no,yes,no,cellular,aug,7,639,1,9,other,-1,yes
1876,student,married,unknown,76,26063.48,no,no,no,unknown,jun,4,350,16,9,success,-1,no
1877,housemaid,single,tertiary,94,29085.75,no,yes,yes,telephone,sep,26,1758,5,4,unknown,355,no
1878,unknown,single,tertiary,49,10883.51,yes,yes,no,telephone,apr,4,14,19,2,failure,31,no
1879,services,single,tertiary,74,23847.6,no,no,no,telephone,dec,26,1651,5,8,failure,353,yes
1880,technician,divorced,secondary,74,11045.49,yes,yes,no,cellular,jul,6,1265,2,9,other,-1,no
1881,admin.,single,primary,52,30667.66,yes,no,no,cellular,mar,7,1397,17,7,other,338,no
1882,student,divorced,unknown,22,1.95,no,no,yes,unknown,oct,14,1864,9,7,failure,23,no
1883,services,divorced,primary,61,34503.89,no,no,no,unknown,jan,10,1721,19,5,success,-1,no
1884,blue-collar,divorced,tertiary,31,18369.75,no,no,no,cellular,may,28,789,1,0,success,-1,no
1885,entrepreneur,married,primary,39,26781.93,no,yes,no,telephone,dec,15,1743,5,3,success,376,yes
1886,blue-collar,married,tertiary,88,16494.38,yes,no,no,unknown,aug,28,1218,17,6,failure,19,no
1887,student,divorced,tertiary,80,30089.43,yes,yes,no,telephone,mar,10,1524,15,0,success,388,no
1888,technician,single,secondary,94,14353.66,no,no,yes,unknown,nov,3,7,11,0,unknown,-1,yes
1889,retired,married,primary,26,5442.07,yes,no,yes,unknown,jul,1,1468,14,6,failure,48,no
1890,management,single,tertiary,38,32666.8,yes,yes,no,cellular,nov,4,355,11,8,success,200,yes
1891,self-employed,married,tertiary,32,-756.16,yes,no,no,unknown,apr,3,785,1,0,unknown,258,no
1892,housemaid,married,tertiary,70,559.65,yes,yes,no,unknown,dec,5,1118,8,7,success,144,no
1893,unemployed,divorced,unknown,18,26724.86,yes,no,no,unknown,aug,1,645,20,0,other,-1,no
1894,blue-collar,single,tertiary,69,-375.02,yes,yes,no,telephone,dec,5,1694,1,0,failure,283,no
1895,self-employed,divorced,primary,85,28139.71,no,yes,yes,cellular,nov,24,882,4,3,other,-1,no
1896,retired,married,secondary,64,21686.04,no,yes,yes,unknown,may,20,1493,20,10,other,-1,no
1897,management,single,unknown,35,41321.18,no,no,yes,telephone,may,3,379,3,4,failure,206,yes
1898,blue-collar,single,secondary,20,32519.4,no,yes,yes,cellular,mar,1,1516,12,7,success,-1,no
1899,student,single,secondary,53,39879.77,yes,yes,yes,telephone,may,19,69,5,2,other,31,no
1900,unemployed,single,tertiary,71,39683.0,yes,no,yes,cellular,apr,3,253,10,7,unknown,224,no
1901,entrepreneur,married,primary,77,47538.02,yes,no,no,unknown,apr,4,474,10,1,failure,272,no
1902,entrepreneur,divorced,secondary,95,45080.89,yes,no,yes,cellular,apr,12,1804,17,1,success,60,no
1903,services,single,unknown,91,36283.68,yes,no,no,telephone,jun,3,313,3,10,failure,244,yes
1904,blue-collar,single,tertiary,34,42450.02,yes,no,yes,cellular,aug,1,1011,17,1,other,152,no
1905,student,single,unknown,39,886.21,no,no,no,cellular,sep,7,743,6,4,other,-1,no
1906,retired,married,unknown,78,32992.47,no,yes,no,unknown,nov,4,814,4,2,failure,294,yes
1907,technician,married,unknown,43,19426.86,no,yes,yes,cellular,jun,24,731,5,1,failure,25,yes
1908,management,divorced,unknown,47,49964.12,yes,yes,no,unknown,oct,25,568,15,2,failure,-1,yes
1909,services,divorced,tertiary,84,36175.42,yes,no,yes,telephone,dec,6,1212,5,9,other,-1,no
1910,unemployed,single,tertiary,77,39078.46,yes,yes,yes,unknown,feb,4,361,6,7,failure,263,no
1911,self-employed,single,unknown,93,19350.25,yes,no,yes,telephone,nov,7,71,3,7,success,259,no
1912,housemaid,divorced,secondary,91,39126.13,yes,no,no,cellular,aug,5,1972,1,0,failure,76,no
1913,admin.,divorced,secondary,93,37675.63,yes,yes,yes,cellular,dec,27,805,16,10,success,-1,no
1914,management,divorced,unknown,30,10780.58,no,yes,no,cellular,oct,19,119,9,5,unknown,298,no
1915,technician,divorced,unknown,62,12749.47,yes,yes,no,unknown,nov,21,1095,13,8,unknown,237,no
1916,entrepreneur,single,tertiary,31,14113.81,no,yes,yes,telephone,nov,12,707,1,8,unknown,-1,no
1917,management,single,secondary,65,27422.6,yes,yes,no,cellular,jan,12,798,13,2,failure,19,no
1918,housemaid,married,secondary,47,35190.85,yes,no,yes,cellular,mar,19,403,12,7,unknown,264,no
1919,housemaid,divorced,primary,29,43578.68,no,yes,yes,cellular,nov,27,542,10,7,unknown,-1,no
1920,admin.,divorced,tertiary,26,31605.4,yes,yes,yes,cellular,apr,1,147,8,5,failure,-1,yes
1921,unknown,single,secondary,32,21615.49,no,no,no,telephone,apr,17,302,1,4,success,-1,no
1922,housemaid,married,tertiary,72,13380.48,yes,no,no,telephone,oct,18,200,7,5,unknown,6,no
1923,student,divorced,tertiary,48,27140.57,no,no,no,cellular,dec,4,910,10,6,failure,-1,no
1924,housemaid,married,tertiary,73,5376.71,yes,yes,yes,unknown,oct,20,229,13,1,unknown,14,no
1925,student,single,tertiary,78,28404.91,no,no,yes,telephone,nov,8,1874,14,6,other,-1,no
1926,blue-collar,married,unknown,63,48127.0,no,no,yes,unknown,sep,11,838,18,2,success,-1,no
1927,management,single,unknown,30,33308.99,no,yes,yes,telephone,may,1,764,20,4,unknown,14,no
1928,retired,married,primary,25,1002.0,no,no,no,unknown,may,11,483,17,3,unknown,236,no
1929,admin.,married,primary,40,40195.02,no,yes,yes,telephone,jun,14,876,17,9,other,-1,yes
1930,unknown,single,primary,29,35339.11,yes,yes,yes,unknown,nov,2,1769,4,3,failure,-1,no
1931,blue-collar,divorced,unknown,49,37937.15,yes,no,no,cellular,dec,9,55,14,0,failure,364,yes
1932,services,single,tertiary,26,5678.08,yes,yes,no,telephone,sep,26,385,16,6,other,122,no
1933,self-employed,married,secondary,21,43158.04,no,no,yes,telephone,may,18,773,18,8,failure,13,no
1934,admin.,single,primary,69,30441.84,yes,yes,yes,cellular,nov,23,983,16,2,unknown,-1,no
1935,self-employed,single,unknown,19,34281.92,yes,no,no,telephone,nov,19,1435,3,8,success,348,no
1936,technician,married,primary,25,30173.16,yes,no,yes,unknown,feb,6,1334,20,5,other,-1,no
1937,student,married,primary,18,30608.27,yes,yes,no,unknown,may,4,1499,7,9,success,116,no
1938,services,single,tertiary,76,7321.89,no,no,no,cellular,jan,4,346,8,9,failure,-1,no
1939,student,married,unknown,54,46346.88,no,no,yes,unknown,jan,5,1320,12,10,unknown,-1,no
1940,unemployed,married,secondary,51,40459.38,no,no,yes,cellular,jun,3,1265,2,8,other,-1,no
1941,blue-collar,divorced,tertiary,29,-1925.23,no,no,yes,cellular,jun,21,1185,20,8,unknown,323,no
1942,student,divorced,primary,63,49982.94,yes,no,yes,cellular,jul,17,1131,13,0,other,-1,no
1943,self-employed,divorced,primary,88,23301.12,yes,yes,no,telephone,aug,28,355,19,1,other,376,no
1944,admin.,divorced,tertiary,59,3678.45,yes,no,no,telephone,nov,16,504,9,4,failure,290,yes
1945,management,married,tertiary,56,18490.52,no,no,no,telephone,sep,23,1891,19,0,unknown,295,no
1946,technician,married,secondary,93,28907.4,yes,no,no,cellular,may,13,1831,15,6,other,142,no
1947,unemployed,divorced,primary,40,7769.22,no,no,yes,cellular,mar,1,867,8,1,success,7,no
1948,entrepreneur,married,tertiary,29,-160.51,yes,yes,no,unknown,jan,9,335,2,9,success,162,yes
1949,admin.,married,tertiary,86,33795.28,no,no,no,unknown,may,1,1380,1,3,success,375,no
1950,technician,married,tertiary,44,41787.99,yes,no,yes,telephone,dec,10,162,16,7,failure,291,no
1951,admin.,divorced,tertiary,62,26682.33,yes,yes,yes,unknown,jan,27,1486,9,1,success,-1,no
1952,unemployed,divorced,tertiary,93,45961.35,no,yes,no,telephone,sep,14,1317,3,4,unknown,-1,no
1953,unknown,divorced,primary,67,6233.82,yes,no,yes,unknown,dec,15,197,17,8,success,193,yes
1954,blue-collar,divorced,unknown,63,32576.06,no,yes,no,cellular,oct,21,450,4,10,other,-1,no
1955,services,divorced,secondary,26,10198.98,yes,yes,no,unknown,nov,10,1905,2,2,success,339,no
1956,management,single,tertiary,95,32469.28,no,no,no,unknown,apr,7,428,6,9,unknown,36,no
1957,blue-collar,married,unknown,81,36821.89,no,yes,no,unknown,apr,12,1677,20,0,other,386,no
1958,unknown,divorced,unknown,34,12729.86,yes,no,yes,unknown,nov,14,386,20,8,unknown,345,no
1959,entrepreneur,single,primary,67,22975.95,no,yes,yes,unknown,jan,1,8,14,4,other,-1,no
1960,retired,single,unknown,70,40398.88,no,no,no,telephone,apr,15,489,8,7,success,374,no
1961,unemployed,single,unknown,92,5054.48,no,yes,yes,unknown,may,23,1013,14,10,success,17,no
1962,unemployed,married,unknown,93,38943.95,yes,no,no,telephone,apr,20,1809,10,7,other,336,no
1963,management,divorced,tertiary,81,18482.31,yes,no,yes,cellular,dec,14,1445,8,5,failure,119,no
1964,housemaid,married,tertiary,59,29183.73,no,yes,yes,unknown,sep,1,215,18,9,success,-1,no
1965,services,single,unknown,93,43412.32,yes,no,yes,telephone,jun,6,577,16,6,failure,355,no
1966,blue-collar,married,tertiary,84,38350.31,no,no,yes,cellular,dec,18,1117,8,0,unknown,201,yes
1967,blue-collar,married,primary,56,2102.29,no,no,yes,unknown,oct,19,755,16,3,unknown,157,no
1968,admin.,divorced,unknown,45,46964.88,yes,no,no,telephone,jun,10,591,7,2,failure,212,no
1969,self-employed,divorced,unknown,53,10048.32,yes,no,yes,telephone,aug,4,1680,3,8,unknown,-1,no
1970,technician,single,unknown,40,14232.56,yes,no,yes,cellular,aug,14,1713,15,7,other,235,no
1971,entrepreneur,divorced,secondary,48,17129.71,yes,yes,yes,cellular,jun,1,1000,5,1,other,46,no
1972,retired,divorced,primary,21,29123.87,yes,no,no,telephone,jan,25,586,5,4,success,376,no
1973,self-employed,married,primary,58,14339.58,no,no,no,cellular,dec,18,315,9,6,other,2,no
1974,student,divorced,secondary,71,19559.06,yes,no,no,cellular,aug,14,757,18,7,success,4,no
1975,unemployed,married,tertiary,94,25982.37,yes,yes,yes,telephone,sep,19,719,8,6,failure,157,no
1976,student,married,secondary,66,1148.91,yes,no,yes,unknown,feb,3,1006,10,5,other,331,no
1977,entrepreneur,married,secondary,81,47014.11,yes,yes,no,unknown,aug,18,1221,20,7,success,331,yes
1978,unknown,single,unknown,64,41530.82,yes,no,no,telephone,nov,10,1144,7,5,other,65,no
1979,services,married,tertiary,19,34709.64,no,no,yes,telephone,jun,14,1010,4,0,failure,74,no
1980,retired,single,primary,54,30360.88,yes,no,yes,cellular,feb,23,45,18,5,success,148,no
1981,retired,single,unknown,59,26290.02,yes,yes,yes,unknown,dec,1,1557,17,3,success,-1,yes
1982,blue-collar,married,primary,56,-1316.1,no,yes,yes,telephone,aug,25,1534,10,4,failure,-1,no
1983,technician,married,tertiary,65,46877.92,yes,yes,yes,cellular,sep,12,1445,4,3,success,-1,no
1984,self-employed,married,unknown,61,37429.03,no,yes,yes,telephone,mar,24,61,8,8,other,170,no
1985,admin.,single,unknown,91,4444.65,no,yes,no,cellular,aug,25,1213,6,5,unknown,2,no
1986,blue-collar,divorced,unknown,21,44312.56,no,yes,no,telephone,oct,9,265,14,4,failure,310,no
1987,unknown,divorced,unknown,93,-1587.0,yes,yes,no,cellular,apr,11,365,18,6,unknown,-1,no
1988,retired,divorced,unknown,33,24577.8,no,no,no,unknown,jun,12,690,16,1,success,374,no
1989,technician,married,secondary,59,47418.77,no,yes,yes,telephone,apr,12,103,6,9,success,-1,no
1990,entrepreneur,divorced,tertiary,45,4981.39,no,yes,yes,unknown,apr,11,705,7,10,failure,342,no
1991,admin.,married,tertiary,35,34867.66,no,yes,no,unknown,oct,8,974,9,5,failure,-1,no
1992,management,divorced,unknown,33,37852.21,no,yes,no,cellular,jun,6,1537,18,5,success,-1,no
1993,services,married,primary,28,-848.44,yes,yes,yes,telephone,dec,20,1906,17,1,failure,-1,no
1994,student,married,secondary,49,44200.67,no,yes,yes,telephone,feb,2,1890,14,2,unknown,327,no
1995,admin.,married,tertiary,39,42518.21,no,no,yes,cellular,aug,22,1933,6,9,other,-1,no
1996,housemaid,single,unknown,82,37561.56,no,no,no,telephone,mar,13,1506,6,3,unknown,228,no
1997,blue-collar,divorced,primary,37,5006.82,yes,no,no,unknown,sep,14,1895,13,0,failure,297,no
1998,entrepreneur,divorced,primary,30,31368.47,yes,no,no,telephone,sep,25,1568,19,2,unknown,91,no
1999,entrepreneur,divorced,unknown,81,3339.48,yes,no,yes,unknown,feb,22,1298,17,3,unknown,181,no
2000,management,married,unknown,20,41639.75,no,yes,no,telephone,jul,5,1386,12,8,unknown,63,yes
2001,management,divorced,tertiary,90,46533.41,yes,yes,no,unknown,nov,27,1153,6,2,unknown,21,no
2002,self-employed,married,tertiary,81,11019.29,no,no,no,telephone,dec,5,1931,10,10,failure,-1,no
2003,blue-collar,married,primary,64,21367.84,no,yes,no,telephone,mar,17,1517,7,8,failure,262,no
2004,housemaid,single,unknown,90,45403.99,yes,no,yes,cellular,dec,4,617,4,6,failure,-1,no
2005,services,divorced,primary,56,10596.82,yes,no,no,unknown,sep,10,1733,11,5,success,-1,no
2006,housemaid,single,secondary,60,24633.6,yes,no,no,unknown,aug,21,1159,10,2,unknown,20,no
2007,retired,divorced,tertiary,46,44314.44,no,no,yes,telephone,dec,17,1137,18,6,success,88,no
2008,unemployed,divorced,unknown,60,34028.35,yes,no,yes,cellular,aug,9,1650,1,1,unknown,183,no
2009,self-employed,divorced,secondary,76,10685.37,yes,no,yes,telephone,jan,22,700,14,10,failure,79,no
2010,unemployed,married,unknown,83,38158.17,yes,yes,no,unknown,dec,12,462,3,7,unknown,-1,no
2011,blue-collar,married,primary,40,22995.12,yes,yes,no,unknown,jun,4,1401,4,6,failure,356,no
2012,self-employed,married,secondary,44,34706.62,no,yes,no,cellular,jan,20,688,20,7,failure,240,no
2013,self-employed,divorced,unknown,64,35725.98,yes,no,yes,cellular,jul,13,1619,8,10,other,240,no
2014,self-employed,single,unknown,81,41735.19,no,yes,yes,unknown,may,11,455,1,7,success,-1,yes
2015,entrepreneur,divorced,secondary,77,49354.87,no,yes,yes,cellular,oct,6,1135,3,9,other,172,no
2016,management,divorced,tertiary,65,43948.16,yes,no,no,unknown,dec,8,1141,14,8,failure,-1,no
2017,student,married,unknown,89,33029.74,yes,no,yes,unknown,may,22,915,16,8,success,-1,no
2018,entrepreneur,single,primary,72,14990.52,yes,yes,no,telephone,apr,20,1371,19,10,success,52,no
2019,unemployed,married,unknown,58,33380.94,no,yes,no,cellular,aug,2,1875,17,6,other,-1,no
2020,student,divorced,secondary,79,31.03,yes,yes,no,unknown,aug,28,1799,19,6,failure,76,no
2021,management,single,tertiary,40,19262.76,yes,yes,yes,telephone,oct,20,1529,19,8,success,-1,no
2022,housemaid,divorced,primary,85,38022.97,yes,yes,yes,telephone,sep,16,432,2,6,failure,-1,no
2023,housemaid,married,primary,26,35256.52,no,no,no,unknown,oct,1,1874,9,1,failure,314,no
2024,admin.,single,unknown,75,49474.76,no,yes,yes,telephone,aug,24,1420,5,10,unknown,118,no
2025,entrepreneur,divorced,primary,46,4016.29,yes,yes,no,unknown,oct,5,1871,17,10,other,307,no
2026,unemployed,single,secondary,81,526.39,no,no,yes,unknown,jul,24,1217,13,1,failure,397,no
2027,housemaid,divorced,unknown,28,25049.94,yes,yes,no,telephone,oct,22,1447,11,9,success,45,no
2028,admin.,married,primary,63,44018.0,yes,yes,yes,unknown,jul,6,68,15,1,unknown,367,yes
2029,entrepreneur,divorced,tertiary,24,38521.98,no,no,yes,telephone,nov,14,180,12,5,unknown,-1,no
2030,entrepreneur,single,primary,55,8511.12,yes,yes,yes,cellular,may,18,23,15,4,unknown,41,no
2031,retired,divorced,primary,83,21133.81,yes,yes,no,unknown,feb,8,37,20,10,other,295,no
2032,housemaid,married,secondary,93,31828.39,no,yes,no,cellular,mar,3,475,12,8,other,-1,yes
2033,retired,single,tertiary,22,5992.35,no,no,no,unknown,jun,20,1132,3,0,other,-1,no
2034,student,divorced,primary,25,3081.23,yes,no,yes,cellular,sep,21,1064,6,1,unknown,-1,no
2035,self-employed,single,tertiary,26,22007.44,no,no,yes,cellular,jan,24,1481,7,2,success,20,no
2036,technician,married,secondary,44,17984.06,yes,no,no,unknown,may,3,358,4,1,success,156,no
2037,entrepreneur,single,secondary,28,26461.14,yes,no,no,telephone,mar,22,1958,13,8,other,69,no
2038,unknown,divorced,tertiary,68,27767.61,no,no,no,telephone,jul,1,1811,16,2,other,-1,no
2039,technician,married,unknown,42,13034.02,yes,yes,yes,unknown,oct,7,890,2,8,success,145,no
2040,admin.,single,tertiary,49,34535.29,yes,yes,yes,telephone,jan,12,1458,9,10,success,-1,no
2041,blue-collar,divorced,secondary,85,3351.61,no,yes,yes,cellular,apr,21,1444,14,3,unknown,-1,no
2042,unemployed,married,secondary,95,5666.63,yes,yes,no,unknown,sep,13,1275,5,0,failure,-1,no
2043,services,married,unknown,20,35459.92,no,no,yes,telephone,feb,7,1767,3,9,other,-1,no
2044,unknown,single,tertiary,52,19932.27,yes,yes,no,cellular,may,22,807,18,2,unknown,353,no
2045,student,married,primary,39,20545.2,yes,no,no,unknown,oct,5,799,5,7,unknown,375,no
2046,housemaid,married,primary,45,33730.54,no,no,yes,telephone,sep,8,897,3,10,unknown,98,no
2047,technician,married,tertiary,84,11445.92,yes,no,yes,cellular,feb,4,777,10,2,other,-1,no
2048,admin.,married,tertiary,28,19441.58,yes,yes,yes,telephone,jun,26,1661,10,2,other,391,no
2049,technician,married,tertiary,33,-781.96,no,yes,no,unknown,may,9,1855,19,0,success,25,no
2050,services,married,secondary,18,35405.91,yes,yes,yes,telephone,jan,21,921,4,7,success,224,no
2051,blue-collar,single,primary,50,33341.77,no,yes,no,telephone,dec,24,443,19,9,other,286,no
2052,unemployed,divorced,tertiary,33,2834.15,no,yes,yes,telephone,apr,7,670,10,5,success,194,no
2053,services,divorced,unknown,39,27665.38,no,no,no,telephone,nov,3,661,11,9,failure,186,no
2054,blue-collar,single,primary,76,23626.2,yes,yes,no,cellular,sep,21,191,14,0,failure,-1,no
2055,management,single,primary,73,23313.41,no,yes,yes,telephone,jul,28,692,20,5,other,175,no
2056,technician,single,primary,66,31667.29,yes,no,yes,telephone,nov,28,894,15,5,unknown,-1,no
2057,blue-collar,single,tertiary,25,15199.7,yes,no,yes,cellular,dec,9,789,19,2,other,-1,yes
2058,entrepreneur,divorced,secondary,69,13816.39,yes,yes,no,unknown,mar,18,374,4,7,failure,232,no
2059,self-employed,divorced,unknown,23,17132.81,yes,no,no,unknown,sep,1,1306,13,0,other,-1,no
2060,blue-collar,married,unknown,39,4244.38,no,no,yes,cellular,sep,20,759,6,1,failure,219,no
2061,self-employed,single,secondary,38,19545.42,yes,yes,no,cellular,mar,2,161,13,10,failure,296,no
2062,unknown,single,primary,56,34438.01,no,yes,yes,unknown,nov,4,739,5,5,success,242,no
2063,retired,divorced,secondary,76,27049.16,yes,yes,yes,cellular,mar,18,225,1,4,other,-1,no
2064,management,single,secondary,19,6203.65,no,no,no,unknown,dec,20,1052,4,8,unknown,-1,no
2065,retired,single,unknown,31,195.87,yes,no,yes,cellular,mar,20,1696,13,5,unknown,-1,no
2066,housemaid,married,unknown,44,37594.74,yes,yes,no,unknown,may,4,749,1,5,failure,125,no
2067,entrepreneur,married,secondary,25,47776.32,yes,yes,yes,unknown,apr,14,202,4,8,success,275,yes
2068,student,single,primary,94,37570.59,yes,no,no,telephone,nov,18,1530,6,8,failure,-1,no
2069,unemployed,married,secondary,38,32808.18,yes,yes,no,unknown,may,28,296,11,5,failure,-1,no
2070,student,divorced,unknown,36,35372.98,no,yes,no,cellular,mar,13,1898,18,4,other,59,no
2071,blue-collar,divorced,tertiary,40,29273.93,no,no,no,telephone,jun,6,1843,5,0,unknown,-1,no
2072,entrepreneur,married,secondary,64,-690.02,yes,yes,yes,telephone,jul,16,1262,13,4,unknown,281,no
2073,retired,married,unknown,78,13660.34,yes,yes,yes,cellular,aug,22,821,12,8,unknown,-1,no
2074,services,single,secondary,29,44562.19,yes,yes,yes,cellular,feb,16,1110,1,0,failure,-1,no
2075,services,divorced,primary,65,28165.82,yes,yes,no,telephone,sep,8,1500,8,7,failure,156,no
2076,services,married,tertiary,67,42169.14,yes,yes,no,telephone,aug,7,1268,4,3,other,-1,no
2077,self-employed,married,secondary,87,9352.57,yes,yes,yes,cellular,may,28,598,12,8,unknown,91,no
2078,self-employed,married,primary,68,48401.05,yes,yes,yes,unknown,feb,3,1959,10,9,success,-1,yes
2079,unknown,married,tertiary,80,1.65,yes,yes,no,unknown,aug,21,637,17,7,unknown,130,no
2080,blue-collar,married,unknown,40,6729.12,no,no,yes,cellular,jul,4,456,6,7,unknown,-1,no
2081,management,married,unknown,53,20626.05,yes,yes,yes,unknown,aug,19,988,20,3,success,339,yes
2082,admin.,single,tertiary,36,22941.3,no,yes,yes,telephone,jan,19,469,1,6,failure,-1,no
2083,management,single,tertiary,60,33980.71,yes,no,no,telephone,jun,9,705,6,9,unknown,110,no
2084,student,divorced,unknown,79,24192.15,yes,yes,no,telephone,mar,17,1320,14,3,unknown,-1,no
2085,student,divorced,secondary,93,44742.53,no,no,no,telephone,oct,3,1698,7,7,unknown,334,no
2086,technician,single,primary,44,19183.95,yes,yes,yes,telephone,jan,10,1568,8,4,unknown,307,no
2087,admin.,divorced,primary,41,29368.29,no,no,yes,telephone,jun,17,682,19,0,other,-1,no
2088,entrepreneur,single,unknown,62,41173.31,no,yes,yes,unknown,jul,16,1067,19,8,success,-1,no
2089,unknown,divorced,secondary,57,49986.08,yes,yes,yes,unknown,sep,4,1687,16,1,other,-1,no
2090,services,married,primary,53,35085.07,no,no,no,unknown,apr,23,185,1,8,failure,-1,no
2091,self-employed,married,primary,32,16695.57,no,no,no,unknown,may,13,1688,19,4,failure,-1,no
2092,services,divorced,unknown,44,27334.3,yes,yes,no,telephone,may,23,701,8,2,success,-1,no
2093,retired,single,unknown,89,14947.75,no,yes,no,cellular,nov,23,589,19,1,other,59,no
2094,blue-collar,divorced,primary,34,1718.75,yes,no,no,cellular,dec,9,1334,8,1,unknown,188,no
2095,unknown,married,primary,75,35220.8,yes,no,no,telephone,mar,17,812,3,9,success,-1,no
2096,student,married,primary,26,18188.19,yes,yes,no,telephone,sep,20,1920,20,1,other,-1,yes
2097,admin.,married,secondary,31,9066.38,no,yes,no,cellular,jan,3,1621,3,0,success,-1,no
2098,student,married,primary,88,25603.32,yes,no,no,unknown,apr,25,964,13,0,unknown,260,no
2099,student,divorced,tertiary,23,39963.16,yes,no,no,unknown,jan,18,1056,7,10,unknown,-1,no
2100,management,divorced,unknown,74,27033.01,no,no,no,telephone,jul,7,1562,6,4,success,88,yes
2101,admin.,married,tertiary,84,1831.66,no,yes,no,unknown,dec,22,801,6,7,other,-1,no
2102,management,single,tertiary,29,32641.27,no,yes,yes,telephone,may,28,986,6,2,failure,-1,no
2103,management,married,secondary,23,16742.29,no,yes,no,cellular,dec,5,781,11,8,failure,-1,no
2104,student,divorced,unknown,67,25453.31,yes,yes,no,telephone,oct,28,1086,11,5,success,-1,no
2105,housemaid,single,tertiary,87,34215.03,yes,no,no,cellular,apr,19,424,1,8,failure,-1,no
2106,entrepreneur,single,primary,40,12578.34,yes,yes,no,cellular,nov,7,292,13,8,unknown,291,no
2107,retired,single,tertiary,24,47321.07,yes,no,no,cellular,apr,21,172,14,6,other,-1,no
2108,entrepreneur,divorced,unknown,83,29031.54,no,yes,yes,cellular,jun,23,726,17,2,other,29,no
2109,technician,married,secondary,86,36532.19,yes,no,no,cellular,aug,7,1435,14,3,unknown,-1,yes
2110,housemaid,single,unknown,47,23665.55,no,no,yes,telephone,feb,27,1854,17,10,success,8,no
2111,blue-collar,single,tertiary,91,28180.07,no,no,no,cellular,mar,15,1377,20,4,unknown,-1,yes
2112,admin.,single,secondary,26,31647.32,yes,yes,no,cellular,jun,1,1817,13,4,unknown,200,yes
2113,technician,divorced,unknown,50,48194.01,no,no,no,telephone,mar,28,68,13,5,other,220,no
2114,retired,married,tertiary,92,11474.84,no,no,yes,telephone,nov,12,1906,15,7,unknown,-1,no
2115,self-employed,married,tertiary,88,4068.36,no,no,yes,unknown,jun,16,1634,13,8,unknown,-1,yes
2116,entrepreneur,married,tertiary,39,41021.49,no,yes,no,cellular,sep,17,336,18,3,other,-1,no
2117,student,divorced,secondary,77,24735.88,yes,yes,no,unknown,aug,6,1322,13,6,success,-1,no
2118,self-employed,married,primary,76,26060.32,yes,no,yes,unknown,jan,12,499,15,7,other,-1,no
2119,entrepreneur,married,tertiary,24,24952.66,yes,no,yes,telephone,jan,11,624,7,8,other,151,no
2120,retired,married,tertiary,82,13047.12,yes,yes,yes,cellular,dec,26,763,6,2,success,334,no
2121,unemployed,married,secondary,29,-792.07,yes,no,no,cellular,apr,23,736,9,9,unknown,-1,no
2122,services,married,primary,29,43795.91,yes,yes,no,cellular,sep,3,343,2,7,other,260,yes
2123,self-employed,divorced,tertiary,23,36951.79,no,yes,yes,cellular,may,23,931,16,9,success,72,no
2124,management,single,tertiary,92,41361.27,no,yes,no,telephone,apr,8,847,6,8,success,-1,no
2125,housemaid,single,secondary,42,36255.29,yes,yes,no,unknown,mar,4,361,3,8,failure,-1,no
2126,technician,divorced,primary,73,24272.04,no,no,no,telephone,aug,24,1539,13,9,success,-1,no
2127,technician,divorced,secondary,72,39178.88,yes,yes,no,unknown,jul,16,1581,3,0,unknown,271,no
2128,self-employed,single,tertiary,44,18724.35,no,yes,no,unknown,oct,6,87,5,6,success,288,no
2129,unemployed,divorced,tertiary,72,37484.61,no,yes,yes,unknown,mar,28,686,7,6,failure,146,no
2130,self-employed,divorced,unknown,61,37748.36,no,yes,yes,cellular,dec,3,388,19,0,other,309,no
2131,housemaid,single,primary,26,46270.59,yes,no,no,cellular,oct,25,703,4,1,success,223,no
2132,unknown,divorced,secondary,30,48825.36,no,yes,no,cellular,may,15,1670,16,10,other,-1,no
2133,self-employed,divorced,tertiary,91,31575.71,yes,yes,no,telephone,mar,16,542,16,5,failure,183,no
2134,technician,married,primary,77,14437.24,no,no,no,unknown,mar,14,553,10,9,success,266,no
2135,blue-collar,single,primary,67,26765.48,no,no,yes,cellular,aug,14,962,9,1,failure,147,no
2136,technician,single,secondary,79,22383.75,no,no,yes,unknown,aug,15,560,13,6,failure,378,no
2137,services,single,secondary,40,27632.83,no,yes,no,telephone,oct,9,1548,10,1,other,43,yes
2138,unemployed,married,tertiary,94,35944.88,no,no,yes,cellular,oct,3,1560,7,1,unknown,198,no
2139,retired,single,secondary,64,-962.89,yes,no,yes,unknown,dec,15,457,10,10,success,-1,yes
2140,student,divorced,primary,73,1508.25,yes,yes,yes,telephone,jul,26,1417,3,5,unknown,-1,no
2141,unknown,married,tertiary,51,20606.01,yes,yes,no,telephone,may,28,1072,10,0,success,-1,no
2142,admin.,married,primary,62,4728.0,yes,no,no,cellular,apr,23,274,7,6,other,-1,no
2143,self-employed,divorced,tertiary,19,7202.75,yes,yes,no,unknown,oct,4,1231,13,2,success,142,no
2144,admin.,single,tertiary,69,11612.66,no,no,yes,unknown,nov,8,634,18,6,success,-1,no
2145,blue-collar,single,primary,21,35062.03,yes,yes,yes,cellular,jul,13,1690,2,0,unknown,82,yes
2146,blue-collar,single,primary,61,-649.51,yes,yes,no,telephone,apr,4,1021,12,0,other,73,yes
2147,unknown,married,tertiary,21,4805.6,no,yes,no,unknown,feb,22,241,16,4,other,-1,no
2148,entrepreneur,divorced,primary,80,-1405.33,no,no,yes,unknown,aug,9,1900,2,9,failure,252,no
2149,services,divorced,unknown,37,39576.5,yes,no,yes,cellular,nov,18,227,12,3,unknown,-1,no
2150,student,married,unknown,72,49833.76,no,yes,yes,cellular,nov,9,1008,6,1,other,-1,no
2151,unemployed,divorced,unknown,76,-600.09,no,yes,yes,telephone,aug,6,1453,3,0,other,349,no
2152,technician,single,secondary,60,36807.84,yes,yes,yes,telephone,nov,1,1458,4,9,failure,58,no
2153,unemployed,divorced,primary,82,41922.84,no,no,yes,cellular,jul,14,128,3,9,other,298,no
2154,admin.,divorced,secondary,63,20989.04,no,no,yes,telephone,nov,23,781,18,5,failure,-1,no
2155,unemployed,single,unknown,21,43775.32,no,no,no,telephone,jan,19,325,9,5,other,342,no
2156,technician,married,unknown,49,37467.16,no,no,no,unknown,jan,25,1611,11,1,other,66,no
2157,admin.,married,unknown,43,30983.2,no,no,no,telephone,nov,6,1719,10,8,success,-1,no
2158,housemaid,married,unknown,21,44813.15,no,yes,yes,telephone,aug,12,50,18,7,other,-1,no
2159,management,single,tertiary,61,35156.95,no,yes,no,telephone,may,4,177,2,7,other,300,no
2160,self-employed,married,unknown,51,25285.18,yes,yes,no,telephone,mar,4,1245,19,2,unknown,324,no
2161,technician,single,secondary,89,16583.12,no,no,yes,cellular,nov,15,1122,2,9,success,283,yes
2162,admin.,divorced,unknown,53,34709.57,yes,yes,yes,cellular,dec,15,124,5,3,success,128,no
2163,management,single,secondary,65,999.01,yes,no,yes,unknown,apr,3,471,2,8,unknown,-1,no
2164,student,single,secondary,70,48715.24,yes,yes,no,unknown,may,7,1477,15,3,unknown,75,no
2165,self-employed,divorced,secondary,70,25161.26,yes,no,yes,cellular,mar,8,78,12,3,unknown,16,no
2166,management,married,primary,36,23416.49,yes,no,no,unknown,nov,6,1167,13,6,failure,198,no
2167,unemployed,divorced,secondary,54,10918.44,yes,no,no,unknown,apr,12,1571,4,8,success,331,no
2168,technician,single,secondary,28,31575.82,no,yes,no,cellular,sep,16,1408,19,1,unknown,-1,no
2169,management,married,unknown,75,36736.86,yes,no,no,telephone,sep,20,1766,3,3,failure,-1,no
2170,blue-collar,married,unknown,69,-470.0,no,yes,yes,cellular,may,28,1329,11,2,failure,309,yes
2171,management,single,secondary,88,37782.37,no,yes,no,unknown,dec,8,847,12,8,failure,109,no
2172,unemployed,single,unknown,71,45294.32,no,no,no,unknown,nov,24,736,12,10,failure,281,yes
2173,admin.,divorced,secondary,94,9314.02,no,no,no,telephone,dec,23,1662,14,2,unknown,205,no
2174,self-employed,single,primary,21,40939.94,no,no,no,unknown,nov,3,874,7,8,other,384,no
2175,unknown,divorced,secondary,39,36272.85,no,yes,no,telephone,nov,12,767,2,7,failure,108,no
2176,self-employed,divorced,tertiary,69,5250.86,yes,no,no,cellular,oct,16,1246,19,6,success,273,no
2177,unknown,single,tertiary,38,567.04,no,no,no,unknown,apr,28,1646,10,2,success,79,no
2178,unemployed,married,tertiary,50,31881.8,yes,no,no,cellular,jan,11,670,2,4,failure,-1,no
2179,entrepreneur,divorced,primary,83,33697.02,yes,no,yes,unknown,oct,8,1625,12,3,success,383,no
2180,retired,divorced,unknown,22,23167.22,no,no,yes,telephone,jul,27,527,20,3,failure,-1,no
2181,retired,single,unknown,89,27763.08,no,yes,yes,cellular,oct,27,1548,1,1,unknown,246,no
2182,management,married,secondary,93,24185.86,yes,yes,yes,telephone,jan,18,1481,11,1,failure,217,no
2183,entrepreneur,divorced,secondary,86,35034.54,yes,no,yes,telephone,oct,16,53,15,10,failure,255,no
2184,entrepreneur,married,secondary,27,12.73,no,no,yes,unknown,oct,15,451,18,0,failure,-1,no
2185,management,divorced,unknown,71,38883.7,yes,no,yes,telephone,mar,4,1792,15,8,unknown,-1,no
2186,admin.,single,tertiary,43,34492.2,yes,no,no,cellular,mar,6,1876,13,6,other,307,no
2187,unknown,married,primary,19,10558.66,yes,yes,no,telephone,jun,5,1540,6,4,other,112,no
2188,admin.,married,primary,90,31165.59,yes,no,no,unknown,sep,15,710,19,7,failure,317,no
2189,retired,married,unknown,85,919.6,no,yes,yes,cellular,jan,2,1567,20,5,other,-1,no
2190,unemployed,divorced,primary,75,42502.76,no,yes,no,cellular,jun,14,1393,10,6,success,-1,no
2191,unemployed,married,secondary,77,14147.8,no,yes,yes,telephone,jan,28,655,17,2,unknown,-1,no
2192,technician,divorced,unknown,20,21942.38,yes,yes,yes,telephone,apr,9,435,20,7,unknown,326,no
2193,blue-collar,divorced,secondary,33,8821.38,no,yes,no,unknown,dec,21,1699,20,2,other,162,yes
2194,entrepreneur,married,secondary,21,37635.11,no,no,no,telephone,may,11,305,18,9,unknown,-1,yes
2195,admin.,divorced,primary,71,24489.82,yes,yes,no,cellular,jul,22,1670,18,7,success,113,no
2196,services,single,tertiary,61,21718.52,yes,no,no,telephone,sep,10,228,8,2,failure,324,no
2197,self-employed,married,tertiary,67,30852.09,no,yes,no,unknown,dec,12,1367,14,0,failure,58,yes
2198,student,married,unknown,50,24445.49,yes,no,no,unknown,feb,27,1341,20,2,failure,-1,no
2199,entrepreneur,divorced,unknown,88,13640.77,yes,yes,no,telephone,apr,7,827,14,6,failure,-1,no
2200,services,single,unknown,28,7894.15,no,no,yes,cellular,feb,4,1866,4,10,success,199,yes
2201,technician,single,tertiary,27,17712.91,no,no,no,telephone,mar,16,889,6,7,unknown,-1,no
2202,services,single,secondary,71,36140.56,yes,no,no,cellular,nov,8,1712,15,9,other,306,no
2203,unemployed,divorced,tertiary,28,23906.9,yes,no,no,unknown,sep,17,1210,5,0,failure,119,yes
2204,self-employed,divorced,unknown,81,18832.52,no,no,yes,unknown,aug,1,745,16,0,failure,22,no
2205,services,divorced,secondary,41,45934.12,no,yes,no,unknown,oct,13,1921,12,7,unknown,248,no
2206,unemployed,divorced,tertiary,46,20639.68,yes,yes,yes,unknown,may,12,696,9,4,success,51,no
2207,unemployed,divorced,secondary,48,13396.58,no,no,yes,unknown,nov,8,1619,5,5,failure,-1,no
2208,self-employed,single,primary,59,-1409.2,no,yes,yes,telephone,mar,26,347,7,6,failure,256,no
2209,self-employed,divorced,tertiary,66,35423.42,yes,yes,no,cellular,jun,26,1178,16,1,failure,25,no
2210,management,married,secondary,30,48640.64,no,no,no,telephone,apr,10,1697,17,4,other,-1,no
2211,entrepreneur,single,primary,83,3663.04,no,yes,no,cellular,feb,2,1564,6,9,unknown,19,no
2212,services,single,primary,45,33470.9,no,no,yes,telephone,feb,26,745,7,3,unknown,-1,yes
2213,retired,single,secondary,53,1671.93,no,yes,yes,cellular,mar,11,604,5,6,unknown,14,no
2214,entrepreneur,divorced,tertiary,87,14060.9,no,no,yes,telephone,jul,23,1766,19,0,failure,-1,no
2215,admin.,single,secondary,19,47774.96,no,yes,no,cellular,aug,24,1565,19,7,other,-1,yes
2216,student,single,primary,24,35922.3,no,yes,yes,telephone,sep,18,721,7,4,unknown,388,no
2217,self-employed,married,primary,41,26067.08,yes,no,no,cellular,aug,17,1725,10,10,failure,262,no
2218,student,single,unknown,95,9938.94,no,yes,no,telephone,may,1,1512,4,8,failure,-1,no
2219,management,married,secondary,73,46717.47,yes,no,yes,cellular,sep,16,948,17,0,failure,-1,no
2220,self-employed,married,primary,38,44294.61,yes,no,no,cellular,dec,6,137,4,2,failure,308,no
2221,services,divorced,secondary,88,32429.41,yes,yes,yes,unknown,jun,14,1763,19,2,unknown,149,no
2222,blue-collar,married,unknown,93,24926.55,no,no,no,unknown,mar,18,234,7,3,failure,-1,no
2223,blue-collar,divorced,secondary,69,32469.39,no,no,no,unknown,jul,18,1728,7,0,success,30,no
2224,technician,single,primary,77,34207.97,yes,yes,no,telephone,apr,18,582,17,4,other,-1,no
2225,housemaid,single,tertiary,81,21658.07,yes,no,no,cellular,oct,25,1354,10,1,failure,-1,no
2226,entrepreneur,divorced,unknown,44,22740.2,yes,no,no,telephone,mar,14,1942,2,2,other,128,yes
2227,services,divorced,secondary,57,1265.63,yes,no,no,unknown,oct,2,1862,10,9,unknown,51,no
2228,technician,divorced,secondary,28,25038.58,yes,yes,no,telephone,mar,11,719,12,1,failure,157,no
2229,entrepreneur,married,tertiary,62,23752.78,yes,yes,yes,unknown,jul,12,1308,3,1,other,105,no
2230,technician,divorced,unknown,39,43085.81,yes,yes,yes,telephone,oct,26,640,2,5,success,-1,no
2231,services,married,secondary,82,60.42,yes,yes,no,unknown,mar,20,707,17,4,unknown,270,no
2232,technician,divorced,primary,20,12900.97,no,yes,yes,cellular,jun,19,74,1,3,success,166,yes
2233,retired,single,secondary,53,21071.63,no,no,yes,telephone,jun,11,1136,11,10,success,329,no
2234,admin.,single,unknown,94,42442.76,yes,yes,yes,telephone,apr,23,1000,14,7,success,-1,no
2235,self-employed,divorced,primary,50,23236.62,yes,no,yes,cellular,jun,18,318,13,3,unknown,324,no
2236,technician,single,secondary,81,32299.21,yes,yes,yes,telephone,may,3,1293,8,0,unknown,137,no
2237,student,single,primary,29,36707.29,yes,no,yes,unknown,dec,27,1574,9,8,unknown,74,no
2238,housemaid,single,unknown,50,19500.95,yes,yes,no,unknown,oct,21,101,7,9,unknown,129,no
2239,entrepreneur,divorced,secondary,35,3667.68,yes,yes,yes,unknown,oct,4,868,6,10,other,244,no
2240,blue-collar,divorced,tertiary,72,31005.75,yes,yes,no,unknown,jul,8,1753,10,4,failure,-1,yes
2241,student,single,tertiary,69,29153.4,no,no,yes,unknown,aug,13,754,5,10,unknown,265,yes
2242,unknown,divorced,primary,80,37291.63,yes,yes,no,cellular,may,28,188,13,10,success,-1,no
2243,blue-collar,single,primary,28,37807.1,yes,yes,yes,cellular,aug,24,1818,16,1,other,-1,no
2244,housemaid,married,secondary,34,28406.48,yes,yes,no,unknown,may,7,553,12,7,success,347,no
2245,self-employed,single,tertiary,64,29645.84,no,no,no,cellular,mar,17,1540,1,9,other,240,no
2246,admin.,single,primary,33,9869.2,yes,yes,yes,cellular,jan,3,1879,17,5,unknown,-1,no
2247,blue-collar,single,tertiary,81,13926.33,yes,yes,no,unknown,feb,16,1990,13,10,other,-1,no
2248,unknown,married,secondary,76,36953.26,no,no,yes,telephone,apr,11,160,14,7,unknown,1,no
2249,self-employed,married,unknown,60,2049.24,yes,no,yes,telephone,jul,23,706,15,8,failure,57,no
2250,technician,single,unknown,50,987.72,no,no,no,unknown,aug,13,84,18,1,failure,58,no
2251,housemaid,single,secondary,47,41668.3,no,yes,yes,unknown,mar,27,864,4,1,unknown,383,yes
2252,technician,married,tertiary,92,27527.95,no,yes,yes,unknown,oct,20,1685,4,3,other,-1,no
2253,entrepreneur,married,secondary,64,45839.52,yes,yes,no,telephone,jan,17,35,13,3,other,224,no
2254,housemaid,divorced,secondary,30,20312.97,yes,yes,no,telephone,aug,13,1658,9,2,failure,35,no
2255,blue-collar,divorced,secondary,54,36540.1,no,no,yes,unknown,dec,6,1111,9,6,unknown,86,no
2256,self-employed,single,tertiary,80,15591.99,yes,yes,yes,telephone,sep,6,1946,20,0,other,18,no
2257,services,divorced,primary,75,12619.55,yes,no,no,telephone,jan,3,1001,20,1,other,-1,no
2258,technician,married,secondary,84,27687.4,yes,no,yes,cellular,oct,10,1639,9,8,unknown,256,no
2259,admin.,single,unknown,33,-1476.51,no,no,no,unknown,aug,11,1292,10,9,other,-1,no
2260,retired,divorced,primary,71,13944.1,no,no,no,unknown,feb,28,578,16,0,failure,265,no
2261,admin.,divorced,secondary,48,17370.27,no,no,yes,unknown,nov,8,936,20,0,other,-1,no
2262,blue-collar,single,primary,72,1442.2,yes,no,no,cellular,apr,11,1505,13,10,unknown,160,no
2263,blue-collar,married,primary,32,19719.0,no,yes,no,cellular,mar,27,404,18,4,success,167,no
2264,management,married,primary,69,34312.29,yes,yes,no,cellular,may,27,816,7,5,success,-1,no
2265,self-employed,single,tertiary,95,43745.84,no,no,yes,unknown,jan,1,482,1,10,failure,223,no
2266,admin.,married,secondary,56,13468.43,yes,no,no,telephone,jun,21,424,11,2,other,-1,no
2267,self-employed,single,primary,42,45910.01,no,yes,no,cellular,sep,20,1673,6,8,other,381,no
2268,housemaid,married,secondary,56,2122.92,yes,no,no,telephone,nov,27,269,11,6,success,222,no
2269,blue-collar,divorced,secondary,88,18357.94,yes,yes,no,cellular,sep,3,720,12,10,unknown,394,no
2270,unemployed,married,tertiary,26,1528.45,yes,no,no,telephone,feb,11,909,10,10,success,-1,no
2271,technician,divorced,tertiary,43,30274.6,no,yes,yes,cellular,nov,7,1459,20,6,failure,-1,no
2272,management,single,primary,78,8149.57,no,yes,yes,telephone,feb,5,927,15,9,unknown,217,no
2273,retired,divorced,unknown,69,49814.39,yes,no,yes,unknown,aug,1,559,17,4,other,46,no
2274,retired,divorced,tertiary,22,27070.42,yes,no,yes,telephone,jan,4,796,11,6,other,-1,no
2275,services,married,unknown,87,39093.78,no,no,yes,cellular,mar,3,11,11,4,other,334,no
2276,management,divorced,tertiary,49,7705.35,yes,no,yes,cellular,nov,10,1767,4,0,success,57,no
2277,housemaid,divorced,unknown,68,37748.92,no,no,no,unknown,jul,18,633,17,10,unknown,-1,no
2278,management,married,tertiary,74,23311.45,no,no,no,cellular,mar,6,1787,2,3,other,370,no
2279,unemployed,single,primary,27,3281.64,yes,yes,yes,cellular,feb,17,1607,2,10,other,20,no
2280,self-employed,divorced,secondary,24,15512.85,yes,yes,yes,cellular,oct,1,882,9,5,unknown,-1,no
2281,blue-collar,married,tertiary,57,29655.06,yes,no,yes,telephone,feb,17,1734,15,10,success,65,no
2282,self-employed,single,primary,47,36450.13,yes,yes,no,telephone,mar,5,1258,10,7,failure,-1,no
2283,housemaid,divorced,primary,44,14665.76,yes,yes,yes,unknown,jun,26,378,13,5,unknown,255,no
2284,admin.,divorced,tertiary,69,17683.11,no,yes,no,unknown,jan,21,1362,18,0,failure,-1,no
2285,retired,single,tertiary,86,293.42,no,yes,no,unknown,sep,27,512,12,2,success,364,no
2286,unknown,married,unknown,86,22699.24,no,yes,yes,unknown,dec,12,1873,12,6,failure,-1,no
2287,self-employed,divorced,tertiary,80,24447.47,no,yes,yes,unknown,oct,20,1561,11,0,unknown,102,no
2288,technician,single,primary,87,29975.38,no,no,no,telephone,dec,27,946,1,7,success,126,no
2289,unknown,single,secondary,36,39014.41,no,no,yes,cellular,apr,22,1755,12,9,failure,-1,no
2290,retired,single,primary,23,4220.89,no,no,no,cellular,feb,5,1388,12,2,unknown,397,no
2291,admin.,married,tertiary,44,11788.45,yes,yes,no,cellular,sep,28,1709,11,2,other,235,no
2292,housemaid,divorced,unknown,28,13784.02,yes,no,yes,telephone,nov,16,1494,15,1,unknown,199,no
2293,unemployed,divorced,unknown,95,26393.29,yes,yes,yes,telephone,apr,8,1634,13,7,unknown,-1,no
2294,student,divorced,secondary,33,36309.7,no,no,no,telephone,nov,3,107,20,2,success,-1,no
2295,unknown,divorced,secondary,79,39965.4,yes,yes,no,telephone,sep,2,149,10,0,unknown,232,no
2296,housemaid,married,secondary,40,12174.36,no,no,no,unknown,jul,6,368,7,7,other,-1,yes
2297,unknown,married,primary,21,33357.75,yes,yes,yes,cellular,may,24,1323,10,2,success,200,no
2298,management,single,primary,35,48032.56,no,no,no,cellular,jun,12,512,13,6,success,287,no
2299,student,married,tertiary,82,15578.95,yes,yes,yes,cellular,jan,27,377,17,2,unknown,240,no
2300,technician,married,secondary,84,35568.12,yes,yes,no,unknown,jul,11,532,15,1,other,142,no
2301,unemployed,divorced,primary,23,17156.91,yes,no,yes,telephone,oct,23,1420,3,9,other,178,no
2302,unknown,married,primary,58,27608.51,yes,yes,no,telephone,apr,25,1528,20,8,other,384,no
2303,housemaid,married,primary,63,7427.61,no,no,yes,telephone,oct,27,1112,4,8,other,201,no
2304,entrepreneur,divorced,tertiary,41,15568.95,yes,no,no,cellular,nov,17,1149,4,5,other,20,no
2305,blue-collar,divorced,tertiary,26,26784.33,no,no,no,telephone,jan,24,916,11,3,other,382,no
2306,blue-collar,married,secondary,68,20191.59,yes,yes,no,telephone,nov,26,1001,5,5,unknown,-1,no
2307,admin.,single,tertiary,89,-569.7,no,no,no,cellular,feb,18,815,18,5,failure,-1,no
2308,management,single,unknown,35,1094.72,no,no,yes,unknown,dec,10,134,9,7,other,250,no
2309,blue-collar,divorced,tertiary,52,40000.64,no,no,no,cellular,jan,21,1624,2,9,unknown,-1,no
2310,retired,married,primary,43,-1947.14,yes,no,yes,cellular,oct,4,130,2,5,other,-1,no
2311,unemployed,divorced,tertiary,28,9132.46,no,yes,yes,unknown,jan,14,474,8,7,other,-1,no
2312,unknown,married,secondary,46,46873.9,yes,no,yes,telephone,mar,12,265,18,10,failure,-1,yes
2313,housemaid,divorced,tertiary,18,13519.09,no,yes,no,telephone,feb,20,210,7,6,failure,-1,no
2314,admin.,married,secondary,41,16438.67,no,yes,no,telephone,jul,22,1127,16,6,failure,349,no
2315,technician,divorced,tertiary,82,15991.74,yes,yes,no,cellular,aug,21,1115,14,8,unknown,6,no
2316,technician,divorced,secondary,83,6643.82,yes,yes,no,telephone,oct,19,1608,17,4,success,185,no
2317,admin.,single,primary,63,18739.0,yes,no,no,cellular,dec,18,723,4,9,failure,-1,no
2318,housemaid,married,secondary,73,2875.22,no,yes,yes,telephone,jan,26,1919,17,8,success,94,no
2319,technician,married,tertiary,33,7962.79,yes,yes,no,unknown,apr,20,352,18,8,success,118,no
2320,entrepreneur,divorced,unknown,67,28373.29,yes,no,no,unknown,may,22,1729,18,10,success,6,no
2321,entrepreneur,divorced,unknown,74,42170.28,yes,no,yes,cellular,jun,8,1343,7,8,success,189,no
2322,unknown,divorced,secondary,76,4814.69,no,yes,no,telephone,jun,19,1490,9,3,success,109,no
2323,unknown,single,primary,21,22309.9,yes,yes,yes,cellular,oct,3,1933,1,7,other,-1,no
2324,retired,married,tertiary,78,3560.86,no,yes,yes,cellular,apr,6,319,12,9,failure,84,no
2325,admin.,divorced,secondary,88,7788.5,no,no,yes,cellular,oct,22,1353,8,7,success,277,no
2326,management,married,unknown,66,48313.04,no,no,yes,telephone,sep,17,1885,11,6,unknown,-1,no
2327,retired,married,tertiary,72,37182.81,yes,yes,yes,unknown,sep,22,720,13,4,success,217,no
2328,student,married,secondary,95,5567.86,no,yes,yes,unknown,nov,9,1349,15,3,success,170,no
2329,self-employed,divorced,unknown,28,47939.88,yes,yes,no,cellular,dec,18,1006,3,8,unknown,-1,no
2330,unknown,married,unknown,42,42704.36,yes,no,no,cellular,aug,25,460,8,3,success,363,yes
2331,blue-collar,married,unknown,69,47414.87,no,yes,no,cellular,may,4,656,15,8,other,371,no
2332,housemaid,married,tertiary,22,10979.66,yes,yes,no,telephone,jun,11,196,8,10,other,356,no
2333,blue-collar,married,unknown,39,2854.18,yes,yes,yes,telephone,mar,23,420,13,10,failure,46,no
2334,retired,married,tertiary,24,5011.71,no,yes,yes,unknown,jan,17,1506,5,1,unknown,243,no
2335,student,single,secondary,23,13894.15,yes,no,no,telephone,jun,26,290,5,3,success,231,no
2336,admin.,divorced,tertiary,89,41235.45,no,no,yes,cellular,oct,15,1694,9,9,unknown,135,no
2337,unknown,married,primary,53,36638.46,no,no,yes,unknown,oct,26,319,2,10,unknown,-1,no
2338,unknown,divorced,primary,28,48.85,yes,yes,yes,unknown,sep,27,1281,16,6,other,-1,no
2339,blue-collar,single,tertiary,18,2520.22,yes,yes,no,telephone,sep,27,406,19,4,failure,-1,no
2340,management,single,tertiary,37,21636.1,no,yes,no,telephone,feb,24,785,8,6,other,-1,no
2341,unknown,divorced,tertiary,77,17741.98,yes,yes,yes,telephone,nov,13,1793,9,7,other,277,no
2342,technician,married,tertiary,41,47872.78,no,no,no,telephone,jun,23,424,20,6,failure,259,yes
2343,self-employed,single,primary,47,12873.46,no,no,yes,telephone,sep,14,1204,17,9,failure,93,no
2344,admin.,single,primary,51,32156.62,yes,yes,no,unknown,mar,12,997,11,2,failure,179,no
2345,entrepreneur,divorced,tertiary,81,8638.81,yes,no,yes,cellular,may,7,1586,9,0,unknown,359,no
2346,retired,divorced,tertiary,74,47166.06,no,yes,yes,unknown,dec,9,1295,17,4,failure,218,no
2347,unknown,single,unknown,48,25949.99,yes,yes,no,unknown,jun,6,663,14,6,success,-1,no
2348,services,single,unknown,44,16213.38,no,no,no,telephone,aug,18,216,10,2,unknown,146,yes
2349,admin.,married,secondary,60,41998.11,yes,no,yes,cellular,aug,8,1152,17,6,other,275,no
2350,housemaid,divorced,secondary,91,32745.24,no,yes,yes,unknown,mar,14,673,4,0,success,232,no
2351,unemployed,single,secondary,94,37679.54,yes,no,yes,cellular,may,28,1453,6,6,failure,372,no
2352,unknown,single,primary,27,21365.07,yes,yes,no,cellular,may,16,1922,11,0,unknown,-1,no
2353,blue-collar,divorced,tertiary,79,48756.32,yes,no,yes,telephone,apr,24,1364,12,0,success,287,no
2354,services,single,primary,44,48662.79,yes,yes,yes,telephone,jan,6,332,9,4,unknown,-1,no
2355,housemaid,divorced,unknown,83,15158.51,yes,yes,yes,cellular,may,7,1913,15,8,unknown,379,no
2356,services,divorced,secondary,30,23669.23,no,no,yes,telephone,aug,16,1807,4,7,other,-1,no
2357,admin.,married,unknown,48,12347.24,no,no,no,telephone,jan,25,1483,10,9,unknown,-1,no
2358,services,married,primary,77,10331.22,yes,no,no,cellular,jan,5,261,15,7,success,85,no
2359,blue-collar,married,secondary,62,3809.43,yes,no,no,telephone,jan,25,376,16,2,other,79,no
2360,management,married,primary,70,310.56,yes,no,yes,cellular,apr,13,191,3,0,unknown,261,no
2361,entrepreneur,single,primary,30,23835.1,no,yes,no,unknown,may,11,183,7,3,failure,-1,no
2362,unemployed,divorced,tertiary,94,5810.1,no,yes,no,unknown,feb,2,267,1,7,other,81,no
2363,services,single,unknown,39,12453.01,no,no,yes,unknown,jan,13,624,4,10,other,-1,no
2364,admin.,single,tertiary,34,13526.41,yes,yes,yes,unknown,feb,5,1122,13,1,success,365,no
2365,technician,married,primary,33,18866.73,no,yes,no,cellular,aug,28,1290,13,2,success,63,no
2366,student,married,tertiary,87,8291.57,yes,yes,yes,unknown,jun,20,722,11,9,other,-1,no
2367,entrepreneur,single,secondary,55,44265.2,yes,no,yes,cellular,sep,28,501,1,9,failure,9,no
2368,blue-collar,married,unknown,59,12962.86,yes,no,no,cellular,oct,5,1950,18,3,unknown,227,no
2369,technician,married,unknown,85,19423.73,no,yes,yes,telephone,jul,22,1046,14,6,other,237,no
2370,housemaid,divorced,unknown,80,47822.14,yes,yes,yes,telephone,oct,13,136,13,2,unknown,258,no
2371,admin.,divorced,unknown,34,24187.97,no,yes,no,cellular,dec,11,247,16,7,success,-1,no
2372,unemployed,divorced,unknown,56,-326.29,no,no,no,unknown,oct,10,887,14,6,unknown,-1,no
2373,services,married,primary,75,47715.37,no,no,no,cellular,nov,12,1934,6,10,failure,-1,yes
2374,management,single,secondary,65,17903.25,no,no,yes,telephone,dec,27,372,5,3,failure,-1,no
2375,retired,married,primary,81,31571.24,no,yes,no,cellular,nov,13,1533,13,2,other,258,no
2376,blue-collar,single,secondary,95,-1697.6,no,no,no,cellular,may,8,78,14,10,other,237,no
2377,entrepreneur,divorced,tertiary,45,26227.21,no,no,yes,telephone,apr,8,1638,19,0,success,388,no
2378,housemaid,divorced,unknown,95,49045.18,yes,no,yes,unknown,oct,9,1624,9,8,other,172,no
2379,unemployed,single,unknown,87,19919.32,yes,no,no,cellular,dec,24,1017,8,7,unknown,297,no
2380,blue-collar,married,primary,51,46498.18,no,yes,yes,telephone,sep,20,1470,2,9,unknown,356,no
2381,student,single,tertiary,26,40392.21,yes,yes,no,telephone,jun,13,1273,13,4,unknown,-1,no
2382,management,married,primary,63,8729.94,yes,no,yes,unknown,apr,10,1892,4,6,success,382,no
2383,services,married,tertiary,33,2137.58,yes,yes,yes,unknown,nov,16,1059,12,6,other,-1,no
2384,unemployed,married,primary,84,42572.23,yes,no,yes,telephone,feb,7,727,7,0,unknown,226,no
2385,technician,single,primary,63,27116.07,no,yes,yes,unknown,dec,20,440,4,2,unknown,295,no
2386,retired,divorced,unknown,87,6359.21,yes,no,no,unknown,may,14,835,4,3,other,350,no
2387,management,divorced,tertiary,74,31849.82,yes,yes,no,unknown,jun,17,941,19,4,success,-1,no
2388,entrepreneur,married,primary,45,12040.89,no,yes,no,cellular,dec,1,530,17,1,success,233,no
2389,management,divorced,secondary,34,2810.22,yes,no,yes,telephone,jun,1,483,5,10,other,-1,no
2390,unemployed,single,secondary,45,24262.25,yes,no,no,unknown,sep,6,275,3,7,other,30,no
2391,unemployed,divorced,tertiary,55,470.36,yes,yes,yes,unknown,oct,2,1001,13,8,unknown,334,no
2392,unknown,single,primary,62,24930.13,no,no,yes,cellular,jun,10,122,9,6,failure,191,no
2393,admin.,divorced,secondary,71,48783.18,no,no,yes,unknown,jul,7,866,13,4,failure,6,no
2394,self-employed,single,secondary,26,31516.84,no,yes,no,cellular,dec,9,1418,7,0,unknown,271,no
2395,technician,divorced,tertiary,54,19842.26,yes,yes,yes,cellular,feb,12,711,1,2,failure,-1,no
2396,blue-collar,married,primary,37,5561.36,no,yes,no,cellular,apr,28,1380,13,1,failure,69,no
2397,housemaid,married,primary,48,24452.6,yes,no,no,cellular,oct,4,1181,16,0,failure,17,no
2398,retired,married,unknown,64,799.49,no,no,no,unknown,may,7,522,18,8,success,254,no
2399,housemaid,single,unknown,74,3835.24,yes,yes,no,unknown,jun,25,1224,7,9,failure,-1,no
2400,unknown,single,unknown,69,15355.12,yes,yes,no,unknown,may,22,1327,9,9,unknown,12,no
2401,management,married,tertiary,29,28064.66,yes,no,no,unknown,aug,6,1283,11,7,other,-1,no
2402,management,single,secondary,20,12484.65,yes,no,yes,unknown,may,13,37,10,1,unknown,132,no
2403,entrepreneur,divorced,tertiary,73,43058.97,no,no,no,unknown,feb,1,747,6,5,unknown,46,no
2404,entrepreneur,divorced,primary,75,12994.39,yes,no,no,cellular,sep,24,652,20,2,failure,-1,no
2405,unemployed,married,unknown,65,23329.51,yes,yes,no,unknown,nov,24,1814,16,6,failure,-1,no
2406,retired,married,secondary,51,45083.74,no,yes,no,unknown,nov,20,507,2,2,failure,235,no
2407,services,married,primary,85,11657.11,yes,no,yes,unknown,oct,19,821,8,3,failure,-1,no
2408,entrepreneur,divorced,tertiary,88,20481.21,no,yes,no,cellular,aug,8,1557,19,3,unknown,198,yes
2409,retired,divorced,unknown,90,28259.32,yes,yes,no,telephone,jan,11,604,20,7,success,174,no
2410,services,divorced,unknown,55,37839.2,no,yes,no,telephone,apr,15,442,3,0,other,-1,no
2411,housemaid,married,tertiary,23,45076.6,no,yes,yes,unknown,may,25,718,20,4,unknown,329,no
2412,unknown,married,secondary,30,43634.12,no,yes,no,telephone,mar,20,1872,14,2,other,153,no
2413,unknown,divorced,primary,77,6254.5,yes,no,yes,unknown,jun,6,919,16,4,failure,188,no
2414,housemaid,divorced,primary,26,29965.89,no,no,yes,unknown,aug,14,916,10,9,unknown,-1,no
2415,student,divorced,primary,60,44931.44,yes,no,yes,unknown,may,24,1816,13,2,other,-1,no
2416,services,divorced,primary,87,5258.82,no,yes,no,unknown,aug,21,611,19,4,unknown,-1,no
2417,services,divorced,unknown,49,30806.25,yes,yes,yes,telephone,oct,8,1094,1,2,other,251,no
2418,blue-collar,divorced,tertiary,82,40196.22,no,yes,yes,unknown,jun,14,612,7,3,unknown,325,no
2419,retired,single,tertiary,39,1829.3,yes,no,yes,unknown,aug,27,611,14,8,failure,212,no
2420,entrepreneur,married,secondary,69,17162.84,yes,yes,no,cellular,aug,5,1537,20,1,other,11,no
2421,management,single,primary,21,36626.07,no,no,yes,telephone,aug,25,1069,2,0,success,392,no
2422,blue-collar,single,unknown,61,44276.34,yes,no,no,telephone,feb,20,1062,11,0,other,180,no
2423,housemaid,divorced,unknown,47,3521.02,no,yes,yes,unknown,mar,15,1471,17,7,unknown,225,no
2424,retired,single,unknown,30,17163.05,no,no,no,telephone,nov,5,1574,15,0,failure,300,no
2425,admin.,single,tertiary,67,23536.67,yes,yes,yes,unknown,oct,25,498,6,2,unknown,177,no
2426,student,single,tertiary,61,42630.79,yes,yes,yes,telephone,jan,24,1564,10,2,failure,-1,no
2427,self-employed,married,unknown,20,12397.97,yes,no,yes,unknown,nov,11,1851,10,2,success,257,no
2428,services,divorced,secondary,50,9116.23,no,no,yes,cellular,mar,9,1179,5,3,unknown,378,no
2429,retired,divorced,primary,52,42106.11,yes,no,no,cellular,sep,16,383,16,8,success,4,no
2430,self-employed,divorced,tertiary,30,48710.16,yes,no,no,cellular,jun,13,949,9,3,other,266,no
2431,unknown,married,primary,42,17656.27,yes,no,no,cellular,feb,6,835,4,5,unknown,-1,no
2432,services,single,primary,83,10568.24,no,no,no,cellular,oct,26,1715,16,1,unknown,-1,no
2433,admin.,single,tertiary,22,42778.73,no,yes,no,telephone,may,20,962,9,3,unknown,265,no
2434,entrepreneur,married,unknown,65,22583.54,yes,yes,no,cellular,mar,5,153,18,1,unknown,208,yes
2435,entrepreneur,married,secondary,72,18785.87,no,no,yes,unknown,dec,15,910,7,3,unknown,100,yes
2436,self-employed,divorced,secondary,70,10700.21,yes,yes,yes,cellular,sep,2,61,6,10,success,-1,no
2437,unknown,divorced,unknown,68,41732.73,yes,no,yes,cellular,nov,5,990,3,9,success,130,no
2438,blue-collar,married,unknown,31,7470.73,no,yes,yes,cellular,aug,14,555,9,4,failure,-1,no
2439,admin.,single,tertiary,27,12946.45,no,yes,yes,telephone,sep,1,819,4,4,failure,227,no
2440,admin.,divorced,primary,73,15047.36,yes,no,yes,cellular,aug,24,1796,3,7,failure,60,no
2441,admin.,single,unknown,70,12905.69,no,no,yes,telephone,apr,1,220,11,10,failure,-1,no
2442,services,single,unknown,39,21484.28,yes,no,no,cellular,apr,12,1571,1,4,other,43,no
2443,admin.,single,tertiary,61,29037.5,yes,no,no,unknown,nov,20,864,10,7,success,143,no
2444,housemaid,divorced,secondary,45,34524.83,yes,yes,yes,unknown,aug,3,825,12,7,failure,275,no
2445,unemployed,single,primary,54,6458.47,no,yes,yes,telephone,may,6,1133,4,6,success,7,no
2446,unemployed,divorced,secondary,48,48158.43,no,yes,yes,unknown,jul,28,1009,11,5,other,-1,no
2447,services,single,unknown,80,44843.44,no,no,no,telephone,jul,3,14,8,9,unknown,276,no
2448,unemployed,divorced,primary,54,1046.86,no,no,yes,cellular,apr,27,1860,5,3,success,-1,no
2449,management,single,tertiary,83,47791.12,yes,yes,yes,telephone,aug,10,659,10,9,other,179,no
2450,retired,single,tertiary,39,36069.48,yes,no,yes,telephone,dec,5,1942,8,6,failure,398,no
2451,technician,divorced,unknown,55,15740.84,no,yes,no,unknown,jun,7,1967,6,3,success,118,no
2452,student,married,secondary,75,4271.61,yes,yes,yes,unknown,jul,11,73,2,5,failure,-1,no
2453,unemployed,single,unknown,84,-1829.47,no,no,no,telephone,apr,15,1385,2,1,other,-1,no
2454,technician,married,primary,77,-1293.49,no,no,yes,cellular,sep,14,1213,5,10,failure,7,no
2455,student,single,tertiary,88,25314.41,no,no,no,telephone,sep,26,1852,3,9,failure,-1,no
2456,management,married,secondary,56,45851.3,no,no,yes,telephone,sep,13,54,1,4,unknown,379,no
2457,technician,married,secondary,33,25534.8,no,yes,yes,telephone,sep,13,1933,6,6,unknown,-1,no
2458,admin.,married,primary,28,5691.43,yes,no,no,unknown,dec,21,1039,9,6,unknown,51,no
2459,student,divorced,secondary,79,36308.69,yes,yes,no,telephone,may,15,371,17,8,failure,50,no
2460,technician,single,unknown,79,36178.94,no,yes,yes,unknown,dec,9,1235,15,4,other,149,no
2461,self-employed,divorced,unknown,39,12309.83,no,yes,no,telephone,nov,17,278,6,4,unknown,324,no
2462,services,single,secondary,80,26700.16,no,no,yes,unknown,jul,7,1160,16,2,success,-1,no
2463,housemaid,single,secondary,66,24903.44,yes,yes,yes,telephone,sep,6,1286,5,4,other,317,no
2464,unknown,divorced,unknown,19,9357.23,yes,no,no,cellular,sep,10,980,19,5,other,363,yes
2465,blue-collar,married,tertiary,86,27947.83,no,no,no,telephone,jan,8,699,10,5,success,-1,no
2466,management,single,unknown,68,20541.42,no,yes,yes,telephone,jan,3,940,20,1,failure,-1,no
2467,student,single,unknown,58,36100.6,yes,yes,yes,unknown,nov,8,197,20,5,other,347,yes
2468,unemployed,married,tertiary,38,24584.74,no,no,no,unknown,jan,9,1898,17,8,unknown,-1,no
2469,management,divorced,secondary,38,17107.08,yes,no,no,telephone,oct,28,1239,12,6,other,138,yes
2470,retired,single,secondary,49,30328.9,no,no,no,telephone,mar,27,1195,17,0,other,58,no
2471,services,married,tertiary,79,23651.29,yes,no,no,unknown,oct,5,1335,2,9,other,-1,no
2472,self-employed,married,secondary,43,7422.13,yes,no,no,unknown,oct,9,1960,11,3,success,359,no
2473,unknown,married,tertiary,77,39207.36,yes,yes,no,cellular,may,13,67,11,1,unknown,357,no
2474,services,married,unknown,87,46116.59,no,yes,no,telephone,mar,16,237,8,1,other,-1,no
2475,unknown,divorced,unknown,75,42759.5,no,no,yes,cellular,apr,7,1010,9,3,unknown,60,no
2476,unemployed,divorced,unknown,86,38166.19,no,yes,no,telephone,nov,24,963,7,5,failure,-1,no
2477,entrepreneur,divorced,unknown,51,7517.66,yes,yes,no,telephone,jul,20,1524,7,7,success,301,no
2478,entrepreneur,married,unknown,30,40304.92,no,no,no,telephone,may,23,1976,12,0,other,252,no
2479,blue-collar,divorced,tertiary,29,24843.19,yes,yes,no,telephone,jun,27,1665,20,7,unknown,-1,no
2480,admin.,married,unknown,26,25774.43,no,yes,no,cellular,nov,21,1436,9,8,success,-1,no
2481,unknown,married,secondary,29,29021.33,no,yes,yes,telephone,feb,4,1957,17,4,unknown,58,yes
2482,unknown,married,unknown,50,24154.85,yes,no,yes,telephone,aug,23,1334,3,4,success,29,no
2483,housemaid,married,tertiary,58,15504.8,yes,yes,no,telephone,jan,17,425,13,9,success,288,yes
2484,student,married,primary,53,33580.58,no,no,no,cellular,mar,27,703,3,9,success,-1,no
2485,services,single,tertiary,77,36009.82,yes,no,no,cellular,nov,16,883,8,2,success,27,no
2486,blue-collar,married,secondary,68,15423.21,yes,yes,no,cellular,apr,23,456,18,9,other,344,no
2487,entrepreneur,divorced,tertiary,33,4472.67,yes,yes,no,cellular,aug,4,1523,11,2,success,21,no
2488,self-employed,single,secondary,94,496.24,yes,yes,no,unknown,dec,6,675,13,10,unknown,-1,no
2489,housemaid,married,secondary,58,34812.15,yes,yes,no,unknown,sep,15,1474,2,5,success,201,no
2490,student,married,tertiary,95,30428.23,no,yes,yes,cellular,jul,3,320,19,8,failure,-1,no
2491,services,single,secondary,68,23358.5,no,no,no,cellular,apr,3,1274,10,9,success,59,no
2492,admin.,divorced,secondary,47,17560.16,no,yes,no,cellular,jul,19,822,14,4,unknown,189,no
2493,housemaid,married,tertiary,36,33919.03,yes,yes,no,unknown,nov,5,1568,19,6,unknown,275,no
2494,blue-collar,single,primary,63,40776.6,yes,no,yes,cellular,sep,27,839,3,9,success,145,yes
2495,retired,divorced,tertiary,54,31205.33,yes,yes,no,cellular,dec,23,1700,15,5,other,279,no
2496,self-employed,married,tertiary,87,23502.39,no,yes,yes,cellular,jul,6,176,1,5,success,291,no
2497,management,divorced,tertiary,22,24499.3,yes,no,no,unknown,nov,5,804,20,1,unknown,84,yes
2498,unknown,married,tertiary,59,33477.21,yes,yes,no,cellular,dec,13,1651,19,8,other,-1,no
2499,student,single,unknown,68,25104.64,no,yes,no,unknown,may,16,319,6,8,unknown,225,no
2500,student,single,tertiary,70,33702.75,no,yes,yes,telephone,nov,10,970,18,7,failure,-1,no
2501,technician,divorced,secondary,85,21894.88,yes,yes,yes,unknown,sep,18,571,16,10,failure,246,no
2502,entrepreneur,single,tertiary,84,28386.54,yes,no,yes,cellular,oct,14,1242,20,8,success,160,no
2503,self-employed,married,tertiary,29,37777.38,no,no,yes,telephone,jun,5,651,6,2,success,186,no
2504,housemaid,divorced,primary,38,21667.98,yes,no,no,telephone,jun,15,1190,14,6,other,181,no
2505,services,married,secondary,33,7344.79,yes,no,no,telephone,jul,25,1083,8,5,failure,148,no
2506,housemaid,divorced,primary,83,7135.98,no,yes,no,unknown,oct,7,282,17,0,failure,117,no
2507,student,married,tertiary,67,31654.71,no,no,no,cellular,jan,24,1942,4,1,other,321,no
2508,entrepreneur,single,primary,88,33158.22,yes,yes,yes,telephone,sep,25,1130,8,7,unknown,-1,no
2509,student,married,primary,39,6673.59,yes,yes,no,telephone,apr,20,452,7,7,success,396,no
2510,unknown,single,unknown,84,11532.64,no,yes,no,cellular,nov,28,932,4,0,other,-1,no
2511,self-employed,married,secondary,53,31844.19,yes,yes,no,cellular,jan,28,272,2,10,other,291,no
2512,student,married,unknown,59,40965.81,yes,no,no,unknown,nov,11,83,4,10,failure,120,no
2513,housemaid,single,unknown,38,25802.79,yes,yes,yes,telephone,oct,2,861,10,6,failure,24,no
2514,retired,single,unknown,65,5684.42,yes,yes,no,unknown,apr,1,850,1,4,other,-1,no
2515,entrepreneur,married,primary,75,26166.15,no,no,no,unknown,jul,28,1186,2,9,unknown,44,no
2516,retired,single,primary,53,32212.18,yes,yes,yes,unknown,mar,22,215,16,5,other,-1,no
2517,blue-collar,divorced,unknown,76,44687.34,yes,no,yes,telephone,sep,14,466,9,0,other,-1,no
2518,admin.,married,unknown,92,10787.92,yes,no,yes,telephone,nov,24,827,1,7,failure,185,no
2519,management,married,unknown,89,19958.3,yes,yes,no,unknown,jul,17,1360,16,4,unknown,-1,no
2520,retired,single,tertiary,44,37055.19,no,yes,no,unknown,jul,14,661,12,5,unknown,240,no
2521,housemaid,single,tertiary,43,43248.5,no,yes,no,unknown,jun,6,916,12,8,other,8,yes
2522,unknown,single,unknown,56,43404.55,no,no,yes,telephone,may,2,1808,5,0,failure,-1,no
2523,self-employed,single,tertiary,84,10129.49,yes,no,no,cellular,nov,2,635,13,9,success,-1,no
2524,technician,married,tertiary,33,-1551.38,no,no,yes,cellular,feb,11,912,6,1,other,339,no
2525,services,married,secondary,53,30868.45,yes,yes,no,unknown,dec,24,1988,5,3,success,114,no
2526,technician,divorced,unknown,59,16385.95,yes,yes,yes,telephone,sep,9,1171,8,7,failure,388,no
2527,admin.,married,unknown,69,16962.21,no,yes,no,telephone,nov,24,1282,7,3,other,-1,no
2528,blue-collar,married,primary,44,11769.3,yes,no,yes,unknown,oct,9,1234,14,6,other,116,no
2529,retired,single,tertiary,89,6896.27,yes,yes,no,telephone,jan,6,611,13,8,success,-1,no
2530,unknown,single,secondary,59,2661.97,yes,no,yes,telephone,jun,16,975,12,5,unknown,-1,yes
2531,technician,married,unknown,48,4827.83,yes,yes,yes,cellular,apr,26,1986,9,1,failure,-1,no
2532,technician,single,secondary,39,1836.05,yes,yes,no,telephone,dec,18,1886,1,9,unknown,40,no
2533,self-employed,divorced,secondary,35,28616.31,yes,no,yes,unknown,sep,22,1260,10,7,other,398,no
2534,technician,married,primary,95,36226.78,yes,no,no,cellular,nov,3,1959,3,5,unknown,222,no
2535,unknown,single,tertiary,51,26966.4,no,yes,no,telephone,feb,27,757,20,4,failure,371,no
2536,student,single,secondary,31,36474.5,no,no,no,telephone,apr,21,1281,9,7,success,-1,no
2537,housemaid,married,tertiary,34,36103.71,yes,no,no,unknown,apr,7,665,12,0,unknown,130,no
2538,self-employed,divorced,secondary,56,4308.4,no,yes,no,cellular,feb,15,1965,10,7,other,-1,yes
2539,housemaid,divorced,primary,29,12645.06,yes,no,yes,cellular,aug,15,556,11,6,success,187,no
2540,blue-collar,married,primary,37,14772.26,no,no,no,telephone,jan,13,890,3,1,success,-1,yes
2541,technician,married,unknown,80,23510.65,no,yes,no,telephone,may,24,1321,13,1,unknown,158,no
2542,services,divorced,unknown,25,41300.52,yes,no,no,unknown,oct,10,1723,10,1,other,90,no
2543,student,married,secondary,95,37605.82,yes,yes,no,telephone,feb,5,1717,17,1,failure,172,no
2544,services,single,secondary,86,6141.03,no,yes,no,telephone,jun,18,1183,19,8,unknown,-1,no
2545,retired,single,primary,26,35782.14,no,yes,yes,unknown,may,23,546,2,9,unknown,-1,no
2546,entrepreneur,single,unknown,95,13538.12,yes,no,yes,telephone,jun,21,1923,5,0,other,-1,no
2547,admin.,divorced,secondary,47,40430.49,yes,yes,no,cellular,may,16,347,11,9,unknown,262,no
2548,self-employed,married,tertiary,57,30406.48,yes,no,yes,cellular,may,27,1625,4,10,other,-1,no
2549,technician,married,secondary,75,26008.52,yes,yes,no,cellular,jul,15,402,5,0,success,313,no
2550,unemployed,single,primary,46,2794.43,no,no,yes,telephone,apr,17,1758,17,8,unknown,-1,no
2551,blue-collar,divorced,tertiary,86,24818.98,no,yes,no,unknown,jan,15,1769,5,6,unknown,-1,no
2552,retired,married,unknown,86,49675.55,no,yes,yes,unknown,dec,24,1952,9,9,unknown,-1,no
2553,housemaid,married,tertiary,82,33011.3,no,no,no,cellular,jun,26,1860,5,2,failure,17,no
2554,housemaid,single,secondary,76,31861.2,yes,yes,no,telephone,sep,22,1715,19,8,unknown,331,no
2555,blue-collar,single,primary,68,41710.27,yes,no,no,cellular,feb,28,1108,5,5,failure,-1,no
2556,technician,single,unknown,74,38720.81,yes,no,no,cellular,jan,7,1388,8,3,success,94,no
2557,admin.,married,secondary,86,30645.95,no,no,yes,cellular,jan,7,1764,5,4,unknown,-1,yes
2558,student,divorced,tertiary,65,14480.93,no,yes,no,cellular,oct,26,1350,13,0,unknown,-1,no
2559,blue-collar,divorced,primary,52,38720.07,no,no,yes,cellular,oct,4,434,17,8,unknown,297,no
2560,blue-collar,divorced,primary,89,20941.41,yes,yes,yes,telephone,jul,19,587,20,0,failure,297,no
2561,entrepreneur,single,unknown,49,36150.21,no,no,no,cellular,mar,25,1137,12,9,unknown,280,no
2562,retired,divorced,secondary,33,23420.46,yes,no,no,cellular,jan,6,1764,7,6,success,-1,no
2563,housemaid,married,tertiary,33,45188.72,no,no,no,unknown,apr,12,1881,16,7,success,-1,no
2564,unknown,divorced,secondary,46,46218.07,yes,no,no,telephone,nov,9,319,11,8,success,-1,no
2565,retired,married,secondary,82,13751.78,no,no,yes,telephone,jan,17,1020,5,2,other,175,no
2566,retired,single,primary,29,22133.87,no,no,yes,telephone,jun,9,441,6,1,failure,-1,yes
2567,unemployed,married,primary,76,15802.59,no,yes,no,cellular,oct,3,1687,9,2,failure,-1,no
2568,management,married,secondary,42,20229.8,yes,yes,yes,telephone,sep,12,756,15,0,failure,-1,no
2569,technician,married,tertiary,20,33482.26,no,yes,yes,telephone,jan,26,760,3,0,failure,87,no
2570,services,divorced,tertiary,78,42351.72,yes,no,no,cellular,jun,22,1766,19,2,other,-1,no
2571,retired,single,tertiary,46,46296.74,yes,no,no,unknown,jul,25,255,20,4,unknown,67,yes
2572,self-employed,single,tertiary,74,9815.1,yes,yes,no,cellular,feb,27,254,16,7,success,85,no
2573,admin.,single,tertiary,20,10637.84,no,no,yes,cellular,feb,26,747,10,3,unknown,-1,no
2574,self-employed,divorced,secondary,61,42258.18,yes,no,yes,cellular,dec,15,383,10,8,other,16,no
2575,technician,single,primary,59,31021.72,no,no,no,unknown,oct,24,130,6,1,success,-1,no
2576,entrepreneur,married,secondary,38,47871.73,no,yes,no,cellular,dec,19,1934,4,9,other,-1,no
2577,services,single,secondary,21,-609.66,no,no,no,cellular,jan,17,1751,10,3,failure,11,no
2578,management,married,secondary,67,41521.43,yes,yes,no,cellular,sep,19,1228,7,2,other,17,no
2579,unemployed,single,primary,45,5531.99,no,yes,yes,telephone,feb,2,1359,8,5,unknown,-1,no
2580,services,divorced,primary,68,31312.8,no,yes,no,telephone,aug,7,122,15,5,other,113,no
2581,unemployed,married,unknown,44,24354.45,yes,yes,no,unknown,aug,8,1524,19,1,success,173,no
2582,admin.,single,primary,21,47435.85,no,yes,yes,cellular,mar,4,1282,5,5,failure,189,no
2583,self-employed,divorced,secondary,85,15270.98,yes,no,yes,unknown,nov,2,1283,6,7,unknown,-1,no
2584,student,married,tertiary,62,41803.47,no,no,no,telephone,jun,16,1307,10,8,other,-1,no
2585,technician,divorced,unknown,70,30929.27,yes,no,no,telephone,may,26,1951,15,5,failure,311,no
2586,entrepreneur,married,secondary,81,25093.02,yes,yes,yes,cellular,sep,21,1143,15,9,unknown,15,no
2587,technician,divorced,primary,52,5370.58,no,yes,yes,cellular,nov,11,232,19,1,unknown,308,yes
2588,self-employed,single,unknown,81,17440.66,yes,yes,no,cellular,mar,14,1563,14,7,other,357,no
2589,management,married,unknown,45,38554.99,yes,no,yes,unknown,feb,1,1083,3,2,other,334,yes
2590,housemaid,married,secondary,40,9460.16,yes,yes,no,unknown,apr,2,153,7,9,unknown,114,no
2591,retired,married,tertiary,84,40759.02,yes,yes,no,telephone,oct,6,990,5,8,other,-1,no
2592,unemployed,single,unknown,36,2261.73,no,yes,yes,cellular,aug,19,1680,17,1,other,331,no
2593,retired,single,unknown,69,36945.61,yes,no,yes,cellular,mar,26,526,3,10,failure,-1,no
2594,blue-collar,divorced,secondary,80,2558.93,no,yes,no,telephone,jan,7,184,5,8,unknown,27,no
2595,unknown,married,secondary,82,26888.07,yes,no,no,unknown,jul,19,269,18,9,other,-1,yes
2596,student,married,secondary,78,22991.15,no,no,no,cellular,jun,8,1020,7,3,other,359,yes
2597,housemaid,divorced,tertiary,69,1080.69,yes,yes,no,telephone,oct,23,1173,6,10,unknown,-1,no
2598,student,divorced,secondary,85,18817.29,yes,no,no,unknown,nov,14,1855,9,3,unknown,83,no
2599,unemployed,single,unknown,54,14001.98,no,no,yes,telephone,aug,1,1604,18,0,other,263,no
2600,admin.,divorced,secondary,35,4058.91,yes,no,yes,telephone,may,28,1532,19,3,success,62,no
2601,unemployed,married,unknown,66,10449.8,yes,no,no,cellular,nov,22,1274,20,5,failure,109,no
2602,self-employed,married,tertiary,27,40707.36,no,yes,no,unknown,oct,25,1080,17,7,failure,294,no
2603,housemaid,married,primary,57,13758.58,yes,no,yes,telephone,mar,19,1884,6,5,failure,193,yes
2604,entrepreneur,married,unknown,18,13553.57,yes,no,no,cellular,feb,6,728,18,10,other,-1,no
2605,admin.,divorced,unknown,89,22561.89,yes,yes,no,telephone,mar,1,373,17,8,other,-1,no
2606,services,married,tertiary,19,10858.76,no,no,yes,unknown,apr,26,163,18,4,failure,369,no
2607,self-employed,divorced,primary,76,41674.73,yes,yes,yes,unknown,sep,6,1993,14,6,success,362,no
2608,housemaid,single,secondary,44,18176.17,yes,no,no,cellular,aug,27,674,16,10,other,-1,yes
2609,management,divorced,unknown,25,43857.39,yes,yes,no,cellular,apr,15,1546,19,7,success,100,no
2610,blue-collar,married,tertiary,76,19849.8,yes,no,no,unknown,dec,3,724,1,9,success,77,no
2611,services,divorced,secondary,90,27769.14,yes,yes,no,unknown,may,21,1749,12,3,success,75,no
2612,student,single,primary,34,17096.68,yes,no,no,telephone,nov,19,487,10,7,success,321,no
2613,self-employed,single,secondary,52,43002.71,no,no,yes,unknown,sep,7,1845,3,5,success,268,no
2614,blue-collar,married,unknown,85,18973.88,yes,no,yes,unknown,apr,1,909,8,6,success,215,yes
2615,unknown,single,tertiary,37,29817.07,no,no,yes,telephone,dec,12,1791,1,4,failure,309,no
2616,unknown,single,primary,52,37248.51,no,no,yes,unknown,jan,28,1382,8,6,failure,141,no
2617,admin.,divorced,primary,25,27387.99,yes,yes,no,telephone,apr,8,326,12,9,failure,-1,no
2618,entrepreneur,divorced,unknown,61,19166.79,yes,yes,yes,cellular,feb,8,492,1,8,unknown,191,no
2619,technician,married,tertiary,52,39380.16,yes,yes,no,cellular,jun,6,653,1,9,success,-1,no
2620,entrepreneur,married,unknown,35,16884.09,no,yes,no,unknown,mar,24,680,11,2,failure,295,no
2621,admin.,married,primary,47,16952.11,yes,yes,no,telephone,apr,27,50,5,4,other,175,no
2622,technician,divorced,secondary,41,672.56,yes,no,yes,unknown,oct,6,502,7,3,failure,23,no
2623,services,single,primary,57,14180.48,yes,no,no,telephone,may,1,444,5,1,success,364,no
2624,unknown,single,tertiary,21,16152.83,no,yes,no,cellular,sep,21,1894,19,4,success,-1,no
2625,unknown,divorced,unknown,54,20734.59,yes,no,yes,cellular,sep,12,1438,4,5,success,314,no
2626,self-employed,single,tertiary,33,10845.34,no,yes,no,unknown,mar,8,637,18,6,unknown,72,no
2627,management,married,tertiary,53,28934.17,no,no,no,cellular,jan,5,981,14,3,success,89,no
2628,unemployed,married,unknown,57,24793.88,no,no,no,cellular,mar,16,379,3,9,other,75,no
2629,unemployed,single,unknown,52,37548.41,no,yes,no,unknown,sep,20,164,20,7,other,-1,no
2630,admin.,divorced,tertiary,38,44327.86,yes,no,no,unknown,nov,3,1746,8,7,failure,43,no
2631,admin.,divorced,tertiary,79,28872.74,yes,no,no,telephone,mar,6,630,7,6,other,340,no
2632,admin.,single,primary,42,20361.52,yes,no,no,cellular,apr,26,908,10,5,failure,-1,no
2633,entrepreneur,divorced,unknown,22,39151.98,yes,yes,no,cellular,apr,28,744,12,2,failure,-1,yes
2634,unemployed,divorced,secondary,81,28363.13,no,yes,no,telephone,aug,17,1417,6,9,failure,341,no
2635,entrepreneur,married,primary,87,48491.98,no,yes,no,unknown,jun,22,1181,4,1,success,-1,no
2636,technician,single,tertiary,48,2280.35,no,no,yes,telephone,jun,20,1542,16,8,other,240,no
2637,services,married,tertiary,41,20139.62,no,yes,yes,unknown,may,12,1601,17,2,unknown,-1,no
2638,self-employed,married,primary,77,45697.81,yes,no,no,cellular,jul,9,1638,2,4,failure,-1,no
2639,retired,divorced,tertiary,54,29090.0,no,yes,yes,telephone,aug,15,1851,19,0,failure,125,yes
2640,technician,single,secondary,65,2419.35,yes,yes,no,cellular,dec,20,1404,16,4,failure,75,no
2641,retired,married,primary,45,43623.57,yes,yes,no,cellular,may,15,1042,4,5,failure,287,no
2642,blue-collar,married,unknown,43,22532.6,yes,yes,no,unknown,jan,5,1314,10,4,unknown,199,no
2643,retired,married,primary,27,19325.28,no,no,no,cellular,oct,3,1219,3,1,unknown,-1,no
2644,admin.,single,unknown,52,-1162.96,no,yes,no,unknown,nov,26,1427,7,5,failure,146,no
2645,retired,single,tertiary,60,42543.89,no,yes,yes,cellular,mar,4,1486,14,9,other,-1,no
2646,unemployed,divorced,secondary,50,16875.76,no,no,no,unknown,mar,13,639,10,4,failure,-1,no
2647,admin.,divorced,tertiary,48,46190.83,no,yes,yes,telephone,dec,10,116,11,0,other,-1,no
2648,blue-collar,single,primary,34,33488.5,no,yes,no,unknown,aug,12,638,3,0,failure,353,no
2649,admin.,divorced,tertiary,58,48795.15,no,yes,no,cellular,nov,12,1462,18,8,other,-1,yes
2650,unemployed,divorced,secondary,21,35315.32,no,yes,yes,telephone,nov,14,768,9,8,unknown,-1,no
2651,technician,married,primary,21,15153.54,no,no,yes,unknown,jan,17,576,5,9,success,325,no
2652,management,married,unknown,28,1291.14,yes,yes,yes,cellular,jun,8,882,4,7,other,235,no
2653,retired,married,unknown,77,13055.42,yes,no,yes,telephone,dec,8,764,18,2,failure,-1,no
2654,management,married,primary,78,-7.23,no,yes,yes,unknown,apr,7,134,1,3,failure,390,no
2655,technician,single,secondary,65,47717.96,no,no,yes,telephone,jul,22,997,18,10,unknown,-1,no
2656,management,single,secondary,82,21929.3,no,no,no,unknown,jan,12,883,7,8,other,-1,no
2657,admin.,divorced,tertiary,47,3685.25,no,no,no,cellular,jul,16,1955,6,0,failure,200,no
2658,retired,divorced,secondary,54,-1857.86,no,yes,yes,cellular,sep,4,1569,6,4,failure,241,yes
2659,services,married,secondary,36,28251.19,yes,yes,yes,unknown,jun,19,1553,16,1,success,66,yes
2660,housemaid,married,unknown,86,47054.99,yes,no,yes,cellular,dec,6,902,10,2,success,-1,no
2661,unemployed,married,unknown,64,33743.71,no,yes,no,telephone,jan,12,264,3,3,unknown,260,yes
2662,entrepreneur,divorced,primary,93,31111.59,no,no,no,telephone,jan,23,1888,8,5,failure,278,no
2663,management,single,secondary,66,25522.03,no,yes,no,cellular,nov,10,488,19,4,unknown,-1,no
2664,retired,divorced,unknown,75,16134.73,no,yes,yes,cellular,jul,28,784,12,10,success,289,no
2665,entrepreneur,divorced,secondary,30,11117.63,yes,no,no,telephone,nov,28,1835,11,2,other,57,no
2666,entrepreneur,married,secondary,34,36862.02,yes,yes,no,telephone,mar,11,528,1,2,unknown,211,no
2667,management,divorced,tertiary,66,45525.57,no,no,yes,cellular,jul,28,1823,12,1,unknown,222,no
2668,student,married,secondary,76,38054.63,no,yes,yes,cellular,oct,28,1346,10,1,failure,-1,no
2669,retired,divorced,secondary,89,8144.2,no,no,yes,unknown,oct,28,691,12,6,success,322,no
2670,student,married,secondary,95,6611.14,no,yes,yes,unknown,jul,2,1640,17,0,failure,287,no
2671,self-employed,married,primary,71,36255.06,no,no,yes,telephone,jul,6,940,1,2,unknown,188,yes
2672,housemaid,married,unknown,90,20615.3,no,no,no,telephone,apr,23,1393,5,10,failure,-1,no
2673,retired,married,tertiary,78,44151.15,no,no,no,cellular,jan,13,107,8,2,other,44,no
2674,unknown,married,secondary,59,180.95,yes,no,yes,telephone,nov,22,1429,2,0,failure,-1,no
2675,student,single,tertiary,83,4624.02,no,no,yes,unknown,feb,4,154,13,3,unknown,-1,no
2676,student,divorced,unknown,25,24136.27,no,yes,yes,cellular,dec,8,766,19,3,failure,301,no
2677,management,single,tertiary,68,11367.82,yes,yes,yes,telephone,jul,21,1190,2,0,failure,-1,no
2678,management,married,primary,37,20410.4,no,yes,no,cellular,jan,17,873,11,1,failure,-1,no
2679,unemployed,divorced,secondary,38,1887.71,yes,no,yes,telephone,dec,5,1740,16,7,other,-1,no
2680,blue-collar,divorced,secondary,92,32942.97,yes,no,yes,cellular,jul,25,1286,8,8,failure,342,no
2681,blue-collar,single,tertiary,56,35428.96,yes,no,yes,telephone,aug,8,1989,16,3,success,-1,no
2682,housemaid,married,secondary,42,23879.32,yes,no,yes,cellular,dec,21,76,5,8,unknown,-1,no
2683,management,married,unknown,28,26323.69,no,no,no,unknown,may,17,1080,2,8,failure,138,no
2684,retired,divorced,secondary,43,24258.14,yes,yes,yes,unknown,apr,11,1977,11,6,success,-1,no
2685,blue-collar,divorced,tertiary,95,12601.23,yes,yes,yes,unknown,nov,23,1630,12,3,success,-1,no
2686,services,single,secondary,56,47899.81,yes,yes,no,unknown,oct,28,476,19,0,failure,-1,no
2687,management,married,unknown,46,10487.4,yes,no,yes,telephone,aug,26,205,16,0,unknown,226,no
2688,admin.,married,tertiary,83,3251.22,yes,no,yes,cellular,jan,19,1745,1,10,unknown,292,yes
2689,services,divorced,secondary,51,34856.18,yes,no,yes,unknown,jul,21,516,13,1,success,-1,no
2690,housemaid,single,secondary,62,33444.31,no,yes,no,unknown,may,7,1809,16,0,unknown,142,no
2691,self-employed,divorced,unknown,26,41830.06,yes,no,yes,telephone,jul,12,1168,19,2,success,174,no
2692,unknown,divorced,tertiary,64,17993.29,yes,yes,yes,cellular,sep,26,190,17,8,unknown,298,no
2693,blue-collar,divorced,secondary,48,7209.4,no,no,no,unknown,dec,22,1201,19,3,failure,-1,no
2694,unknown,single,secondary,89,33942.77,yes,no,no,telephone,apr,15,807,11,3,other,-1,yes
2695,student,single,tertiary,29,47327.04,yes,no,no,unknown,jul,18,689,18,7,other,123,no
2696,technician,divorced,primary,23,5535.34,yes,no,yes,telephone,aug,4,1575,10,3,failure,-1,no
2697,unemployed,divorced,tertiary,89,49312.15,no,no,yes,cellular,oct,19,1346,4,4,unknown,305,no
2698,admin.,divorced,unknown,29,16837.2,yes,no,yes,cellular,feb,17,601,3,3,unknown,268,no
2699,blue-collar,divorced,secondary,93,22514.43,no,no,no,telephone,oct,21,486,1,1,other,-1,no
2700,unemployed,married,unknown,37,45187.12,yes,no,no,telephone,dec,23,1165,3,10,failure,238,no
2701,technician,single,primary,69,49085.65,no,yes,yes,unknown,jul,24,1784,2,9,success,124,no
2702,technician,single,secondary,94,46641.63,no,yes,yes,unknown,feb,26,1390,5,1,failure,-1,no
2703,unknown,married,secondary,57,40091.12,no,no,yes,telephone,sep,1,1133,20,7,success,-1,yes
2704,housemaid,divorced,secondary,27,24379.54,yes,yes,no,unknown,may,11,729,3,6,unknown,-1,no
2705,unknown,divorced,secondary,88,27118.03,no,no,yes,telephone,jan,1,953,20,7,failure,-1,no
2706,blue-collar,divorced,primary,81,41626.51,no,yes,no,unknown,dec,10,687,15,1,unknown,19,no
2707,housemaid,single,secondary,56,36920.74,yes,yes,yes,cellular,jan,10,281,10,0,other,-1,no
2708,unemployed,married,tertiary,73,37331.09,no,yes,no,telephone,feb,25,1803,10,6,other,384,no
2709,student,single,unknown,33,22152.94,no,no,yes,cellular,jan,14,1268,18,6,failure,219,yes
2710,unemployed,single,unknown,64,3558.2,yes,no,no,cellular,jan,27,1469,17,9,unknown,-1,no
2711,services,married,primary,37,5623.4,no,yes,no,telephone,apr,27,422,16,6,failure,70,no
2712,unknown,divorced,primary,79,10391.63,no,yes,no,cellular,feb,26,493,18,0,other,291,no
2713,entrepreneur,divorced,unknown,94,352.34,yes,yes,no,telephone,sep,18,769,3,4,failure,272,no
2714,technician,divorced,primary,89,20749.1,no,no,no,unknown,jul,28,1298,11,6,unknown,-1,no
2715,self-employed,single,unknown,77,9522.92,yes,yes,no,unknown,jan,16,290,14,1,other,28,no
2716,blue-collar,single,unknown,56,17688.95,no,no,no,unknown,may,9,1258,4,4,failure,-1,no
2717,entrepreneur,divorced,secondary,54,533.67,yes,no,no,cellular,jul,24,1229,12,5,failure,-1,no
2718,retired,divorced,primary,69,36530.74,no,no,no,unknown,may,12,1636,4,2,unknown,-1,no
2719,admin.,divorced,secondary,75,24146.39,no,no,no,unknown,apr,3,1253,13,5,failure,-1,no
2720,services,single,unknown,67,24846.68,yes,no,no,cellular,nov,4,1485,2,7,failure,378,no
2721,management,married,secondary,23,1940.9,yes,no,yes,unknown,oct,26,65,6,2,success,222,no
2722,management,married,primary,37,606.88,no,yes,no,telephone,dec,28,834,12,0,other,-1,no
2723,admin.,divorced,primary,94,9076.02,no,yes,yes,cellular,jul,21,1007,2,0,other,383,no
2724,management,married,primary,89,46449.86,no,yes,yes,cellular,feb,24,129,11,0,failure,-1,no
2725,self-employed,divorced,secondary,18,8202.61,yes,no,no,cellular,jan,22,1381,20,5,other,-1,no
2726,unemployed,single,tertiary,80,30984.83,no,no,yes,unknown,nov,12,1149,16,0,failure,316,yes
2727,services,divorced,tertiary,76,12378.12,no,no,no,cellular,aug,11,1505,15,9,success,50,no
2728,unknown,single,tertiary,25,9274.12,yes,no,no,cellular,may,23,1684,7,4,success,-1,no
2729,unknown,married,primary,70,34869.45,no,yes,yes,unknown,jun,14,643,5,1,other,76,no
2730,unemployed,single,unknown,41,35539.68,no,no,yes,telephone,feb,10,1262,1,4,other,241,no
2731,admin.,single,secondary,73,25471.64,yes,no,no,cellular,jun,9,1800,9,2,success,294,no
2732,entrepreneur,divorced,primary,21,13567.59,no,no,no,unknown,jun,24,430,15,8,success,-1,no
2733,technician,divorced,primary,84,32565.68,no,no,yes,telephone,dec,5,823,5,3,failure,108,no
2734,entrepreneur,married,secondary,82,40077.64,no,no,yes,telephone,dec,4,29,13,0,unknown,63,no
2735,housemaid,single,unknown,33,48044.18,no,yes,no,unknown,nov,22,1632,13,3,failure,56,yes
2736,admin.,single,unknown,72,10867.61,yes,no,yes,telephone,may,9,1396,8,3,failure,-1,no
2737,retired,single,tertiary,88,18345.84,no,yes,yes,telephone,aug,4,624,11,4,other,385,no
2738,blue-collar,married,secondary,67,49822.04,yes,yes,no,telephone,jul,19,1304,14,7,unknown,-1,no
2739,student,married,primary,82,47780.12,yes,yes,yes,cellular,jan,23,1125,20,10,unknown,-1,no
2740,self-employed,single,tertiary,26,23800.35,no,no,yes,unknown,jul,10,944,11,10,failure,298,no
2741,student,married,tertiary,36,44546.77,no,yes,no,unknown,sep,25,1062,8,3,other,-1,yes
2742,technician,divorced,secondary,93,342.02,yes,yes,no,cellular,apr,1,907,1,6,other,225,no
2743,housemaid,divorced,primary,41,45637.4,no,yes,no,unknown,apr,8,1268,10,4,unknown,52,yes
2744,technician,divorced,unknown,78,19931.37,yes,yes,yes,telephone,jul,25,75,1,5,success,112,no
2745,technician,divorced,secondary,77,25523.46,yes,yes,yes,cellular,mar,11,55,18,3,unknown,-1,no
2746,management,single,primary,36,22916.73,no,no,no,unknown,dec,28,1588,14,10,failure,218,no
2747,unknown,single,tertiary,89,7664.86,no,yes,yes,cellular,jun,11,1386,16,3,failure,158,no
2748,blue-collar,divorced,secondary,30,5652.94,yes,no,yes,unknown,dec,7,46,20,0,failure,80,no
2749,entrepreneur,divorced,secondary,33,22486.46,yes,no,yes,cellular,jan,5,244,15,2,other,68,no
2750,unemployed,divorced,tertiary,45,47786.91,no,no,yes,telephone,apr,9,286,20,6,unknown,-1,no
2751,blue-collar,married,tertiary,66,5064.45,no,yes,yes,unknown,mar,11,1325,3,3,other,202,no
2752,unemployed,divorced,primary,24,17835.26,no,no,no,unknown,jan,12,646,15,4,failure,56,yes
2753,technician,married,unknown,49,6529.15,no,yes,yes,cellular,jul,6,1145,15,9,success,200,no
2754,self-employed,divorced,tertiary,93,19278.51,yes,yes,yes,cellular,apr,19,376,17,10,other,359,no
2755,retired,divorced,tertiary,23,36538.34,yes,yes,no,telephone,apr,3,1739,2,4,success,-1,no
2756,unemployed,single,tertiary,63,14488.23,no,no,yes,unknown,jun,24,1917,8,5,failure,-1,no
2757,management,married,secondary,43,37062.3,yes,yes,yes,unknown,may,11,1917,5,10,unknown,-1,no
2758,retired,single,secondary,42,20018.48,yes,yes,yes,telephone,sep,23,900,9,10,other,218,no
2759,unemployed,single,secondary,93,29442.89,no,no,yes,cellular,mar,23,789,11,9,failure,-1,yes
2760,blue-collar,single,unknown,54,17067.93,yes,yes,no,cellular,feb,20,1089,11,3,unknown,390,no
2761,housemaid,divorced,unknown,55,31683.11,yes,yes,yes,unknown,may,25,64,5,2,failure,399,yes
2762,blue-collar,married,unknown,63,21163.72,yes,yes,yes,cellular,jun,21,703,15,4,unknown,322,no
2763,services,single,secondary,84,14225.13,yes,no,no,telephone,apr,12,639,8,8,success,214,no
2764,student,single,primary,53,40106.57,no,yes,yes,unknown,dec,28,1961,13,5,other,-1,no
2765,management,single,tertiary,78,4913.2,yes,no,no,unknown,apr,13,472,10,0,failure,-1,no
2766,blue-collar,single,secondary,82,35414.47,yes,yes,yes,telephone,nov,21,435,10,1,failure,-1,no
2767,unemployed,divorced,primary,48,26018.47,yes,no,no,telephone,sep,26,1626,13,2,success,181,no
2768,entrepreneur,divorced,unknown,23,26919.65,yes,no,yes,telephone,nov,9,1506,19,4,unknown,386,no
2769,unknown,divorced,tertiary,67,44587.44,no,yes,yes,unknown,jul,20,267,7,5,failure,-1,no
2770,services,married,tertiary,90,11073.75,no,yes,no,cellular,mar,7,141,13,0,other,157,yes
2771,retired,married,secondary,36,948.53,yes,no,yes,unknown,apr,28,842,4,5,unknown,148,no
2772,entrepreneur,divorced,unknown,20,9509.24,yes,no,yes,cellular,jan,8,372,14,0,unknown,388,yes
2773,technician,single,tertiary,30,42846.98,no,yes,yes,unknown,jul,6,1058,6,4,success,-1,no
2774,entrepreneur,divorced,secondary,48,7082.37,yes,no,no,telephone,mar,27,1800,15,9,success,116,no
2775,technician,divorced,unknown,64,11185.36,no,yes,no,telephone,may,13,409,9,4,unknown,353,no
2776,technician,married,secondary,84,8517.65,yes,no,yes,telephone,jan,23,1890,13,6,failure,119,no
2777,unemployed,married,tertiary,43,30473.54,yes,yes,yes,telephone,feb,2,545,8,8,other,-1,no
2778,services,single,unknown,83,23432.44,yes,yes,yes,cellular,dec,13,523,13,2,success,-1,no
2779,technician,married,secondary,49,19496.02,yes,no,no,telephone,jul,15,62,18,8,failure,293,no
2780,technician,divorced,tertiary,28,35959.89,no,yes,yes,unknown,aug,7,702,13,4,unknown,252,yes
2781,management,divorced,secondary,58,14824.1,no,no,no,cellular,jan,5,797,9,3,other,120,no
2782,retired,divorced,tertiary,60,5138.9,yes,yes,no,cellular,mar,3,1519,8,10,unknown,218,no
2783,unemployed,single,secondary,58,30487.41,no,no,yes,cellular,nov,18,1049,9,1,success,-1,no
2784,blue-collar,divorced,secondary,95,41528.2,no,no,yes,unknown,jun,8,1192,9,0,failure,-1,yes
2785,unemployed,married,unknown,38,46136.91,yes,yes,yes,cellular,may,21,234,1,4,failure,164,no
2786,retired,divorced,tertiary,35,46333.32,no,yes,no,telephone,nov,20,526,7,0,failure,165,no
2787,technician,married,tertiary,66,40136.75,no,no,yes,telephone,jan,17,843,16,3,unknown,88,no
2788,management,divorced,secondary,37,28498.48,no,no,no,telephone,apr,28,844,19,9,failure,161,no
2789,admin.,married,unknown,60,20539.36,yes,yes,yes,unknown,apr,6,189,9,6,other,335,no
2790,blue-collar,married,tertiary,39,23240.45,no,no,no,cellular,apr,28,1328,5,8,unknown,-1,no
2791,admin.,divorced,secondary,31,42688.5,no,no,no,telephone,dec,11,417,4,2,success,-1,no
2792,housemaid,divorced,primary,19,14792.9,yes,no,yes,cellular,aug,28,133,9,7,unknown,-1,no
2793,unknown,divorced,secondary,45,29091.12,no,yes,yes,unknown,sep,17,820,3,6,other,-1,no
2794,services,single,tertiary,60,49062.95,no,yes,yes,cellular,may,15,10,12,1,unknown,137,no
2795,unknown,divorced,secondary,74,49050.93,yes,yes,yes,unknown,feb,21,1259,17,10,unknown,159,no
2796,blue-collar,divorced,secondary,56,21825.51,yes,no,no,unknown,sep,18,661,9,3,success,249,no
2797,student,married,unknown,33,10021.18,no,yes,no,telephone,mar,19,1141,17,5,other,-1,no
2798,admin.,divorced,unknown,76,44951.11,yes,yes,no,telephone,mar,27,192,15,7,other,175,yes
2799,admin.,single,primary,26,40700.26,no,no,yes,cellular,jul,15,1561,19,1,success,203,no
2800,unknown,single,secondary,92,45799.33,yes,no,yes,unknown,apr,10,1645,1,2,failure,320,no
2801,unknown,divorced,tertiary,65,8426.26,no,yes,no,cellular,aug,9,1806,12,9,other,-1,no
2802,housemaid,single,primary,35,32843.55,yes,yes,no,unknown,apr,17,1588,14,5,success,240,no
2803,self-employed,divorced,primary,93,42514.96,no,no,no,telephone,feb,7,768,7,10,failure,262,no
2804,management,married,tertiary,75,15664.97,no,no,no,unknown,feb,12,32,16,8,other,-1,no
2805,self-employed,single,primary,70,20581.07,no,no,no,cellular,aug,4,1633,18,7,success,-1,no
2806,management,divorced,primary,21,13265.08,yes,yes,yes,telephone,aug,16,50,17,8,unknown,-1,no
2807,admin.,single,unknown,95,34503.93,yes,yes,yes,cellular,jun,20,1146,3,10,failure,232,no
2808,blue-collar,divorced,secondary,78,17845.48,yes,yes,no,telephone,jan,7,584,1,0,success,252,no
2809,admin.,single,primary,86,48899.18,no,no,no,telephone,dec,10,555,5,4,other,-1,no
2810,blue-collar,divorced,secondary,60,34828.59,yes,no,yes,telephone,jul,8,845,2,3,success,185,yes
2811,housemaid,married,tertiary,82,47157.43,no,no,no,unknown,jun,27,362,5,9,unknown,-1,yes
2812,student,married,tertiary,35,37911.33,no,no,no,cellular,aug,27,151,7,1,failure,381,no
2813,unknown,divorced,tertiary,54,20782.11,no,no,yes,telephone,may,27,1348,7,6,failure,-1,no
2814,management,divorced,unknown,95,29682.95,no,no,yes,telephone,nov,6,1069,15,7,failure,-1,no
2815,admin.,divorced,secondary,24,31041.04,no,yes,yes,unknown,nov,16,520,7,0,other,-1,no
2816,retired,single,secondary,58,44097.39,yes,no,yes,telephone,jan,19,518,11,0,unknown,268,yes
2817,retired,married,tertiary,25,25116.41,yes,no,yes,unknown,feb,26,1503,19,7,other,-1,no
2818,unemployed,single,unknown,46,10013.26,no,yes,yes,unknown,jan,5,1862,9,5,failure,5,no
2819,unknown,single,primary,50,29755.54,no,no,no,unknown,feb,11,428,16,8,other,-1,no
2820,blue-collar,divorced,primary,20,43977.47,yes,yes,no,cellular,jan,13,1575,6,3,failure,181,no
2821,technician,divorced,primary,42,44114.68,no,yes,no,cellular,jan,26,868,13,8,other,48,no
2822,unemployed,divorced,unknown,88,-665.65,no,no,yes,cellular,jul,13,1654,8,8,unknown,-1,yes
2823,entrepreneur,single,unknown,51,18486.02,yes,no,no,unknown,may,2,1572,9,4,failure,340,no
2824,self-employed,single,tertiary,40,39505.39,yes,yes,no,unknown,dec,11,1964,7,6,other,390,no
2825,unknown,married,secondary,48,29081.58,yes,no,no,telephone,dec,22,1113,3,4,failure,16,no
2826,retired,married,secondary,72,27141.36,no,no,no,cellular,dec,24,1183,15,1,other,283,no
2827,blue-collar,married,tertiary,53,23534.75,no,no,no,unknown,feb,19,955,7,6,other,357,no
2828,self-employed,divorced,tertiary,51,13030.07,no,no,yes,telephone,mar,5,55,7,8,success,378,no
2829,entrepreneur,divorced,secondary,48,38984.17,yes,yes,no,telephone,feb,19,582,11,7,other,-1,no
2830,admin.,single,tertiary,31,1297.14,yes,no,yes,unknown,may,24,1997,4,2,other,-1,no
2831,technician,single,tertiary,30,41883.33,no,yes,yes,unknown,nov,12,315,2,10,failure,71,no
2832,admin.,divorced,unknown,57,14373.0,no,no,no,unknown,sep,27,975,8,4,unknown,314,no
2833,blue-collar,single,primary,52,-1323.05,yes,no,yes,cellular,jun,17,1508,12,5,other,119,no
2834,technician,divorced,primary,76,28545.54,no,no,no,telephone,jun,18,409,13,6,other,-1,no
2835,unemployed,divorced,tertiary,68,36499.13,no,yes,yes,unknown,nov,4,589,11,1,other,-1,no
2836,technician,single,unknown,69,20134.17,yes,no,yes,unknown,jun,12,950,18,2,failure,249,no
2837,unemployed,single,tertiary,20,31419.29,no,no,yes,telephone,aug,17,174,17,5,unknown,306,no
2838,self-employed,married,secondary,51,22641.84,yes,no,no,telephone,aug,7,1816,6,10,failure,134,no
2839,housemaid,divorced,tertiary,19,26438.39,yes,no,yes,unknown,sep,18,1270,18,3,unknown,43,no
2840,services,single,unknown,26,5713.52,yes,yes,yes,unknown,nov,15,1047,12,3,failure,235,no
2841,services,married,unknown,83,42278.93,no,yes,yes,cellular,aug,16,1909,13,3,other,362,no
2842,blue-collar,single,unknown,69,5757.71,yes,no,no,telephone,dec,12,879,7,7,other,273,no
2843,blue-collar,married,tertiary,45,11831.67,no,no,no,unknown,sep,28,289,17,0,success,-1,no
2844,management,divorced,primary,27,46738.34,no,no,yes,telephone,dec,18,1918,18,3,success,-1,no
2845,student,divorced,primary,24,7080.72,yes,yes,yes,telephone,feb,7,825,19,9,failure,-1,no
2846,unknown,married,primary,37,30474.72,yes,no,yes,unknown,may,13,566,1,9,failure,319,no
2847,management,divorced,unknown,80,44889.13,no,yes,no,cellular,oct,4,473,20,7,unknown,191,no
2848,services,single,primary,60,25660.99,yes,no,yes,cellular,apr,24,1550,7,5,success,373,no
2849,entrepreneur,married,unknown,78,14400.44,yes,yes,no,unknown,jul,5,1332,6,7,unknown,291,no
2850,student,single,tertiary,35,32159.29,yes,no,yes,cellular,dec,11,1946,11,0,unknown,169,no
2851,technician,divorced,tertiary,58,33354.4,yes,no,no,cellular,oct,26,1338,5,8,success,-1,no
2852,unknown,divorced,unknown,67,30299.74,yes,yes,yes,telephone,jan,24,1671,18,4,success,-1,no
2853,housemaid,single,primary,55,40197.22,yes,yes,yes,cellular,nov,24,307,2,2,other,-1,yes
2854,management,married,primary,54,39865.6,yes,no,no,unknown,jun,6,1745,5,0,success,400,no
2855,unemployed,single,primary,20,30498.33,no,no,yes,telephone,nov,26,174,7,3,success,-1,no
2856,technician,married,primary,46,13636.56,yes,yes,no,unknown,oct,9,1743,12,9,failure,-1,no
2857,self-employed,single,tertiary,79,33918.65,no,yes,yes,cellular,jun,16,349,14,9,failure,90,no
2858,student,divorced,unknown,26,43521.03,yes,no,yes,telephone,jan,22,1727,19,2,success,70,no
2859,self-employed,single,unknown,31,38907.53,yes,yes,no,cellular,oct,6,1936,4,7,other,5,yes
2860,admin.,divorced,unknown,92,11812.24,no,no,yes,telephone,jan,10,49,12,0,success,-1,yes
2861,technician,married,secondary,55,1083.12,no,no,no,unknown,jun,18,1244,13,4,unknown,360,no
2862,management,single,unknown,28,38392.13,yes,yes,no,cellular,apr,3,1908,18,6,other,387,no
2863,retired,divorced,unknown,23,28917.3,no,yes,yes,unknown,aug,17,1648,3,3,success,243,no
2864,entrepreneur,single,tertiary,93,6531.14,yes,yes,yes,telephone,may,16,935,14,9,other,-1,no
2865,unknown,divorced,tertiary,63,42632.8,no,yes,yes,telephone,jun,13,1348,10,2,other,47,no
2866,housemaid,divorced,primary,44,7121.55,no,yes,no,unknown,jan,26,1442,13,5,unknown,-1,no
2867,services,married,primary,47,40734.19,no,yes,yes,unknown,feb,17,1645,18,4,unknown,304,no
2868,admin.,divorced,tertiary,21,5681.87,yes,no,yes,cellular,aug,23,1365,3,2,success,18,yes
2869,management,single,secondary,38,34015.48,yes,no,no,unknown,apr,12,1118,18,8,unknown,140,no
2870,self-employed,married,unknown,90,4578.68,no,no,no,cellular,jan,7,1379,3,0,unknown,46,no
2871,services,married,unknown,29,23916.33,no,yes,yes,unknown,aug,16,616,18,1,unknown,86,no
2872,blue-collar,single,secondary,74,24723.87,yes,no,yes,unknown,sep,24,727,12,5,other,216,no
2873,entrepreneur,divorced,primary,34,7428.89,no,no,no,telephone,sep,19,80,7,5,failure,368,no
2874,blue-collar,single,primary,90,34883.75,no,no,no,telephone,oct,3,1819,1,8,unknown,-1,yes
2875,unemployed,divorced,secondary,86,-1822.67,no,no,yes,unknown,may,6,1931,19,2,success,-1,no
2876,technician,divorced,unknown,86,40968.25,no,no,no,unknown,dec,16,1321,12,6,unknown,266,no
2877,self-employed,married,secondary,28,40814.34,yes,no,yes,unknown,may,18,1179,13,3,success,184,no
2878,services,divorced,tertiary,55,-283.27,yes,no,yes,cellular,apr,15,1901,9,3,failure,-1,no
2879,technician,single,tertiary,24,14523.38,no,yes,no,telephone,oct,4,1438,16,8,failure,-1,no
2880,housemaid,divorced,unknown,43,43550.95,yes,yes,yes,unknown,aug,7,1494,6,0,unknown,-1,no
2881,technician,divorced,primary,50,-466.88,yes,yes,no,telephone,nov,19,1163,13,7,failure,248,no
2882,unemployed,divorced,secondary,78,29286.2,yes,no,yes,cellular,jan,24,180,15,2,success,-1,no
2883,unknown,single,tertiary,34,19168.27,no,yes,yes,telephone,nov,25,952,10,10,other,191,no
2884,self-employed,single,secondary,77,40624.38,no,yes,yes,telephone,jan,10,588,14,7,unknown,-1,no
2885,unknown,single,tertiary,31,34185.12,yes,no,yes,telephone,jul,17,758,10,3,success,215,no
2886,admin.,married,secondary,83,26117.58,yes,no,yes,unknown,sep,22,1637,8,3,other,340,no
2887,admin.,married,unknown,53,29690.42,no,no,no,unknown,mar,9,550,10,4,unknown,256,no
2888,retired,married,unknown,60,902.24,yes,yes,no,telephone,jul,16,1947,18,2,unknown,-1,no
2889,housemaid,divorced,primary,57,3791.79,no,no,no,cellular,feb,16,217,2,6,failure,116,no
2890,unknown,single,unknown,46,12619.71,yes,yes,no,unknown,oct,5,947,13,7,other,216,no
2891,technician,divorced,tertiary,77,23293.59,yes,yes,no,unknown,jan,3,891,2,2,other,221,no
2892,management,married,tertiary,77,36920.81,no,yes,no,telephone,may,26,1735,8,5,unknown,281,no
2893,entrepreneur,married,tertiary,89,30868.35,yes,yes,no,telephone,may,6,60,18,5,other,-1,no
2894,retired,married,unknown,84,46902.26,yes,no,yes,cellular,oct,7,1267,10,9,unknown,-1,no
2895,retired,married,unknown,27,40234.39,yes,yes,yes,telephone,sep,10,98,20,6,success,-1,no
2896,management,divorced,primary,28,7552.32,yes,no,no,cellular,dec,4,1857,10,0,success,-1,yes
2897,technician,divorced,secondary,24,47142.08,no,no,no,telephone,jul,1,412,8,3,other,66,no
2898,blue-collar,single,primary,39,6476.43,no,yes,yes,unknown,mar,22,298,11,3,other,189,no
2899,student,divorced,secondary,83,24316.33,no,yes,no,unknown,jul,25,971,12,4,success,-1,no
2900,management,single,tertiary,94,9974.56,no,no,no,telephone,jul,19,1122,17,10,unknown,-1,no
2901,unknown,divorced,unknown,89,531.08,no,yes,no,cellular,may,24,1683,5,4,unknown,-1,no
2902,unknown,single,secondary,36,43978.55,yes,no,no,cellular,apr,21,384,9,8,failure,395,no
2903,unknown,married,secondary,67,10138.74,no,no,no,telephone,sep,25,665,20,0,unknown,-1,no
2904,management,single,unknown,90,17501.04,yes,yes,yes,cellular,jan,27,1696,12,0,unknown,362,yes
2905,entrepreneur,married,secondary,25,30309.97,no,yes,no,telephone,dec,12,366,9,6,unknown,-1,no
2906,unknown,married,tertiary,95,42069.5,yes,no,yes,unknown,mar,19,1547,12,9,unknown,393,no
2907,entrepreneur,married,primary,78,1056.72,yes,yes,no,unknown,oct,3,833,17,0,failure,-1,no
2908,management,divorced,tertiary,79,30051.93,no,no,no,cellular,aug,18,1234,18,3,other,-1,no
2909,entrepreneur,married,secondary,28,17648.65,no,yes,yes,telephone,jun,11,473,12,6,success,35,no
2910,blue-collar,single,unknown,44,24871.21,yes,yes,yes,telephone,sep,4,1561,8,4,unknown,364,yes
2911,self-employed,single,unknown,38,15791.31,no,no,yes,unknown,may,1,1344,1,0,other,224,no
2912,housemaid,divorced,secondary,19,39968.14,yes,yes,no,unknown,jan,13,718,4,10,success,-1,no
2913,blue-collar,single,unknown,37,32284.73,no,no,yes,unknown,jun,18,1677,14,8,success,246,no
2914,management,married,primary,20,-1461.83,yes,yes,no,telephone,dec,21,1412,16,8,success,202,no
2915,housemaid,married,unknown,83,21498.91,no,no,no,telephone,may,2,1024,7,8,unknown,83,no
2916,unemployed,divorced,primary,54,1462.9,no,no,yes,telephone,sep,19,1612,15,5,unknown,114,no
2917,unknown,married,tertiary,78,27866.89,no,yes,yes,cellular,sep,13,197,13,5,failure,96,no
2918,entrepreneur,married,primary,23,6035.96,yes,yes,yes,cellular,feb,2,122,12,5,failure,-1,yes
2919,self-employed,married,secondary,71,19615.15,yes,no,no,unknown,may,18,1914,14,4,failure,360,no
2920,unemployed,single,secondary,56,10603.24,yes,yes,no,cellular,aug,13,1473,20,4,success,161,no
2921,blue-collar,single,tertiary,77,46063.0,yes,no,no,unknown,may,17,333,18,6,other,160,no
2922,technician,single,primary,67,19697.18,no,no,no,cellular,sep,12,1411,8,2,unknown,78,yes
2923,blue-collar,divorced,secondary,79,40900.32,no,no,no,cellular,sep,15,1701,14,4,success,3,no
2924,management,divorced,tertiary,70,43972.82,no,yes,yes,cellular,apr,5,977,3,1,unknown,261,no
2925,retired,divorced,tertiary,81,28202.16,yes,yes,no,telephone,aug,19,1568,10,2,unknown,-1,no
2926,housemaid,single,tertiary,57,46385.36,yes,no,no,telephone,feb,21,1325,7,6,other,165,no
2927,admin.,married,secondary,71,15821.91,no,no,yes,unknown,may,11,779,1,8,unknown,-1,no
2928,housemaid,single,secondary,36,4926.57,no,no,no,cellular,nov,6,819,10,8,success,123,no
2929,unemployed,single,secondary,47,38615.67,no,no,no,telephone,jul,25,742,18,4,success,-1,no
2930,unknown,married,tertiary,68,43321.28,yes,no,yes,telephone,sep,17,143,13,0,unknown,201,no
2931,admin.,divorced,secondary,59,49801.65,no,no,yes,cellular,mar,4,1454,18,9,success,114,no
2932,retired,married,secondary,23,36957.03,yes,yes,yes,telephone,nov,16,206,10,3,other,145,no
2933,housemaid,divorced,unknown,31,39895.48,no,no,no,unknown,mar,26,1780,5,5,success,-1,no
2934,management,single,tertiary,47,28921.1,no,yes,no,telephone,feb,25,602,1,8,unknown,-1,no
2935,management,divorced,primary,58,46920.07,no,no,yes,unknown,sep,18,1303,3,5,success,-1,no
2936,admin.,single,secondary,58,32704.32,yes,no,no,cellular,may,4,1906,8,0,other,-1,no
2937,housemaid,single,primary,29,13334.94,no,no,yes,unknown,oct,11,164,1,4,unknown,-1,no
2938,blue-collar,single,unknown,34,42611.82,yes,yes,yes,unknown,may,14,1033,16,9,other,-1,no
2939,housemaid,divorced,tertiary,35,31656.94,no,no,no,unknown,mar,9,1094,14,9,failure,218,no
2940,management,married,primary,31,24701.46,yes,no,yes,cellular,mar,12,1266,12,5,other,-1,yes
2941,blue-collar,married,secondary,84,2643.25,no,no,yes,telephone,apr,8,764,8,5,failure,193,no
2942,housemaid,divorced,secondary,64,20177.48,no,yes,no,cellular,jun,17,970,20,2,failure,287,yes
2943,entrepreneur,single,unknown,30,32567.64,no,yes,yes,cellular,feb,14,358,9,8,failure,247,yes
2944,management,single,tertiary,49,38218.75,yes,yes,no,unknown,sep,8,244,7,2,success,18,no
2945,housemaid,married,primary,39,24102.78,yes,no,no,unknown,jul,14,355,16,0,failure,-1,no
2946,retired,single,primary,33,12086.76,yes,yes,yes,unknown,dec,10,184,18,8,other,-1,no
2947,admin.,married,primary,21,35499.45,yes,no,yes,telephone,jun,25,612,13,9,failure,171,no
2948,admin.,married,tertiary,41,32041.8,yes,yes,no,telephone,aug,15,489,5,7,other,181,no
2949,unemployed,married,tertiary,89,14119.63,no,yes,no,telephone,dec,9,1921,20,3,unknown,-1,no
2950,entrepreneur,married,unknown,68,9373.56,yes,yes,yes,telephone,apr,8,581,13,8,other,-1,yes
2951,management,divorced,primary,82,38006.07,no,yes,no,telephone,nov,24,1723,6,4,success,92,yes
2952,admin.,divorced,unknown,70,986.02,yes,yes,yes,cellular,mar,4,1453,16,7,failure,172,no
2953,unknown,divorced,tertiary,60,7347.8,yes,yes,no,telephone,aug,6,1260,3,8,success,-1,no
2954,services,single,secondary,80,7851.87,no,yes,no,telephone,sep,24,52,7,6,unknown,3,no
2955,self-employed,divorced,tertiary,34,19322.5,yes,no,no,telephone,mar,27,1674,5,0,failure,-1,no
2956,retired,divorced,tertiary,58,16329.69,yes,no,yes,cellular,jan,4,805,14,6,other,-1,yes
2957,retired,married,tertiary,58,40429.8,yes,no,no,telephone,jun,24,484,18,4,unknown,90,no
2958,unknown,married,tertiary,39,28910.28,yes,no,yes,telephone,may,2,1100,19,7,other,-1,no
2959,entrepreneur,married,tertiary,41,26476.74,no,yes,no,telephone,sep,25,312,10,8,failure,125,no
2960,entrepreneur,divorced,tertiary,87,2030.95,no,yes,yes,cellular,jan,1,595,4,6,success,-1,yes
2961,unemployed,single,primary,57,17859.45,yes,yes,no,telephone,nov,28,1750,2,7,other,125,no
2962,management,single,tertiary,61,27187.8,yes,no,no,unknown,feb,7,342,20,3,success,359,no
2963,technician,married,primary,21,-563.52,yes,no,yes,telephone,dec,17,567,1,1,failure,-1,no
2964,unemployed,married,unknown,56,32568.25,yes,yes,yes,unknown,nov,20,1885,20,10,failure,-1,no
2965,self-employed,single,tertiary,66,34555.54,no,yes,yes,cellular,feb,5,102,18,6,other,400,yes
2966,admin.,married,primary,63,14477.04,no,no,yes,unknown,feb,28,1139,7,8,success,-1,no
2967,blue-collar,married,unknown,61,22965.38,no,no,no,unknown,nov,13,823,20,4,success,-1,yes
2968,self-employed,single,unknown,62,35335.84,yes,yes,no,telephone,oct,22,364,3,0,other,-1,no
2969,management,single,primary,91,6258.45,no,yes,no,telephone,dec,7,1547,19,3,other,6,no
2970,services,divorced,tertiary,77,11908.58,no,yes,yes,telephone,may,12,410,12,8,other,-1,no
2971,management,divorced,unknown,47,33308.72,no,no,no,telephone,aug,8,960,11,6,success,-1,no
2972,technician,single,unknown,68,3105.94,no,no,no,telephone,aug,21,1090,16,9,other,219,no
2973,retired,divorced,tertiary,70,7255.87,no,yes,no,unknown,aug,3,1705,1,2,other,-1,no
2974,services,married,unknown,91,7298.75,no,no,no,telephone,oct,21,1507,7,2,success,-1,yes
2975,housemaid,married,primary,70,17413.46,yes,no,no,telephone,may,25,1795,13,7,success,116,no
2976,housemaid,single,tertiary,92,43039.89,yes,yes,yes,telephone,oct,24,1475,12,8,other,80,yes
2977,retired,married,primary,61,48546.74,no,no,no,cellular,dec,11,1815,13,6,other,-1,no
2978,unemployed,married,primary,93,7287.05,yes,no,yes,telephone,aug,17,891,12,3,unknown,238,no
2979,self-employed,single,tertiary,70,10744.12,no,no,no,cellular,aug,28,1093,13,8,other,-1,no
2980,unemployed,divorced,unknown,20,5623.2,no,yes,yes,telephone,sep,25,1357,4,9,unknown,-1,no
2981,technician,divorced,unknown,51,4858.85,no,no,yes,unknown,nov,23,1313,20,0,success,1,no
2982,student,single,tertiary,45,12057.12,no,no,no,telephone,jul,12,1455,15,7,failure,-1,no
2983,blue-collar,married,primary,60,33951.65,yes,no,yes,unknown,nov,7,228,10,0,failure,201,no
2984,admin.,divorced,primary,35,4019.52,no,yes,no,unknown,apr,23,676,11,6,other,212,no
2985,entrepreneur,divorced,unknown,63,-1850.83,yes,yes,no,telephone,apr,19,957,3,3,unknown,391,no
2986,unemployed,divorced,secondary,81,1234.14,yes,no,yes,unknown,apr,12,1898,15,9,unknown,149,no
2987,unknown,divorced,tertiary,48,14364.37,no,no,no,telephone,sep,22,1993,19,9,failure,151,yes
2988,technician,single,tertiary,23,9106.53,yes,yes,yes,telephone,sep,1,1403,17,1,other,349,no
2989,management,married,unknown,26,47630.92,no,yes,yes,telephone,sep,19,675,18,1,failure,368,no
2990,technician,single,tertiary,27,9224.18,yes,no,yes,telephone,feb,24,1478,19,6,unknown,218,no
2991,admin.,married,primary,61,36306.1,no,yes,yes,telephone,dec,20,1729,17,7,unknown,331,no
2992,retired,divorced,secondary,47,12652.8,yes,yes,no,telephone,aug,16,1566,16,7,unknown,-1,yes
2993,blue-collar,divorced,primary,64,14359.49,no,yes,yes,unknown,may,26,267,7,0,failure,-1,yes
2994,entrepreneur,divorced,primary,39,14554.48,no,no,no,cellular,jul,27,1760,4,8,unknown,41,no
2995,technician,married,tertiary,60,12117.34,yes,no,yes,unknown,jul,19,704,1,10,failure,62,no
2996,student,married,secondary,61,2062.78,yes,yes,no,unknown,jan,6,168,13,0,unknown,333,no
2997,services,single,unknown,40,38041.62,no,yes,yes,cellular,aug,5,1138,18,2,failure,-1,no
2998,technician,married,primary,51,17520.44,yes,yes,no,unknown,jul,18,778,13,9,unknown,191,no
2999,self-employed,single,primary,39,31756.81,yes,no,yes,telephone,jun,27,171,12,3,failure,199,no
3000,services,single,primary,43,26282.9,no,no,no,cellular,aug,17,807,10,9,unknown,7,no
