risk_profile_id,customer_id,institution_id,product_type,risk_pattern,base_risk_score,total_exposure,relationship_length_months,products_held,repayment_history_score,recent_transaction_volatility,collateral_quality_score,liquidity_ratio,projected_cash_flow_rating,primary_risk_factors,risk_factor_weights
1,CUST-C0013,INST-004,Line of Credit,Volatile,0.8428,961184.42,52,1,5,0.7649,0.8749,0.3519,0.993,Debt-to-income;Payment history,"{'income': 0.3, 'credit_history': 0.4, 'collateral': 0.3}"
2,CUST-C0242,INST-009,Line of Credit,Deteriorating,0.4648,14872.17,117,3,10,0.6092,0.8074,1.904,0.6927,Debt-to-income;Payment history,"{'income': 0.3, 'credit_history': 0.4, 'collateral': 0.3}"
3,CUST-C0048,INST-004,Line of Credit,Deteriorating,0.1421,73331.14,32,3,10,0.2398,0.633,0.6555,0.7861,Debt-to-income;Payment history,"{'income': 0.3, 'credit_history': 0.4, 'collateral': 0.3}"
4,CUST-C0009,INST-019,Business Loan,Stable,0.6413,548225.94,51,5,6,0.3069,0.3677,0.9067,0.7682,Debt-to-income;Payment history,"{'income': 0.3, 'credit_history': 0.4, 'collateral': 0.3}"
5,CUST-C0002,INST-020,Credit Card,Deteriorating,0.7391,979455.7,67,4,7,0.0003,0.0764,0.3206,0.7954,Debt-to-income;Payment history,"{'income': 0.3, 'credit_history': 0.4, 'collateral': 0.3}"
6,CUST-C0170,INST-007,Personal Loan,Stable,0.4168,1777448.52,35,5,1,0.0445,0.5138,0.0287,0.7205,Debt-to-income;Payment history,"{'income': 0.3, 'credit_history': 0.4, 'collateral': 0.3}"
7,CUST-C0211,INST-001,Mortgage,Improving,0.782,450921.96,37,1,1,0.8081,0.9967,1.5681,0.8562,Debt-to-income;Payment history,"{'income': 0.3, 'credit_history': 0.4, 'collateral': 0.3}"
8,CUST-C0102,INST-007,Business Loan,Stable,0.1167,3059060.31,48,2,9,0.7722,0.9338,0.6283,0.5861,Debt-to-income;Payment history,"{'income': 0.3, 'credit_history': 0.4, 'collateral': 0.3}"
9,CUST-C0240,INST-012,Business Loan,Stable,0.9826,2966701.24,88,5,6,0.868,0.4755,0.2056,0.4639,Debt-to-income;Payment history,"{'income': 0.3, 'credit_history': 0.4, 'collateral': 0.3}"
10,CUST-C0002,INST-016,Credit Card,Improving,0.5075,478171.39,118,3,6,0.2151,0.9357,1.8818,0.7621,Debt-to-income;Payment history,"{'income': 0.3, 'credit_history': 0.4, 'collateral': 0.3}"
11,CUST-C0054,INST-019,Line of Credit,Volatile,0.6724,41852.29,6,1,5,0.8307,0.2285,0.1179,0.8844,Debt-to-income;Payment history,"{'income': 0.3, 'credit_history': 0.4, 'collateral': 0.3}"
12,CUST-C0223,INST-017,Mortgage,Volatile,0.1304,15278.87,111,1,9,0.9896,0.099,0.6578,0.9804,Debt-to-income;Payment history,"{'income': 0.3, 'credit_history': 0.4, 'collateral': 0.3}"
13,CUST-C0154,INST-001,Business Loan,Volatile,0.6561,56191.6,36,5,7,0.7009,0.7799,1.7927,0.1096,Debt-to-income;Payment history,"{'income': 0.3, 'credit_history': 0.4, 'collateral': 0.3}"
14,CUST-C0243,INST-010,Credit Card,Volatile,0.1108,58894.61,71,4,1,0.9646,0.2404,0.8081,0.216,Debt-to-income;Payment history,"{'income': 0.3, 'credit_history': 0.4, 'collateral': 0.3}"
15,CUST-C0019,INST-011,Credit Card,Volatile,0.6516,3080772.91,63,3,5,0.7754,0.5689,0.2866,0.4477,Debt-to-income;Payment history,"{'income': 0.3, 'credit_history': 0.4, 'collateral': 0.3}"
16,CUST-C0061,INST-011,Personal Loan,Volatile,0.5212,3036777.75,82,2,4,0.2348,0.7401,0.3257,0.3303,Debt-to-income;Payment history,"{'income': 0.3, 'credit_history': 0.4, 'collateral': 0.3}"
17,CUST-C0216,INST-016,Credit Card,Deteriorating,0.8048,544651.73,20,2,5,0.7834,0.2777,1.8061,0.8547,Debt-to-income;Payment history,"{'income': 0.3, 'credit_history': 0.4, 'collateral': 0.3}"
18,CUST-C0223,INST-004,Credit Card,Volatile,0.5974,7026.68,70,3,2,0.0187,0.7635,0.5724,0.0691,Debt-to-income;Payment history,"{'income': 0.3, 'credit_history': 0.4, 'collateral': 0.3}"
19,CUST-C0074,INST-008,Line of Credit,Improving,0.2431,4512372.44,107,2,6,0.0296,0.8591,0.1106,0.3379,Debt-to-income;Payment history,"{'income': 0.3, 'credit_history': 0.4, 'collateral': 0.3}"
20,CUST-C0249,INST-010,Line of Credit,Deteriorating,0.2533,46035.51,15,1,9,0.8003,0.8947,0.2858,0.257,Debt-to-income;Payment history,"{'income': 0.3, 'credit_history': 0.4, 'collateral': 0.3}"
21,CUST-C0220,INST-003,Mortgage,Stable,0.2803,786882.75,41,4,9,0.8378,0.9959,1.2167,0.8191,Debt-to-income;Payment history,"{'income': 0.3, 'credit_history': 0.4, 'collateral': 0.3}"
22,CUST-C0146,INST-006,Line of Credit,Improving,0.1373,93461.45,1,1,7,0.6004,0.8606,1.6138,0.5117,Debt-to-income;Payment history,"{'income': 0.3, 'credit_history': 0.4, 'collateral': 0.3}"
23,CUST-C0246,INST-013,Personal Loan,Deteriorating,0.687,19684.14,62,5,2,0.6989,0.0234,1.0911,0.0549,Debt-to-income;Payment history,"{'income': 0.3, 'credit_history': 0.4, 'collateral': 0.3}"
24,CUST-C0088,INST-001,Credit Card,Stable,0.2062,95210.57,33,5,8,0.3304,0.6126,1.1235,0.0029,Debt-to-income;Payment history,"{'income': 0.3, 'credit_history': 0.4, 'collateral': 0.3}"
25,CUST-C0001,INST-017,Personal Loan,Volatile,0.8887,2132678.89,64,4,2,0.0532,0.6299,0.0752,0.7045,Debt-to-income;Payment history,"{'income': 0.3, 'credit_history': 0.4, 'collateral': 0.3}"
26,CUST-C0101,INST-009,Business Loan,Stable,0.3337,290672.44,61,5,5,0.7361,0.2654,0.5987,0.3185,Debt-to-income;Payment history,"{'income': 0.3, 'credit_history': 0.4, 'collateral': 0.3}"
27,CUST-C0056,INST-020,Line of Credit,Stable,0.6485,575542.07,115,1,2,0.7243,0.3178,1.9499,0.9673,Debt-to-income;Payment history,"{'income': 0.3, 'credit_history': 0.4, 'collateral': 0.3}"
28,CUST-C0137,INST-003,Credit Card,Volatile,0.7451,2851181.66,40,1,4,0.5897,0.1815,1.081,0.5446,Debt-to-income;Payment history,"{'income': 0.3, 'credit_history': 0.4, 'collateral': 0.3}"
29,CUST-C0069,INST-014,Line of Credit,Stable,0.5838,649468.91,91,4,5,0.9777,0.3751,0.5646,0.2764,Debt-to-income;Payment history,"{'income': 0.3, 'credit_history': 0.4, 'collateral': 0.3}"
30,CUST-C0153,INST-008,Personal Loan,Stable,0.0015,639574.15,40,4,2,0.9343,0.0471,0.3783,0.2433,Debt-to-income;Payment history,"{'income': 0.3, 'credit_history': 0.4, 'collateral': 0.3}"
31,CUST-C0198,INST-011,Line of Credit,Stable,0.611,5270.41,50,3,1,0.5175,0.4297,0.4155,0.2212,Debt-to-income;Payment history,"{'income': 0.3, 'credit_history': 0.4, 'collateral': 0.3}"
32,CUST-C0132,INST-003,Business Loan,Stable,0.2451,4541951.63,107,3,10,0.5202,0.8185,1.7048,0.6143,Debt-to-income;Payment history,"{'income': 0.3, 'credit_history': 0.4, 'collateral': 0.3}"
33,CUST-C0015,INST-012,Business Loan,Volatile,0.9701,924012.03,28,1,5,0.0788,0.4445,0.5178,0.6539,Debt-to-income;Payment history,"{'income': 0.3, 'credit_history': 0.4, 'collateral': 0.3}"
34,CUST-C0121,INST-012,Personal Loan,Improving,0.6833,857757.68,73,5,5,0.4677,0.2046,1.7104,0.8397,Debt-to-income;Payment history,"{'income': 0.3, 'credit_history': 0.4, 'collateral': 0.3}"
35,CUST-C0242,INST-003,Mortgage,Deteriorating,0.6576,2626885.81,38,4,2,0.5644,0.8841,0.4267,0.5717,Debt-to-income;Payment history,"{'income': 0.3, 'credit_history': 0.4, 'collateral': 0.3}"
36,CUST-C0035,INST-014,Personal Loan,Improving,0.5673,5540.37,107,2,10,0.1373,0.122,1.5722,0.9806,Debt-to-income;Payment history,"{'income': 0.3, 'credit_history': 0.4, 'collateral': 0.3}"
37,CUST-C0017,INST-013,Business Loan,Volatile,0.6361,842850.94,76,2,8,0.7773,0.3323,0.7994,0.0549,Debt-to-income;Payment history,"{'income': 0.3, 'credit_history': 0.4, 'collateral': 0.3}"
38,CUST-C0047,INST-011,Credit Card,Stable,0.1876,2415160.59,113,4,1,0.7053,0.6399,1.1013,0.1685,Debt-to-income;Payment history,"{'income': 0.3, 'credit_history': 0.4, 'collateral': 0.3}"
39,CUST-C0169,INST-005,Credit Card,Deteriorating,0.0315,1637.87,62,1,8,0.0733,0.0917,0.0829,0.7192,Debt-to-income;Payment history,"{'income': 0.3, 'credit_history': 0.4, 'collateral': 0.3}"
40,CUST-C0059,INST-008,Personal Loan,Improving,0.3694,1568493.63,1,1,3,0.2036,0.7231,1.0537,0.5559,Debt-to-income;Payment history,"{'income': 0.3, 'credit_history': 0.4, 'collateral': 0.3}"
41,CUST-C0009,INST-014,Credit Card,Volatile,0.8393,108002.7,12,3,4,0.7444,0.9483,0.6189,0.3996,Debt-to-income;Payment history,"{'income': 0.3, 'credit_history': 0.4, 'collateral': 0.3}"
42,CUST-C0064,INST-003,Business Loan,Deteriorating,0.2849,41916.79,33,5,1,0.3721,0.3026,1.6293,0.1664,Debt-to-income;Payment history,"{'income': 0.3, 'credit_history': 0.4, 'collateral': 0.3}"
43,CUST-C0013,INST-006,Credit Card,Stable,0.3632,2468390.89,34,5,8,0.3005,0.861,1.1769,0.8526,Debt-to-income;Payment history,"{'income': 0.3, 'credit_history': 0.4, 'collateral': 0.3}"
44,CUST-C0223,INST-009,Mortgage,Improving,0.0004,1773555.23,60,4,8,0.0363,0.7383,1.9945,0.5597,Debt-to-income;Payment history,"{'income': 0.3, 'credit_history': 0.4, 'collateral': 0.3}"
45,CUST-C0040,INST-005,Line of Credit,Stable,0.6073,621266.93,77,3,7,0.1365,0.5306,1.2575,0.8917,Debt-to-income;Payment history,"{'income': 0.3, 'credit_history': 0.4, 'collateral': 0.3}"
46,CUST-C0223,INST-009,Personal Loan,Deteriorating,0.309,55656.46,84,4,4,0.1879,0.6262,0.2776,0.9264,Debt-to-income;Payment history,"{'income': 0.3, 'credit_history': 0.4, 'collateral': 0.3}"
47,CUST-C0037,INST-004,Business Loan,Deteriorating,0.1576,20920.77,102,5,7,0.3959,0.5939,0.1236,0.7459,Debt-to-income;Payment history,"{'income': 0.3, 'credit_history': 0.4, 'collateral': 0.3}"
48,CUST-C0130,INST-001,Credit Card,Volatile,0.0944,8693.31,28,4,7,0.18,0.6471,0.9656,0.1962,Debt-to-income;Payment history,"{'income': 0.3, 'credit_history': 0.4, 'collateral': 0.3}"
49,CUST-C0192,INST-020,Credit Card,Deteriorating,0.821,694629.46,9,2,3,0.4874,0.3116,1.4965,0.2401,Debt-to-income;Payment history,"{'income': 0.3, 'credit_history': 0.4, 'collateral': 0.3}"
50,CUST-C0035,INST-004,Mortgage,Volatile,0.6573,266355.49,81,5,1,0.8597,0.4774,1.9968,0.5595,Debt-to-income;Payment history,"{'income': 0.3, 'credit_history': 0.4, 'collateral': 0.3}"
51,CUST-C0224,INST-001,Mortgage,Stable,0.6231,7913.17,106,2,6,0.5588,0.7411,0.1179,0.8648,Debt-to-income;Payment history,"{'income': 0.3, 'credit_history': 0.4, 'collateral': 0.3}"
52,CUST-C0100,INST-004,Personal Loan,Volatile,0.3492,165284.42,26,2,5,0.7076,0.7378,0.0111,0.8063,Debt-to-income;Payment history,"{'income': 0.3, 'credit_history': 0.4, 'collateral': 0.3}"
53,CUST-C0226,INST-016,Line of Credit,Stable,0.6413,17621.53,81,4,1,0.3986,0.9761,1.4149,0.2323,Debt-to-income;Payment history,"{'income': 0.3, 'credit_history': 0.4, 'collateral': 0.3}"
54,CUST-C0161,INST-016,Mortgage,Stable,0.1535,991057.01,92,5,8,0.7042,0.7697,0.3337,0.2131,Debt-to-income;Payment history,"{'income': 0.3, 'credit_history': 0.4, 'collateral': 0.3}"
55,CUST-C0180,INST-001,Personal Loan,Volatile,0.72,10852.75,93,4,9,0.3902,0.9601,1.1292,0.5992,Debt-to-income;Payment history,"{'income': 0.3, 'credit_history': 0.4, 'collateral': 0.3}"
56,CUST-C0173,INST-005,Business Loan,Stable,0.2834,3085056.82,30,2,4,0.2857,0.3153,0.2287,0.5156,Debt-to-income;Payment history,"{'income': 0.3, 'credit_history': 0.4, 'collateral': 0.3}"
57,CUST-C0067,INST-015,Personal Loan,Volatile,0.9496,1753272.04,110,2,2,0.8119,0.1869,0.8749,0.0558,Debt-to-income;Payment history,"{'income': 0.3, 'credit_history': 0.4, 'collateral': 0.3}"
58,CUST-C0028,INST-017,Line of Credit,Stable,0.0815,30423.96,86,5,4,0.791,0.3055,0.8199,0.8756,Debt-to-income;Payment history,"{'income': 0.3, 'credit_history': 0.4, 'collateral': 0.3}"
59,CUST-C0137,INST-005,Line of Credit,Volatile,0.2948,5495.54,78,2,9,0.1191,0.6392,1.5883,0.0783,Debt-to-income;Payment history,"{'income': 0.3, 'credit_history': 0.4, 'collateral': 0.3}"
60,CUST-C0075,INST-019,Credit Card,Improving,0.5387,79818.17,2,4,5,0.9917,0.4907,1.8508,0.2059,Debt-to-income;Payment history,"{'income': 0.3, 'credit_history': 0.4, 'collateral': 0.3}"
61,CUST-C0195,INST-020,Line of Credit,Volatile,0.4153,354932.34,12,1,4,0.594,0.0729,1.7929,0.6128,Debt-to-income;Payment history,"{'income': 0.3, 'credit_history': 0.4, 'collateral': 0.3}"
62,CUST-C0155,INST-002,Credit Card,Volatile,0.355,8106.44,39,2,7,0.8569,0.5874,1.9063,0.46,Debt-to-income;Payment history,"{'income': 0.3, 'credit_history': 0.4, 'collateral': 0.3}"
63,CUST-C0173,INST-019,Business Loan,Stable,0.2007,52112.32,31,3,8,0.2526,0.0042,0.3594,0.4933,Debt-to-income;Payment history,"{'income': 0.3, 'credit_history': 0.4, 'collateral': 0.3}"
64,CUST-C0037,INST-013,Mortgage,Deteriorating,0.6529,905444.27,89,1,3,0.6567,0.2423,1.3316,0.7044,Debt-to-income;Payment history,"{'income': 0.3, 'credit_history': 0.4, 'collateral': 0.3}"
65,CUST-C0228,INST-015,Line of Credit,Stable,0.8602,80115.9,10,2,10,0.36,0.1243,1.7791,0.7284,Debt-to-income;Payment history,"{'income': 0.3, 'credit_history': 0.4, 'collateral': 0.3}"
66,CUST-C0223,INST-011,Line of Credit,Deteriorating,0.0168,813284.1,19,3,4,0.6454,0.7664,0.7634,0.0005,Debt-to-income;Payment history,"{'income': 0.3, 'credit_history': 0.4, 'collateral': 0.3}"
67,CUST-C0118,INST-018,Mortgage,Volatile,0.6628,902296.87,38,2,8,0.3788,0.4288,1.7188,0.749,Debt-to-income;Payment history,"{'income': 0.3, 'credit_history': 0.4, 'collateral': 0.3}"
68,CUST-C0043,INST-007,Line of Credit,Volatile,0.5525,46713.55,9,5,5,0.3558,0.9057,0.7979,0.3016,Debt-to-income;Payment history,"{'income': 0.3, 'credit_history': 0.4, 'collateral': 0.3}"
69,CUST-C0028,INST-014,Credit Card,Stable,0.5042,13397.15,31,3,3,0.6697,0.3884,0.5128,0.9669,Debt-to-income;Payment history,"{'income': 0.3, 'credit_history': 0.4, 'collateral': 0.3}"
70,CUST-C0029,INST-002,Line of Credit,Volatile,0.5076,844451.38,3,2,4,0.5063,0.1093,0.795,0.3253,Debt-to-income;Payment history,"{'income': 0.3, 'credit_history': 0.4, 'collateral': 0.3}"
71,CUST-C0238,INST-019,Mortgage,Improving,0.6417,82922.8,89,5,8,0.7475,0.8168,0.7236,0.7567,Debt-to-income;Payment history,"{'income': 0.3, 'credit_history': 0.4, 'collateral': 0.3}"
72,CUST-C0037,INST-012,Line of Credit,Improving,0.0842,3353604.85,87,2,10,0.0585,0.8779,1.2092,0.7944,Debt-to-income;Payment history,"{'income': 0.3, 'credit_history': 0.4, 'collateral': 0.3}"
73,CUST-C0209,INST-011,Line of Credit,Stable,0.8129,3145771.46,101,5,10,0.5924,0.2359,1.6531,0.2379,Debt-to-income;Payment history,"{'income': 0.3, 'credit_history': 0.4, 'collateral': 0.3}"
74,CUST-C0097,INST-020,Line of Credit,Improving,0.3624,3032338.95,100,2,4,0.5481,0.2643,1.9728,0.9059,Debt-to-income;Payment history,"{'income': 0.3, 'credit_history': 0.4, 'collateral': 0.3}"
75,CUST-C0181,INST-014,Personal Loan,Volatile,0.4729,4779.43,116,1,8,0.1692,0.6785,0.8602,0.009,Debt-to-income;Payment history,"{'income': 0.3, 'credit_history': 0.4, 'collateral': 0.3}"
76,CUST-C0248,INST-012,Line of Credit,Deteriorating,0.1738,4625004.09,72,1,5,0.882,0.0039,0.3777,0.2446,Debt-to-income;Payment history,"{'income': 0.3, 'credit_history': 0.4, 'collateral': 0.3}"
77,CUST-C0060,INST-016,Mortgage,Deteriorating,0.1655,498658.36,62,1,1,0.8141,0.1461,1.1216,0.7697,Debt-to-income;Payment history,"{'income': 0.3, 'credit_history': 0.4, 'collateral': 0.3}"
78,CUST-C0176,INST-002,Personal Loan,Stable,0.1436,93339.86,14,4,2,0.7878,0.6807,0.9511,0.1431,Debt-to-income;Payment history,"{'income': 0.3, 'credit_history': 0.4, 'collateral': 0.3}"
79,CUST-C0212,INST-012,Mortgage,Improving,0.1079,94209.09,55,3,4,0.9039,0.7576,0.4462,0.6747,Debt-to-income;Payment history,"{'income': 0.3, 'credit_history': 0.4, 'collateral': 0.3}"
80,CUST-C0180,INST-015,Business Loan,Improving,0.1509,3205029.75,93,4,6,0.5794,0.9511,0.4467,0.1414,Debt-to-income;Payment history,"{'income': 0.3, 'credit_history': 0.4, 'collateral': 0.3}"
81,CUST-C0068,INST-009,Personal Loan,Stable,0.8105,839774.01,51,4,4,0.7401,0.7415,0.0958,0.5903,Debt-to-income;Payment history,"{'income': 0.3, 'credit_history': 0.4, 'collateral': 0.3}"
82,CUST-C0229,INST-007,Business Loan,Deteriorating,0.0296,2291.64,119,1,3,0.3671,0.7855,1.0335,0.6688,Debt-to-income;Payment history,"{'income': 0.3, 'credit_history': 0.4, 'collateral': 0.3}"
83,CUST-C0046,INST-006,Line of Credit,Improving,0.4897,113497.54,18,1,6,0.6427,0.7521,1.9285,0.1545,Debt-to-income;Payment history,"{'income': 0.3, 'credit_history': 0.4, 'collateral': 0.3}"
84,CUST-C0167,INST-015,Personal Loan,Deteriorating,0.5992,3628.38,94,3,3,0.9253,0.5485,1.8962,0.1519,Debt-to-income;Payment history,"{'income': 0.3, 'credit_history': 0.4, 'collateral': 0.3}"
85,CUST-C0127,INST-020,Business Loan,Stable,0.4395,9286.61,89,3,6,0.1217,0.7238,1.9035,0.2111,Debt-to-income;Payment history,"{'income': 0.3, 'credit_history': 0.4, 'collateral': 0.3}"
86,CUST-C0002,INST-007,Personal Loan,Improving,0.6349,880825.12,91,3,6,0.6256,0.7987,1.632,0.5529,Debt-to-income;Payment history,"{'income': 0.3, 'credit_history': 0.4, 'collateral': 0.3}"
87,CUST-C0241,INST-002,Personal Loan,Volatile,0.4572,734122.52,23,2,6,0.9111,0.4488,1.6687,0.9166,Debt-to-income;Payment history,"{'income': 0.3, 'credit_history': 0.4, 'collateral': 0.3}"
88,CUST-C0211,INST-002,Credit Card,Deteriorating,0.053,833668.8,97,3,1,0.7987,0.8489,1.9418,0.0785,Debt-to-income;Payment history,"{'income': 0.3, 'credit_history': 0.4, 'collateral': 0.3}"
89,CUST-C0108,INST-001,Credit Card,Improving,0.8652,58942.05,3,1,8,0.0598,0.4278,0.5425,0.6032,Debt-to-income;Payment history,"{'income': 0.3, 'credit_history': 0.4, 'collateral': 0.3}"
90,CUST-C0228,INST-014,Credit Card,Improving,0.6318,3094342.35,95,2,9,0.2089,0.3663,1.1686,0.4273,Debt-to-income;Payment history,"{'income': 0.3, 'credit_history': 0.4, 'collateral': 0.3}"
91,CUST-C0005,INST-014,Personal Loan,Stable,0.7279,329086.11,74,5,7,0.114,0.9759,0.6164,0.4567,Debt-to-income;Payment history,"{'income': 0.3, 'credit_history': 0.4, 'collateral': 0.3}"
92,CUST-C0073,INST-013,Mortgage,Volatile,0.2244,990475.97,50,4,3,0.1893,0.0299,1.8979,0.1503,Debt-to-income;Payment history,"{'income': 0.3, 'credit_history': 0.4, 'collateral': 0.3}"
93,CUST-C0143,INST-003,Personal Loan,Volatile,0.6641,328226.65,78,3,4,0.2028,0.4294,0.3845,0.7958,Debt-to-income;Payment history,"{'income': 0.3, 'credit_history': 0.4, 'collateral': 0.3}"
94,CUST-C0008,INST-011,Business Loan,Improving,0.6715,863204.19,36,2,9,0.3511,0.7961,0.5129,0.1026,Debt-to-income;Payment history,"{'income': 0.3, 'credit_history': 0.4, 'collateral': 0.3}"
95,CUST-C0010,INST-019,Credit Card,Stable,0.6017,336177.98,65,1,3,0.3185,0.1427,0.9667,0.337,Debt-to-income;Payment history,"{'income': 0.3, 'credit_history': 0.4, 'collateral': 0.3}"
96,CUST-C0114,INST-001,Personal Loan,Stable,0.466,925463.47,45,4,1,0.1045,0.6987,0.5875,0.8712,Debt-to-income;Payment history,"{'income': 0.3, 'credit_history': 0.4, 'collateral': 0.3}"
97,CUST-C0068,INST-003,Business Loan,Stable,0.9434,66948.28,54,3,10,0.1523,0.2318,1.9092,0.9828,Debt-to-income;Payment history,"{'income': 0.3, 'credit_history': 0.4, 'collateral': 0.3}"
98,CUST-C0084,INST-017,Credit Card,Improving,0.479,25589.66,80,2,6,0.6322,0.2051,1.3452,0.3332,Debt-to-income;Payment history,"{'income': 0.3, 'credit_history': 0.4, 'collateral': 0.3}"
99,CUST-C0069,INST-008,Personal Loan,Volatile,0.3502,1630.56,8,4,1,0.4552,0.7106,1.4109,0.11,Debt-to-income;Payment history,"{'income': 0.3, 'credit_history': 0.4, 'collateral': 0.3}"
100,CUST-C0113,INST-019,Business Loan,Improving,0.5351,8379.65,59,1,5,0.4064,0.4331,1.2272,0.5363,Debt-to-income;Payment history,"{'income': 0.3, 'credit_history': 0.4, 'collateral': 0.3}"
101,CUST-C0125,INST-004,Credit Card,Improving,0.5948,39159.08,34,2,10,0.5331,0.8105,0.7891,0.8578,Debt-to-income;Payment history,"{'income': 0.3, 'credit_history': 0.4, 'collateral': 0.3}"
102,CUST-C0038,INST-008,Mortgage,Deteriorating,0.4313,49458.01,32,3,9,0.3442,0.0912,0.1551,0.8901,Debt-to-income;Payment history,"{'income': 0.3, 'credit_history': 0.4, 'collateral': 0.3}"
103,CUST-C0031,INST-007,Mortgage,Deteriorating,0.4762,19194.18,4,3,1,0.9675,0.8861,1.5838,0.871,Debt-to-income;Payment history,"{'income': 0.3, 'credit_history': 0.4, 'collateral': 0.3}"
104,CUST-C0214,INST-002,Credit Card,Improving,0.6746,961281.1,85,2,2,0.3476,0.8237,1.7265,0.0211,Debt-to-income;Payment history,"{'income': 0.3, 'credit_history': 0.4, 'collateral': 0.3}"
105,CUST-C0055,INST-005,Personal Loan,Stable,0.8422,1473754.55,80,1,3,0.3169,0.7888,0.0776,0.732,Debt-to-income;Payment history,"{'income': 0.3, 'credit_history': 0.4, 'collateral': 0.3}"
106,CUST-C0007,INST-003,Business Loan,Deteriorating,0.6879,79710.73,76,1,3,0.4074,0.2308,0.4843,0.033,Debt-to-income;Payment history,"{'income': 0.3, 'credit_history': 0.4, 'collateral': 0.3}"
107,CUST-C0241,INST-019,Business Loan,Deteriorating,0.6465,138378.06,34,1,5,0.4506,0.4599,0.029,0.645,Debt-to-income;Payment history,"{'income': 0.3, 'credit_history': 0.4, 'collateral': 0.3}"
108,CUST-C0040,INST-014,Credit Card,Volatile,0.3894,4003.74,20,2,2,0.5456,0.0815,1.4413,0.1821,Debt-to-income;Payment history,"{'income': 0.3, 'credit_history': 0.4, 'collateral': 0.3}"
109,CUST-C0190,INST-012,Mortgage,Deteriorating,0.0999,1911.65,108,4,3,0.8858,0.7847,1.2906,0.6678,Debt-to-income;Payment history,"{'income': 0.3, 'credit_history': 0.4, 'collateral': 0.3}"
110,CUST-C0203,INST-011,Credit Card,Deteriorating,0.6386,486262.88,60,2,5,0.5112,0.0557,1.6822,0.7309,Debt-to-income;Payment history,"{'income': 0.3, 'credit_history': 0.4, 'collateral': 0.3}"
111,CUST-C0101,INST-012,Credit Card,Volatile,0.6832,474434.61,30,3,5,0.9464,0.7629,1.5711,0.9178,Debt-to-income;Payment history,"{'income': 0.3, 'credit_history': 0.4, 'collateral': 0.3}"
112,CUST-C0106,INST-003,Business Loan,Deteriorating,0.4909,8695.98,43,5,10,0.9074,0.393,1.0466,0.7228,Debt-to-income;Payment history,"{'income': 0.3, 'credit_history': 0.4, 'collateral': 0.3}"
113,CUST-C0017,INST-018,Mortgage,Deteriorating,0.8343,4950139.23,30,3,4,0.6678,0.3658,1.4425,0.9277,Debt-to-income;Payment history,"{'income': 0.3, 'credit_history': 0.4, 'collateral': 0.3}"
114,CUST-C0007,INST-007,Personal Loan,Volatile,0.5475,1178966.87,91,2,2,0.1339,0.3121,1.194,0.0355,Debt-to-income;Payment history,"{'income': 0.3, 'credit_history': 0.4, 'collateral': 0.3}"
115,CUST-C0153,INST-008,Credit Card,Improving,0.4585,6227.42,50,2,3,0.2768,0.9087,1.918,0.7636,Debt-to-income;Payment history,"{'income': 0.3, 'credit_history': 0.4, 'collateral': 0.3}"
116,CUST-C0187,INST-004,Business Loan,Deteriorating,0.6378,1538.51,67,4,2,0.5615,0.768,1.5741,0.1034,Debt-to-income;Payment history,"{'income': 0.3, 'credit_history': 0.4, 'collateral': 0.3}"
117,CUST-C0036,INST-002,Credit Card,Deteriorating,0.2329,89255.89,118,1,2,0.3219,0.6435,0.2019,0.7212,Debt-to-income;Payment history,"{'income': 0.3, 'credit_history': 0.4, 'collateral': 0.3}"
118,CUST-C0201,INST-017,Line of Credit,Stable,0.3258,3448425.42,101,4,3,0.6517,0.6051,1.7438,0.113,Debt-to-income;Payment history,"{'income': 0.3, 'credit_history': 0.4, 'collateral': 0.3}"
119,CUST-C0039,INST-010,Line of Credit,Deteriorating,0.6947,1766901.03,113,5,3,0.3013,0.0154,1.9513,0.0035,Debt-to-income;Payment history,"{'income': 0.3, 'credit_history': 0.4, 'collateral': 0.3}"
120,CUST-C0224,INST-006,Mortgage,Improving,0.1146,92954.92,33,2,3,0.3333,0.6633,0.5304,0.0801,Debt-to-income;Payment history,"{'income': 0.3, 'credit_history': 0.4, 'collateral': 0.3}"
121,CUST-C0098,INST-012,Credit Card,Deteriorating,0.9085,53831.33,89,4,4,0.3344,0.7174,0.0265,0.2511,Debt-to-income;Payment history,"{'income': 0.3, 'credit_history': 0.4, 'collateral': 0.3}"
122,CUST-C0017,INST-001,Business Loan,Deteriorating,0.5108,4420766.59,18,1,1,0.9359,0.0027,0.5703,0.6489,Debt-to-income;Payment history,"{'income': 0.3, 'credit_history': 0.4, 'collateral': 0.3}"
123,CUST-C0045,INST-004,Personal Loan,Deteriorating,0.4421,1217.72,39,3,4,0.9939,0.4249,1.7456,0.0214,Debt-to-income;Payment history,"{'income': 0.3, 'credit_history': 0.4, 'collateral': 0.3}"
124,CUST-C0201,INST-011,Personal Loan,Improving,0.424,98709.84,21,2,4,0.0182,0.4193,0.9222,0.7021,Debt-to-income;Payment history,"{'income': 0.3, 'credit_history': 0.4, 'collateral': 0.3}"
125,CUST-C0243,INST-017,Business Loan,Deteriorating,0.3125,4562308.14,103,5,2,0.3701,0.594,1.7595,0.1179,Debt-to-income;Payment history,"{'income': 0.3, 'credit_history': 0.4, 'collateral': 0.3}"
126,CUST-C0232,INST-020,Business Loan,Improving,0.4575,867128.85,110,2,6,0.3562,0.1374,1.4803,0.8556,Debt-to-income;Payment history,"{'income': 0.3, 'credit_history': 0.4, 'collateral': 0.3}"
127,CUST-C0088,INST-016,Mortgage,Deteriorating,0.7119,964537.34,21,2,7,0.5164,0.246,0.1987,0.3152,Debt-to-income;Payment history,"{'income': 0.3, 'credit_history': 0.4, 'collateral': 0.3}"
128,CUST-C0004,INST-018,Business Loan,Volatile,0.0148,8958.94,48,5,6,0.5864,0.3317,0.452,0.9706,Debt-to-income;Payment history,"{'income': 0.3, 'credit_history': 0.4, 'collateral': 0.3}"
129,CUST-C0208,INST-013,Mortgage,Volatile,0.8833,2188.83,42,1,2,0.7562,0.1036,1.5769,0.8292,Debt-to-income;Payment history,"{'income': 0.3, 'credit_history': 0.4, 'collateral': 0.3}"
130,CUST-C0181,INST-005,Mortgage,Deteriorating,0.3627,411992.51,24,4,9,0.9333,0.5283,1.6599,0.3854,Debt-to-income;Payment history,"{'income': 0.3, 'credit_history': 0.4, 'collateral': 0.3}"
131,CUST-C0181,INST-004,Credit Card,Volatile,0.5747,3969770.5,7,3,10,0.0132,0.5945,1.1273,0.6579,Debt-to-income;Payment history,"{'income': 0.3, 'credit_history': 0.4, 'collateral': 0.3}"
132,CUST-C0080,INST-004,Personal Loan,Volatile,0.3555,4037768.66,21,5,2,0.3179,0.9937,0.9414,0.9493,Debt-to-income;Payment history,"{'income': 0.3, 'credit_history': 0.4, 'collateral': 0.3}"
133,CUST-C0006,INST-010,Mortgage,Improving,0.0885,3446400.27,93,4,1,0.5818,0.8085,1.602,0.7623,Debt-to-income;Payment history,"{'income': 0.3, 'credit_history': 0.4, 'collateral': 0.3}"
134,CUST-C0045,INST-011,Credit Card,Volatile,0.4723,360056.8,106,3,7,0.7473,0.6489,0.1893,0.0269,Debt-to-income;Payment history,"{'income': 0.3, 'credit_history': 0.4, 'collateral': 0.3}"
135,CUST-C0069,INST-009,Credit Card,Stable,0.3287,3196713.97,44,5,9,0.0788,0.954,0.6524,0.9202,Debt-to-income;Payment history,"{'income': 0.3, 'credit_history': 0.4, 'collateral': 0.3}"
136,CUST-C0232,INST-020,Personal Loan,Deteriorating,0.019,8024.89,106,2,4,0.7524,0.2349,0.6136,0.9124,Debt-to-income;Payment history,"{'income': 0.3, 'credit_history': 0.4, 'collateral': 0.3}"
137,CUST-C0176,INST-019,Personal Loan,Volatile,0.9471,1631207.52,37,1,7,0.8384,0.7612,1.6022,0.5138,Debt-to-income;Payment history,"{'income': 0.3, 'credit_history': 0.4, 'collateral': 0.3}"
138,CUST-C0154,INST-003,Line of Credit,Improving,0.2699,37975.26,54,2,2,0.2783,0.6205,0.9074,0.5514,Debt-to-income;Payment history,"{'income': 0.3, 'credit_history': 0.4, 'collateral': 0.3}"
139,CUST-C0018,INST-011,Line of Credit,Deteriorating,0.2706,3408956.17,6,3,6,0.8024,0.7288,0.1499,0.84,Debt-to-income;Payment history,"{'income': 0.3, 'credit_history': 0.4, 'collateral': 0.3}"
140,CUST-C0174,INST-015,Personal Loan,Deteriorating,0.5255,462202.84,115,3,8,0.2441,0.4436,1.7648,0.1465,Debt-to-income;Payment history,"{'income': 0.3, 'credit_history': 0.4, 'collateral': 0.3}"
141,CUST-C0132,INST-020,Mortgage,Improving,0.7095,38032.39,45,1,4,0.6008,0.6357,1.5907,0.5501,Debt-to-income;Payment history,"{'income': 0.3, 'credit_history': 0.4, 'collateral': 0.3}"
142,CUST-C0165,INST-009,Mortgage,Improving,0.6193,2964589.75,2,3,3,0.312,0.2819,0.0392,0.0711,Debt-to-income;Payment history,"{'income': 0.3, 'credit_history': 0.4, 'collateral': 0.3}"
143,CUST-C0157,INST-014,Mortgage,Improving,0.552,2198895.68,117,4,3,0.8598,0.248,1.89,0.4096,Debt-to-income;Payment history,"{'income': 0.3, 'credit_history': 0.4, 'collateral': 0.3}"
144,CUST-C0121,INST-001,Credit Card,Deteriorating,0.2322,4610.15,90,4,7,0.4316,0.7133,0.894,0.1738,Debt-to-income;Payment history,"{'income': 0.3, 'credit_history': 0.4, 'collateral': 0.3}"
145,CUST-C0042,INST-001,Line of Credit,Stable,0.8011,4050166.89,66,1,3,0.2065,0.5143,1.4167,0.7103,Debt-to-income;Payment history,"{'income': 0.3, 'credit_history': 0.4, 'collateral': 0.3}"
146,CUST-C0207,INST-017,Line of Credit,Volatile,0.1643,1726.85,39,4,7,0.9825,0.221,0.9381,0.0621,Debt-to-income;Payment history,"{'income': 0.3, 'credit_history': 0.4, 'collateral': 0.3}"
147,CUST-C0053,INST-010,Line of Credit,Stable,0.16,271302.19,99,5,9,0.9016,0.3563,1.6599,0.2841,Debt-to-income;Payment history,"{'income': 0.3, 'credit_history': 0.4, 'collateral': 0.3}"
148,CUST-C0125,INST-015,Business Loan,Volatile,0.7584,2378071.68,106,3,2,0.5785,0.1347,1.1117,0.826,Debt-to-income;Payment history,"{'income': 0.3, 'credit_history': 0.4, 'collateral': 0.3}"
149,CUST-C0035,INST-011,Personal Loan,Stable,0.201,2607.18,54,1,3,0.417,0.6358,0.419,0.4996,Debt-to-income;Payment history,"{'income': 0.3, 'credit_history': 0.4, 'collateral': 0.3}"
150,CUST-C0112,INST-016,Personal Loan,Improving,0.7481,4636570.87,35,3,2,0.9108,0.7463,1.8545,0.8036,Debt-to-income;Payment history,"{'income': 0.3, 'credit_history': 0.4, 'collateral': 0.3}"
151,CUST-C0019,INST-010,Line of Credit,Volatile,0.7101,64755.46,16,5,5,0.534,0.5677,0.8015,0.6711,Debt-to-income;Payment history,"{'income': 0.3, 'credit_history': 0.4, 'collateral': 0.3}"
152,CUST-C0216,INST-001,Line of Credit,Volatile,0.0014,3059907.97,11,2,1,0.6152,0.6234,0.8477,0.8923,Debt-to-income;Payment history,"{'income': 0.3, 'credit_history': 0.4, 'collateral': 0.3}"
153,CUST-C0246,INST-015,Line of Credit,Improving,0.8664,2747268.61,117,3,1,0.0152,0.4951,1.4267,0.2362,Debt-to-income;Payment history,"{'income': 0.3, 'credit_history': 0.4, 'collateral': 0.3}"
154,CUST-C0112,INST-018,Personal Loan,Deteriorating,0.1168,6342.25,99,5,9,0.456,0.7253,1.1058,0.7172,Debt-to-income;Payment history,"{'income': 0.3, 'credit_history': 0.4, 'collateral': 0.3}"
155,CUST-C0236,INST-012,Line of Credit,Improving,0.6321,94901.08,39,2,4,0.5441,0.1013,0.6871,0.2079,Debt-to-income;Payment history,"{'income': 0.3, 'credit_history': 0.4, 'collateral': 0.3}"
156,CUST-C0122,INST-001,Mortgage,Volatile,0.6008,222523.09,107,3,4,0.8137,0.4615,0.9355,0.525,Debt-to-income;Payment history,"{'income': 0.3, 'credit_history': 0.4, 'collateral': 0.3}"
157,CUST-C0097,INST-003,Mortgage,Improving,0.4993,4072.74,53,5,7,0.5969,0.4081,0.3091,0.9805,Debt-to-income;Payment history,"{'income': 0.3, 'credit_history': 0.4, 'collateral': 0.3}"
158,CUST-C0061,INST-016,Line of Credit,Improving,0.2737,836505.1,61,3,2,0.2328,0.7292,0.1349,0.6912,Debt-to-income;Payment history,"{'income': 0.3, 'credit_history': 0.4, 'collateral': 0.3}"
159,CUST-C0011,INST-013,Business Loan,Stable,0.5651,42195.99,91,3,3,0.0529,0.8777,1.8779,0.4115,Debt-to-income;Payment history,"{'income': 0.3, 'credit_history': 0.4, 'collateral': 0.3}"
160,CUST-C0122,INST-018,Business Loan,Volatile,0.1932,3080020.57,91,2,2,0.7936,0.6742,1.6884,0.2442,Debt-to-income;Payment history,"{'income': 0.3, 'credit_history': 0.4, 'collateral': 0.3}"
161,CUST-C0101,INST-005,Personal Loan,Volatile,0.9738,128030.8,107,1,10,0.4282,0.732,0.7891,0.4198,Debt-to-income;Payment history,"{'income': 0.3, 'credit_history': 0.4, 'collateral': 0.3}"
162,CUST-C0184,INST-001,Business Loan,Improving,0.6027,63720.31,16,5,7,0.464,0.496,1.1613,0.0152,Debt-to-income;Payment history,"{'income': 0.3, 'credit_history': 0.4, 'collateral': 0.3}"
163,CUST-C0034,INST-009,Personal Loan,Improving,0.7021,82072.23,91,5,4,0.0597,0.9964,1.8255,0.1063,Debt-to-income;Payment history,"{'income': 0.3, 'credit_history': 0.4, 'collateral': 0.3}"
164,CUST-C0244,INST-002,Credit Card,Improving,0.1815,2460.12,27,5,4,0.9756,0.319,1.9301,0.9771,Debt-to-income;Payment history,"{'income': 0.3, 'credit_history': 0.4, 'collateral': 0.3}"
165,CUST-C0057,INST-011,Line of Credit,Stable,0.4457,7430.73,23,5,10,0.2922,0.697,1.1352,0.1292,Debt-to-income;Payment history,"{'income': 0.3, 'credit_history': 0.4, 'collateral': 0.3}"
166,CUST-C0157,INST-012,Personal Loan,Volatile,0.4786,6656.76,24,1,6,0.7082,0.4732,1.0714,0.8787,Debt-to-income;Payment history,"{'income': 0.3, 'credit_history': 0.4, 'collateral': 0.3}"
167,CUST-C0210,INST-010,Personal Loan,Deteriorating,0.1297,38628.2,56,4,1,0.2645,0.8729,1.7523,0.1843,Debt-to-income;Payment history,"{'income': 0.3, 'credit_history': 0.4, 'collateral': 0.3}"
168,CUST-C0202,INST-019,Business Loan,Volatile,0.6761,49165.58,57,2,9,0.2644,0.439,0.9259,0.1081,Debt-to-income;Payment history,"{'income': 0.3, 'credit_history': 0.4, 'collateral': 0.3}"
169,CUST-C0016,INST-015,Credit Card,Volatile,0.959,119463.28,22,1,5,0.556,0.6478,1.2086,0.4301,Debt-to-income;Payment history,"{'income': 0.3, 'credit_history': 0.4, 'collateral': 0.3}"
170,CUST-C0193,INST-002,Personal Loan,Improving,0.0771,9556.42,100,2,2,0.6256,0.8535,1.0957,0.0744,Debt-to-income;Payment history,"{'income': 0.3, 'credit_history': 0.4, 'collateral': 0.3}"
171,CUST-C0121,INST-004,Credit Card,Improving,0.3637,457504.96,27,4,1,0.5809,0.6495,0.2656,0.7499,Debt-to-income;Payment history,"{'income': 0.3, 'credit_history': 0.4, 'collateral': 0.3}"
172,CUST-C0028,INST-005,Mortgage,Volatile,0.1123,2032.06,8,3,1,0.4971,0.0394,1.501,0.3959,Debt-to-income;Payment history,"{'income': 0.3, 'credit_history': 0.4, 'collateral': 0.3}"
173,CUST-C0137,INST-005,Mortgage,Deteriorating,0.0422,3319136.17,110,5,1,0.0474,0.0878,1.5872,0.6018,Debt-to-income;Payment history,"{'income': 0.3, 'credit_history': 0.4, 'collateral': 0.3}"
174,CUST-C0249,INST-002,Mortgage,Volatile,0.1369,369592.08,93,2,5,0.2905,0.8289,0.3114,0.7589,Debt-to-income;Payment history,"{'income': 0.3, 'credit_history': 0.4, 'collateral': 0.3}"
175,CUST-C0042,INST-018,Mortgage,Improving,0.0023,43876.02,53,1,8,0.8446,0.0461,1.0525,0.5757,Debt-to-income;Payment history,"{'income': 0.3, 'credit_history': 0.4, 'collateral': 0.3}"
176,CUST-C0178,INST-010,Mortgage,Stable,0.2113,956927.09,1,2,10,0.8594,0.0542,0.5802,0.7699,Debt-to-income;Payment history,"{'income': 0.3, 'credit_history': 0.4, 'collateral': 0.3}"
177,CUST-C0092,INST-013,Mortgage,Deteriorating,0.9728,1399.79,50,1,3,0.5268,0.3713,1.5982,0.9282,Debt-to-income;Payment history,"{'income': 0.3, 'credit_history': 0.4, 'collateral': 0.3}"
178,CUST-C0186,INST-016,Mortgage,Improving,0.4599,1893.26,38,5,10,0.9353,0.8128,0.3629,0.7151,Debt-to-income;Payment history,"{'income': 0.3, 'credit_history': 0.4, 'collateral': 0.3}"
179,CUST-C0235,INST-015,Personal Loan,Deteriorating,0.1104,43176.15,10,4,2,0.8812,0.844,1.6008,0.4726,Debt-to-income;Payment history,"{'income': 0.3, 'credit_history': 0.4, 'collateral': 0.3}"
180,CUST-C0075,INST-010,Personal Loan,Volatile,0.2358,1574902.58,51,1,1,0.0199,0.9222,0.9579,0.8926,Debt-to-income;Payment history,"{'income': 0.3, 'credit_history': 0.4, 'collateral': 0.3}"
181,CUST-C0024,INST-010,Personal Loan,Deteriorating,0.5965,418399.03,43,3,5,0.9817,0.5584,1.9512,0.6164,Debt-to-income;Payment history,"{'income': 0.3, 'credit_history': 0.4, 'collateral': 0.3}"
182,CUST-C0121,INST-017,Business Loan,Improving,0.373,22398.98,80,5,7,0.7044,0.1285,0.509,0.1129,Debt-to-income;Payment history,"{'income': 0.3, 'credit_history': 0.4, 'collateral': 0.3}"
183,CUST-C0054,INST-017,Mortgage,Improving,0.3859,4612.03,34,3,7,0.5528,0.9041,0.2974,0.1467,Debt-to-income;Payment history,"{'income': 0.3, 'credit_history': 0.4, 'collateral': 0.3}"
184,CUST-C0128,INST-006,Personal Loan,Improving,0.4463,49256.14,40,2,7,0.5387,0.9129,0.3715,0.5746,Debt-to-income;Payment history,"{'income': 0.3, 'credit_history': 0.4, 'collateral': 0.3}"
185,CUST-C0039,INST-014,Credit Card,Stable,0.9764,1511854.31,38,4,5,0.6346,0.635,1.1897,0.1524,Debt-to-income;Payment history,"{'income': 0.3, 'credit_history': 0.4, 'collateral': 0.3}"
186,CUST-C0089,INST-016,Personal Loan,Volatile,0.2711,4133561.51,41,3,2,0.4,0.9786,0.4767,0.7004,Debt-to-income;Payment history,"{'income': 0.3, 'credit_history': 0.4, 'collateral': 0.3}"
187,CUST-C0210,INST-012,Personal Loan,Stable,0.7287,4774.81,103,5,7,0.5063,0.6013,0.5491,0.1963,Debt-to-income;Payment history,"{'income': 0.3, 'credit_history': 0.4, 'collateral': 0.3}"
188,CUST-C0051,INST-004,Personal Loan,Improving,0.3128,34430.89,56,3,3,0.1532,0.328,0.652,0.978,Debt-to-income;Payment history,"{'income': 0.3, 'credit_history': 0.4, 'collateral': 0.3}"
189,CUST-C0233,INST-017,Personal Loan,Stable,0.4556,967280.03,102,5,9,0.5611,0.9642,1.8214,0.8619,Debt-to-income;Payment history,"{'income': 0.3, 'credit_history': 0.4, 'collateral': 0.3}"
190,CUST-C0013,INST-013,Personal Loan,Deteriorating,0.3643,655340.48,91,3,9,0.8183,0.3334,0.005,0.6175,Debt-to-income;Payment history,"{'income': 0.3, 'credit_history': 0.4, 'collateral': 0.3}"
191,CUST-C0145,INST-008,Credit Card,Volatile,0.6622,504067.84,108,5,10,0.0216,0.1417,0.1728,0.048,Debt-to-income;Payment history,"{'income': 0.3, 'credit_history': 0.4, 'collateral': 0.3}"
192,CUST-C0211,INST-015,Personal Loan,Stable,0.1596,612341.4,3,3,4,0.877,0.6413,0.7329,0.8567,Debt-to-income;Payment history,"{'income': 0.3, 'credit_history': 0.4, 'collateral': 0.3}"
193,CUST-C0044,INST-002,Mortgage,Stable,0.8707,2591.44,72,2,2,0.6814,0.1068,1.2585,0.2383,Debt-to-income;Payment history,"{'income': 0.3, 'credit_history': 0.4, 'collateral': 0.3}"
194,CUST-C0115,INST-015,Line of Credit,Stable,0.7806,82068.11,84,1,2,0.2783,0.1509,0.5341,0.9263,Debt-to-income;Payment history,"{'income': 0.3, 'credit_history': 0.4, 'collateral': 0.3}"
195,CUST-C0089,INST-008,Business Loan,Volatile,0.0196,2953126.19,68,1,10,0.1264,0.7389,1.4687,0.0986,Debt-to-income;Payment history,"{'income': 0.3, 'credit_history': 0.4, 'collateral': 0.3}"
196,CUST-C0185,INST-006,Business Loan,Improving,0.4682,3711669.97,116,2,10,0.2028,0.3989,1.5953,0.6883,Debt-to-income;Payment history,"{'income': 0.3, 'credit_history': 0.4, 'collateral': 0.3}"
197,CUST-C0124,INST-019,Credit Card,Improving,0.6248,8620.5,26,2,1,0.2751,0.095,1.3412,0.9253,Debt-to-income;Payment history,"{'income': 0.3, 'credit_history': 0.4, 'collateral': 0.3}"
198,CUST-C0213,INST-020,Credit Card,Deteriorating,0.6529,3381912.89,38,2,5,0.9124,0.805,0.2338,0.7024,Debt-to-income;Payment history,"{'income': 0.3, 'credit_history': 0.4, 'collateral': 0.3}"
199,CUST-C0244,INST-013,Credit Card,Deteriorating,0.5932,4488966.86,115,3,6,0.2485,0.3276,1.2233,0.6203,Debt-to-income;Payment history,"{'income': 0.3, 'credit_history': 0.4, 'collateral': 0.3}"
200,CUST-C0147,INST-014,Mortgage,Deteriorating,0.5533,4022023.26,80,2,9,0.3291,0.6934,0.1674,0.5617,Debt-to-income;Payment history,"{'income': 0.3, 'credit_history': 0.4, 'collateral': 0.3}"
201,CUST-C0108,INST-019,Credit Card,Improving,0.8135,49866.52,5,4,7,0.172,0.7387,0.7336,0.0941,Debt-to-income;Payment history,"{'income': 0.3, 'credit_history': 0.4, 'collateral': 0.3}"
202,CUST-C0038,INST-013,Credit Card,Improving,0.617,2741516.75,83,4,5,0.5699,0.89,1.9203,0.0655,Debt-to-income;Payment history,"{'income': 0.3, 'credit_history': 0.4, 'collateral': 0.3}"
203,CUST-C0054,INST-012,Mortgage,Deteriorating,0.1818,12985.23,75,2,3,0.9257,0.2494,0.5368,0.2264,Debt-to-income;Payment history,"{'income': 0.3, 'credit_history': 0.4, 'collateral': 0.3}"
204,CUST-C0132,INST-003,Line of Credit,Deteriorating,0.2573,71136.95,85,2,8,0.9344,0.2923,1.5775,0.7548,Debt-to-income;Payment history,"{'income': 0.3, 'credit_history': 0.4, 'collateral': 0.3}"
205,CUST-C0067,INST-019,Personal Loan,Deteriorating,0.0937,3361.68,53,1,4,0.2247,0.5648,0.431,0.1033,Debt-to-income;Payment history,"{'income': 0.3, 'credit_history': 0.4, 'collateral': 0.3}"
206,CUST-C0086,INST-016,Line of Credit,Volatile,0.2818,9532.16,60,2,8,0.34,0.6278,1.6705,0.1423,Debt-to-income;Payment history,"{'income': 0.3, 'credit_history': 0.4, 'collateral': 0.3}"
207,CUST-C0191,INST-008,Business Loan,Volatile,0.0318,262301.38,64,4,8,0.8675,0.2403,0.0807,0.5157,Debt-to-income;Payment history,"{'income': 0.3, 'credit_history': 0.4, 'collateral': 0.3}"
208,CUST-C0018,INST-013,Business Loan,Stable,0.2925,418571.45,43,2,10,0.5795,0.5942,0.2402,0.0189,Debt-to-income;Payment history,"{'income': 0.3, 'credit_history': 0.4, 'collateral': 0.3}"
209,CUST-C0236,INST-009,Personal Loan,Stable,0.9205,82204.27,31,1,5,0.1564,0.0005,1.6243,0.27,Debt-to-income;Payment history,"{'income': 0.3, 'credit_history': 0.4, 'collateral': 0.3}"
210,CUST-C0009,INST-016,Business Loan,Stable,0.5076,7290.35,78,3,5,0.4818,0.3291,1.6162,0.5761,Debt-to-income;Payment history,"{'income': 0.3, 'credit_history': 0.4, 'collateral': 0.3}"
211,CUST-C0249,INST-014,Business Loan,Deteriorating,0.5452,78326.51,120,3,8,0.4161,0.4985,1.6456,0.7472,Debt-to-income;Payment history,"{'income': 0.3, 'credit_history': 0.4, 'collateral': 0.3}"
212,CUST-C0202,INST-006,Credit Card,Stable,0.0571,56224.71,29,4,3,0.8071,0.5854,1.9245,0.5919,Debt-to-income;Payment history,"{'income': 0.3, 'credit_history': 0.4, 'collateral': 0.3}"
213,CUST-C0065,INST-014,Business Loan,Stable,0.6322,1173411.92,93,1,10,0.6904,0.7357,0.8812,0.0145,Debt-to-income;Payment history,"{'income': 0.3, 'credit_history': 0.4, 'collateral': 0.3}"
214,CUST-C0056,INST-007,Personal Loan,Volatile,0.0619,780244.14,22,2,5,0.4998,0.0871,1.4962,0.7225,Debt-to-income;Payment history,"{'income': 0.3, 'credit_history': 0.4, 'collateral': 0.3}"
215,CUST-C0177,INST-014,Personal Loan,Improving,0.5245,2778445.8,61,3,7,0.1867,0.3533,0.6205,0.1588,Debt-to-income;Payment history,"{'income': 0.3, 'credit_history': 0.4, 'collateral': 0.3}"
216,CUST-C0198,INST-017,Mortgage,Volatile,0.0703,483923.41,82,3,2,0.4884,0.1989,0.2201,0.0455,Debt-to-income;Payment history,"{'income': 0.3, 'credit_history': 0.4, 'collateral': 0.3}"
217,CUST-C0030,INST-010,Credit Card,Stable,0.9348,6691.3,103,2,5,0.3868,0.5401,1.846,0.3181,Debt-to-income;Payment history,"{'income': 0.3, 'credit_history': 0.4, 'collateral': 0.3}"
218,CUST-C0080,INST-004,Mortgage,Improving,0.102,1537234.42,2,4,7,0.8904,0.2432,1.1727,0.2141,Debt-to-income;Payment history,"{'income': 0.3, 'credit_history': 0.4, 'collateral': 0.3}"
219,CUST-C0162,INST-003,Personal Loan,Deteriorating,0.3225,67771.81,15,4,5,0.5055,0.4523,0.3817,0.7809,Debt-to-income;Payment history,"{'income': 0.3, 'credit_history': 0.4, 'collateral': 0.3}"
220,CUST-C0171,INST-009,Business Loan,Stable,0.6018,9073.53,37,2,1,0.5097,0.5491,0.2007,0.0371,Debt-to-income;Payment history,"{'income': 0.3, 'credit_history': 0.4, 'collateral': 0.3}"
221,CUST-C0017,INST-018,Credit Card,Stable,0.1251,8018.98,95,1,8,0.9081,0.1371,0.7706,0.6789,Debt-to-income;Payment history,"{'income': 0.3, 'credit_history': 0.4, 'collateral': 0.3}"
222,CUST-C0218,INST-003,Mortgage,Improving,0.4232,1696111.92,53,3,2,0.5229,0.8472,1.0259,0.9634,Debt-to-income;Payment history,"{'income': 0.3, 'credit_history': 0.4, 'collateral': 0.3}"
223,CUST-C0108,INST-018,Business Loan,Improving,0.2819,360217.38,103,4,3,0.6725,0.9403,1.8894,0.5137,Debt-to-income;Payment history,"{'income': 0.3, 'credit_history': 0.4, 'collateral': 0.3}"
224,CUST-C0250,INST-005,Mortgage,Stable,0.2578,1651.8,36,5,8,0.653,0.2973,1.0518,0.3277,Debt-to-income;Payment history,"{'income': 0.3, 'credit_history': 0.4, 'collateral': 0.3}"
225,CUST-C0046,INST-013,Mortgage,Improving,0.8735,6902.18,116,5,10,0.1807,0.3244,1.2107,0.7286,Debt-to-income;Payment history,"{'income': 0.3, 'credit_history': 0.4, 'collateral': 0.3}"
226,CUST-C0039,INST-017,Line of Credit,Volatile,0.4254,58927.64,104,1,3,0.6198,0.1522,1.239,0.8699,Debt-to-income;Payment history,"{'income': 0.3, 'credit_history': 0.4, 'collateral': 0.3}"
227,CUST-C0238,INST-007,Line of Credit,Volatile,0.0669,24758.53,7,2,10,0.3301,0.3886,0.1313,0.6029,Debt-to-income;Payment history,"{'income': 0.3, 'credit_history': 0.4, 'collateral': 0.3}"
228,CUST-C0141,INST-013,Mortgage,Stable,0.153,32864.64,52,3,6,0.1785,0.3478,1.8732,0.7315,Debt-to-income;Payment history,"{'income': 0.3, 'credit_history': 0.4, 'collateral': 0.3}"
229,CUST-C0056,INST-010,Personal Loan,Stable,0.7264,410678.88,86,3,2,0.5343,0.192,0.9416,0.7259,Debt-to-income;Payment history,"{'income': 0.3, 'credit_history': 0.4, 'collateral': 0.3}"
230,CUST-C0179,INST-005,Line of Credit,Stable,0.6322,9926.89,91,1,7,0.3905,0.9505,1.4821,0.7671,Debt-to-income;Payment history,"{'income': 0.3, 'credit_history': 0.4, 'collateral': 0.3}"
231,CUST-C0096,INST-017,Personal Loan,Volatile,0.6207,2047318.76,48,3,9,0.0457,0.336,0.9962,0.627,Debt-to-income;Payment history,"{'income': 0.3, 'credit_history': 0.4, 'collateral': 0.3}"
232,CUST-C0246,INST-016,Credit Card,Deteriorating,0.703,812915.47,38,4,10,0.2607,0.721,1.9783,0.0126,Debt-to-income;Payment history,"{'income': 0.3, 'credit_history': 0.4, 'collateral': 0.3}"
233,CUST-C0135,INST-016,Line of Credit,Improving,0.8553,1455375.08,112,3,5,0.4886,0.1274,1.8976,0.8725,Debt-to-income;Payment history,"{'income': 0.3, 'credit_history': 0.4, 'collateral': 0.3}"
234,CUST-C0209,INST-001,Mortgage,Volatile,0.2697,3330.33,69,1,5,0.3231,0.9679,1.8124,0.4034,Debt-to-income;Payment history,"{'income': 0.3, 'credit_history': 0.4, 'collateral': 0.3}"
235,CUST-C0055,INST-010,Business Loan,Volatile,0.6986,4820.82,94,4,1,0.3932,0.9266,0.349,0.9978,Debt-to-income;Payment history,"{'income': 0.3, 'credit_history': 0.4, 'collateral': 0.3}"
236,CUST-C0012,INST-019,Personal Loan,Improving,0.5981,75499.14,78,3,5,0.9196,0.9154,1.3624,0.3472,Debt-to-income;Payment history,"{'income': 0.3, 'credit_history': 0.4, 'collateral': 0.3}"
237,CUST-C0247,INST-018,Credit Card,Stable,0.7246,91600.62,50,2,2,0.5254,0.5261,0.1007,0.9277,Debt-to-income;Payment history,"{'income': 0.3, 'credit_history': 0.4, 'collateral': 0.3}"
238,CUST-C0010,INST-017,Personal Loan,Volatile,0.6461,4834.09,28,4,2,0.0952,0.8644,0.2735,0.4092,Debt-to-income;Payment history,"{'income': 0.3, 'credit_history': 0.4, 'collateral': 0.3}"
239,CUST-C0038,INST-010,Line of Credit,Volatile,0.056,589634.73,14,1,4,0.8007,0.5608,1.6425,0.1612,Debt-to-income;Payment history,"{'income': 0.3, 'credit_history': 0.4, 'collateral': 0.3}"
240,CUST-C0169,INST-016,Mortgage,Volatile,0.5739,7864.38,94,4,3,0.2072,0.2555,1.4843,0.3969,Debt-to-income;Payment history,"{'income': 0.3, 'credit_history': 0.4, 'collateral': 0.3}"
241,CUST-C0081,INST-003,Personal Loan,Stable,0.8726,1165749.1,92,2,6,0.1152,0.0986,1.7796,0.6661,Debt-to-income;Payment history,"{'income': 0.3, 'credit_history': 0.4, 'collateral': 0.3}"
242,CUST-C0009,INST-007,Mortgage,Deteriorating,0.7771,45236.33,87,1,6,0.1067,0.0589,1.2695,0.7485,Debt-to-income;Payment history,"{'income': 0.3, 'credit_history': 0.4, 'collateral': 0.3}"
243,CUST-C0138,INST-014,Credit Card,Improving,0.1419,3838500.78,49,4,3,0.6182,0.7364,0.227,0.6586,Debt-to-income;Payment history,"{'income': 0.3, 'credit_history': 0.4, 'collateral': 0.3}"
244,CUST-C0096,INST-014,Mortgage,Deteriorating,0.755,72142.99,44,4,9,0.0583,0.5938,1.3324,0.2085,Debt-to-income;Payment history,"{'income': 0.3, 'credit_history': 0.4, 'collateral': 0.3}"
245,CUST-C0225,INST-015,Credit Card,Deteriorating,0.1901,4484.72,6,3,4,0.7212,0.4962,1.4987,0.7775,Debt-to-income;Payment history,"{'income': 0.3, 'credit_history': 0.4, 'collateral': 0.3}"
246,CUST-C0171,INST-015,Mortgage,Volatile,0.6086,95189.96,35,3,7,0.2153,0.3071,1.4088,0.4251,Debt-to-income;Payment history,"{'income': 0.3, 'credit_history': 0.4, 'collateral': 0.3}"
247,CUST-C0062,INST-013,Mortgage,Stable,0.7335,526951.24,9,3,2,0.2375,0.7407,0.1059,0.3121,Debt-to-income;Payment history,"{'income': 0.3, 'credit_history': 0.4, 'collateral': 0.3}"
248,CUST-C0015,INST-001,Mortgage,Deteriorating,0.6779,871039.11,106,4,7,0.4623,0.5497,0.4529,0.6334,Debt-to-income;Payment history,"{'income': 0.3, 'credit_history': 0.4, 'collateral': 0.3}"
249,CUST-C0204,INST-008,Business Loan,Deteriorating,0.9359,653871.23,19,1,9,0.6939,0.8134,1.4854,0.694,Debt-to-income;Payment history,"{'income': 0.3, 'credit_history': 0.4, 'collateral': 0.3}"
250,CUST-C0235,INST-002,Line of Credit,Stable,0.2499,9871.06,42,5,8,0.5612,0.0381,0.5625,0.0647,Debt-to-income;Payment history,"{'income': 0.3, 'credit_history': 0.4, 'collateral': 0.3}"
251,CUST-C0197,INST-003,Personal Loan,Improving,0.4378,5772.33,66,4,9,0.8735,0.7302,1.236,0.7235,Debt-to-income;Payment history,"{'income': 0.3, 'credit_history': 0.4, 'collateral': 0.3}"
252,CUST-C0007,INST-017,Credit Card,Volatile,0.6527,4642945.21,15,2,7,0.1727,0.331,0.682,0.7437,Debt-to-income;Payment history,"{'income': 0.3, 'credit_history': 0.4, 'collateral': 0.3}"
253,CUST-C0060,INST-020,Line of Credit,Improving,0.2647,5084.13,38,4,5,0.2461,0.019,1.6767,0.625,Debt-to-income;Payment history,"{'income': 0.3, 'credit_history': 0.4, 'collateral': 0.3}"
254,CUST-C0126,INST-003,Credit Card,Stable,0.6643,23291.65,36,4,3,0.5129,0.6668,1.1787,0.0385,Debt-to-income;Payment history,"{'income': 0.3, 'credit_history': 0.4, 'collateral': 0.3}"
255,CUST-C0099,INST-018,Mortgage,Improving,0.4604,7607.76,117,3,5,0.577,0.8835,1.8159,0.5093,Debt-to-income;Payment history,"{'income': 0.3, 'credit_history': 0.4, 'collateral': 0.3}"
256,CUST-C0058,INST-008,Line of Credit,Improving,0.3683,156820.37,13,2,3,0.93,0.9273,0.6334,0.9357,Debt-to-income;Payment history,"{'income': 0.3, 'credit_history': 0.4, 'collateral': 0.3}"
257,CUST-C0106,INST-004,Personal Loan,Stable,0.8555,146486.72,29,4,7,0.4705,0.4557,0.0064,0.1022,Debt-to-income;Payment history,"{'income': 0.3, 'credit_history': 0.4, 'collateral': 0.3}"
258,CUST-C0118,INST-018,Line of Credit,Deteriorating,0.2848,898778.77,95,3,9,0.0153,0.8286,1.4031,0.0413,Debt-to-income;Payment history,"{'income': 0.3, 'credit_history': 0.4, 'collateral': 0.3}"
259,CUST-C0238,INST-016,Personal Loan,Stable,0.353,937894.38,75,4,5,0.0521,0.9857,0.9109,0.3754,Debt-to-income;Payment history,"{'income': 0.3, 'credit_history': 0.4, 'collateral': 0.3}"
260,CUST-C0069,INST-020,Mortgage,Volatile,0.6322,4813071.57,87,5,8,0.3257,0.4408,1.9759,0.6957,Debt-to-income;Payment history,"{'income': 0.3, 'credit_history': 0.4, 'collateral': 0.3}"
261,CUST-C0187,INST-002,Credit Card,Deteriorating,0.6916,145999.68,32,5,4,0.18,0.039,1.1027,0.288,Debt-to-income;Payment history,"{'income': 0.3, 'credit_history': 0.4, 'collateral': 0.3}"
262,CUST-C0195,INST-019,Personal Loan,Stable,0.7703,576896.62,59,1,5,0.5467,0.8474,1.2306,0.0342,Debt-to-income;Payment history,"{'income': 0.3, 'credit_history': 0.4, 'collateral': 0.3}"
263,CUST-C0233,INST-010,Personal Loan,Stable,0.3771,9226.66,75,4,9,0.0667,0.7791,0.7304,0.6459,Debt-to-income;Payment history,"{'income': 0.3, 'credit_history': 0.4, 'collateral': 0.3}"
264,CUST-C0027,INST-001,Personal Loan,Volatile,0.5753,2564810.5,13,4,5,0.1018,0.6719,0.1485,0.4394,Debt-to-income;Payment history,"{'income': 0.3, 'credit_history': 0.4, 'collateral': 0.3}"
265,CUST-C0155,INST-004,Credit Card,Improving,0.8891,259179.37,30,1,1,0.4073,0.498,0.1678,0.7333,Debt-to-income;Payment history,"{'income': 0.3, 'credit_history': 0.4, 'collateral': 0.3}"
266,CUST-C0222,INST-017,Mortgage,Stable,0.3412,1622.12,103,3,10,0.9429,0.3664,0.0782,0.741,Debt-to-income;Payment history,"{'income': 0.3, 'credit_history': 0.4, 'collateral': 0.3}"
267,CUST-C0171,INST-019,Line of Credit,Stable,0.4411,55807.45,57,1,6,0.2897,0.9816,1.7733,0.4765,Debt-to-income;Payment history,"{'income': 0.3, 'credit_history': 0.4, 'collateral': 0.3}"
268,CUST-C0122,INST-003,Personal Loan,Deteriorating,0.0179,80295.73,119,5,3,0.9335,0.3599,1.5542,0.9097,Debt-to-income;Payment history,"{'income': 0.3, 'credit_history': 0.4, 'collateral': 0.3}"
269,CUST-C0215,INST-010,Business Loan,Volatile,0.7667,345302.35,69,1,4,0.0839,0.0371,1.5438,0.9289,Debt-to-income;Payment history,"{'income': 0.3, 'credit_history': 0.4, 'collateral': 0.3}"
270,CUST-C0084,INST-017,Mortgage,Stable,0.1429,3379150.89,64,3,3,0.5547,0.7134,1.4069,0.4983,Debt-to-income;Payment history,"{'income': 0.3, 'credit_history': 0.4, 'collateral': 0.3}"
271,CUST-C0218,INST-008,Line of Credit,Deteriorating,0.7796,62657.17,117,2,3,0.2731,0.1438,0.652,0.5427,Debt-to-income;Payment history,"{'income': 0.3, 'credit_history': 0.4, 'collateral': 0.3}"
272,CUST-C0079,INST-003,Business Loan,Deteriorating,0.1083,4904291.45,2,5,2,0.3662,0.4808,0.7106,0.1582,Debt-to-income;Payment history,"{'income': 0.3, 'credit_history': 0.4, 'collateral': 0.3}"
273,CUST-C0138,INST-018,Business Loan,Deteriorating,0.9282,4171713.59,23,5,1,0.7071,0.9573,1.7098,0.1425,Debt-to-income;Payment history,"{'income': 0.3, 'credit_history': 0.4, 'collateral': 0.3}"
274,CUST-C0215,INST-003,Line of Credit,Deteriorating,0.4118,6906.0,112,2,5,0.3541,0.0487,0.761,0.5493,Debt-to-income;Payment history,"{'income': 0.3, 'credit_history': 0.4, 'collateral': 0.3}"
275,CUST-C0009,INST-004,Credit Card,Stable,0.4262,93863.9,13,5,8,0.0981,0.7611,1.7562,0.9097,Debt-to-income;Payment history,"{'income': 0.3, 'credit_history': 0.4, 'collateral': 0.3}"
276,CUST-C0010,INST-015,Credit Card,Improving,0.3879,131729.23,117,4,3,0.6953,0.1741,0.9314,0.5157,Debt-to-income;Payment history,"{'income': 0.3, 'credit_history': 0.4, 'collateral': 0.3}"
277,CUST-C0245,INST-015,Credit Card,Deteriorating,0.6186,6009.8,110,3,6,0.9216,0.0233,1.3657,0.8291,Debt-to-income;Payment history,"{'income': 0.3, 'credit_history': 0.4, 'collateral': 0.3}"
278,CUST-C0175,INST-017,Business Loan,Volatile,0.7032,74749.06,34,2,1,0.9763,0.3829,0.4262,0.7219,Debt-to-income;Payment history,"{'income': 0.3, 'credit_history': 0.4, 'collateral': 0.3}"
279,CUST-C0164,INST-020,Mortgage,Volatile,0.5236,68106.3,85,3,10,0.2077,0.6803,1.4009,0.4958,Debt-to-income;Payment history,"{'income': 0.3, 'credit_history': 0.4, 'collateral': 0.3}"
280,CUST-C0008,INST-004,Mortgage,Deteriorating,0.1629,547118.77,117,1,7,0.9076,0.781,1.1038,0.6862,Debt-to-income;Payment history,"{'income': 0.3, 'credit_history': 0.4, 'collateral': 0.3}"
281,CUST-C0245,INST-006,Line of Credit,Improving,0.8505,557070.65,90,3,10,0.937,0.3736,0.3314,0.1201,Debt-to-income;Payment history,"{'income': 0.3, 'credit_history': 0.4, 'collateral': 0.3}"
282,CUST-C0028,INST-006,Line of Credit,Deteriorating,0.1103,473435.37,38,1,5,0.0259,0.1879,0.0744,0.7627,Debt-to-income;Payment history,"{'income': 0.3, 'credit_history': 0.4, 'collateral': 0.3}"
283,CUST-C0126,INST-013,Mortgage,Volatile,0.0951,3078537.19,68,3,2,0.7532,0.6804,1.2346,0.5802,Debt-to-income;Payment history,"{'income': 0.3, 'credit_history': 0.4, 'collateral': 0.3}"
284,CUST-C0004,INST-018,Credit Card,Volatile,0.5333,244274.79,78,5,9,0.9862,0.9367,0.9601,0.5317,Debt-to-income;Payment history,"{'income': 0.3, 'credit_history': 0.4, 'collateral': 0.3}"
285,CUST-C0205,INST-001,Business Loan,Volatile,0.1311,1324115.93,1,1,1,0.8737,0.5191,1.6457,0.4248,Debt-to-income;Payment history,"{'income': 0.3, 'credit_history': 0.4, 'collateral': 0.3}"
286,CUST-C0244,INST-016,Line of Credit,Deteriorating,0.2108,30628.71,100,5,9,0.561,0.4862,1.4854,0.8228,Debt-to-income;Payment history,"{'income': 0.3, 'credit_history': 0.4, 'collateral': 0.3}"
287,CUST-C0185,INST-001,Line of Credit,Improving,0.6539,1661612.31,36,1,4,0.7295,0.5419,1.5505,0.2313,Debt-to-income;Payment history,"{'income': 0.3, 'credit_history': 0.4, 'collateral': 0.3}"
288,CUST-C0033,INST-009,Mortgage,Improving,0.3607,3760.68,79,5,4,0.7049,0.2794,0.2522,0.0217,Debt-to-income;Payment history,"{'income': 0.3, 'credit_history': 0.4, 'collateral': 0.3}"
289,CUST-C0210,INST-006,Personal Loan,Stable,0.9272,65955.23,98,3,5,0.5982,0.6167,1.1541,0.3795,Debt-to-income;Payment history,"{'income': 0.3, 'credit_history': 0.4, 'collateral': 0.3}"
290,CUST-C0199,INST-016,Credit Card,Improving,0.7864,54091.24,3,1,4,0.6976,0.0345,1.9319,0.5242,Debt-to-income;Payment history,"{'income': 0.3, 'credit_history': 0.4, 'collateral': 0.3}"
291,CUST-C0183,INST-011,Business Loan,Improving,0.2652,2561762.67,42,5,3,0.4332,0.8003,1.8569,0.9979,Debt-to-income;Payment history,"{'income': 0.3, 'credit_history': 0.4, 'collateral': 0.3}"
292,CUST-C0191,INST-017,Business Loan,Volatile,0.5581,724813.15,72,5,7,0.8495,0.1793,0.7926,0.7056,Debt-to-income;Payment history,"{'income': 0.3, 'credit_history': 0.4, 'collateral': 0.3}"
293,CUST-C0072,INST-020,Business Loan,Volatile,0.5566,121881.04,67,5,6,0.5638,0.1149,1.1115,0.083,Debt-to-income;Payment history,"{'income': 0.3, 'credit_history': 0.4, 'collateral': 0.3}"
294,CUST-C0186,INST-002,Personal Loan,Stable,0.3201,7502.59,94,5,7,0.5959,0.1702,1.8809,0.3011,Debt-to-income;Payment history,"{'income': 0.3, 'credit_history': 0.4, 'collateral': 0.3}"
295,CUST-C0239,INST-011,Personal Loan,Stable,0.5587,620446.05,42,3,5,0.5069,0.8274,0.4532,0.7149,Debt-to-income;Payment history,"{'income': 0.3, 'credit_history': 0.4, 'collateral': 0.3}"
296,CUST-C0057,INST-005,Credit Card,Stable,0.4213,30502.85,49,4,1,0.2498,0.0478,1.7193,0.5348,Debt-to-income;Payment history,"{'income': 0.3, 'credit_history': 0.4, 'collateral': 0.3}"
297,CUST-C0048,INST-017,Personal Loan,Improving,0.9653,329197.94,54,1,8,0.1304,0.9285,0.1995,0.654,Debt-to-income;Payment history,"{'income': 0.3, 'credit_history': 0.4, 'collateral': 0.3}"
298,CUST-C0242,INST-009,Business Loan,Improving,0.0319,451007.08,112,5,4,0.8346,0.7111,0.5985,0.5113,Debt-to-income;Payment history,"{'income': 0.3, 'credit_history': 0.4, 'collateral': 0.3}"
299,CUST-C0195,INST-008,Credit Card,Stable,0.065,3091147.74,2,1,5,0.0647,0.904,1.1375,0.7115,Debt-to-income;Payment history,"{'income': 0.3, 'credit_history': 0.4, 'collateral': 0.3}"
300,CUST-C0146,INST-005,Credit Card,Stable,0.3901,191391.72,35,4,4,0.2317,0.057,1.1317,0.5282,Debt-to-income;Payment history,"{'income': 0.3, 'credit_history': 0.4, 'collateral': 0.3}"
301,CUST-C0163,INST-001,Line of Credit,Volatile,0.0312,4526.21,66,1,5,0.9069,0.5673,1.7219,0.2589,Debt-to-income;Payment history,"{'income': 0.3, 'credit_history': 0.4, 'collateral': 0.3}"
302,CUST-C0150,INST-007,Line of Credit,Deteriorating,0.0082,1269688.29,31,4,7,0.1931,0.3623,0.9655,0.0352,Debt-to-income;Payment history,"{'income': 0.3, 'credit_history': 0.4, 'collateral': 0.3}"
303,CUST-C0169,INST-019,Line of Credit,Deteriorating,0.3837,320561.55,56,5,1,0.4918,0.7435,0.6992,0.0239,Debt-to-income;Payment history,"{'income': 0.3, 'credit_history': 0.4, 'collateral': 0.3}"
304,CUST-C0235,INST-020,Personal Loan,Improving,0.6514,471690.04,70,5,1,0.6753,0.52,1.2645,0.6247,Debt-to-income;Payment history,"{'income': 0.3, 'credit_history': 0.4, 'collateral': 0.3}"
305,CUST-C0242,INST-005,Personal Loan,Stable,0.8865,79496.28,34,1,2,0.5753,0.8217,0.9805,0.7363,Debt-to-income;Payment history,"{'income': 0.3, 'credit_history': 0.4, 'collateral': 0.3}"
306,CUST-C0206,INST-005,Credit Card,Deteriorating,0.3643,791233.61,27,5,4,0.0357,0.6406,1.8299,0.6676,Debt-to-income;Payment history,"{'income': 0.3, 'credit_history': 0.4, 'collateral': 0.3}"
307,CUST-C0076,INST-010,Credit Card,Stable,0.6926,4671.25,11,4,3,0.695,0.9128,0.3949,0.2934,Debt-to-income;Payment history,"{'income': 0.3, 'credit_history': 0.4, 'collateral': 0.3}"
308,CUST-C0213,INST-018,Credit Card,Improving,0.486,1857696.83,47,1,10,0.9818,0.5215,0.8862,0.8966,Debt-to-income;Payment history,"{'income': 0.3, 'credit_history': 0.4, 'collateral': 0.3}"
309,CUST-C0023,INST-003,Mortgage,Deteriorating,0.6026,65728.3,32,3,2,0.5538,0.1693,1.6582,0.1587,Debt-to-income;Payment history,"{'income': 0.3, 'credit_history': 0.4, 'collateral': 0.3}"
310,CUST-C0147,INST-006,Line of Credit,Deteriorating,0.0046,248338.01,50,5,9,0.3025,0.7681,1.5134,0.7294,Debt-to-income;Payment history,"{'income': 0.3, 'credit_history': 0.4, 'collateral': 0.3}"
311,CUST-C0077,INST-008,Business Loan,Volatile,0.2343,6630.39,53,1,2,0.1495,0.848,1.2509,0.9986,Debt-to-income;Payment history,"{'income': 0.3, 'credit_history': 0.4, 'collateral': 0.3}"
312,CUST-C0136,INST-006,Mortgage,Deteriorating,0.1417,10384.6,94,3,5,0.2611,0.7035,0.8747,0.3384,Debt-to-income;Payment history,"{'income': 0.3, 'credit_history': 0.4, 'collateral': 0.3}"
313,CUST-C0088,INST-015,Mortgage,Improving,0.8746,316915.98,16,3,7,0.9396,0.0449,0.0399,0.2481,Debt-to-income;Payment history,"{'income': 0.3, 'credit_history': 0.4, 'collateral': 0.3}"
314,CUST-C0241,INST-002,Credit Card,Deteriorating,0.2416,9414.56,31,3,7,0.4106,0.9774,1.488,0.238,Debt-to-income;Payment history,"{'income': 0.3, 'credit_history': 0.4, 'collateral': 0.3}"
315,CUST-C0215,INST-007,Personal Loan,Improving,0.4584,8875.94,39,1,4,0.5365,0.3312,0.5073,0.3407,Debt-to-income;Payment history,"{'income': 0.3, 'credit_history': 0.4, 'collateral': 0.3}"
316,CUST-C0028,INST-002,Personal Loan,Stable,0.1669,130686.02,70,3,7,0.9475,0.6705,0.6088,0.6154,Debt-to-income;Payment history,"{'income': 0.3, 'credit_history': 0.4, 'collateral': 0.3}"
317,CUST-C0036,INST-009,Personal Loan,Stable,0.7889,5772.5,75,1,2,0.3141,0.4747,1.8661,0.2086,Debt-to-income;Payment history,"{'income': 0.3, 'credit_history': 0.4, 'collateral': 0.3}"
318,CUST-C0166,INST-014,Mortgage,Improving,0.4139,97650.85,52,4,8,0.7475,0.9582,0.2403,0.2697,Debt-to-income;Payment history,"{'income': 0.3, 'credit_history': 0.4, 'collateral': 0.3}"
319,CUST-C0142,INST-011,Line of Credit,Stable,0.2982,306912.97,51,4,6,0.3397,0.8821,0.2131,0.8139,Debt-to-income;Payment history,"{'income': 0.3, 'credit_history': 0.4, 'collateral': 0.3}"
320,CUST-C0161,INST-010,Mortgage,Stable,0.2555,354350.33,78,3,3,0.2508,0.3495,1.0236,0.9572,Debt-to-income;Payment history,"{'income': 0.3, 'credit_history': 0.4, 'collateral': 0.3}"
321,CUST-C0101,INST-008,Line of Credit,Improving,0.9209,220962.93,105,3,9,0.277,0.437,0.9158,0.7096,Debt-to-income;Payment history,"{'income': 0.3, 'credit_history': 0.4, 'collateral': 0.3}"
322,CUST-C0175,INST-012,Personal Loan,Volatile,0.1903,747182.92,109,4,9,0.2124,0.7787,0.9255,0.4971,Debt-to-income;Payment history,"{'income': 0.3, 'credit_history': 0.4, 'collateral': 0.3}"
323,CUST-C0100,INST-011,Line of Credit,Stable,0.1543,328014.33,86,3,5,0.9951,0.4306,0.348,0.3774,Debt-to-income;Payment history,"{'income': 0.3, 'credit_history': 0.4, 'collateral': 0.3}"
324,CUST-C0086,INST-016,Mortgage,Stable,0.3587,5026.42,87,2,3,0.9722,0.0758,1.2835,0.0373,Debt-to-income;Payment history,"{'income': 0.3, 'credit_history': 0.4, 'collateral': 0.3}"
325,CUST-C0183,INST-014,Line of Credit,Improving,0.1002,5959.99,47,5,6,0.7043,0.8944,1.2187,0.5996,Debt-to-income;Payment history,"{'income': 0.3, 'credit_history': 0.4, 'collateral': 0.3}"
326,CUST-C0007,INST-016,Mortgage,Stable,0.1236,861920.18,107,1,6,0.5388,0.5258,0.9247,0.665,Debt-to-income;Payment history,"{'income': 0.3, 'credit_history': 0.4, 'collateral': 0.3}"
327,CUST-C0018,INST-011,Credit Card,Volatile,0.1387,4295.71,86,5,7,0.4536,0.557,0.476,0.9742,Debt-to-income;Payment history,"{'income': 0.3, 'credit_history': 0.4, 'collateral': 0.3}"
328,CUST-C0113,INST-002,Business Loan,Volatile,0.0273,4637463.12,24,5,3,0.5508,0.7643,1.8513,0.6593,Debt-to-income;Payment history,"{'income': 0.3, 'credit_history': 0.4, 'collateral': 0.3}"
329,CUST-C0151,INST-011,Mortgage,Volatile,0.9207,791930.41,13,3,3,0.7852,0.5145,1.4316,0.736,Debt-to-income;Payment history,"{'income': 0.3, 'credit_history': 0.4, 'collateral': 0.3}"
330,CUST-C0145,INST-015,Personal Loan,Improving,0.7779,644225.09,100,3,4,0.8715,0.73,0.3783,0.9771,Debt-to-income;Payment history,"{'income': 0.3, 'credit_history': 0.4, 'collateral': 0.3}"
331,CUST-C0088,INST-002,Credit Card,Improving,0.2593,213807.11,45,5,8,0.5403,0.8261,0.2922,0.4931,Debt-to-income;Payment history,"{'income': 0.3, 'credit_history': 0.4, 'collateral': 0.3}"
332,CUST-C0090,INST-019,Credit Card,Volatile,0.3397,2507.99,55,1,10,0.9854,0.6381,0.1043,0.4914,Debt-to-income;Payment history,"{'income': 0.3, 'credit_history': 0.4, 'collateral': 0.3}"
333,CUST-C0057,INST-020,Credit Card,Volatile,0.0088,144870.73,74,5,8,0.2952,0.7832,1.5492,0.9763,Debt-to-income;Payment history,"{'income': 0.3, 'credit_history': 0.4, 'collateral': 0.3}"
334,CUST-C0148,INST-007,Mortgage,Deteriorating,0.24,256126.19,53,3,6,0.4446,0.8413,1.1231,0.747,Debt-to-income;Payment history,"{'income': 0.3, 'credit_history': 0.4, 'collateral': 0.3}"
335,CUST-C0211,INST-013,Business Loan,Volatile,0.642,828716.13,6,3,8,0.3754,0.2303,0.0238,0.7947,Debt-to-income;Payment history,"{'income': 0.3, 'credit_history': 0.4, 'collateral': 0.3}"
336,CUST-C0083,INST-001,Personal Loan,Improving,0.5521,7935.45,105,2,5,0.6669,0.7384,1.1211,0.9444,Debt-to-income;Payment history,"{'income': 0.3, 'credit_history': 0.4, 'collateral': 0.3}"
337,CUST-C0141,INST-018,Business Loan,Deteriorating,0.8872,988202.18,42,2,10,0.3349,0.9704,0.6743,0.4663,Debt-to-income;Payment history,"{'income': 0.3, 'credit_history': 0.4, 'collateral': 0.3}"
338,CUST-C0207,INST-015,Personal Loan,Deteriorating,0.4021,2087.77,28,5,8,0.5499,0.1663,1.0412,0.1881,Debt-to-income;Payment history,"{'income': 0.3, 'credit_history': 0.4, 'collateral': 0.3}"
339,CUST-C0121,INST-014,Line of Credit,Improving,0.5588,2489228.03,45,1,4,0.5997,0.7307,1.8266,0.126,Debt-to-income;Payment history,"{'income': 0.3, 'credit_history': 0.4, 'collateral': 0.3}"
340,CUST-C0078,INST-005,Line of Credit,Deteriorating,0.0217,126739.4,26,5,5,0.3467,0.2387,1.3223,0.4685,Debt-to-income;Payment history,"{'income': 0.3, 'credit_history': 0.4, 'collateral': 0.3}"
341,CUST-C0010,INST-020,Personal Loan,Improving,0.7674,415968.6,52,4,3,0.6665,0.4335,0.9948,0.6314,Debt-to-income;Payment history,"{'income': 0.3, 'credit_history': 0.4, 'collateral': 0.3}"
342,CUST-C0185,INST-017,Personal Loan,Improving,0.2403,7312.74,77,1,9,0.699,0.764,1.2344,0.2522,Debt-to-income;Payment history,"{'income': 0.3, 'credit_history': 0.4, 'collateral': 0.3}"
343,CUST-C0221,INST-005,Personal Loan,Stable,0.3859,6165.23,102,2,6,0.3236,0.7519,1.4107,0.4604,Debt-to-income;Payment history,"{'income': 0.3, 'credit_history': 0.4, 'collateral': 0.3}"
344,CUST-C0237,INST-005,Mortgage,Deteriorating,0.2594,1079293.31,62,4,8,0.4143,0.9015,0.27,0.0391,Debt-to-income;Payment history,"{'income': 0.3, 'credit_history': 0.4, 'collateral': 0.3}"
345,CUST-C0211,INST-018,Business Loan,Deteriorating,0.8135,9393.63,24,4,3,0.1191,0.5806,1.8105,0.6792,Debt-to-income;Payment history,"{'income': 0.3, 'credit_history': 0.4, 'collateral': 0.3}"
346,CUST-C0050,INST-001,Personal Loan,Stable,0.3755,8225.27,77,5,10,0.6481,0.1388,0.5121,0.5021,Debt-to-income;Payment history,"{'income': 0.3, 'credit_history': 0.4, 'collateral': 0.3}"
347,CUST-C0010,INST-014,Business Loan,Stable,0.5797,570576.42,75,5,2,0.4013,0.8383,0.5789,0.5236,Debt-to-income;Payment history,"{'income': 0.3, 'credit_history': 0.4, 'collateral': 0.3}"
348,CUST-C0104,INST-011,Personal Loan,Deteriorating,0.6816,835205.9,116,2,6,0.5875,0.2489,0.636,0.8922,Debt-to-income;Payment history,"{'income': 0.3, 'credit_history': 0.4, 'collateral': 0.3}"
349,CUST-C0035,INST-003,Line of Credit,Deteriorating,0.4753,269641.06,37,3,9,0.2055,0.3367,1.0353,0.0564,Debt-to-income;Payment history,"{'income': 0.3, 'credit_history': 0.4, 'collateral': 0.3}"
350,CUST-C0174,INST-020,Credit Card,Volatile,0.3363,7738.96,78,4,8,0.8587,0.9241,0.8333,0.1176,Debt-to-income;Payment history,"{'income': 0.3, 'credit_history': 0.4, 'collateral': 0.3}"
351,CUST-C0187,INST-004,Personal Loan,Improving,0.7549,522502.76,106,1,7,0.6454,0.3119,1.56,0.9989,Debt-to-income;Payment history,"{'income': 0.3, 'credit_history': 0.4, 'collateral': 0.3}"
352,CUST-C0061,INST-001,Business Loan,Deteriorating,0.4842,6932.4,113,2,6,0.9853,0.1036,0.636,0.0549,Debt-to-income;Payment history,"{'income': 0.3, 'credit_history': 0.4, 'collateral': 0.3}"
353,CUST-C0018,INST-013,Credit Card,Deteriorating,0.8582,390322.75,52,2,3,0.7239,0.3832,1.5989,0.4097,Debt-to-income;Payment history,"{'income': 0.3, 'credit_history': 0.4, 'collateral': 0.3}"
354,CUST-C0231,INST-011,Personal Loan,Deteriorating,0.7273,1909143.05,69,3,4,0.3566,0.6472,1.1439,0.0336,Debt-to-income;Payment history,"{'income': 0.3, 'credit_history': 0.4, 'collateral': 0.3}"
355,CUST-C0145,INST-020,Credit Card,Deteriorating,0.4224,88998.12,30,5,4,0.6866,0.2798,1.6154,0.721,Debt-to-income;Payment history,"{'income': 0.3, 'credit_history': 0.4, 'collateral': 0.3}"
356,CUST-C0148,INST-004,Credit Card,Volatile,0.5069,51918.42,61,5,8,0.4998,0.5269,1.8202,0.3029,Debt-to-income;Payment history,"{'income': 0.3, 'credit_history': 0.4, 'collateral': 0.3}"
357,CUST-C0064,INST-008,Personal Loan,Improving,0.0829,694039.26,34,1,2,0.4083,0.2013,0.4349,0.7936,Debt-to-income;Payment history,"{'income': 0.3, 'credit_history': 0.4, 'collateral': 0.3}"
358,CUST-C0169,INST-001,Line of Credit,Stable,0.545,33188.47,112,1,6,0.4924,0.5368,0.2081,0.2621,Debt-to-income;Payment history,"{'income': 0.3, 'credit_history': 0.4, 'collateral': 0.3}"
359,CUST-C0009,INST-019,Personal Loan,Stable,0.2208,81354.47,26,1,2,0.7781,0.8446,1.611,0.0428,Debt-to-income;Payment history,"{'income': 0.3, 'credit_history': 0.4, 'collateral': 0.3}"
360,CUST-C0004,INST-019,Business Loan,Stable,0.4081,341652.54,108,4,2,0.6725,0.2954,1.4091,0.6122,Debt-to-income;Payment history,"{'income': 0.3, 'credit_history': 0.4, 'collateral': 0.3}"
361,CUST-C0013,INST-006,Business Loan,Deteriorating,0.9405,8196.58,89,3,2,0.2885,0.0572,0.7441,0.9208,Debt-to-income;Payment history,"{'income': 0.3, 'credit_history': 0.4, 'collateral': 0.3}"
362,CUST-C0100,INST-014,Line of Credit,Volatile,0.4132,979114.49,15,1,8,0.0094,0.0704,0.2245,0.3715,Debt-to-income;Payment history,"{'income': 0.3, 'credit_history': 0.4, 'collateral': 0.3}"
363,CUST-C0179,INST-012,Business Loan,Volatile,0.546,2555.78,41,3,6,0.4955,0.5177,1.2186,0.1814,Debt-to-income;Payment history,"{'income': 0.3, 'credit_history': 0.4, 'collateral': 0.3}"
364,CUST-C0208,INST-003,Line of Credit,Improving,0.0612,7205.16,7,1,10,0.4093,0.2669,0.3193,0.8307,Debt-to-income;Payment history,"{'income': 0.3, 'credit_history': 0.4, 'collateral': 0.3}"
365,CUST-C0181,INST-013,Credit Card,Improving,0.3342,1242944.28,50,2,2,0.0222,0.5794,1.0583,0.4781,Debt-to-income;Payment history,"{'income': 0.3, 'credit_history': 0.4, 'collateral': 0.3}"
366,CUST-C0170,INST-006,Personal Loan,Deteriorating,0.344,10423.99,70,4,9,0.0793,0.3979,0.2956,0.9336,Debt-to-income;Payment history,"{'income': 0.3, 'credit_history': 0.4, 'collateral': 0.3}"
367,CUST-C0236,INST-005,Mortgage,Volatile,0.4004,100739.39,91,5,1,0.18,0.1205,1.4734,0.045,Debt-to-income;Payment history,"{'income': 0.3, 'credit_history': 0.4, 'collateral': 0.3}"
368,CUST-C0171,INST-010,Personal Loan,Volatile,0.1575,758440.67,104,5,3,0.0331,0.9669,0.604,0.897,Debt-to-income;Payment history,"{'income': 0.3, 'credit_history': 0.4, 'collateral': 0.3}"
369,CUST-C0064,INST-019,Business Loan,Improving,0.9343,5474.68,110,3,1,0.1938,0.196,0.5599,0.4885,Debt-to-income;Payment history,"{'income': 0.3, 'credit_history': 0.4, 'collateral': 0.3}"
370,CUST-C0159,INST-019,Mortgage,Volatile,0.4576,1754.42,17,2,9,0.3721,0.7354,0.4607,0.1309,Debt-to-income;Payment history,"{'income': 0.3, 'credit_history': 0.4, 'collateral': 0.3}"
371,CUST-C0032,INST-013,Personal Loan,Stable,0.023,746356.98,21,1,2,0.4346,0.9128,0.5585,0.7194,Debt-to-income;Payment history,"{'income': 0.3, 'credit_history': 0.4, 'collateral': 0.3}"
372,CUST-C0218,INST-011,Credit Card,Deteriorating,0.3562,9721.66,61,2,3,0.1143,0.3796,0.5347,0.2197,Debt-to-income;Payment history,"{'income': 0.3, 'credit_history': 0.4, 'collateral': 0.3}"
373,CUST-C0126,INST-016,Personal Loan,Volatile,0.3658,1204.88,107,4,7,0.9289,0.4722,1.7432,0.136,Debt-to-income;Payment history,"{'income': 0.3, 'credit_history': 0.4, 'collateral': 0.3}"
374,CUST-C0246,INST-015,Mortgage,Improving,0.1362,8070.13,13,5,10,0.1348,0.3237,0.1339,0.4692,Debt-to-income;Payment history,"{'income': 0.3, 'credit_history': 0.4, 'collateral': 0.3}"
375,CUST-C0060,INST-007,Line of Credit,Deteriorating,0.1935,905299.9,66,1,8,0.8776,0.1616,1.4453,0.8888,Debt-to-income;Payment history,"{'income': 0.3, 'credit_history': 0.4, 'collateral': 0.3}"
376,CUST-C0013,INST-017,Credit Card,Deteriorating,0.7688,4352.43,115,3,5,0.6026,0.8349,0.7993,0.7504,Debt-to-income;Payment history,"{'income': 0.3, 'credit_history': 0.4, 'collateral': 0.3}"
377,CUST-C0137,INST-020,Business Loan,Deteriorating,0.9365,74835.35,108,4,7,0.9438,0.1281,1.715,0.8908,Debt-to-income;Payment history,"{'income': 0.3, 'credit_history': 0.4, 'collateral': 0.3}"
378,CUST-C0014,INST-001,Credit Card,Improving,0.6307,411659.61,19,4,5,0.5043,0.3598,0.2984,0.6752,Debt-to-income;Payment history,"{'income': 0.3, 'credit_history': 0.4, 'collateral': 0.3}"
379,CUST-C0184,INST-018,Credit Card,Volatile,0.0222,82572.33,60,2,6,0.5423,0.5304,1.4913,0.7493,Debt-to-income;Payment history,"{'income': 0.3, 'credit_history': 0.4, 'collateral': 0.3}"
380,CUST-C0061,INST-010,Credit Card,Improving,0.4884,588469.21,58,3,3,0.6454,0.4878,0.3598,0.8963,Debt-to-income;Payment history,"{'income': 0.3, 'credit_history': 0.4, 'collateral': 0.3}"
381,CUST-C0111,INST-006,Business Loan,Deteriorating,0.1242,90291.7,70,5,8,0.1904,0.5649,0.8039,0.1388,Debt-to-income;Payment history,"{'income': 0.3, 'credit_history': 0.4, 'collateral': 0.3}"
382,CUST-C0115,INST-004,Line of Credit,Deteriorating,0.1328,51237.41,67,4,9,0.0043,0.4112,0.4879,0.3126,Debt-to-income;Payment history,"{'income': 0.3, 'credit_history': 0.4, 'collateral': 0.3}"
383,CUST-C0104,INST-003,Personal Loan,Improving,0.6338,9840.31,33,5,10,0.2963,0.219,0.8868,0.4868,Debt-to-income;Payment history,"{'income': 0.3, 'credit_history': 0.4, 'collateral': 0.3}"
384,CUST-C0140,INST-009,Personal Loan,Volatile,0.6226,3312673.12,21,4,5,0.5908,0.3634,1.1207,0.5659,Debt-to-income;Payment history,"{'income': 0.3, 'credit_history': 0.4, 'collateral': 0.3}"
385,CUST-C0207,INST-017,Mortgage,Improving,0.9203,79126.38,55,2,8,0.3711,0.8267,0.1019,0.0133,Debt-to-income;Payment history,"{'income': 0.3, 'credit_history': 0.4, 'collateral': 0.3}"
386,CUST-C0034,INST-017,Mortgage,Volatile,0.1009,1030154.85,114,5,9,0.0836,0.0561,1.599,0.4412,Debt-to-income;Payment history,"{'income': 0.3, 'credit_history': 0.4, 'collateral': 0.3}"
387,CUST-C0181,INST-001,Business Loan,Deteriorating,0.7024,43506.01,7,4,9,0.6526,0.6735,1.7333,0.4441,Debt-to-income;Payment history,"{'income': 0.3, 'credit_history': 0.4, 'collateral': 0.3}"
388,CUST-C0191,INST-014,Business Loan,Improving,0.7889,76599.05,31,4,4,0.6204,0.2929,0.8198,0.0698,Debt-to-income;Payment history,"{'income': 0.3, 'credit_history': 0.4, 'collateral': 0.3}"
389,CUST-C0222,INST-008,Line of Credit,Stable,0.5355,1794.0,44,3,6,0.5206,0.2513,1.0485,0.9103,Debt-to-income;Payment history,"{'income': 0.3, 'credit_history': 0.4, 'collateral': 0.3}"
390,CUST-C0076,INST-018,Credit Card,Improving,0.4682,344591.33,84,5,5,0.0635,0.5473,1.6357,0.7943,Debt-to-income;Payment history,"{'income': 0.3, 'credit_history': 0.4, 'collateral': 0.3}"
391,CUST-C0026,INST-012,Personal Loan,Volatile,0.6962,83417.85,41,4,3,0.4706,0.0255,1.0778,0.0749,Debt-to-income;Payment history,"{'income': 0.3, 'credit_history': 0.4, 'collateral': 0.3}"
392,CUST-C0145,INST-009,Line of Credit,Improving,0.0115,85607.98,111,4,5,0.7641,0.4692,1.6434,0.695,Debt-to-income;Payment history,"{'income': 0.3, 'credit_history': 0.4, 'collateral': 0.3}"
393,CUST-C0113,INST-020,Mortgage,Deteriorating,0.9676,47196.36,54,4,8,0.0976,0.0608,1.952,0.0246,Debt-to-income;Payment history,"{'income': 0.3, 'credit_history': 0.4, 'collateral': 0.3}"
394,CUST-C0020,INST-016,Personal Loan,Volatile,0.3639,62422.4,29,1,1,0.8749,0.142,0.2097,0.5119,Debt-to-income;Payment history,"{'income': 0.3, 'credit_history': 0.4, 'collateral': 0.3}"
395,CUST-C0172,INST-004,Business Loan,Deteriorating,0.1144,53340.16,30,5,10,0.7615,0.1575,0.3659,0.9356,Debt-to-income;Payment history,"{'income': 0.3, 'credit_history': 0.4, 'collateral': 0.3}"
396,CUST-C0030,INST-006,Business Loan,Volatile,0.0902,28509.91,15,2,4,0.5795,0.7874,1.3759,0.7211,Debt-to-income;Payment history,"{'income': 0.3, 'credit_history': 0.4, 'collateral': 0.3}"
397,CUST-C0037,INST-008,Personal Loan,Volatile,0.2697,3082053.61,109,4,5,0.6973,0.5083,1.7558,0.1427,Debt-to-income;Payment history,"{'income': 0.3, 'credit_history': 0.4, 'collateral': 0.3}"
398,CUST-C0042,INST-015,Personal Loan,Volatile,0.0124,425215.83,99,3,7,0.2574,0.734,1.4126,0.7169,Debt-to-income;Payment history,"{'income': 0.3, 'credit_history': 0.4, 'collateral': 0.3}"
399,CUST-C0207,INST-020,Line of Credit,Improving,0.1914,4114556.36,50,5,6,0.9137,0.5633,0.2191,0.0192,Debt-to-income;Payment history,"{'income': 0.3, 'credit_history': 0.4, 'collateral': 0.3}"
400,CUST-C0141,INST-004,Business Loan,Improving,0.5791,2448.0,82,3,3,0.7288,0.7898,0.2291,0.1704,Debt-to-income;Payment history,"{'income': 0.3, 'credit_history': 0.4, 'collateral': 0.3}"
401,CUST-C0047,INST-005,Personal Loan,Volatile,0.9675,2121707.42,27,1,6,0.7677,0.9855,1.0423,0.7809,Debt-to-income;Payment history,"{'income': 0.3, 'credit_history': 0.4, 'collateral': 0.3}"
402,CUST-C0070,INST-017,Credit Card,Improving,0.1051,4398307.38,100,5,6,0.431,0.7693,1.5931,0.4945,Debt-to-income;Payment history,"{'income': 0.3, 'credit_history': 0.4, 'collateral': 0.3}"
403,CUST-C0100,INST-013,Mortgage,Deteriorating,0.0659,90314.94,114,5,2,0.8845,0.0244,0.8094,0.9701,Debt-to-income;Payment history,"{'income': 0.3, 'credit_history': 0.4, 'collateral': 0.3}"
404,CUST-C0091,INST-001,Personal Loan,Volatile,0.6759,5257.75,67,4,10,0.769,0.7468,1.0789,0.2092,Debt-to-income;Payment history,"{'income': 0.3, 'credit_history': 0.4, 'collateral': 0.3}"
405,CUST-C0153,INST-005,Personal Loan,Improving,0.0498,537482.55,41,3,4,0.6223,0.3698,0.4606,0.4653,Debt-to-income;Payment history,"{'income': 0.3, 'credit_history': 0.4, 'collateral': 0.3}"
406,CUST-C0151,INST-004,Mortgage,Stable,0.2361,66698.28,6,5,2,0.4233,0.336,0.6589,0.1715,Debt-to-income;Payment history,"{'income': 0.3, 'credit_history': 0.4, 'collateral': 0.3}"
407,CUST-C0087,INST-007,Business Loan,Stable,0.6559,2882901.16,26,3,6,0.117,0.5968,1.4717,0.4177,Debt-to-income;Payment history,"{'income': 0.3, 'credit_history': 0.4, 'collateral': 0.3}"
408,CUST-C0033,INST-004,Mortgage,Volatile,0.6298,2710277.17,90,3,8,0.4423,0.9651,0.6882,0.1776,Debt-to-income;Payment history,"{'income': 0.3, 'credit_history': 0.4, 'collateral': 0.3}"
409,CUST-C0013,INST-002,Business Loan,Volatile,0.9756,179562.3,20,1,4,0.4067,0.3753,1.893,0.2976,Debt-to-income;Payment history,"{'income': 0.3, 'credit_history': 0.4, 'collateral': 0.3}"
410,CUST-C0069,INST-003,Mortgage,Stable,0.1771,339624.39,10,3,2,0.3954,0.2411,1.073,0.8449,Debt-to-income;Payment history,"{'income': 0.3, 'credit_history': 0.4, 'collateral': 0.3}"
411,CUST-C0113,INST-013,Business Loan,Deteriorating,0.5372,4950088.12,43,5,2,0.1942,0.5648,0.2094,0.841,Debt-to-income;Payment history,"{'income': 0.3, 'credit_history': 0.4, 'collateral': 0.3}"
412,CUST-C0187,INST-019,Mortgage,Deteriorating,0.5316,2762.63,51,1,3,0.2672,0.8122,1.2477,0.4862,Debt-to-income;Payment history,"{'income': 0.3, 'credit_history': 0.4, 'collateral': 0.3}"
413,CUST-C0223,INST-009,Business Loan,Volatile,0.6291,63416.7,81,3,9,0.2598,0.4579,1.6984,0.4934,Debt-to-income;Payment history,"{'income': 0.3, 'credit_history': 0.4, 'collateral': 0.3}"
414,CUST-C0042,INST-011,Line of Credit,Stable,0.3598,183388.94,41,4,10,0.1321,0.5762,0.604,0.0713,Debt-to-income;Payment history,"{'income': 0.3, 'credit_history': 0.4, 'collateral': 0.3}"
415,CUST-C0066,INST-006,Business Loan,Improving,0.3277,3195788.27,77,4,3,0.6592,0.9388,0.6564,0.1672,Debt-to-income;Payment history,"{'income': 0.3, 'credit_history': 0.4, 'collateral': 0.3}"
416,CUST-C0116,INST-020,Business Loan,Improving,0.7451,3743880.43,64,4,9,0.8944,0.7118,0.5751,0.327,Debt-to-income;Payment history,"{'income': 0.3, 'credit_history': 0.4, 'collateral': 0.3}"
417,CUST-C0134,INST-001,Line of Credit,Deteriorating,0.9759,4034537.25,107,1,10,0.3407,0.4051,0.7024,0.6223,Debt-to-income;Payment history,"{'income': 0.3, 'credit_history': 0.4, 'collateral': 0.3}"
418,CUST-C0175,INST-018,Credit Card,Deteriorating,0.5554,4382817.09,26,5,7,0.0214,0.7322,0.4284,0.7295,Debt-to-income;Payment history,"{'income': 0.3, 'credit_history': 0.4, 'collateral': 0.3}"
419,CUST-C0059,INST-011,Business Loan,Deteriorating,0.5607,93956.38,62,3,8,0.9919,0.5806,0.2042,0.6785,Debt-to-income;Payment history,"{'income': 0.3, 'credit_history': 0.4, 'collateral': 0.3}"
420,CUST-C0118,INST-017,Personal Loan,Deteriorating,0.2629,827202.06,55,4,6,0.7964,0.867,1.2547,0.522,Debt-to-income;Payment history,"{'income': 0.3, 'credit_history': 0.4, 'collateral': 0.3}"
421,CUST-C0095,INST-007,Business Loan,Improving,0.6021,4852698.37,57,4,2,0.5962,0.5466,1.9845,0.4589,Debt-to-income;Payment history,"{'income': 0.3, 'credit_history': 0.4, 'collateral': 0.3}"
422,CUST-C0012,INST-020,Personal Loan,Volatile,0.2893,535684.24,116,3,4,0.3127,0.0443,1.0735,0.4868,Debt-to-income;Payment history,"{'income': 0.3, 'credit_history': 0.4, 'collateral': 0.3}"
423,CUST-C0110,INST-011,Business Loan,Improving,0.4693,2559172.26,7,5,4,0.4,0.7919,0.5274,0.2118,Debt-to-income;Payment history,"{'income': 0.3, 'credit_history': 0.4, 'collateral': 0.3}"
424,CUST-C0133,INST-015,Mortgage,Volatile,0.4657,1293376.18,97,3,6,0.7976,0.8339,1.5863,0.435,Debt-to-income;Payment history,"{'income': 0.3, 'credit_history': 0.4, 'collateral': 0.3}"
425,CUST-C0201,INST-001,Business Loan,Deteriorating,0.8868,1200.05,15,5,5,0.3238,0.3058,1.3838,0.1501,Debt-to-income;Payment history,"{'income': 0.3, 'credit_history': 0.4, 'collateral': 0.3}"
426,CUST-C0138,INST-016,Business Loan,Improving,0.5463,3408828.55,108,2,4,0.8873,0.7186,1.6794,0.6042,Debt-to-income;Payment history,"{'income': 0.3, 'credit_history': 0.4, 'collateral': 0.3}"
427,CUST-C0200,INST-013,Credit Card,Stable,0.7642,397893.59,41,5,1,0.4271,0.3518,1.5788,0.981,Debt-to-income;Payment history,"{'income': 0.3, 'credit_history': 0.4, 'collateral': 0.3}"
428,CUST-C0018,INST-005,Mortgage,Stable,0.0992,3097358.56,56,3,5,0.7047,0.7966,0.1525,0.777,Debt-to-income;Payment history,"{'income': 0.3, 'credit_history': 0.4, 'collateral': 0.3}"
429,CUST-C0233,INST-012,Credit Card,Stable,0.2368,2667.35,81,5,6,0.8915,0.4655,0.9586,0.0865,Debt-to-income;Payment history,"{'income': 0.3, 'credit_history': 0.4, 'collateral': 0.3}"
430,CUST-C0215,INST-019,Business Loan,Improving,0.2657,34969.0,21,5,4,0.5248,0.6517,1.8762,0.8238,Debt-to-income;Payment history,"{'income': 0.3, 'credit_history': 0.4, 'collateral': 0.3}"
431,CUST-C0115,INST-006,Business Loan,Improving,0.5152,1293.02,39,4,3,0.9212,0.0834,0.4445,0.4758,Debt-to-income;Payment history,"{'income': 0.3, 'credit_history': 0.4, 'collateral': 0.3}"
432,CUST-C0187,INST-001,Mortgage,Stable,0.4575,54213.24,30,2,6,0.3293,0.3431,1.0482,0.4406,Debt-to-income;Payment history,"{'income': 0.3, 'credit_history': 0.4, 'collateral': 0.3}"
433,CUST-C0232,INST-020,Line of Credit,Volatile,0.8848,487202.0,45,1,5,0.0124,0.0921,1.5828,0.3465,Debt-to-income;Payment history,"{'income': 0.3, 'credit_history': 0.4, 'collateral': 0.3}"
434,CUST-C0222,INST-003,Mortgage,Stable,0.0596,2614985.29,24,1,2,0.5832,0.2635,0.1563,0.9026,Debt-to-income;Payment history,"{'income': 0.3, 'credit_history': 0.4, 'collateral': 0.3}"
435,CUST-C0053,INST-004,Mortgage,Deteriorating,0.4739,65096.21,96,1,4,0.1344,0.1408,1.9387,0.2428,Debt-to-income;Payment history,"{'income': 0.3, 'credit_history': 0.4, 'collateral': 0.3}"
436,CUST-C0190,INST-015,Line of Credit,Volatile,0.3006,524327.89,102,4,1,0.9456,0.4408,0.3202,0.7744,Debt-to-income;Payment history,"{'income': 0.3, 'credit_history': 0.4, 'collateral': 0.3}"
437,CUST-C0247,INST-006,Line of Credit,Deteriorating,0.4089,3330933.3,8,3,7,0.2226,0.6164,1.0823,0.5365,Debt-to-income;Payment history,"{'income': 0.3, 'credit_history': 0.4, 'collateral': 0.3}"
438,CUST-C0152,INST-009,Mortgage,Improving,0.3105,570430.92,6,2,4,0.5717,0.6047,0.0331,0.1237,Debt-to-income;Payment history,"{'income': 0.3, 'credit_history': 0.4, 'collateral': 0.3}"
439,CUST-C0210,INST-018,Credit Card,Deteriorating,0.7752,4150.88,72,4,8,0.9192,0.25,0.7096,0.0358,Debt-to-income;Payment history,"{'income': 0.3, 'credit_history': 0.4, 'collateral': 0.3}"
440,CUST-C0233,INST-019,Credit Card,Stable,0.2807,4996.95,110,3,7,0.6592,0.1759,1.4839,0.0132,Debt-to-income;Payment history,"{'income': 0.3, 'credit_history': 0.4, 'collateral': 0.3}"
441,CUST-C0109,INST-008,Mortgage,Deteriorating,0.8866,32172.5,20,4,10,0.2997,0.6844,1.6122,0.6793,Debt-to-income;Payment history,"{'income': 0.3, 'credit_history': 0.4, 'collateral': 0.3}"
442,CUST-C0246,INST-011,Mortgage,Improving,0.4052,8262.96,38,4,3,0.7712,0.1407,1.2377,0.9744,Debt-to-income;Payment history,"{'income': 0.3, 'credit_history': 0.4, 'collateral': 0.3}"
443,CUST-C0044,INST-011,Personal Loan,Deteriorating,0.3542,18127.93,99,5,5,0.251,0.8171,1.2656,0.7556,Debt-to-income;Payment history,"{'income': 0.3, 'credit_history': 0.4, 'collateral': 0.3}"
444,CUST-C0182,INST-014,Mortgage,Improving,0.3735,950007.2,74,5,9,0.692,0.8385,1.0293,0.727,Debt-to-income;Payment history,"{'income': 0.3, 'credit_history': 0.4, 'collateral': 0.3}"
445,CUST-C0136,INST-013,Business Loan,Volatile,0.4493,7591.66,102,5,1,0.2029,0.7169,1.6264,0.8839,Debt-to-income;Payment history,"{'income': 0.3, 'credit_history': 0.4, 'collateral': 0.3}"
446,CUST-C0027,INST-016,Personal Loan,Volatile,0.6663,398508.54,89,5,8,0.668,0.6991,0.7019,0.5158,Debt-to-income;Payment history,"{'income': 0.3, 'credit_history': 0.4, 'collateral': 0.3}"
447,CUST-C0203,INST-006,Business Loan,Volatile,0.2054,857787.67,75,2,6,0.9992,0.1013,1.8935,0.6673,Debt-to-income;Payment history,"{'income': 0.3, 'credit_history': 0.4, 'collateral': 0.3}"
448,CUST-C0168,INST-018,Line of Credit,Volatile,0.2754,395580.27,35,4,1,0.537,0.5632,1.8075,0.8805,Debt-to-income;Payment history,"{'income': 0.3, 'credit_history': 0.4, 'collateral': 0.3}"
449,CUST-C0218,INST-012,Credit Card,Improving,0.8588,3097522.2,40,3,3,0.3377,0.2691,0.3309,0.9704,Debt-to-income;Payment history,"{'income': 0.3, 'credit_history': 0.4, 'collateral': 0.3}"
450,CUST-C0141,INST-020,Mortgage,Deteriorating,0.4054,4824663.92,12,1,1,0.7695,0.1629,1.313,0.5696,Debt-to-income;Payment history,"{'income': 0.3, 'credit_history': 0.4, 'collateral': 0.3}"
451,CUST-C0070,INST-002,Credit Card,Stable,0.7712,82539.83,94,3,2,0.3436,0.2782,1.672,0.1339,Debt-to-income;Payment history,"{'income': 0.3, 'credit_history': 0.4, 'collateral': 0.3}"
452,CUST-C0207,INST-006,Credit Card,Volatile,0.7496,7791.31,87,1,7,0.6947,0.9245,1.7469,0.0076,Debt-to-income;Payment history,"{'income': 0.3, 'credit_history': 0.4, 'collateral': 0.3}"
453,CUST-C0099,INST-005,Line of Credit,Deteriorating,0.2731,2544456.2,42,1,1,0.517,0.9427,1.3731,0.6302,Debt-to-income;Payment history,"{'income': 0.3, 'credit_history': 0.4, 'collateral': 0.3}"
454,CUST-C0062,INST-007,Line of Credit,Improving,0.5861,1534455.92,61,3,6,0.8076,0.6194,1.9738,0.1178,Debt-to-income;Payment history,"{'income': 0.3, 'credit_history': 0.4, 'collateral': 0.3}"
455,CUST-C0177,INST-010,Personal Loan,Improving,0.0583,1085913.87,78,1,7,0.1954,0.8889,1.381,0.5739,Debt-to-income;Payment history,"{'income': 0.3, 'credit_history': 0.4, 'collateral': 0.3}"
456,CUST-C0219,INST-015,Mortgage,Stable,0.7374,109741.5,84,5,4,0.2026,0.6712,1.2765,0.6146,Debt-to-income;Payment history,"{'income': 0.3, 'credit_history': 0.4, 'collateral': 0.3}"
457,CUST-C0007,INST-007,Business Loan,Volatile,0.8063,32453.76,43,1,6,0.9995,0.1548,0.9448,0.6464,Debt-to-income;Payment history,"{'income': 0.3, 'credit_history': 0.4, 'collateral': 0.3}"
458,CUST-C0140,INST-015,Credit Card,Deteriorating,0.3428,89357.37,63,4,7,0.5844,0.7644,0.7417,0.5845,Debt-to-income;Payment history,"{'income': 0.3, 'credit_history': 0.4, 'collateral': 0.3}"
459,CUST-C0213,INST-003,Business Loan,Stable,0.0057,205983.86,113,3,5,0.5363,0.0755,0.4148,0.4416,Debt-to-income;Payment history,"{'income': 0.3, 'credit_history': 0.4, 'collateral': 0.3}"
460,CUST-C0068,INST-006,Line of Credit,Volatile,0.2255,2394717.2,8,3,4,0.434,0.2612,0.248,0.3058,Debt-to-income;Payment history,"{'income': 0.3, 'credit_history': 0.4, 'collateral': 0.3}"
461,CUST-C0201,INST-004,Personal Loan,Deteriorating,0.1911,17229.1,113,3,5,0.8893,0.0064,1.4569,0.5781,Debt-to-income;Payment history,"{'income': 0.3, 'credit_history': 0.4, 'collateral': 0.3}"
462,CUST-C0024,INST-008,Business Loan,Stable,0.0757,5985.3,117,1,8,0.5133,0.6873,1.7244,0.9989,Debt-to-income;Payment history,"{'income': 0.3, 'credit_history': 0.4, 'collateral': 0.3}"
463,CUST-C0118,INST-008,Personal Loan,Deteriorating,0.3763,51903.65,90,4,7,0.7084,0.9036,1.2467,0.9445,Debt-to-income;Payment history,"{'income': 0.3, 'credit_history': 0.4, 'collateral': 0.3}"
464,CUST-C0209,INST-001,Line of Credit,Volatile,0.1419,2292.47,97,3,9,0.7412,0.0345,0.4934,0.6968,Debt-to-income;Payment history,"{'income': 0.3, 'credit_history': 0.4, 'collateral': 0.3}"
465,CUST-C0092,INST-002,Mortgage,Stable,0.9122,3558858.55,74,4,9,0.0862,0.723,0.0666,0.167,Debt-to-income;Payment history,"{'income': 0.3, 'credit_history': 0.4, 'collateral': 0.3}"
466,CUST-C0041,INST-002,Personal Loan,Volatile,0.3465,55526.83,101,2,4,0.3905,0.6746,0.0667,0.1659,Debt-to-income;Payment history,"{'income': 0.3, 'credit_history': 0.4, 'collateral': 0.3}"
467,CUST-C0211,INST-009,Line of Credit,Stable,0.2605,41437.66,11,3,8,0.6895,0.5246,0.8258,0.5099,Debt-to-income;Payment history,"{'income': 0.3, 'credit_history': 0.4, 'collateral': 0.3}"
468,CUST-C0010,INST-010,Personal Loan,Volatile,0.3201,999081.62,48,3,7,0.6529,0.4379,1.1332,0.5681,Debt-to-income;Payment history,"{'income': 0.3, 'credit_history': 0.4, 'collateral': 0.3}"
469,CUST-C0167,INST-020,Line of Credit,Stable,0.3019,43814.86,8,1,7,0.7675,0.9975,0.4219,0.6127,Debt-to-income;Payment history,"{'income': 0.3, 'credit_history': 0.4, 'collateral': 0.3}"
470,CUST-C0144,INST-016,Line of Credit,Volatile,0.0378,845194.92,17,5,9,0.2667,0.0938,0.4862,0.443,Debt-to-income;Payment history,"{'income': 0.3, 'credit_history': 0.4, 'collateral': 0.3}"
471,CUST-C0109,INST-002,Line of Credit,Stable,0.4719,29986.39,76,5,4,0.762,0.1286,1.7423,0.7455,Debt-to-income;Payment history,"{'income': 0.3, 'credit_history': 0.4, 'collateral': 0.3}"
472,CUST-C0147,INST-019,Personal Loan,Volatile,0.1111,2414625.48,7,3,4,0.8468,0.6636,0.7084,0.7486,Debt-to-income;Payment history,"{'income': 0.3, 'credit_history': 0.4, 'collateral': 0.3}"
473,CUST-C0206,INST-005,Mortgage,Deteriorating,0.8854,23305.62,103,2,5,0.6275,0.8653,1.3608,0.3562,Debt-to-income;Payment history,"{'income': 0.3, 'credit_history': 0.4, 'collateral': 0.3}"
474,CUST-C0245,INST-020,Credit Card,Volatile,0.0265,843268.76,118,2,5,0.1913,0.3504,1.9939,0.9276,Debt-to-income;Payment history,"{'income': 0.3, 'credit_history': 0.4, 'collateral': 0.3}"
475,CUST-C0108,INST-005,Personal Loan,Stable,0.1374,40431.09,49,4,10,0.2844,0.1387,0.8714,0.9323,Debt-to-income;Payment history,"{'income': 0.3, 'credit_history': 0.4, 'collateral': 0.3}"
476,CUST-C0121,INST-006,Business Loan,Volatile,0.2342,144660.04,109,3,7,0.9256,0.9387,0.7285,0.6251,Debt-to-income;Payment history,"{'income': 0.3, 'credit_history': 0.4, 'collateral': 0.3}"
477,CUST-C0064,INST-005,Line of Credit,Improving,0.5546,1732018.94,26,4,1,0.8378,0.7143,0.0624,0.5226,Debt-to-income;Payment history,"{'income': 0.3, 'credit_history': 0.4, 'collateral': 0.3}"
478,CUST-C0003,INST-002,Credit Card,Volatile,0.4535,7073.53,20,4,7,0.2615,0.5128,1.8922,0.3631,Debt-to-income;Payment history,"{'income': 0.3, 'credit_history': 0.4, 'collateral': 0.3}"
479,CUST-C0115,INST-020,Business Loan,Volatile,0.008,1553.86,9,4,9,0.5828,0.9732,1.3061,0.7004,Debt-to-income;Payment history,"{'income': 0.3, 'credit_history': 0.4, 'collateral': 0.3}"
480,CUST-C0067,INST-014,Mortgage,Deteriorating,0.6442,1894.36,35,3,3,0.5731,0.4886,1.9162,0.7374,Debt-to-income;Payment history,"{'income': 0.3, 'credit_history': 0.4, 'collateral': 0.3}"
481,CUST-C0128,INST-009,Business Loan,Improving,0.9712,4722540.27,71,4,9,0.0291,0.2917,0.4405,0.9234,Debt-to-income;Payment history,"{'income': 0.3, 'credit_history': 0.4, 'collateral': 0.3}"
482,CUST-C0096,INST-020,Line of Credit,Stable,0.2231,621948.42,100,1,6,0.7708,0.0683,0.762,0.3758,Debt-to-income;Payment history,"{'income': 0.3, 'credit_history': 0.4, 'collateral': 0.3}"
483,CUST-C0094,INST-010,Personal Loan,Deteriorating,0.1531,61281.24,44,1,6,0.3067,0.9581,0.6185,0.4855,Debt-to-income;Payment history,"{'income': 0.3, 'credit_history': 0.4, 'collateral': 0.3}"
484,CUST-C0064,INST-014,Personal Loan,Volatile,0.7862,3037753.72,51,2,5,0.9087,0.8209,1.2211,0.6422,Debt-to-income;Payment history,"{'income': 0.3, 'credit_history': 0.4, 'collateral': 0.3}"
485,CUST-C0139,INST-007,Business Loan,Volatile,0.2977,4625.0,69,4,8,0.2235,0.1912,1.0641,0.1254,Debt-to-income;Payment history,"{'income': 0.3, 'credit_history': 0.4, 'collateral': 0.3}"
486,CUST-C0021,INST-011,Personal Loan,Deteriorating,0.3831,111373.74,63,1,1,0.4342,0.3548,0.4729,0.0217,Debt-to-income;Payment history,"{'income': 0.3, 'credit_history': 0.4, 'collateral': 0.3}"
487,CUST-C0063,INST-001,Credit Card,Deteriorating,0.624,95043.22,81,4,9,0.8133,0.8665,0.0146,0.5641,Debt-to-income;Payment history,"{'income': 0.3, 'credit_history': 0.4, 'collateral': 0.3}"
488,CUST-C0124,INST-004,Credit Card,Volatile,0.1563,883062.88,47,3,7,0.1764,0.4056,0.3963,0.0144,Debt-to-income;Payment history,"{'income': 0.3, 'credit_history': 0.4, 'collateral': 0.3}"
489,CUST-C0193,INST-006,Business Loan,Improving,0.9603,86122.52,83,2,8,0.7011,0.4121,1.7548,0.7642,Debt-to-income;Payment history,"{'income': 0.3, 'credit_history': 0.4, 'collateral': 0.3}"
490,CUST-C0182,INST-020,Mortgage,Volatile,0.7008,4277.96,34,4,3,0.2449,0.3796,1.4815,0.8744,Debt-to-income;Payment history,"{'income': 0.3, 'credit_history': 0.4, 'collateral': 0.3}"
491,CUST-C0036,INST-012,Business Loan,Improving,0.2904,1903655.31,39,2,7,0.3316,0.9113,1.0504,0.3238,Debt-to-income;Payment history,"{'income': 0.3, 'credit_history': 0.4, 'collateral': 0.3}"
492,CUST-C0195,INST-009,Business Loan,Improving,0.6631,1436204.14,26,4,1,0.1404,0.2322,0.1758,0.0322,Debt-to-income;Payment history,"{'income': 0.3, 'credit_history': 0.4, 'collateral': 0.3}"
493,CUST-C0220,INST-003,Business Loan,Deteriorating,0.1044,9281.39,15,5,8,0.3206,0.1919,1.0066,0.1461,Debt-to-income;Payment history,"{'income': 0.3, 'credit_history': 0.4, 'collateral': 0.3}"
494,CUST-C0049,INST-012,Credit Card,Deteriorating,0.6978,833635.11,20,2,9,0.5757,0.3035,0.7763,0.1945,Debt-to-income;Payment history,"{'income': 0.3, 'credit_history': 0.4, 'collateral': 0.3}"
495,CUST-C0044,INST-003,Mortgage,Volatile,0.3556,60956.86,54,3,7,0.0799,0.9779,1.2987,0.7864,Debt-to-income;Payment history,"{'income': 0.3, 'credit_history': 0.4, 'collateral': 0.3}"
496,CUST-C0108,INST-014,Mortgage,Stable,0.6891,1187009.94,80,2,8,0.5282,0.5989,0.9629,0.8868,Debt-to-income;Payment history,"{'income': 0.3, 'credit_history': 0.4, 'collateral': 0.3}"
497,CUST-C0037,INST-004,Mortgage,Improving,0.8937,2180.18,65,4,7,0.2765,0.3429,0.6218,0.081,Debt-to-income;Payment history,"{'income': 0.3, 'credit_history': 0.4, 'collateral': 0.3}"
498,CUST-C0231,INST-008,Business Loan,Deteriorating,0.6325,1128543.95,35,2,10,0.5027,0.3506,0.2717,0.3702,Debt-to-income;Payment history,"{'income': 0.3, 'credit_history': 0.4, 'collateral': 0.3}"
499,CUST-C0197,INST-012,Mortgage,Stable,0.5772,3170670.16,107,4,6,0.7635,0.2568,1.1589,0.4827,Debt-to-income;Payment history,"{'income': 0.3, 'credit_history': 0.4, 'collateral': 0.3}"
500,CUST-C0220,INST-012,Line of Credit,Volatile,0.7726,55381.07,38,5,8,0.3395,0.2283,0.2409,0.5929,Debt-to-income;Payment history,"{'income': 0.3, 'credit_history': 0.4, 'collateral': 0.3}"
501,CUST-C0117,INST-003,Business Loan,Volatile,0.7149,3751.74,25,3,7,0.7401,0.3293,1.9142,0.6886,Debt-to-income;Payment history,"{'income': 0.3, 'credit_history': 0.4, 'collateral': 0.3}"
502,CUST-C0209,INST-011,Business Loan,Stable,0.1556,46563.55,91,2,5,0.4822,0.3309,0.4669,0.1774,Debt-to-income;Payment history,"{'income': 0.3, 'credit_history': 0.4, 'collateral': 0.3}"
503,CUST-C0211,INST-011,Credit Card,Deteriorating,0.1773,3262.93,55,1,9,0.9487,0.2688,0.0998,0.1139,Debt-to-income;Payment history,"{'income': 0.3, 'credit_history': 0.4, 'collateral': 0.3}"
504,CUST-C0130,INST-016,Business Loan,Stable,0.1113,895871.34,100,2,8,0.0894,0.4306,0.8422,0.648,Debt-to-income;Payment history,"{'income': 0.3, 'credit_history': 0.4, 'collateral': 0.3}"
505,CUST-C0106,INST-019,Personal Loan,Stable,0.9892,30480.11,25,3,8,0.8459,0.4732,0.7945,0.776,Debt-to-income;Payment history,"{'income': 0.3, 'credit_history': 0.4, 'collateral': 0.3}"
506,CUST-C0222,INST-010,Personal Loan,Volatile,0.3141,1082.19,5,4,8,0.1518,0.2038,0.5909,0.4857,Debt-to-income;Payment history,"{'income': 0.3, 'credit_history': 0.4, 'collateral': 0.3}"
507,CUST-C0170,INST-020,Personal Loan,Volatile,0.6356,63090.65,98,2,5,0.8381,0.6752,1.9106,0.9888,Debt-to-income;Payment history,"{'income': 0.3, 'credit_history': 0.4, 'collateral': 0.3}"
508,CUST-C0143,INST-012,Personal Loan,Stable,0.1161,3911856.92,12,1,8,0.9497,0.068,0.0759,0.2342,Debt-to-income;Payment history,"{'income': 0.3, 'credit_history': 0.4, 'collateral': 0.3}"
509,CUST-C0098,INST-017,Credit Card,Stable,0.213,6820.45,118,1,1,0.3637,0.3367,0.958,0.4829,Debt-to-income;Payment history,"{'income': 0.3, 'credit_history': 0.4, 'collateral': 0.3}"
510,CUST-C0185,INST-017,Line of Credit,Stable,0.349,4261.65,42,1,9,0.9703,0.8585,0.5365,0.426,Debt-to-income;Payment history,"{'income': 0.3, 'credit_history': 0.4, 'collateral': 0.3}"
511,CUST-C0153,INST-014,Personal Loan,Volatile,0.3674,2146874.81,46,4,3,0.3599,0.455,0.3944,0.9604,Debt-to-income;Payment history,"{'income': 0.3, 'credit_history': 0.4, 'collateral': 0.3}"
512,CUST-C0005,INST-020,Personal Loan,Deteriorating,0.382,99839.19,43,3,10,0.2446,0.083,1.9815,0.3788,Debt-to-income;Payment history,"{'income': 0.3, 'credit_history': 0.4, 'collateral': 0.3}"
513,CUST-C0073,INST-016,Line of Credit,Stable,0.9888,26396.24,107,1,7,0.5801,0.157,1.5389,0.9349,Debt-to-income;Payment history,"{'income': 0.3, 'credit_history': 0.4, 'collateral': 0.3}"
514,CUST-C0192,INST-011,Credit Card,Improving,0.6429,8543.44,53,5,1,0.8746,0.0078,1.7302,0.4203,Debt-to-income;Payment history,"{'income': 0.3, 'credit_history': 0.4, 'collateral': 0.3}"
515,CUST-C0218,INST-001,Mortgage,Stable,0.621,3676.32,43,3,4,0.321,0.2456,1.5406,0.9723,Debt-to-income;Payment history,"{'income': 0.3, 'credit_history': 0.4, 'collateral': 0.3}"
516,CUST-C0182,INST-013,Mortgage,Volatile,0.0997,3368502.66,96,2,5,0.2241,0.1044,1.6494,0.6141,Debt-to-income;Payment history,"{'income': 0.3, 'credit_history': 0.4, 'collateral': 0.3}"
517,CUST-C0011,INST-017,Business Loan,Volatile,0.6784,78557.35,80,2,2,0.1311,0.8203,0.7099,0.8786,Debt-to-income;Payment history,"{'income': 0.3, 'credit_history': 0.4, 'collateral': 0.3}"
518,CUST-C0074,INST-003,Personal Loan,Stable,0.4365,23396.44,1,5,8,0.456,0.0514,0.2563,0.5973,Debt-to-income;Payment history,"{'income': 0.3, 'credit_history': 0.4, 'collateral': 0.3}"
519,CUST-C0221,INST-015,Line of Credit,Improving,0.3849,51290.16,4,5,5,0.9022,0.9878,1.9391,0.3143,Debt-to-income;Payment history,"{'income': 0.3, 'credit_history': 0.4, 'collateral': 0.3}"
520,CUST-C0097,INST-007,Personal Loan,Stable,0.3826,65745.92,49,2,2,0.0856,0.8452,0.955,0.8167,Debt-to-income;Payment history,"{'income': 0.3, 'credit_history': 0.4, 'collateral': 0.3}"
521,CUST-C0001,INST-006,Business Loan,Improving,0.8699,3009357.24,62,3,8,0.7241,0.7736,1.9193,0.5628,Debt-to-income;Payment history,"{'income': 0.3, 'credit_history': 0.4, 'collateral': 0.3}"
522,CUST-C0087,INST-013,Mortgage,Stable,0.1724,240230.25,92,3,8,0.5661,0.0432,0.6859,0.6802,Debt-to-income;Payment history,"{'income': 0.3, 'credit_history': 0.4, 'collateral': 0.3}"
523,CUST-C0188,INST-006,Line of Credit,Improving,0.0522,21548.3,72,3,4,0.5228,0.7842,1.114,0.6633,Debt-to-income;Payment history,"{'income': 0.3, 'credit_history': 0.4, 'collateral': 0.3}"
524,CUST-C0221,INST-004,Mortgage,Improving,0.25,7961.06,112,4,4,0.7284,0.2989,0.9908,0.1145,Debt-to-income;Payment history,"{'income': 0.3, 'credit_history': 0.4, 'collateral': 0.3}"
525,CUST-C0162,INST-008,Personal Loan,Improving,0.0896,684527.57,18,5,6,0.0662,0.893,0.427,0.697,Debt-to-income;Payment history,"{'income': 0.3, 'credit_history': 0.4, 'collateral': 0.3}"
526,CUST-C0242,INST-020,Personal Loan,Stable,0.556,3373.83,67,2,6,0.3259,0.5711,0.0664,0.1968,Debt-to-income;Payment history,"{'income': 0.3, 'credit_history': 0.4, 'collateral': 0.3}"
527,CUST-C0150,INST-018,Credit Card,Deteriorating,0.2641,2664.01,7,2,4,0.0052,0.0999,0.3093,0.934,Debt-to-income;Payment history,"{'income': 0.3, 'credit_history': 0.4, 'collateral': 0.3}"
528,CUST-C0152,INST-005,Mortgage,Improving,0.0398,7882.95,65,2,4,0.8452,0.9103,1.7202,0.4987,Debt-to-income;Payment history,"{'income': 0.3, 'credit_history': 0.4, 'collateral': 0.3}"
529,CUST-C0123,INST-007,Mortgage,Volatile,0.8231,7824.55,11,3,2,0.4225,0.1229,0.2629,0.2783,Debt-to-income;Payment history,"{'income': 0.3, 'credit_history': 0.4, 'collateral': 0.3}"
530,CUST-C0010,INST-003,Line of Credit,Stable,0.184,25780.87,11,1,3,0.0661,0.2959,1.2416,0.8754,Debt-to-income;Payment history,"{'income': 0.3, 'credit_history': 0.4, 'collateral': 0.3}"
531,CUST-C0149,INST-016,Personal Loan,Improving,0.4653,3752222.76,98,1,9,0.1032,0.7533,1.9102,0.3386,Debt-to-income;Payment history,"{'income': 0.3, 'credit_history': 0.4, 'collateral': 0.3}"
532,CUST-C0030,INST-008,Credit Card,Volatile,0.2735,44721.94,14,5,4,0.5999,0.5856,1.0627,0.747,Debt-to-income;Payment history,"{'income': 0.3, 'credit_history': 0.4, 'collateral': 0.3}"
533,CUST-C0011,INST-019,Mortgage,Volatile,0.151,1352.65,4,2,4,0.2997,0.6924,1.1424,0.7175,Debt-to-income;Payment history,"{'income': 0.3, 'credit_history': 0.4, 'collateral': 0.3}"
534,CUST-C0066,INST-016,Business Loan,Improving,0.2048,47623.05,116,5,3,0.2992,0.6025,0.6894,0.6994,Debt-to-income;Payment history,"{'income': 0.3, 'credit_history': 0.4, 'collateral': 0.3}"
535,CUST-C0159,INST-014,Credit Card,Volatile,0.0224,19178.81,7,4,1,0.8539,0.4015,1.1774,0.2832,Debt-to-income;Payment history,"{'income': 0.3, 'credit_history': 0.4, 'collateral': 0.3}"
536,CUST-C0007,INST-006,Business Loan,Improving,0.4635,4167.98,102,3,1,0.0185,0.375,1.743,0.5529,Debt-to-income;Payment history,"{'income': 0.3, 'credit_history': 0.4, 'collateral': 0.3}"
537,CUST-C0133,INST-019,Credit Card,Improving,0.84,4416129.84,39,4,1,0.6118,0.6775,0.4632,0.2046,Debt-to-income;Payment history,"{'income': 0.3, 'credit_history': 0.4, 'collateral': 0.3}"
538,CUST-C0092,INST-016,Personal Loan,Improving,0.18,50830.34,38,2,1,0.1516,0.7157,1.3332,0.6829,Debt-to-income;Payment history,"{'income': 0.3, 'credit_history': 0.4, 'collateral': 0.3}"
539,CUST-C0024,INST-014,Personal Loan,Improving,0.7315,191412.42,52,1,4,0.8449,0.2739,0.0086,0.5521,Debt-to-income;Payment history,"{'income': 0.3, 'credit_history': 0.4, 'collateral': 0.3}"
540,CUST-C0142,INST-008,Credit Card,Stable,0.704,6354.62,81,5,10,0.3478,0.7339,1.0108,0.5777,Debt-to-income;Payment history,"{'income': 0.3, 'credit_history': 0.4, 'collateral': 0.3}"
541,CUST-C0021,INST-013,Credit Card,Stable,0.7116,275355.87,47,3,7,0.7514,0.0582,0.713,0.5299,Debt-to-income;Payment history,"{'income': 0.3, 'credit_history': 0.4, 'collateral': 0.3}"
542,CUST-C0217,INST-008,Business Loan,Stable,0.6159,84994.63,76,5,4,0.4896,0.9648,1.2123,0.1262,Debt-to-income;Payment history,"{'income': 0.3, 'credit_history': 0.4, 'collateral': 0.3}"
543,CUST-C0042,INST-009,Personal Loan,Stable,0.4911,327572.17,76,3,7,0.164,0.6868,1.8826,0.2858,Debt-to-income;Payment history,"{'income': 0.3, 'credit_history': 0.4, 'collateral': 0.3}"
544,CUST-C0066,INST-001,Business Loan,Deteriorating,0.6178,67061.9,113,3,3,0.487,0.6312,1.604,0.3007,Debt-to-income;Payment history,"{'income': 0.3, 'credit_history': 0.4, 'collateral': 0.3}"
545,CUST-C0139,INST-016,Personal Loan,Stable,0.9004,45539.9,77,4,8,0.3821,0.083,1.6559,0.6201,Debt-to-income;Payment history,"{'income': 0.3, 'credit_history': 0.4, 'collateral': 0.3}"
546,CUST-C0085,INST-011,Business Loan,Deteriorating,0.4013,5762.29,94,3,2,0.1742,0.3599,0.8063,0.2932,Debt-to-income;Payment history,"{'income': 0.3, 'credit_history': 0.4, 'collateral': 0.3}"
547,CUST-C0111,INST-020,Personal Loan,Deteriorating,0.0213,6501.37,9,1,1,0.3521,0.5709,1.507,0.7388,Debt-to-income;Payment history,"{'income': 0.3, 'credit_history': 0.4, 'collateral': 0.3}"
548,CUST-C0007,INST-013,Personal Loan,Volatile,0.0389,6425.84,23,5,1,0.6937,0.3011,0.402,0.0629,Debt-to-income;Payment history,"{'income': 0.3, 'credit_history': 0.4, 'collateral': 0.3}"
549,CUST-C0249,INST-020,Personal Loan,Volatile,0.1245,3425.56,99,2,8,0.4493,0.8357,0.6708,0.3323,Debt-to-income;Payment history,"{'income': 0.3, 'credit_history': 0.4, 'collateral': 0.3}"
550,CUST-C0131,INST-015,Business Loan,Deteriorating,0.3894,2854.08,116,2,4,0.7925,0.7405,0.8057,0.1437,Debt-to-income;Payment history,"{'income': 0.3, 'credit_history': 0.4, 'collateral': 0.3}"
551,CUST-C0074,INST-017,Credit Card,Improving,0.3896,843870.82,35,5,8,0.4396,0.7029,1.2078,0.1316,Debt-to-income;Payment history,"{'income': 0.3, 'credit_history': 0.4, 'collateral': 0.3}"
552,CUST-C0234,INST-007,Line of Credit,Deteriorating,0.6287,4975930.69,68,5,3,0.3506,0.7092,1.1987,0.9394,Debt-to-income;Payment history,"{'income': 0.3, 'credit_history': 0.4, 'collateral': 0.3}"
553,CUST-C0105,INST-003,Personal Loan,Stable,0.897,1204779.9,106,3,7,0.1345,0.6225,0.1917,0.9067,Debt-to-income;Payment history,"{'income': 0.3, 'credit_history': 0.4, 'collateral': 0.3}"
554,CUST-C0195,INST-019,Mortgage,Volatile,0.7236,7870.39,20,2,1,0.9837,0.9424,1.3669,0.5551,Debt-to-income;Payment history,"{'income': 0.3, 'credit_history': 0.4, 'collateral': 0.3}"
555,CUST-C0232,INST-008,Line of Credit,Improving,0.0482,1530.3,45,3,2,0.9744,0.9006,1.1941,0.9234,Debt-to-income;Payment history,"{'income': 0.3, 'credit_history': 0.4, 'collateral': 0.3}"
556,CUST-C0135,INST-018,Personal Loan,Volatile,0.2705,9115.72,27,4,8,0.4133,0.7164,1.5306,0.4554,Debt-to-income;Payment history,"{'income': 0.3, 'credit_history': 0.4, 'collateral': 0.3}"
557,CUST-C0165,INST-016,Credit Card,Volatile,0.1199,270311.99,36,3,4,0.8642,0.7799,0.3466,0.3118,Debt-to-income;Payment history,"{'income': 0.3, 'credit_history': 0.4, 'collateral': 0.3}"
558,CUST-C0042,INST-010,Line of Credit,Deteriorating,0.564,741285.65,39,5,3,0.2227,0.1418,0.7551,0.091,Debt-to-income;Payment history,"{'income': 0.3, 'credit_history': 0.4, 'collateral': 0.3}"
559,CUST-C0192,INST-019,Credit Card,Volatile,0.5646,472278.58,57,4,8,0.0006,0.2951,1.9826,0.5182,Debt-to-income;Payment history,"{'income': 0.3, 'credit_history': 0.4, 'collateral': 0.3}"
560,CUST-C0145,INST-014,Credit Card,Improving,0.4672,58575.86,31,2,9,0.608,0.7435,1.8935,0.9349,Debt-to-income;Payment history,"{'income': 0.3, 'credit_history': 0.4, 'collateral': 0.3}"
561,CUST-C0219,INST-016,Credit Card,Deteriorating,0.8814,1043.45,95,2,10,0.0643,0.0165,0.8279,0.2834,Debt-to-income;Payment history,"{'income': 0.3, 'credit_history': 0.4, 'collateral': 0.3}"
562,CUST-C0047,INST-009,Mortgage,Improving,0.4293,160284.39,53,4,6,0.2422,0.5757,0.6697,0.3137,Debt-to-income;Payment history,"{'income': 0.3, 'credit_history': 0.4, 'collateral': 0.3}"
563,CUST-C0126,INST-017,Credit Card,Volatile,0.7588,98418.28,8,5,4,0.5239,0.6334,1.7373,0.7872,Debt-to-income;Payment history,"{'income': 0.3, 'credit_history': 0.4, 'collateral': 0.3}"
564,CUST-C0154,INST-012,Mortgage,Deteriorating,0.7172,792989.27,60,1,5,0.4731,0.1422,1.3611,0.6657,Debt-to-income;Payment history,"{'income': 0.3, 'credit_history': 0.4, 'collateral': 0.3}"
565,CUST-C0119,INST-009,Credit Card,Volatile,0.395,3612.24,72,5,9,0.173,0.9161,0.0597,0.0415,Debt-to-income;Payment history,"{'income': 0.3, 'credit_history': 0.4, 'collateral': 0.3}"
566,CUST-C0098,INST-001,Credit Card,Stable,0.2124,852247.36,75,1,6,0.0008,0.6352,0.9147,0.8386,Debt-to-income;Payment history,"{'income': 0.3, 'credit_history': 0.4, 'collateral': 0.3}"
567,CUST-C0145,INST-010,Line of Credit,Volatile,0.0615,3222.11,41,5,5,0.8079,0.1127,0.9782,0.9729,Debt-to-income;Payment history,"{'income': 0.3, 'credit_history': 0.4, 'collateral': 0.3}"
568,CUST-C0220,INST-019,Line of Credit,Improving,0.045,901445.9,36,2,1,0.6257,0.606,0.3435,0.8099,Debt-to-income;Payment history,"{'income': 0.3, 'credit_history': 0.4, 'collateral': 0.3}"
569,CUST-C0050,INST-001,Mortgage,Volatile,0.965,1603891.76,78,1,5,0.3155,0.167,1.0401,0.5909,Debt-to-income;Payment history,"{'income': 0.3, 'credit_history': 0.4, 'collateral': 0.3}"
570,CUST-C0135,INST-014,Line of Credit,Improving,0.0656,4775332.01,75,2,8,0.063,0.9705,0.2921,0.8464,Debt-to-income;Payment history,"{'income': 0.3, 'credit_history': 0.4, 'collateral': 0.3}"
571,CUST-C0085,INST-009,Personal Loan,Volatile,0.7153,33985.78,54,3,9,0.3153,0.9932,0.5151,0.0424,Debt-to-income;Payment history,"{'income': 0.3, 'credit_history': 0.4, 'collateral': 0.3}"
572,CUST-C0015,INST-009,Business Loan,Volatile,0.5428,8184.57,105,1,6,0.0111,0.0937,1.1103,0.9534,Debt-to-income;Payment history,"{'income': 0.3, 'credit_history': 0.4, 'collateral': 0.3}"
573,CUST-C0144,INST-005,Line of Credit,Improving,0.6897,4843585.35,79,1,9,0.4523,0.3429,0.4782,0.1446,Debt-to-income;Payment history,"{'income': 0.3, 'credit_history': 0.4, 'collateral': 0.3}"
574,CUST-C0176,INST-004,Mortgage,Volatile,0.0679,2972.71,4,4,1,0.1346,0.4314,1.405,0.372,Debt-to-income;Payment history,"{'income': 0.3, 'credit_history': 0.4, 'collateral': 0.3}"
575,CUST-C0178,INST-002,Business Loan,Stable,0.2044,685411.68,95,3,9,0.7254,0.8575,1.9942,0.59,Debt-to-income;Payment history,"{'income': 0.3, 'credit_history': 0.4, 'collateral': 0.3}"
576,CUST-C0212,INST-002,Line of Credit,Stable,0.653,32459.26,83,3,9,0.908,0.7423,0.9059,0.3125,Debt-to-income;Payment history,"{'income': 0.3, 'credit_history': 0.4, 'collateral': 0.3}"
577,CUST-C0214,INST-016,Line of Credit,Volatile,0.9659,1676331.26,107,3,7,0.844,0.0137,1.772,0.6644,Debt-to-income;Payment history,"{'income': 0.3, 'credit_history': 0.4, 'collateral': 0.3}"
578,CUST-C0068,INST-004,Credit Card,Improving,0.4764,896458.22,52,3,6,0.1517,0.6283,0.9629,0.082,Debt-to-income;Payment history,"{'income': 0.3, 'credit_history': 0.4, 'collateral': 0.3}"
579,CUST-C0070,INST-008,Business Loan,Deteriorating,0.0565,35517.53,107,2,10,0.8809,0.9488,0.0397,0.7273,Debt-to-income;Payment history,"{'income': 0.3, 'credit_history': 0.4, 'collateral': 0.3}"
580,CUST-C0044,INST-001,Mortgage,Volatile,0.259,32086.16,94,2,4,0.382,0.5926,0.0006,0.7568,Debt-to-income;Payment history,"{'income': 0.3, 'credit_history': 0.4, 'collateral': 0.3}"
581,CUST-C0200,INST-017,Mortgage,Volatile,0.6646,2940634.77,85,1,6,0.6971,0.7119,0.3112,0.3999,Debt-to-income;Payment history,"{'income': 0.3, 'credit_history': 0.4, 'collateral': 0.3}"
582,CUST-C0156,INST-010,Business Loan,Stable,0.1073,3183932.06,104,1,3,0.5881,0.9641,0.4959,0.4909,Debt-to-income;Payment history,"{'income': 0.3, 'credit_history': 0.4, 'collateral': 0.3}"
583,CUST-C0146,INST-020,Credit Card,Deteriorating,0.7505,3935917.15,47,5,2,0.5726,0.5808,0.4726,0.7088,Debt-to-income;Payment history,"{'income': 0.3, 'credit_history': 0.4, 'collateral': 0.3}"
584,CUST-C0215,INST-008,Personal Loan,Deteriorating,0.0365,5842.0,105,4,9,0.3151,0.1283,1.1952,0.721,Debt-to-income;Payment history,"{'income': 0.3, 'credit_history': 0.4, 'collateral': 0.3}"
585,CUST-C0169,INST-009,Credit Card,Improving,0.8903,864159.18,41,2,2,0.9557,0.6238,1.5533,0.5011,Debt-to-income;Payment history,"{'income': 0.3, 'credit_history': 0.4, 'collateral': 0.3}"
586,CUST-C0133,INST-006,Business Loan,Deteriorating,0.1803,909554.19,108,5,8,0.4827,0.5026,1.6829,0.7253,Debt-to-income;Payment history,"{'income': 0.3, 'credit_history': 0.4, 'collateral': 0.3}"
587,CUST-C0201,INST-006,Personal Loan,Deteriorating,0.4381,25419.12,43,1,2,0.7696,0.9161,1.1243,0.3408,Debt-to-income;Payment history,"{'income': 0.3, 'credit_history': 0.4, 'collateral': 0.3}"
588,CUST-C0028,INST-003,Mortgage,Stable,0.254,15866.23,115,2,8,0.9143,0.8546,1.5119,0.4773,Debt-to-income;Payment history,"{'income': 0.3, 'credit_history': 0.4, 'collateral': 0.3}"
589,CUST-C0146,INST-008,Line of Credit,Improving,0.7763,9481.67,16,4,7,0.3143,0.0121,1.9231,0.2467,Debt-to-income;Payment history,"{'income': 0.3, 'credit_history': 0.4, 'collateral': 0.3}"
590,CUST-C0145,INST-001,Mortgage,Volatile,0.2407,3392941.78,62,2,2,0.0335,0.8422,1.7287,0.8441,Debt-to-income;Payment history,"{'income': 0.3, 'credit_history': 0.4, 'collateral': 0.3}"
591,CUST-C0093,INST-002,Credit Card,Stable,0.4821,2142.76,8,3,9,0.6628,0.293,0.2,0.8796,Debt-to-income;Payment history,"{'income': 0.3, 'credit_history': 0.4, 'collateral': 0.3}"
592,CUST-C0049,INST-013,Mortgage,Stable,0.4692,1856390.38,75,4,7,0.0906,0.9016,0.3271,0.8826,Debt-to-income;Payment history,"{'income': 0.3, 'credit_history': 0.4, 'collateral': 0.3}"
593,CUST-C0071,INST-013,Mortgage,Deteriorating,0.8408,679841.33,45,2,1,0.9302,0.5194,0.9014,0.3186,Debt-to-income;Payment history,"{'income': 0.3, 'credit_history': 0.4, 'collateral': 0.3}"
594,CUST-C0187,INST-012,Mortgage,Volatile,0.2241,941338.62,90,3,10,0.5615,0.2548,1.6908,0.8639,Debt-to-income;Payment history,"{'income': 0.3, 'credit_history': 0.4, 'collateral': 0.3}"
595,CUST-C0083,INST-015,Personal Loan,Volatile,0.4363,8311.85,87,1,8,0.4849,0.2592,0.488,0.7562,Debt-to-income;Payment history,"{'income': 0.3, 'credit_history': 0.4, 'collateral': 0.3}"
596,CUST-C0044,INST-007,Business Loan,Deteriorating,0.4244,8843.06,88,2,1,0.3345,0.4829,1.9495,0.6452,Debt-to-income;Payment history,"{'income': 0.3, 'credit_history': 0.4, 'collateral': 0.3}"
597,CUST-C0195,INST-018,Mortgage,Stable,0.3431,9946.99,90,1,5,0.4222,0.7391,1.9154,0.0105,Debt-to-income;Payment history,"{'income': 0.3, 'credit_history': 0.4, 'collateral': 0.3}"
598,CUST-C0034,INST-001,Credit Card,Stable,0.0102,6686.24,2,2,4,0.6928,0.4129,1.7485,0.7942,Debt-to-income;Payment history,"{'income': 0.3, 'credit_history': 0.4, 'collateral': 0.3}"
599,CUST-C0199,INST-004,Business Loan,Improving,0.6279,4264701.21,23,5,3,0.0104,0.9272,1.3071,0.7632,Debt-to-income;Payment history,"{'income': 0.3, 'credit_history': 0.4, 'collateral': 0.3}"
600,CUST-C0095,INST-014,Personal Loan,Volatile,0.1381,491132.71,51,1,1,0.8901,0.5466,0.1136,0.653,Debt-to-income;Payment history,"{'income': 0.3, 'credit_history': 0.4, 'collateral': 0.3}"
601,CUST-C0089,INST-007,Business Loan,Stable,0.8374,57953.85,92,3,7,0.0471,0.7355,0.3693,0.0034,Debt-to-income;Payment history,"{'income': 0.3, 'credit_history': 0.4, 'collateral': 0.3}"
602,CUST-C0163,INST-012,Mortgage,Improving,0.3067,55109.25,63,1,8,0.2809,0.5173,1.0894,0.7047,Debt-to-income;Payment history,"{'income': 0.3, 'credit_history': 0.4, 'collateral': 0.3}"
603,CUST-C0003,INST-010,Business Loan,Stable,0.6149,903102.74,16,4,10,0.9722,0.7674,1.0876,0.313,Debt-to-income;Payment history,"{'income': 0.3, 'credit_history': 0.4, 'collateral': 0.3}"
604,CUST-C0189,INST-016,Credit Card,Stable,0.4239,54704.13,69,4,10,0.4331,0.2052,0.3134,0.4683,Debt-to-income;Payment history,"{'income': 0.3, 'credit_history': 0.4, 'collateral': 0.3}"
605,CUST-C0193,INST-018,Mortgage,Stable,0.5999,598490.34,30,3,10,0.312,0.5006,1.4581,0.1591,Debt-to-income;Payment history,"{'income': 0.3, 'credit_history': 0.4, 'collateral': 0.3}"
606,CUST-C0247,INST-013,Personal Loan,Volatile,0.2164,29120.78,115,1,7,0.3751,0.5159,0.3546,0.603,Debt-to-income;Payment history,"{'income': 0.3, 'credit_history': 0.4, 'collateral': 0.3}"
607,CUST-C0223,INST-016,Credit Card,Deteriorating,0.417,384112.25,10,5,3,0.7907,0.4534,1.0873,0.1524,Debt-to-income;Payment history,"{'income': 0.3, 'credit_history': 0.4, 'collateral': 0.3}"
608,CUST-C0111,INST-006,Mortgage,Stable,0.1953,406421.23,77,2,5,0.9198,0.1662,0.0966,0.8398,Debt-to-income;Payment history,"{'income': 0.3, 'credit_history': 0.4, 'collateral': 0.3}"
609,CUST-C0148,INST-014,Line of Credit,Volatile,0.8651,4304701.79,42,4,10,0.9266,0.2726,0.194,0.2521,Debt-to-income;Payment history,"{'income': 0.3, 'credit_history': 0.4, 'collateral': 0.3}"
610,CUST-C0094,INST-005,Credit Card,Stable,0.5009,2908988.67,90,3,7,0.5076,0.9187,0.1252,0.6152,Debt-to-income;Payment history,"{'income': 0.3, 'credit_history': 0.4, 'collateral': 0.3}"
611,CUST-C0007,INST-009,Mortgage,Improving,0.7136,3542.29,69,4,3,0.2247,0.6443,1.1133,0.6944,Debt-to-income;Payment history,"{'income': 0.3, 'credit_history': 0.4, 'collateral': 0.3}"
612,CUST-C0011,INST-008,Credit Card,Volatile,0.5173,1039843.21,91,1,6,0.5352,0.6905,1.7097,0.3818,Debt-to-income;Payment history,"{'income': 0.3, 'credit_history': 0.4, 'collateral': 0.3}"
613,CUST-C0117,INST-011,Credit Card,Improving,0.5541,567849.66,40,3,1,0.778,0.3838,0.1194,0.7952,Debt-to-income;Payment history,"{'income': 0.3, 'credit_history': 0.4, 'collateral': 0.3}"
614,CUST-C0201,INST-010,Personal Loan,Volatile,0.4651,714855.71,26,5,3,0.3796,0.4097,0.7219,0.1054,Debt-to-income;Payment history,"{'income': 0.3, 'credit_history': 0.4, 'collateral': 0.3}"
615,CUST-C0035,INST-008,Business Loan,Improving,0.7274,22557.02,50,1,9,0.2834,0.1257,1.2532,0.6104,Debt-to-income;Payment history,"{'income': 0.3, 'credit_history': 0.4, 'collateral': 0.3}"
616,CUST-C0108,INST-002,Line of Credit,Stable,0.3127,840099.2,1,5,1,0.5807,0.6852,1.6454,0.6595,Debt-to-income;Payment history,"{'income': 0.3, 'credit_history': 0.4, 'collateral': 0.3}"
617,CUST-C0095,INST-003,Mortgage,Improving,0.956,397059.03,70,2,8,0.3948,0.3904,1.2787,0.2873,Debt-to-income;Payment history,"{'income': 0.3, 'credit_history': 0.4, 'collateral': 0.3}"
618,CUST-C0055,INST-012,Line of Credit,Improving,0.5083,26778.8,61,2,5,0.715,0.2112,0.9813,0.4818,Debt-to-income;Payment history,"{'income': 0.3, 'credit_history': 0.4, 'collateral': 0.3}"
619,CUST-C0248,INST-010,Personal Loan,Volatile,0.104,1112583.56,16,4,1,0.458,0.8403,0.5276,0.3097,Debt-to-income;Payment history,"{'income': 0.3, 'credit_history': 0.4, 'collateral': 0.3}"
620,CUST-C0227,INST-009,Line of Credit,Volatile,0.5356,36012.97,47,1,10,0.0454,0.8432,0.2857,0.4889,Debt-to-income;Payment history,"{'income': 0.3, 'credit_history': 0.4, 'collateral': 0.3}"
621,CUST-C0067,INST-020,Personal Loan,Stable,0.6555,1311181.33,98,1,5,0.3035,0.959,1.7428,0.0768,Debt-to-income;Payment history,"{'income': 0.3, 'credit_history': 0.4, 'collateral': 0.3}"
622,CUST-C0013,INST-009,Business Loan,Stable,0.6038,2924.39,99,2,5,0.6108,0.8574,1.9279,0.9437,Debt-to-income;Payment history,"{'income': 0.3, 'credit_history': 0.4, 'collateral': 0.3}"
623,CUST-C0006,INST-013,Business Loan,Volatile,0.1887,83835.89,66,2,9,0.3629,0.6843,1.2724,0.7842,Debt-to-income;Payment history,"{'income': 0.3, 'credit_history': 0.4, 'collateral': 0.3}"
624,CUST-C0128,INST-001,Personal Loan,Improving,0.2749,3417672.38,78,3,8,0.4376,0.0032,1.1357,0.2941,Debt-to-income;Payment history,"{'income': 0.3, 'credit_history': 0.4, 'collateral': 0.3}"
625,CUST-C0028,INST-008,Mortgage,Improving,0.9619,9758.88,85,2,2,0.8568,0.3626,0.4085,0.9865,Debt-to-income;Payment history,"{'income': 0.3, 'credit_history': 0.4, 'collateral': 0.3}"
626,CUST-C0212,INST-019,Personal Loan,Volatile,0.0045,3398896.45,64,4,4,0.6389,0.0874,1.5618,0.1744,Debt-to-income;Payment history,"{'income': 0.3, 'credit_history': 0.4, 'collateral': 0.3}"
627,CUST-C0188,INST-015,Line of Credit,Stable,0.4361,98782.3,100,5,6,0.9038,0.8895,0.7401,0.891,Debt-to-income;Payment history,"{'income': 0.3, 'credit_history': 0.4, 'collateral': 0.3}"
628,CUST-C0245,INST-014,Mortgage,Deteriorating,0.6918,4837.54,99,5,10,0.5463,0.9621,0.7598,0.7744,Debt-to-income;Payment history,"{'income': 0.3, 'credit_history': 0.4, 'collateral': 0.3}"
629,CUST-C0223,INST-010,Personal Loan,Deteriorating,0.1724,94727.44,60,3,10,0.9908,0.1596,0.8171,0.4847,Debt-to-income;Payment history,"{'income': 0.3, 'credit_history': 0.4, 'collateral': 0.3}"
630,CUST-C0246,INST-015,Credit Card,Stable,0.3684,83224.71,59,5,4,0.1866,0.8982,1.787,0.9376,Debt-to-income;Payment history,"{'income': 0.3, 'credit_history': 0.4, 'collateral': 0.3}"
631,CUST-C0179,INST-015,Line of Credit,Volatile,0.4203,16287.39,4,2,7,0.5665,0.999,1.8544,0.674,Debt-to-income;Payment history,"{'income': 0.3, 'credit_history': 0.4, 'collateral': 0.3}"
632,CUST-C0040,INST-009,Mortgage,Deteriorating,0.4634,96646.78,50,3,9,0.0858,0.8459,0.3948,0.9019,Debt-to-income;Payment history,"{'income': 0.3, 'credit_history': 0.4, 'collateral': 0.3}"
633,CUST-C0137,INST-013,Line of Credit,Deteriorating,0.8832,3878.12,92,1,3,0.7807,0.6011,0.6502,0.2102,Debt-to-income;Payment history,"{'income': 0.3, 'credit_history': 0.4, 'collateral': 0.3}"
634,CUST-C0171,INST-012,Credit Card,Deteriorating,0.6782,3356372.64,97,1,9,0.9069,0.6346,1.9546,0.5572,Debt-to-income;Payment history,"{'income': 0.3, 'credit_history': 0.4, 'collateral': 0.3}"
635,CUST-C0109,INST-010,Business Loan,Improving,0.2136,2521641.76,84,4,4,0.8992,0.8017,1.9143,0.6239,Debt-to-income;Payment history,"{'income': 0.3, 'credit_history': 0.4, 'collateral': 0.3}"
636,CUST-C0123,INST-005,Mortgage,Volatile,0.3989,776592.04,8,5,2,0.6565,0.6147,1.0333,0.6304,Debt-to-income;Payment history,"{'income': 0.3, 'credit_history': 0.4, 'collateral': 0.3}"
637,CUST-C0177,INST-003,Personal Loan,Improving,0.4118,3582408.19,55,4,2,0.6154,0.608,0.7811,0.8429,Debt-to-income;Payment history,"{'income': 0.3, 'credit_history': 0.4, 'collateral': 0.3}"
638,CUST-C0031,INST-002,Line of Credit,Stable,0.6076,869201.09,66,3,8,0.0024,0.1262,0.9065,0.5456,Debt-to-income;Payment history,"{'income': 0.3, 'credit_history': 0.4, 'collateral': 0.3}"
639,CUST-C0071,INST-003,Line of Credit,Stable,0.5581,160468.94,80,3,7,0.6551,0.3362,0.4549,0.9943,Debt-to-income;Payment history,"{'income': 0.3, 'credit_history': 0.4, 'collateral': 0.3}"
640,CUST-C0066,INST-016,Personal Loan,Stable,0.1719,3507.7,115,1,1,0.0646,0.4197,0.5342,0.324,Debt-to-income;Payment history,"{'income': 0.3, 'credit_history': 0.4, 'collateral': 0.3}"
641,CUST-C0043,INST-016,Mortgage,Stable,0.8677,3226.93,105,2,1,0.5618,0.7687,1.0045,0.6443,Debt-to-income;Payment history,"{'income': 0.3, 'credit_history': 0.4, 'collateral': 0.3}"
642,CUST-C0102,INST-015,Mortgage,Volatile,0.2931,1622.14,115,1,8,0.3936,0.1275,1.3967,0.4146,Debt-to-income;Payment history,"{'income': 0.3, 'credit_history': 0.4, 'collateral': 0.3}"
643,CUST-C0168,INST-017,Personal Loan,Volatile,0.5454,3223898.05,88,3,5,0.4994,0.0888,1.2934,0.8095,Debt-to-income;Payment history,"{'income': 0.3, 'credit_history': 0.4, 'collateral': 0.3}"
644,CUST-C0083,INST-013,Personal Loan,Stable,0.1299,2194816.45,108,1,1,0.4082,0.905,0.9068,0.2145,Debt-to-income;Payment history,"{'income': 0.3, 'credit_history': 0.4, 'collateral': 0.3}"
645,CUST-C0038,INST-015,Mortgage,Volatile,0.3954,69718.08,115,5,9,0.6799,0.1157,1.1725,0.6873,Debt-to-income;Payment history,"{'income': 0.3, 'credit_history': 0.4, 'collateral': 0.3}"
646,CUST-C0118,INST-017,Mortgage,Improving,0.1307,3760137.14,115,3,5,0.7524,0.6534,0.1663,0.7995,Debt-to-income;Payment history,"{'income': 0.3, 'credit_history': 0.4, 'collateral': 0.3}"
647,CUST-C0193,INST-020,Credit Card,Stable,0.1186,4639.94,95,4,1,0.997,0.3791,1.5554,0.0688,Debt-to-income;Payment history,"{'income': 0.3, 'credit_history': 0.4, 'collateral': 0.3}"
648,CUST-C0185,INST-020,Line of Credit,Volatile,0.7056,3777251.15,40,2,1,0.9826,0.3386,1.2548,0.5252,Debt-to-income;Payment history,"{'income': 0.3, 'credit_history': 0.4, 'collateral': 0.3}"
649,CUST-C0094,INST-010,Line of Credit,Deteriorating,0.8327,911957.6,61,2,1,0.7332,0.2426,1.5392,0.598,Debt-to-income;Payment history,"{'income': 0.3, 'credit_history': 0.4, 'collateral': 0.3}"
650,CUST-C0243,INST-004,Credit Card,Volatile,0.6933,3241806.0,114,5,2,0.1368,0.5915,1.0,0.2034,Debt-to-income;Payment history,"{'income': 0.3, 'credit_history': 0.4, 'collateral': 0.3}"
651,CUST-C0103,INST-004,Business Loan,Improving,0.2209,3093980.32,62,5,4,0.2311,0.92,0.8067,0.4537,Debt-to-income;Payment history,"{'income': 0.3, 'credit_history': 0.4, 'collateral': 0.3}"
652,CUST-C0218,INST-018,Business Loan,Improving,0.635,2132191.86,28,5,2,0.761,0.451,1.629,0.1164,Debt-to-income;Payment history,"{'income': 0.3, 'credit_history': 0.4, 'collateral': 0.3}"
653,CUST-C0220,INST-012,Business Loan,Improving,0.2315,6919.66,29,1,5,0.724,0.5013,0.118,0.5673,Debt-to-income;Payment history,"{'income': 0.3, 'credit_history': 0.4, 'collateral': 0.3}"
654,CUST-C0212,INST-013,Credit Card,Stable,0.3208,7429.31,37,1,6,0.4649,0.5476,1.5661,0.414,Debt-to-income;Payment history,"{'income': 0.3, 'credit_history': 0.4, 'collateral': 0.3}"
655,CUST-C0016,INST-010,Business Loan,Volatile,0.4581,265351.52,73,2,10,0.9358,0.2768,1.6642,0.9837,Debt-to-income;Payment history,"{'income': 0.3, 'credit_history': 0.4, 'collateral': 0.3}"
656,CUST-C0158,INST-017,Credit Card,Volatile,0.7734,24692.28,52,5,10,0.2595,0.6464,0.4749,0.1217,Debt-to-income;Payment history,"{'income': 0.3, 'credit_history': 0.4, 'collateral': 0.3}"
657,CUST-C0226,INST-012,Credit Card,Deteriorating,0.9134,3184.16,34,3,1,0.1969,0.8623,1.1569,0.2943,Debt-to-income;Payment history,"{'income': 0.3, 'credit_history': 0.4, 'collateral': 0.3}"
658,CUST-C0193,INST-007,Business Loan,Improving,0.6357,1037436.62,58,3,10,0.9319,0.9034,1.4414,0.0739,Debt-to-income;Payment history,"{'income': 0.3, 'credit_history': 0.4, 'collateral': 0.3}"
659,CUST-C0060,INST-001,Mortgage,Improving,0.1906,1166.85,29,1,1,0.719,0.9424,1.3075,0.5826,Debt-to-income;Payment history,"{'income': 0.3, 'credit_history': 0.4, 'collateral': 0.3}"
660,CUST-C0174,INST-017,Line of Credit,Volatile,0.4399,9165.38,120,2,1,0.5542,0.7519,0.0226,0.7693,Debt-to-income;Payment history,"{'income': 0.3, 'credit_history': 0.4, 'collateral': 0.3}"
661,CUST-C0079,INST-014,Mortgage,Improving,0.6589,1650357.57,70,4,6,0.0023,0.4295,1.0683,0.1734,Debt-to-income;Payment history,"{'income': 0.3, 'credit_history': 0.4, 'collateral': 0.3}"
662,CUST-C0153,INST-011,Mortgage,Volatile,0.2287,417286.67,94,1,9,0.4465,0.6955,1.5987,0.2969,Debt-to-income;Payment history,"{'income': 0.3, 'credit_history': 0.4, 'collateral': 0.3}"
663,CUST-C0179,INST-018,Personal Loan,Stable,0.0259,3988759.12,50,2,9,0.5133,0.5205,1.645,0.5587,Debt-to-income;Payment history,"{'income': 0.3, 'credit_history': 0.4, 'collateral': 0.3}"
664,CUST-C0095,INST-014,Line of Credit,Deteriorating,0.2545,1872324.32,55,3,8,0.7017,0.7178,1.217,0.676,Debt-to-income;Payment history,"{'income': 0.3, 'credit_history': 0.4, 'collateral': 0.3}"
665,CUST-C0086,INST-019,Business Loan,Improving,0.8087,4255.74,50,4,1,0.8052,0.1835,1.1394,0.1593,Debt-to-income;Payment history,"{'income': 0.3, 'credit_history': 0.4, 'collateral': 0.3}"
666,CUST-C0080,INST-019,Personal Loan,Volatile,0.3231,26092.29,20,1,4,0.6412,0.5522,0.8862,0.1603,Debt-to-income;Payment history,"{'income': 0.3, 'credit_history': 0.4, 'collateral': 0.3}"
667,CUST-C0059,INST-020,Personal Loan,Deteriorating,0.0982,68075.59,58,2,7,0.8226,0.0672,0.5288,0.1493,Debt-to-income;Payment history,"{'income': 0.3, 'credit_history': 0.4, 'collateral': 0.3}"
668,CUST-C0038,INST-005,Business Loan,Improving,0.7425,4556884.67,55,4,6,0.3059,0.6318,0.8943,0.1353,Debt-to-income;Payment history,"{'income': 0.3, 'credit_history': 0.4, 'collateral': 0.3}"
669,CUST-C0183,INST-013,Business Loan,Stable,0.2268,2232601.14,100,5,9,0.3844,0.2375,0.208,0.5602,Debt-to-income;Payment history,"{'income': 0.3, 'credit_history': 0.4, 'collateral': 0.3}"
670,CUST-C0204,INST-006,Mortgage,Deteriorating,0.5798,6037.12,6,5,10,0.729,0.2659,0.8227,0.2952,Debt-to-income;Payment history,"{'income': 0.3, 'credit_history': 0.4, 'collateral': 0.3}"
671,CUST-C0174,INST-004,Business Loan,Deteriorating,0.7464,3877.1,46,2,5,0.0165,0.7096,1.487,0.4617,Debt-to-income;Payment history,"{'income': 0.3, 'credit_history': 0.4, 'collateral': 0.3}"
672,CUST-C0131,INST-005,Credit Card,Improving,0.199,308735.32,5,3,5,0.6962,0.6538,1.0267,0.4815,Debt-to-income;Payment history,"{'income': 0.3, 'credit_history': 0.4, 'collateral': 0.3}"
673,CUST-C0082,INST-011,Line of Credit,Deteriorating,0.9711,1479173.26,44,2,3,0.1109,0.9908,0.6676,0.7995,Debt-to-income;Payment history,"{'income': 0.3, 'credit_history': 0.4, 'collateral': 0.3}"
674,CUST-C0151,INST-002,Mortgage,Deteriorating,0.5655,5703.8,11,1,9,0.7319,0.7389,0.7261,0.0805,Debt-to-income;Payment history,"{'income': 0.3, 'credit_history': 0.4, 'collateral': 0.3}"
675,CUST-C0048,INST-013,Credit Card,Deteriorating,0.3972,36260.82,99,1,8,0.9811,0.1228,1.3118,0.217,Debt-to-income;Payment history,"{'income': 0.3, 'credit_history': 0.4, 'collateral': 0.3}"
676,CUST-C0149,INST-008,Credit Card,Deteriorating,0.5624,3629446.77,79,5,7,0.1503,0.3602,0.3603,0.1276,Debt-to-income;Payment history,"{'income': 0.3, 'credit_history': 0.4, 'collateral': 0.3}"
677,CUST-C0236,INST-013,Business Loan,Deteriorating,0.204,735092.71,43,3,6,0.3657,0.786,0.5619,0.1383,Debt-to-income;Payment history,"{'income': 0.3, 'credit_history': 0.4, 'collateral': 0.3}"
678,CUST-C0246,INST-010,Business Loan,Deteriorating,0.3498,4036.4,10,4,8,0.9609,0.6185,0.9775,0.3592,Debt-to-income;Payment history,"{'income': 0.3, 'credit_history': 0.4, 'collateral': 0.3}"
679,CUST-C0247,INST-006,Mortgage,Stable,0.7735,73836.96,89,4,4,0.5445,0.0284,1.6617,0.2439,Debt-to-income;Payment history,"{'income': 0.3, 'credit_history': 0.4, 'collateral': 0.3}"
680,CUST-C0124,INST-001,Credit Card,Deteriorating,0.1716,35097.96,15,2,8,0.1466,0.3475,0.9306,0.5948,Debt-to-income;Payment history,"{'income': 0.3, 'credit_history': 0.4, 'collateral': 0.3}"
681,CUST-C0037,INST-017,Personal Loan,Deteriorating,0.963,3956742.99,99,1,7,0.0522,0.0285,0.325,0.1502,Debt-to-income;Payment history,"{'income': 0.3, 'credit_history': 0.4, 'collateral': 0.3}"
682,CUST-C0205,INST-009,Mortgage,Improving,0.3707,7097.84,36,2,9,0.2833,0.8768,1.5457,0.781,Debt-to-income;Payment history,"{'income': 0.3, 'credit_history': 0.4, 'collateral': 0.3}"
683,CUST-C0040,INST-015,Line of Credit,Deteriorating,0.0553,3455.87,16,3,5,0.2671,0.2546,1.9633,0.2711,Debt-to-income;Payment history,"{'income': 0.3, 'credit_history': 0.4, 'collateral': 0.3}"
684,CUST-C0103,INST-016,Credit Card,Improving,0.1944,5600.6,28,5,8,0.5371,0.7156,0.4815,0.7312,Debt-to-income;Payment history,"{'income': 0.3, 'credit_history': 0.4, 'collateral': 0.3}"
685,CUST-C0234,INST-006,Credit Card,Volatile,0.419,139747.0,66,4,8,0.0743,0.4394,1.2285,0.9561,Debt-to-income;Payment history,"{'income': 0.3, 'credit_history': 0.4, 'collateral': 0.3}"
686,CUST-C0245,INST-014,Credit Card,Stable,0.1991,19263.13,72,3,4,0.1708,0.85,0.6037,0.0419,Debt-to-income;Payment history,"{'income': 0.3, 'credit_history': 0.4, 'collateral': 0.3}"
687,CUST-C0156,INST-014,Business Loan,Deteriorating,0.7794,3488522.74,10,2,8,0.6226,0.6632,0.0802,0.636,Debt-to-income;Payment history,"{'income': 0.3, 'credit_history': 0.4, 'collateral': 0.3}"
688,CUST-C0161,INST-018,Business Loan,Volatile,0.1156,44781.81,86,3,5,0.4674,0.7313,1.5834,0.3305,Debt-to-income;Payment history,"{'income': 0.3, 'credit_history': 0.4, 'collateral': 0.3}"
689,CUST-C0213,INST-006,Line of Credit,Deteriorating,0.9696,7416.5,37,5,9,0.157,0.0992,0.2628,0.5136,Debt-to-income;Payment history,"{'income': 0.3, 'credit_history': 0.4, 'collateral': 0.3}"
690,CUST-C0036,INST-010,Personal Loan,Improving,0.4787,84222.54,18,3,10,0.9424,0.6665,0.8067,0.069,Debt-to-income;Payment history,"{'income': 0.3, 'credit_history': 0.4, 'collateral': 0.3}"
691,CUST-C0027,INST-012,Mortgage,Improving,0.696,113693.28,62,4,1,0.4927,0.9439,1.4633,0.0115,Debt-to-income;Payment history,"{'income': 0.3, 'credit_history': 0.4, 'collateral': 0.3}"
692,CUST-C0140,INST-013,Line of Credit,Improving,0.3876,3760501.81,6,5,2,0.5801,0.2952,1.303,0.993,Debt-to-income;Payment history,"{'income': 0.3, 'credit_history': 0.4, 'collateral': 0.3}"
693,CUST-C0116,INST-004,Line of Credit,Volatile,0.7597,630749.28,13,4,1,0.4324,0.6755,1.8226,0.743,Debt-to-income;Payment history,"{'income': 0.3, 'credit_history': 0.4, 'collateral': 0.3}"
694,CUST-C0066,INST-013,Mortgage,Stable,0.1848,1525.62,9,4,10,0.4531,0.8034,1.0176,0.9286,Debt-to-income;Payment history,"{'income': 0.3, 'credit_history': 0.4, 'collateral': 0.3}"
695,CUST-C0220,INST-014,Credit Card,Stable,0.1932,7327.84,70,2,10,0.4159,0.9282,1.2941,0.2982,Debt-to-income;Payment history,"{'income': 0.3, 'credit_history': 0.4, 'collateral': 0.3}"
696,CUST-C0068,INST-012,Mortgage,Deteriorating,0.0048,47528.7,110,1,8,0.9372,0.153,1.8947,0.2198,Debt-to-income;Payment history,"{'income': 0.3, 'credit_history': 0.4, 'collateral': 0.3}"
697,CUST-C0076,INST-001,Mortgage,Stable,0.7765,5323.57,38,2,8,0.8348,0.4,0.373,0.9348,Debt-to-income;Payment history,"{'income': 0.3, 'credit_history': 0.4, 'collateral': 0.3}"
698,CUST-C0096,INST-005,Business Loan,Improving,0.5472,5441.51,115,3,2,0.6462,0.4003,0.6798,0.6956,Debt-to-income;Payment history,"{'income': 0.3, 'credit_history': 0.4, 'collateral': 0.3}"
699,CUST-C0119,INST-012,Line of Credit,Improving,0.6051,9236.17,15,3,8,0.7873,0.7011,1.3039,0.1011,Debt-to-income;Payment history,"{'income': 0.3, 'credit_history': 0.4, 'collateral': 0.3}"
700,CUST-C0145,INST-018,Business Loan,Volatile,0.5704,1091.56,47,5,2,0.8766,0.6088,0.0512,0.7341,Debt-to-income;Payment history,"{'income': 0.3, 'credit_history': 0.4, 'collateral': 0.3}"
