performance_id,customer_id,institution_id,product_type,avg_risk_score,risk_score_volatility,risk_trend,risk_trend_percentage,avg_fraud_probability,anomaly_percentage,risk_assessment_accuracy,approval_percentage,most_common_recommendation,avg_monthly_transaction_volume,total_transaction_volume,transaction_volatility,total_exposure,risk_adjusted_return,customer_value_score,customer_value_category,optimization_opportunity,optimization_priority
1,CUST-C0013,INST-004,Line of Credit,0.8187,0.1951,Improving,2.2499,0.0264,11.4011,90.3007,69.3151,Approve with Conditions,5242.43,471920.94,0.5986,961184.42,0.1225,114,Platinum,Retention,High
2,CUST-C0242,INST-009,Line of Credit,0.6229,0.2205,Improving,-1.8114,0.1273,0.7441,94.0326,63.4771,Approve,27475.93,112392.63,0.0798,14872.17,0.0019,145,Gold,None,Medium
3,CUST-C0048,INST-004,Line of Credit,0.244,0.0568,Worsening,-5.6381,0.0815,0.4572,68.9703,47.6613,Approve,36985.7,99151.51,0.1913,73331.14,0.1618,80,Gold,Upsell,Medium
4,CUST-C0009,INST-019,Business Loan,0.8436,0.1338,Stable,8.3546,0.0769,0.3782,62.1857,64.1979,Approve,44777.93,486365.54,0.4895,548225.94,0.0622,29,Silver,Upsell,Medium
5,CUST-C0002,INST-020,Credit Card,0.1227,0.1898,Worsening,0.4795,0.1098,4.4677,69.5734,67.4239,Approve with Conditions,48226.15,468453.3,0.6245,979455.7,0.0731,52,Gold,Upsell,Low
6,CUST-C0170,INST-007,Personal Loan,0.2196,0.0098,Improving,3.7609,0.1123,13.0057,88.366,87.5651,Approve with Conditions,43665.32,374259.02,0.5916,1777448.52,0.1033,89,Platinum,Cross-sell,Low
7,CUST-C0211,INST-001,Mortgage,0.0966,0.0332,Improving,-3.5254,0.0299,4.4732,89.8368,62.6047,Approve with Conditions,6386.63,161214.75,0.591,450921.96,0.0202,37,Platinum,Retention,High
8,CUST-C0102,INST-007,Business Loan,0.9667,0.1227,Stable,-4.9184,0.0568,4.0781,92.176,70.4207,Deny,49936.03,330006.83,0.7735,3059060.31,0.1184,95,Silver,Upsell,High
9,CUST-C0240,INST-012,Business Loan,0.9132,0.2341,Stable,-3.5956,0.0114,3.9092,75.3955,63.6672,Approve,3809.38,141810.21,0.3596,2966701.24,0.0583,61,Silver,None,High
10,CUST-C0002,INST-016,Credit Card,0.24,0.0079,Improving,-0.4574,0.0362,0.1158,76.2675,46.9768,Deny,35934.62,230695.55,0.5748,478171.39,0.0356,114,Platinum,Retention,High
11,CUST-C0054,INST-019,Line of Credit,0.5522,0.2032,Improving,1.1604,0.198,1.5526,90.4931,67.7516,Approve with Conditions,12825.65,413744.77,0.9353,41852.29,0.0038,140,Silver,None,Low
12,CUST-C0223,INST-017,Mortgage,0.0567,0.1029,Worsening,-3.3366,0.179,1.5367,90.5299,71.842,Deny,42452.26,86723.25,0.8641,15278.87,0.1939,62,Platinum,Cross-sell,Low
13,CUST-C0154,INST-001,Business Loan,0.201,0.0603,Improving,-0.4607,0.0835,9.0554,89.6554,97.7349,Approve,22393.45,147661.11,0.6345,56191.6,0.1141,71,Silver,None,Low
14,CUST-C0243,INST-010,Credit Card,0.4316,0.1275,Improving,-5.5373,0.007,8.9463,70.2447,89.1894,Approve,2712.44,141440.92,0.6172,58894.61,0.2466,85,Silver,Cross-sell,Low
15,CUST-C0019,INST-011,Credit Card,0.5515,0.2597,Worsening,9.5085,0.1252,4.6429,73.6875,66.3852,Approve,14763.1,88390.48,0.6968,3080772.91,0.0957,158,Platinum,Upsell,Medium
16,CUST-C0061,INST-011,Personal Loan,0.3608,0.1949,Worsening,-6.3274,0.0196,8.9553,78.8081,55.5909,Deny,2741.63,313340.7,0.5683,3036777.75,-0.0904,151,Bronze,None,High
17,CUST-C0216,INST-016,Credit Card,0.161,0.285,Stable,6.4749,0.167,7.0182,61.0383,55.0167,Approve with Conditions,4679.32,98023.83,0.4454,544651.73,0.1792,30,Silver,Retention,Low
18,CUST-C0223,INST-004,Credit Card,0.4695,0.049,Worsening,4.5582,0.1011,14.0026,65.0404,63.2052,Deny,16152.57,113182.68,0.2629,7026.68,0.0706,31,Silver,Cross-sell,High
19,CUST-C0074,INST-008,Line of Credit,0.8382,0.2281,Worsening,-4.5448,0.0601,0.4913,77.5268,88.6219,Approve,34557.27,373345.79,0.3577,4512372.44,0.1369,85,Bronze,Retention,Medium
20,CUST-C0249,INST-010,Line of Credit,0.0067,0.2844,Stable,-6.7016,0.048,8.2424,90.2066,55.2609,Deny,48711.86,220371.22,0.3165,46035.51,0.0338,90,Silver,Upsell,Medium
21,CUST-C0220,INST-003,Mortgage,0.0712,0.1514,Stable,1.3708,0.0851,12.7345,82.9927,62.3373,Deny,23928.87,50945.09,0.4956,786882.75,0.1193,159,Platinum,Upsell,Medium
22,CUST-C0146,INST-006,Line of Credit,0.2863,0.1803,Worsening,4.7585,0.1011,13.8349,65.6054,59.2418,Deny,20272.03,194083.02,0.7459,93461.45,0.1118,27,Gold,Cross-sell,Low
23,CUST-C0246,INST-013,Personal Loan,0.8879,0.0633,Stable,-7.5961,0.1258,0.1597,72.9899,73.8567,Approve with Conditions,20157.11,133262.07,0.2218,19684.14,-0.0037,122,Platinum,Cross-sell,Medium
24,CUST-C0088,INST-001,Credit Card,0.5756,0.169,Stable,-7.0788,0.1594,2.6766,78.7424,70.1508,Approve,15465.38,156128.48,0.1268,95210.57,0.0596,37,Gold,Upsell,Low
25,CUST-C0001,INST-017,Personal Loan,0.5764,0.0416,Stable,-1.8098,0.1863,10.1424,93.0739,49.8615,Deny,32611.84,101049.86,0.201,2132678.89,0.1349,46,Gold,Upsell,Medium
26,CUST-C0101,INST-009,Business Loan,0.4495,0.2146,Improving,3.4805,0.1023,7.9761,63.5355,73.2495,Deny,23960.64,63166.69,0.1578,290672.44,-0.0093,121,Platinum,Cross-sell,Medium
27,CUST-C0056,INST-020,Line of Credit,0.9148,0.1774,Improving,-7.0604,0.1296,5.5712,74.1965,55.8045,Deny,33600.97,230770.68,0.3615,575542.07,0.1548,43,Silver,Upsell,High
28,CUST-C0137,INST-003,Credit Card,0.8025,0.2213,Improving,5.0512,0.1802,8.3792,90.7117,83.9595,Deny,19973.19,478564.92,0.6326,2851181.66,0.1123,154,Gold,Retention,Medium
29,CUST-C0069,INST-014,Line of Credit,0.0541,0.258,Worsening,0.5832,0.0736,5.4831,76.8596,79.251,Approve,48858.71,25998.3,0.5287,649468.91,0.0434,29,Gold,Cross-sell,Medium
30,CUST-C0153,INST-008,Personal Loan,0.406,0.2313,Improving,5.0313,0.0978,1.3404,60.8936,68.788,Approve,29251.53,195429.22,0.3727,639574.15,0.2026,77,Gold,None,Low
31,CUST-C0198,INST-011,Line of Credit,0.4988,0.1236,Improving,-5.3805,0.0478,12.4726,63.9822,79.4793,Deny,5886.15,272345.41,0.3699,5270.41,0.1536,69,Silver,Cross-sell,Medium
32,CUST-C0132,INST-003,Business Loan,0.9129,0.05,Worsening,-5.2943,0.0482,2.9053,67.4586,93.2784,Deny,30681.05,374705.89,0.7431,4541951.63,0.2758,158,Platinum,None,High
33,CUST-C0015,INST-012,Business Loan,0.7715,0.1254,Worsening,-3.1601,0.0388,9.4013,89.512,97.6485,Approve with Conditions,18842.16,476216.77,0.0891,924012.03,0.1322,154,Bronze,Upsell,High
34,CUST-C0121,INST-012,Personal Loan,0.216,0.0791,Worsening,5.0361,0.0032,5.3193,64.864,82.4308,Deny,45884.26,393756.7,0.3496,857757.68,0.2482,108,Silver,None,High
35,CUST-C0242,INST-003,Mortgage,0.5084,0.2015,Improving,-2.685,0.0213,5.6125,76.1372,92.1704,Approve,38405.86,308969.17,0.7604,2626885.81,0.0764,34,Platinum,None,Medium
36,CUST-C0035,INST-014,Personal Loan,0.8835,0.021,Improving,-4.1058,0.1639,12.4323,60.6765,53.6615,Approve with Conditions,4396.87,101532.65,0.4329,5540.37,0.2641,62,Bronze,None,High
37,CUST-C0017,INST-013,Business Loan,0.7804,0.1486,Improving,-0.0189,0.0462,0.6823,72.9245,58.6617,Deny,30664.36,453460.22,0.9434,842850.94,0.0641,99,Bronze,None,Low
38,CUST-C0047,INST-011,Credit Card,0.403,0.0498,Worsening,-8.0561,0.024,1.5677,98.2694,85.0446,Approve with Conditions,36295.69,358112.53,0.4578,2415160.59,-0.0339,96,Silver,Upsell,Low
39,CUST-C0169,INST-005,Credit Card,0.9437,0.2806,Stable,8.398,0.0808,13.1217,83.5112,62.704,Approve,21532.7,111626.2,0.1838,1637.87,-0.0806,121,Bronze,Cross-sell,Medium
40,CUST-C0059,INST-008,Personal Loan,0.4297,0.1692,Improving,-9.8477,0.0856,1.4796,65.9978,90.0734,Approve with Conditions,22941.27,257353.49,0.9826,1568493.63,-0.0203,41,Bronze,Cross-sell,High
41,CUST-C0009,INST-014,Credit Card,0.7446,0.1037,Worsening,1.2838,0.1911,3.6422,79.1107,85.4908,Approve,15474.37,99528.43,0.654,108002.7,-0.0523,54,Bronze,Upsell,Low
42,CUST-C0064,INST-003,Business Loan,0.6125,0.2747,Improving,2.9986,0.0337,11.5341,81.1587,70.489,Deny,42898.26,153109.91,0.6976,41916.79,0.1376,126,Bronze,Retention,Medium
43,CUST-C0013,INST-006,Credit Card,0.3693,0.0425,Stable,0.0926,0.1427,9.7096,89.1983,85.3041,Approve with Conditions,46144.52,464760.53,0.0451,2468390.89,0.077,31,Bronze,None,High
44,CUST-C0223,INST-009,Mortgage,0.6994,0.1742,Worsening,7.1977,0.0971,12.7768,77.0505,88.0582,Deny,2316.42,414842.06,0.3337,1773555.23,0.1219,109,Bronze,Upsell,High
45,CUST-C0040,INST-005,Line of Credit,0.6253,0.0362,Worsening,9.9974,0.1326,12.325,74.7409,59.8143,Deny,26679.82,460156.82,0.904,621266.93,0.2235,51,Bronze,Upsell,Medium
46,CUST-C0223,INST-009,Personal Loan,0.9352,0.1715,Improving,7.3341,0.0412,8.8238,92.281,42.8273,Approve with Conditions,4417.88,84207.56,0.2744,55656.46,0.2315,29,Silver,Upsell,Low
47,CUST-C0037,INST-004,Business Loan,0.3937,0.2919,Stable,-1.3128,0.1866,11.4322,84.5706,88.4422,Approve with Conditions,47045.73,98292.14,0.9709,20920.77,-0.0218,40,Bronze,Upsell,Low
48,CUST-C0130,INST-001,Credit Card,0.9532,0.1925,Stable,-0.3156,0.0277,13.8072,64.3404,83.6614,Deny,29828.66,127306.4,0.3689,8693.31,0.001,48,Gold,Retention,Low
49,CUST-C0192,INST-020,Credit Card,0.3764,0.2556,Worsening,4.113,0.1992,6.8954,67.9493,55.9087,Deny,39364.53,61466.63,0.7004,694629.46,0.2604,50,Gold,Upsell,Low
50,CUST-C0035,INST-004,Mortgage,0.8971,0.0913,Worsening,7.6993,0.0411,10.0595,93.8949,76.8693,Approve with Conditions,28993.36,304708.65,0.7498,266355.49,0.0244,130,Gold,Upsell,High
51,CUST-C0224,INST-001,Mortgage,0.7018,0.2283,Improving,9.542,0.1239,6.0267,84.2565,71.8456,Approve,41659.38,28912.07,0.1313,7913.17,0.0952,134,Gold,None,High
52,CUST-C0100,INST-004,Personal Loan,0.5295,0.1217,Stable,5.1008,0.1876,1.2444,86.0788,76.6889,Approve,7852.01,333748.31,0.5444,165284.42,0.1062,37,Bronze,Upsell,Low
53,CUST-C0226,INST-016,Line of Credit,0.9534,0.185,Improving,-1.2805,0.1564,1.1856,94.6236,45.178,Approve with Conditions,31715.23,213197.08,0.4752,17621.53,-0.0227,86,Gold,Retention,Medium
54,CUST-C0161,INST-016,Mortgage,0.3783,0.1469,Worsening,-5.3491,0.1251,7.3431,71.2295,68.5053,Approve,43801.58,470210.29,0.4722,991057.01,0.0839,158,Silver,Upsell,High
55,CUST-C0180,INST-001,Personal Loan,0.8451,0.2312,Improving,-0.6733,0.1762,7.2875,67.1784,58.7614,Approve,28125.15,13121.96,0.7918,10852.75,0.0619,157,Gold,Upsell,Medium
56,CUST-C0173,INST-005,Business Loan,0.8624,0.0424,Stable,6.8382,0.1635,5.6224,76.5688,54.6507,Approve,21333.52,321953.28,0.8823,3085056.82,0.2762,159,Silver,Upsell,Low
57,CUST-C0067,INST-015,Personal Loan,0.3954,0.1312,Stable,-7.0436,0.0232,2.3813,92.6758,83.1776,Deny,23817.06,320290.84,0.5163,1753272.04,0.2176,125,Bronze,Cross-sell,High
58,CUST-C0028,INST-017,Line of Credit,0.3483,0.0105,Improving,8.9905,0.0446,11.587,98.5529,66.8545,Approve with Conditions,45207.48,492514.86,0.9773,30423.96,0.1286,157,Bronze,Retention,Medium
59,CUST-C0137,INST-005,Line of Credit,0.4021,0.1093,Improving,-4.0982,0.0019,1.0675,95.0116,45.8859,Deny,23507.11,250464.14,0.3278,5495.54,0.0852,94,Silver,Retention,Medium
60,CUST-C0075,INST-019,Credit Card,0.5994,0.2388,Improving,1.2355,0.089,7.7335,67.6234,65.1849,Approve with Conditions,45937.4,125482.99,0.1701,79818.17,0.1286,49,Platinum,None,High
61,CUST-C0195,INST-020,Line of Credit,0.8854,0.2853,Worsening,-7.9123,0.1924,6.7488,70.6402,61.1218,Approve with Conditions,41616.69,67681.93,0.7488,354932.34,0.1422,157,Silver,Cross-sell,Medium
62,CUST-C0155,INST-002,Credit Card,0.6636,0.1608,Improving,-9.1187,0.1599,7.632,62.4704,59.4888,Approve,31152.03,105087.32,0.229,8106.44,-0.0401,42,Platinum,Cross-sell,High
63,CUST-C0173,INST-019,Business Loan,0.1548,0.1951,Worsening,-0.5383,0.0001,4.9642,73.872,77.3088,Approve with Conditions,20236.76,49330.93,0.3731,52112.32,-0.0063,47,Bronze,Cross-sell,Low
64,CUST-C0037,INST-013,Mortgage,0.8926,0.1651,Worsening,9.66,0.0465,5.0738,81.7653,89.7562,Approve with Conditions,47065.64,128145.35,0.9367,905444.27,0.0497,129,Gold,Upsell,Medium
65,CUST-C0228,INST-015,Line of Credit,0.7825,0.051,Stable,6.3736,0.0685,11.259,86.2483,71.7356,Approve with Conditions,18001.44,316474.98,0.5935,80115.9,-0.063,24,Silver,Upsell,Low
66,CUST-C0223,INST-011,Line of Credit,0.0864,0.0488,Improving,-8.864,0.1449,5.9985,75.5235,97.0523,Deny,48968.22,101054.53,0.6761,813284.1,0.2776,77,Bronze,Retention,Medium
67,CUST-C0118,INST-018,Mortgage,0.398,0.1776,Worsening,3.0407,0.133,11.382,76.0477,81.3524,Approve,25843.24,207821.49,0.303,902296.87,0.2004,152,Bronze,Cross-sell,Medium
68,CUST-C0043,INST-007,Line of Credit,0.6464,0.0653,Worsening,-7.716,0.1407,7.5285,63.0881,89.959,Approve with Conditions,14090.16,284060.46,0.3656,46713.55,0.0526,86,Bronze,Upsell,High
69,CUST-C0028,INST-014,Credit Card,0.2726,0.1227,Improving,-6.9631,0.1337,4.5172,65.6345,98.5545,Approve with Conditions,34501.57,358207.56,0.9845,13397.15,0.1101,103,Bronze,Upsell,Medium
70,CUST-C0029,INST-002,Line of Credit,0.461,0.2939,Stable,-4.6565,0.1426,7.235,96.1004,94.1475,Approve,11914.52,281613.27,0.599,844451.38,0.1017,20,Silver,Retention,Low
71,CUST-C0238,INST-019,Mortgage,0.5648,0.1703,Worsening,6.5908,0.1593,10.6419,71.6151,69.689,Deny,38458.18,315764.93,0.4276,82922.8,-0.0544,80,Gold,Cross-sell,Medium
72,CUST-C0037,INST-012,Line of Credit,0.6248,0.077,Improving,-2.9738,0.0804,0.1082,63.565,49.0686,Approve,30537.82,121565.45,0.1943,3353604.85,0.24,31,Gold,None,Low
73,CUST-C0209,INST-011,Line of Credit,0.6309,0.2943,Worsening,-7.7262,0.0113,12.7895,87.0408,73.7025,Approve with Conditions,41833.26,322303.27,0.386,3145771.46,0.0845,160,Platinum,Upsell,High
74,CUST-C0097,INST-020,Line of Credit,0.3955,0.0234,Worsening,9.2356,0.1536,2.211,89.9908,67.7105,Approve with Conditions,34047.51,99038.76,0.2205,3032338.95,-0.0459,25,Silver,Retention,Medium
75,CUST-C0181,INST-014,Personal Loan,0.0686,0.2261,Improving,-8.963,0.0818,12.3244,70.9185,65.0163,Approve,12454.33,365368.25,0.8122,4779.43,0.046,55,Gold,Cross-sell,Medium
76,CUST-C0248,INST-012,Line of Credit,0.9546,0.2309,Worsening,0.5881,0.1708,11.0523,65.5713,96.2527,Approve,8111.27,419369.6,0.6821,4625004.09,0.042,76,Gold,Upsell,Low
77,CUST-C0060,INST-016,Mortgage,0.5616,0.0927,Improving,-3.9447,0.0893,2.7033,96.9932,56.1829,Approve with Conditions,25536.96,419910.78,0.2047,498658.36,0.0658,72,Silver,Retention,High
78,CUST-C0176,INST-002,Personal Loan,0.305,0.0372,Stable,2.6382,0.0677,11.4592,98.9683,96.0686,Approve,23220.55,293251.89,0.4008,93339.86,0.1454,146,Silver,Retention,Medium
79,CUST-C0212,INST-012,Mortgage,0.7094,0.1939,Improving,4.2089,0.0254,7.5167,72.197,69.4191,Deny,19334.73,298205.54,0.6843,94209.09,0.1455,19,Platinum,None,Low
80,CUST-C0180,INST-015,Business Loan,0.7635,0.1507,Improving,7.2259,0.0189,11.9852,86.9126,52.4479,Approve,14752.63,301501.75,0.8112,3205029.75,-0.044,99,Bronze,Cross-sell,Low
81,CUST-C0068,INST-009,Personal Loan,0.142,0.1869,Improving,1.9713,0.0904,4.1372,67.6767,85.1751,Deny,14186.86,294848.49,0.6,839774.01,-0.0902,104,Platinum,Cross-sell,Low
82,CUST-C0229,INST-007,Business Loan,0.8294,0.0584,Worsening,-9.7864,0.0363,10.5356,72.6706,48.7444,Approve with Conditions,35039.9,371401.22,0.568,2291.64,0.1053,52,Platinum,Upsell,Medium
83,CUST-C0046,INST-006,Line of Credit,0.5394,0.2879,Worsening,4.4272,0.1227,5.7415,98.1622,85.1705,Approve,48206.75,374182.0,0.6881,113497.54,0.2695,40,Gold,Retention,Low
84,CUST-C0167,INST-015,Personal Loan,0.1627,0.1411,Worsening,-9.3378,0.1948,6.421,63.0363,73.8515,Deny,11241.86,380488.61,0.4854,3628.38,0.2054,121,Bronze,Retention,Low
85,CUST-C0127,INST-020,Business Loan,0.3426,0.1835,Improving,-3.6229,0.1642,5.6687,67.2565,82.1313,Approve with Conditions,30400.49,422626.71,0.3017,9286.61,0.1842,126,Gold,Cross-sell,Medium
86,CUST-C0002,INST-007,Personal Loan,0.542,0.0248,Improving,1.529,0.0295,3.5463,80.0052,97.2295,Approve with Conditions,14397.17,418908.38,0.841,880825.12,0.0751,36,Platinum,Cross-sell,Medium
87,CUST-C0241,INST-002,Personal Loan,0.0399,0.2743,Worsening,-5.5996,0.165,2.3771,89.9964,96.9748,Approve,48405.88,102439.26,0.5564,734122.52,0.179,145,Bronze,None,Medium
88,CUST-C0211,INST-002,Credit Card,0.0137,0.0996,Stable,2.2066,0.1537,1.8589,89.7972,41.3709,Approve with Conditions,25308.11,73966.21,0.8739,833668.8,0.1086,117,Silver,Cross-sell,High
89,CUST-C0108,INST-001,Credit Card,0.7997,0.0921,Improving,7.0133,0.1785,11.8139,91.7135,69.8915,Deny,41925.12,466573.51,0.1016,58942.05,0.0425,21,Gold,None,Low
90,CUST-C0228,INST-014,Credit Card,0.0175,0.1284,Improving,5.316,0.0754,1.4068,83.4648,97.1428,Approve,8159.67,52802.14,0.9482,3094342.35,0.113,56,Gold,Retention,High
91,CUST-C0005,INST-014,Personal Loan,0.0498,0.2239,Worsening,1.6852,0.1824,8.528,93.0762,74.9026,Deny,28307.1,77599.92,0.6207,329086.11,-0.0314,35,Platinum,Upsell,Low
92,CUST-C0073,INST-013,Mortgage,0.1291,0.0415,Worsening,-1.3131,0.176,7.5224,77.4336,50.4484,Approve with Conditions,40675.17,324485.46,0.0902,990475.97,0.2951,30,Silver,Cross-sell,Low
93,CUST-C0143,INST-003,Personal Loan,0.4774,0.1049,Worsening,3.2707,0.1054,1.293,85.343,69.3981,Deny,23123.53,76717.38,0.4866,328226.65,0.1655,132,Bronze,Cross-sell,Medium
94,CUST-C0008,INST-011,Business Loan,0.0554,0.0635,Stable,-7.4231,0.016,7.011,93.079,47.9292,Approve with Conditions,16874.69,38927.02,0.6939,863204.19,-0.0351,116,Gold,Cross-sell,Medium
95,CUST-C0010,INST-019,Credit Card,0.1778,0.1988,Improving,-8.5432,0.1213,3.1164,68.1699,69.2114,Approve with Conditions,33713.1,408005.37,0.2563,336177.98,0.1967,111,Platinum,Cross-sell,Medium
96,CUST-C0114,INST-001,Personal Loan,0.1847,0.1221,Improving,-4.9562,0.0372,12.9301,68.8953,85.0873,Approve,43535.35,357815.02,0.983,925463.47,0.1501,24,Silver,Upsell,Medium
97,CUST-C0068,INST-003,Business Loan,0.8437,0.1434,Stable,-5.3726,0.0802,7.7835,72.2003,66.6791,Approve with Conditions,18782.9,318847.15,0.2792,66948.28,0.1608,137,Gold,Cross-sell,High
98,CUST-C0084,INST-017,Credit Card,0.1532,0.1415,Stable,1.3796,0.0118,8.6322,83.8658,44.6766,Approve,7639.89,58403.19,0.9138,25589.66,0.0457,56,Bronze,Cross-sell,Medium
99,CUST-C0069,INST-008,Personal Loan,0.8749,0.0786,Worsening,-0.2681,0.1903,4.8903,83.495,73.2376,Approve with Conditions,28344.97,416178.63,0.9547,1630.56,0.0728,86,Gold,None,High
100,CUST-C0113,INST-019,Business Loan,0.2444,0.2443,Stable,8.717,0.0295,13.1342,84.9995,79.2644,Approve,38453.08,406499.13,0.0212,8379.65,-0.0698,46,Platinum,None,Low
101,CUST-C0125,INST-004,Credit Card,0.6929,0.037,Stable,3.4194,0.0863,8.2971,63.8612,64.0287,Deny,12630.18,290514.13,0.747,39159.08,0.2605,22,Platinum,Retention,Low
102,CUST-C0038,INST-008,Mortgage,0.7002,0.1044,Worsening,4.2165,0.1729,14.3899,61.2966,81.414,Deny,37640.17,333025.76,0.9965,49458.01,0.2952,21,Gold,Cross-sell,Low
103,CUST-C0031,INST-007,Mortgage,0.9661,0.2642,Stable,-8.3531,0.1834,9.4512,94.8891,78.0018,Deny,42358.31,33432.84,0.4986,19194.18,0.1892,23,Platinum,Cross-sell,Medium
104,CUST-C0214,INST-002,Credit Card,0.87,0.2449,Stable,-2.7747,0.0675,9.414,66.0345,47.1375,Approve with Conditions,44559.27,245235.2,0.6799,961281.1,0.2894,131,Gold,Cross-sell,High
105,CUST-C0055,INST-005,Personal Loan,0.5534,0.2526,Improving,5.5218,0.1588,8.2516,78.4965,55.5871,Deny,2508.23,218113.73,0.8082,1473754.55,0.1499,97,Silver,Cross-sell,Medium
106,CUST-C0007,INST-003,Business Loan,0.3879,0.1249,Improving,-0.7027,0.0124,6.9764,93.3997,60.9974,Approve,23164.47,414973.74,0.4847,79710.73,0.2523,85,Silver,Retention,Medium
107,CUST-C0241,INST-019,Business Loan,0.8395,0.0233,Improving,2.2508,0.0028,13.2819,75.6607,81.4208,Approve with Conditions,34827.66,138637.64,0.9875,138378.06,-0.0915,52,Platinum,Retention,High
108,CUST-C0040,INST-014,Credit Card,0.0875,0.2697,Improving,-1.3408,0.0416,3.2929,71.9617,46.2992,Approve with Conditions,5046.8,71895.23,0.9727,4003.74,0.0667,67,Platinum,None,Low
109,CUST-C0190,INST-012,Mortgage,0.1087,0.0097,Stable,0.1813,0.0254,12.3083,66.9018,46.4138,Approve with Conditions,45978.48,13384.68,0.2402,1911.65,-0.0663,116,Silver,None,High
110,CUST-C0203,INST-011,Credit Card,0.2584,0.2138,Worsening,-5.9318,0.0431,14.2193,84.7297,97.6198,Deny,4521.52,101747.47,0.2501,486262.88,0.1438,25,Platinum,Upsell,Medium
111,CUST-C0101,INST-012,Credit Card,0.6177,0.0325,Stable,4.3761,0.0466,3.0374,62.0824,43.8622,Deny,35363.19,143560.92,0.2653,474434.61,0.2529,90,Gold,Retention,High
112,CUST-C0106,INST-003,Business Loan,0.9809,0.1504,Worsening,-6.9697,0.148,10.019,81.3988,80.9405,Approve with Conditions,41584.6,229834.58,0.787,8695.98,0.2078,111,Platinum,Cross-sell,Low
113,CUST-C0017,INST-018,Mortgage,0.9939,0.033,Worsening,-1.8743,0.1465,5.0013,98.64,67.9737,Approve,23981.41,378401.94,0.4834,4950139.23,0.0143,49,Silver,Retention,Low
114,CUST-C0007,INST-007,Personal Loan,0.2481,0.0608,Improving,6.4877,0.1399,6.1863,92.1902,62.1265,Approve with Conditions,16703.88,209337.88,0.9518,1178966.87,-0.0042,144,Bronze,Cross-sell,Low
115,CUST-C0153,INST-008,Credit Card,0.7347,0.2157,Stable,7.3346,0.1679,13.6736,76.3732,69.1837,Deny,47327.68,360421.15,0.4311,6227.42,0.0129,21,Gold,Cross-sell,Low
116,CUST-C0187,INST-004,Business Loan,0.6844,0.2722,Improving,1.7532,0.166,5.9968,76.0567,63.8348,Approve,22751.68,207510.71,0.6909,1538.51,-0.0086,34,Platinum,None,Medium
117,CUST-C0036,INST-002,Credit Card,0.4004,0.2136,Improving,8.7169,0.1961,8.081,73.7163,97.1751,Approve with Conditions,49474.14,250859.47,0.909,89255.89,0.1445,139,Silver,Retention,High
118,CUST-C0201,INST-017,Line of Credit,0.6509,0.1653,Stable,7.3375,0.0527,4.7877,98.1124,80.7149,Deny,6044.68,91523.79,0.549,3448425.42,-0.0791,87,Bronze,None,Medium
119,CUST-C0039,INST-010,Line of Credit,0.2168,0.0003,Stable,6.6188,0.0931,2.214,90.7225,88.366,Approve,8482.34,224302.91,0.6262,1766901.03,0.184,29,Silver,Cross-sell,High
120,CUST-C0224,INST-006,Mortgage,0.8223,0.0952,Stable,-5.7024,0.1794,13.7948,69.8652,49.7183,Approve,25583.11,275745.72,0.5863,92954.92,-0.0403,78,Silver,Cross-sell,High
121,CUST-C0098,INST-012,Credit Card,0.1642,0.2479,Stable,8.3586,0.0738,7.1179,94.4843,93.4189,Approve with Conditions,6860.11,92330.49,0.5548,53831.33,0.1841,77,Platinum,Cross-sell,Low
122,CUST-C0017,INST-001,Business Loan,0.6891,0.1321,Improving,-3.5576,0.1388,9.3997,82.9018,71.2503,Approve with Conditions,47207.55,408641.66,0.2264,4420766.59,0.2556,132,Bronze,Cross-sell,Low
123,CUST-C0045,INST-004,Personal Loan,0.7747,0.1065,Worsening,-7.3147,0.1061,5.4307,94.8621,80.2235,Deny,27909.4,16802.58,0.1997,1217.72,-0.059,118,Silver,Retention,Low
124,CUST-C0201,INST-011,Personal Loan,0.9371,0.1416,Improving,-3.9514,0.0367,5.2011,60.8618,68.6213,Approve,7335.65,463175.41,0.546,98709.84,0.1613,131,Silver,Retention,Medium
125,CUST-C0243,INST-017,Business Loan,0.7413,0.0187,Stable,0.2116,0.1591,12.5023,87.3885,42.5561,Approve with Conditions,44867.16,318037.39,0.2078,4562308.14,0.0796,150,Gold,None,Low
126,CUST-C0232,INST-020,Business Loan,0.7876,0.1503,Stable,1.7638,0.1898,14.3624,88.4248,88.1765,Deny,13426.59,279972.71,0.4456,867128.85,-0.0234,105,Bronze,Upsell,Low
127,CUST-C0088,INST-016,Mortgage,0.2223,0.1233,Stable,-5.828,0.1132,4.4588,89.9753,95.0591,Approve with Conditions,48962.28,458064.11,0.9569,964537.34,0.2022,98,Bronze,Cross-sell,High
128,CUST-C0004,INST-018,Business Loan,0.5921,0.1916,Stable,-7.2423,0.1914,10.6327,94.5019,41.4068,Deny,9946.69,359233.68,0.2589,8958.94,0.191,18,Silver,Cross-sell,High
129,CUST-C0208,INST-013,Mortgage,0.9396,0.2413,Stable,2.2706,0.1777,13.1742,78.3998,51.0369,Deny,39745.4,251680.13,0.6413,2188.83,0.1384,77,Gold,Cross-sell,Low
130,CUST-C0181,INST-005,Mortgage,0.7365,0.2808,Improving,-1.3935,0.1466,6.9835,84.418,56.741,Deny,43272.06,17353.17,0.3423,411992.51,-0.04,114,Gold,None,Medium
131,CUST-C0181,INST-004,Credit Card,0.6705,0.2882,Improving,-8.0587,0.026,4.1576,67.5421,43.1147,Approve,26747.67,140011.2,0.5913,3969770.5,0.096,137,Gold,Retention,Medium
132,CUST-C0080,INST-004,Personal Loan,0.1955,0.1311,Improving,-0.5519,0.0148,14.5806,82.0637,68.5628,Approve,29735.69,157576.4,0.5983,4037768.66,0.1723,80,Gold,Upsell,Medium
133,CUST-C0006,INST-010,Mortgage,0.8812,0.2869,Improving,8.2581,0.1463,4.1651,96.9902,87.4284,Approve with Conditions,18498.92,320683.59,0.9378,3446400.27,0.0744,108,Platinum,None,Medium
134,CUST-C0045,INST-011,Credit Card,0.2819,0.2805,Stable,0.7192,0.0783,0.5249,95.0677,63.3603,Approve with Conditions,38087.15,445727.05,0.8478,360056.8,-0.0868,107,Platinum,Cross-sell,Medium
135,CUST-C0069,INST-009,Credit Card,0.4249,0.2227,Stable,4.7396,0.1363,2.5702,64.725,61.5209,Approve with Conditions,45595.4,333105.69,0.9386,3196713.97,-0.0796,97,Platinum,Retention,High
136,CUST-C0232,INST-020,Personal Loan,0.244,0.0115,Stable,6.9133,0.1874,7.9722,89.7788,73.7054,Approve with Conditions,39122.48,375782.07,0.1411,8024.89,0.1915,35,Gold,Retention,Medium
137,CUST-C0176,INST-019,Personal Loan,0.7594,0.0056,Stable,9.2335,0.1908,8.9537,85.3696,52.0327,Deny,48810.32,40575.51,0.5461,1631207.52,0.2705,65,Platinum,Cross-sell,Medium
138,CUST-C0154,INST-003,Line of Credit,0.7546,0.0698,Stable,-7.0338,0.1591,3.2933,67.1441,69.7636,Deny,4659.8,140433.42,0.7629,37975.26,0.2418,43,Gold,Cross-sell,Medium
139,CUST-C0018,INST-011,Line of Credit,0.7208,0.1611,Improving,5.1594,0.1298,6.0876,66.1291,74.4058,Approve with Conditions,2364.52,67852.21,0.8665,3408956.17,-0.0491,113,Gold,Retention,High
140,CUST-C0174,INST-015,Personal Loan,0.2927,0.0854,Stable,6.21,0.0704,1.068,80.6961,74.6046,Deny,26056.67,20999.55,0.1743,462202.84,0.0104,134,Platinum,Cross-sell,Medium
141,CUST-C0132,INST-020,Mortgage,0.3496,0.0034,Stable,-8.3096,0.0112,13.7379,95.0871,52.6719,Deny,25745.75,22141.92,0.7343,38032.39,0.2222,76,Bronze,Upsell,High
142,CUST-C0165,INST-009,Mortgage,0.7903,0.2794,Worsening,-7.497,0.0283,7.6426,98.0286,54.0622,Approve with Conditions,7290.11,91040.13,0.6029,2964589.75,-0.0854,74,Bronze,Cross-sell,High
143,CUST-C0157,INST-014,Mortgage,0.1164,0.004,Improving,-7.4246,0.1047,4.3511,84.1445,54.712,Approve,22265.83,310102.6,0.1835,2198895.68,0.1186,33,Gold,None,Medium
144,CUST-C0121,INST-001,Credit Card,0.8487,0.1171,Worsening,0.7997,0.1423,4.6973,67.2584,64.8039,Approve with Conditions,5303.86,334277.67,0.2909,4610.15,0.1696,84,Bronze,None,High
145,CUST-C0042,INST-001,Line of Credit,0.3214,0.0742,Stable,6.2794,0.1825,14.7369,96.1601,48.5328,Approve,44089.21,405390.81,0.8437,4050166.89,0.2196,76,Platinum,Upsell,Medium
146,CUST-C0207,INST-017,Line of Credit,0.7911,0.0753,Improving,0.2534,0.1026,0.4534,85.0448,72.6237,Approve,18132.48,366858.29,0.1436,1726.85,-0.0053,31,Gold,Retention,Medium
147,CUST-C0053,INST-010,Line of Credit,0.8396,0.2612,Worsening,-1.6666,0.1522,3.8708,63.5092,47.8157,Approve,18467.44,224030.11,0.3106,271302.19,0.0685,43,Silver,Retention,Low
148,CUST-C0125,INST-015,Business Loan,0.1628,0.0916,Stable,-5.7217,0.0371,9.6678,61.3839,47.3451,Deny,37775.54,207773.71,0.6153,2378071.68,0.2419,130,Silver,Cross-sell,Medium
149,CUST-C0035,INST-011,Personal Loan,0.5571,0.2769,Improving,-9.8883,0.0605,8.0111,62.281,83.8533,Approve,30414.48,311684.84,0.3527,2607.18,0.2893,50,Bronze,Retention,Medium
150,CUST-C0112,INST-016,Personal Loan,0.7203,0.1016,Worsening,9.2391,0.08,6.9376,70.8484,77.8028,Deny,42431.36,44019.61,0.7237,4636570.87,-0.0277,26,Gold,None,High
151,CUST-C0019,INST-010,Line of Credit,0.7135,0.1858,Improving,-7.1751,0.1512,3.408,90.7251,57.7394,Deny,2172.22,82716.16,0.553,64755.46,0.1147,22,Gold,Cross-sell,Low
152,CUST-C0216,INST-001,Line of Credit,0.3757,0.1578,Stable,-3.9096,0.1954,12.299,75.4247,52.6388,Approve with Conditions,41864.0,79608.07,0.6855,3059907.97,0.2799,139,Silver,Cross-sell,Medium
153,CUST-C0246,INST-015,Line of Credit,0.5372,0.0721,Worsening,-8.1396,0.1229,14.0933,60.8882,77.5654,Approve,22076.97,125983.49,0.3834,2747268.61,-0.0733,147,Bronze,Retention,Low
154,CUST-C0112,INST-018,Personal Loan,0.9631,0.2503,Worsening,-8.8754,0.1563,12.8447,86.9472,76.811,Deny,2730.82,140276.96,0.7304,6342.25,0.0541,128,Silver,Retention,Medium
155,CUST-C0236,INST-012,Line of Credit,0.2717,0.1659,Worsening,-8.4446,0.0121,8.7224,68.1551,43.194,Approve with Conditions,30632.03,111590.79,0.6196,94901.08,-0.0286,152,Gold,Cross-sell,High
156,CUST-C0122,INST-001,Mortgage,0.9503,0.0382,Worsening,3.4365,0.0659,3.665,62.0828,89.4648,Approve,28885.7,222642.38,0.6172,222523.09,-0.0544,95,Silver,Retention,Low
157,CUST-C0097,INST-003,Mortgage,0.154,0.2088,Stable,-2.0392,0.1254,11.6227,66.4032,76.9835,Approve,44936.44,208119.06,0.1037,4072.74,0.0698,99,Platinum,Upsell,High
158,CUST-C0061,INST-016,Line of Credit,0.8399,0.1478,Improving,4.0019,0.1161,5.11,69.1115,95.2186,Approve with Conditions,10703.89,396361.96,0.1154,836505.1,0.121,33,Silver,Upsell,High
159,CUST-C0011,INST-013,Business Loan,0.2374,0.172,Stable,8.8999,0.1804,6.5686,76.0417,87.9208,Approve,16703.12,185672.58,0.3103,42195.99,0.0798,102,Gold,Retention,Medium
160,CUST-C0122,INST-018,Business Loan,0.8271,0.155,Improving,-3.775,0.1537,14.3354,84.0673,79.5569,Deny,47450.94,480043.76,0.2535,3080020.57,-0.0057,27,Bronze,None,Medium
161,CUST-C0101,INST-005,Personal Loan,0.032,0.0655,Worsening,1.7385,0.1405,6.9806,96.1209,74.4752,Approve,12193.64,296250.3,0.4534,128030.8,0.1636,46,Gold,Upsell,Medium
162,CUST-C0184,INST-001,Business Loan,0.8382,0.0677,Worsening,-1.2436,0.1818,13.531,61.3899,73.9785,Deny,1444.67,222256.56,0.3987,63720.31,0.0457,105,Silver,Upsell,Low
163,CUST-C0034,INST-009,Personal Loan,0.9291,0.1904,Stable,0.7002,0.1058,8.2964,66.4285,42.2484,Approve with Conditions,18399.76,402159.59,0.7802,82072.23,0.0465,142,Platinum,None,Medium
164,CUST-C0244,INST-002,Credit Card,0.6111,0.1928,Stable,-5.1473,0.0173,9.2563,75.1915,84.6631,Approve with Conditions,11746.15,330419.18,0.9949,2460.12,0.2875,143,Gold,Cross-sell,Low
165,CUST-C0057,INST-011,Line of Credit,0.4025,0.1987,Improving,-5.3368,0.1229,11.486,85.177,83.4111,Approve,43409.35,121332.33,0.9613,7430.73,0.1603,139,Platinum,Upsell,Medium
166,CUST-C0157,INST-012,Personal Loan,0.5454,0.227,Worsening,4.2844,0.0677,2.4086,89.6909,90.8614,Approve with Conditions,19612.89,22760.4,0.508,6656.76,0.2469,67,Silver,Cross-sell,High
167,CUST-C0210,INST-010,Personal Loan,0.8268,0.2778,Worsening,6.0266,0.0482,5.5819,64.4962,83.964,Approve with Conditions,18067.28,458619.77,0.7758,38628.2,0.0244,104,Bronze,Cross-sell,High
168,CUST-C0202,INST-019,Business Loan,0.5166,0.0202,Stable,7.5853,0.1754,11.3208,97.9978,65.2125,Deny,1195.17,360222.38,0.4267,49165.58,-0.0624,60,Silver,Upsell,Low
169,CUST-C0016,INST-015,Credit Card,0.0267,0.0101,Stable,4.5721,0.0654,0.6073,96.413,62.6639,Approve,9271.17,346196.3,0.4189,119463.28,0.0826,92,Platinum,Cross-sell,Medium
170,CUST-C0193,INST-002,Personal Loan,0.5045,0.2929,Stable,-7.1922,0.0176,4.5616,60.6061,85.4827,Approve with Conditions,25185.54,248333.27,0.1484,9556.42,0.2142,125,Platinum,Cross-sell,Low
171,CUST-C0121,INST-004,Credit Card,0.3732,0.1599,Stable,7.3322,0.0448,13.8076,76.9438,58.0045,Deny,30723.36,368101.22,0.8264,457504.96,0.1041,42,Bronze,Retention,Medium
172,CUST-C0028,INST-005,Mortgage,0.8036,0.2853,Worsening,9.4161,0.0034,0.0569,91.9806,76.065,Approve with Conditions,40763.31,26110.5,0.3857,2032.06,-0.0616,153,Gold,Retention,Low
173,CUST-C0137,INST-005,Mortgage,0.8968,0.2962,Worsening,-2.6492,0.1235,14.096,72.899,91.9052,Approve,21376.31,493059.27,0.5999,3319136.17,-0.0879,155,Platinum,Retention,High
174,CUST-C0249,INST-002,Mortgage,0.6582,0.0185,Worsening,3.0104,0.1022,3.1654,66.6006,63.6013,Approve,12784.28,127101.17,0.6226,369592.08,0.2368,75,Platinum,None,Low
175,CUST-C0042,INST-018,Mortgage,0.9483,0.2774,Improving,2.3094,0.1096,13.9563,62.9625,82.1125,Approve,28668.33,15738.42,0.0135,43876.02,0.2461,95,Silver,Cross-sell,High
176,CUST-C0178,INST-010,Mortgage,0.2042,0.223,Stable,-6.3966,0.0127,12.5262,87.7884,68.2724,Approve,15603.04,268703.38,0.5849,956927.09,0.0967,153,Silver,Upsell,Medium
177,CUST-C0092,INST-013,Mortgage,0.4013,0.2689,Stable,2.3278,0.0201,8.6019,79.4941,91.7341,Approve with Conditions,25478.56,260287.87,0.762,1399.79,-0.0427,112,Silver,None,Medium
178,CUST-C0186,INST-016,Mortgage,0.6832,0.1987,Stable,-7.7823,0.0086,7.5124,81.7706,84.8622,Approve,41767.88,384578.48,0.1879,1893.26,0.1075,19,Bronze,Upsell,High
179,CUST-C0235,INST-015,Personal Loan,0.3996,0.2182,Improving,7.6686,0.0409,11.524,71.9416,69.5856,Approve with Conditions,36233.98,280502.91,0.9243,43176.15,-0.019,101,Gold,Cross-sell,Medium
180,CUST-C0075,INST-010,Personal Loan,0.3257,0.1645,Stable,-8.8132,0.1598,8.593,67.7661,94.2327,Approve,28326.3,490472.34,0.6747,1574902.58,-0.0649,118,Silver,Upsell,High
181,CUST-C0024,INST-010,Personal Loan,0.0594,0.2102,Stable,9.5663,0.1534,0.9369,64.2155,45.0411,Approve,14203.77,278398.43,0.8603,418399.03,-0.0432,33,Platinum,Retention,Low
182,CUST-C0121,INST-017,Business Loan,0.4616,0.0937,Improving,-5.7404,0.1426,2.682,63.9348,56.3735,Deny,34812.91,217915.24,0.5996,22398.98,-0.0125,121,Gold,Upsell,High
183,CUST-C0054,INST-017,Mortgage,0.3097,0.2895,Worsening,-1.8205,0.0622,4.3562,65.7011,58.2464,Approve with Conditions,43743.34,448249.99,0.3604,4612.03,0.1432,120,Bronze,Cross-sell,Medium
184,CUST-C0128,INST-006,Personal Loan,0.8162,0.2003,Improving,1.0114,0.0641,8.6675,77.9045,47.7301,Deny,6447.63,477892.04,0.0311,49256.14,-0.0285,85,Gold,Cross-sell,Medium
185,CUST-C0039,INST-014,Credit Card,0.9372,0.1301,Improving,3.1794,0.1463,13.1986,87.1348,49.7945,Approve,15639.66,318196.56,0.6097,1511854.31,0.1507,63,Bronze,None,Medium
186,CUST-C0089,INST-016,Personal Loan,0.1992,0.1083,Worsening,-6.6158,0.0755,7.1923,96.46,76.4873,Approve with Conditions,39475.25,263237.87,0.7742,4133561.51,0.1249,115,Platinum,Upsell,Medium
187,CUST-C0210,INST-012,Personal Loan,0.1494,0.1006,Stable,-2.433,0.0543,3.6594,62.8432,79.2521,Approve,48764.12,233716.82,0.1566,4774.81,0.109,24,Bronze,None,High
188,CUST-C0051,INST-004,Personal Loan,0.6497,0.0605,Worsening,-8.7846,0.1859,9.1369,63.5126,62.4508,Approve,2305.88,402938.23,0.3897,34430.89,-0.0479,126,Silver,Upsell,High
189,CUST-C0233,INST-017,Personal Loan,0.8442,0.2717,Stable,-0.116,0.1386,2.7291,81.599,71.2153,Approve with Conditions,24051.52,232054.17,0.6548,967280.03,0.2679,25,Platinum,None,Medium
190,CUST-C0013,INST-013,Personal Loan,0.6146,0.2573,Improving,6.5126,0.1919,1.4167,91.6944,73.7251,Deny,3359.08,470131.55,0.1611,655340.48,0.2617,107,Platinum,Cross-sell,Low
191,CUST-C0145,INST-008,Credit Card,0.4053,0.1253,Worsening,-2.7094,0.0944,2.7596,84.5053,46.3904,Approve with Conditions,47816.58,434859.32,0.7007,504067.84,0.0865,119,Gold,None,High
192,CUST-C0211,INST-015,Personal Loan,0.3823,0.1537,Stable,-3.6731,0.1992,4.9555,61.3678,47.2828,Approve with Conditions,15599.27,468592.11,0.5129,612341.4,0.2387,61,Bronze,None,High
193,CUST-C0044,INST-002,Mortgage,0.1348,0.2603,Stable,-1.6515,0.0444,1.7729,74.1043,63.3787,Deny,41917.99,377886.68,0.2591,2591.44,0.2697,39,Silver,None,High
194,CUST-C0115,INST-015,Line of Credit,0.7998,0.058,Improving,-3.199,0.0042,13.9249,77.132,79.0381,Approve with Conditions,8800.12,52946.41,0.4944,82068.11,-0.0105,147,Silver,Upsell,Medium
195,CUST-C0089,INST-008,Business Loan,0.6354,0.2088,Improving,8.4062,0.0096,1.6418,75.2167,41.0575,Approve,44794.61,237686.45,0.3282,2953126.19,0.1216,54,Gold,Cross-sell,Low
196,CUST-C0185,INST-006,Business Loan,0.178,0.1302,Stable,-6.0494,0.0798,3.664,87.4645,41.0185,Deny,32937.98,393824.89,0.6125,3711669.97,0.1448,155,Platinum,None,Low
197,CUST-C0124,INST-019,Credit Card,0.3315,0.0032,Worsening,4.8699,0.0753,2.7575,89.4036,57.1663,Approve,32160.57,170226.73,0.2751,8620.5,-0.04,31,Platinum,Retention,Medium
198,CUST-C0213,INST-020,Credit Card,0.2945,0.1275,Improving,-5.7129,0.1882,2.478,95.7772,67.625,Deny,15397.87,216795.55,0.3804,3381912.89,0.1148,126,Silver,Cross-sell,Medium
199,CUST-C0244,INST-013,Credit Card,0.7361,0.0731,Stable,2.1465,0.1172,3.9164,88.2836,54.5779,Deny,21754.35,484313.69,0.8834,4488966.86,-0.0699,120,Bronze,Upsell,Medium
200,CUST-C0147,INST-014,Mortgage,0.0802,0.0704,Worsening,-7.1019,0.0678,14.2502,87.3577,82.3567,Deny,42149.19,186149.18,0.0025,4022023.26,0.0302,67,Platinum,Retention,Low
201,CUST-C0108,INST-019,Credit Card,0.244,0.2369,Worsening,-8.2608,0.0528,3.7388,65.5315,87.1857,Deny,1145.68,444102.14,0.4998,49866.52,0.2744,119,Silver,Retention,High
202,CUST-C0038,INST-013,Credit Card,0.3091,0.2751,Stable,-0.7449,0.1769,4.7303,80.7962,91.4863,Approve with Conditions,34797.45,281964.49,0.1566,2741516.75,0.1942,22,Gold,None,Medium
203,CUST-C0054,INST-012,Mortgage,0.7267,0.2035,Worsening,3.6016,0.1763,0.0827,96.9626,68.3949,Approve,10170.99,66818.12,0.1426,12985.23,0.2237,142,Silver,Retention,Medium
204,CUST-C0132,INST-003,Line of Credit,0.1928,0.1736,Stable,8.6072,0.177,1.7677,68.0323,47.1529,Approve,49586.65,317231.09,0.3751,71136.95,0.0275,131,Bronze,Cross-sell,Medium
205,CUST-C0067,INST-019,Personal Loan,0.8922,0.2803,Improving,9.629,0.1775,2.1701,64.4281,70.6906,Deny,6411.16,59570.98,0.8352,3361.68,-0.0145,75,Silver,Upsell,High
206,CUST-C0086,INST-016,Line of Credit,0.7212,0.1494,Improving,8.72,0.1691,11.0189,68.1799,61.661,Deny,31415.52,11162.12,0.2829,9532.16,0.1612,97,Platinum,Upsell,Low
207,CUST-C0191,INST-008,Business Loan,0.6392,0.1994,Stable,-1.8184,0.1055,12.2957,83.5047,80.3133,Approve,20019.91,247068.15,0.8565,262301.38,0.1617,53,Gold,Retention,Medium
208,CUST-C0018,INST-013,Business Loan,0.8012,0.2234,Improving,-5.7077,0.0937,10.9406,62.37,79.2379,Approve with Conditions,5099.58,171847.77,0.5003,418571.45,0.0558,141,Silver,Upsell,Low
209,CUST-C0236,INST-009,Personal Loan,0.6234,0.0205,Worsening,-2.8521,0.1968,2.3736,68.9552,45.731,Approve with Conditions,19804.84,400898.55,0.9116,82204.27,0.0402,109,Bronze,Upsell,Low
210,CUST-C0009,INST-016,Business Loan,0.9895,0.0436,Stable,-0.4574,0.0763,5.0825,71.906,45.8146,Deny,30351.7,320585.13,0.6827,7290.35,0.1095,122,Silver,Cross-sell,Medium
211,CUST-C0249,INST-014,Business Loan,0.2954,0.0831,Worsening,4.9728,0.0595,3.6968,97.9793,98.989,Approve,42701.31,499649.17,0.8112,78326.51,0.0177,86,Platinum,Upsell,Medium
212,CUST-C0202,INST-006,Credit Card,0.0302,0.0699,Worsening,-5.9464,0.1881,7.3624,92.7483,73.4848,Approve with Conditions,4693.85,307437.41,0.169,56224.71,0.0448,92,Gold,Retention,Low
213,CUST-C0065,INST-014,Business Loan,0.6033,0.0138,Improving,-3.1008,0.1755,5.3867,88.2829,60.0498,Approve,18802.88,324799.65,0.0823,1173411.92,0.2712,20,Platinum,Retention,Medium
214,CUST-C0056,INST-007,Personal Loan,0.3007,0.1468,Stable,-6.2092,0.1899,2.1985,88.9068,45.6639,Deny,18576.44,197268.95,0.7839,780244.14,0.126,136,Silver,Upsell,Low
215,CUST-C0177,INST-014,Personal Loan,0.9871,0.0937,Worsening,4.0197,0.1415,4.4847,74.2374,80.6774,Deny,43581.92,344976.73,0.5853,2778445.8,0.1738,38,Gold,None,Medium
216,CUST-C0198,INST-017,Mortgage,0.1854,0.0326,Worsening,9.1472,0.1093,4.9382,82.7978,94.2893,Deny,7599.27,437789.42,0.5325,483923.41,0.2165,67,Gold,Upsell,High
217,CUST-C0030,INST-010,Credit Card,0.2714,0.0539,Stable,-9.1516,0.0316,13.6578,81.4284,41.2759,Approve with Conditions,13247.6,197229.07,0.2827,6691.3,0.0294,52,Silver,Cross-sell,Low
218,CUST-C0080,INST-004,Mortgage,0.3013,0.1916,Improving,8.1583,0.0872,0.9973,98.7702,92.5204,Approve,44042.67,162763.23,0.7663,1537234.42,-0.0125,60,Bronze,Retention,Low
219,CUST-C0162,INST-003,Personal Loan,0.6892,0.1157,Improving,-4.1124,0.0056,13.704,72.4919,41.1507,Deny,38803.36,299379.01,0.1006,67771.81,0.2061,145,Gold,None,Low
220,CUST-C0171,INST-009,Business Loan,0.6522,0.1205,Worsening,-2.5964,0.1967,7.716,89.9882,74.8582,Deny,36009.5,258530.91,0.5846,9073.53,-0.0754,131,Bronze,Retention,Low
221,CUST-C0017,INST-018,Credit Card,0.646,0.2415,Improving,4.5134,0.0003,1.215,64.6977,44.6066,Approve,24093.2,351969.47,0.1475,8018.98,0.2074,56,Platinum,None,Medium
222,CUST-C0218,INST-003,Mortgage,0.087,0.2938,Stable,6.0146,0.0293,7.8879,74.3952,82.5407,Approve,17475.31,460335.25,0.4124,1696111.92,0.2445,53,Gold,Retention,High
223,CUST-C0108,INST-018,Business Loan,0.672,0.15,Stable,6.236,0.0927,11.9485,70.726,89.3503,Approve,3216.92,305886.49,0.0461,360217.38,0.0002,66,Platinum,Cross-sell,Medium
224,CUST-C0250,INST-005,Mortgage,0.154,0.2734,Improving,6.5116,0.1119,11.2438,75.7299,76.8451,Approve with Conditions,35660.74,353100.2,0.3176,1651.8,0.1783,122,Bronze,Cross-sell,Medium
225,CUST-C0046,INST-013,Mortgage,0.3448,0.2751,Worsening,7.7977,0.1411,2.1949,86.7482,72.2096,Approve,22616.32,172222.64,0.2626,6902.18,0.121,42,Silver,None,Medium
226,CUST-C0039,INST-017,Line of Credit,0.9057,0.033,Stable,-4.9023,0.1799,4.181,83.1784,58.8662,Deny,16006.71,439337.05,0.3311,58927.64,0.1043,97,Gold,Retention,High
227,CUST-C0238,INST-007,Line of Credit,0.3548,0.0054,Worsening,-0.9469,0.0946,2.7286,90.7366,55.6926,Deny,20557.18,140457.58,0.0942,24758.53,0.2326,88,Gold,Upsell,High
228,CUST-C0141,INST-013,Mortgage,0.2078,0.2972,Stable,-5.6691,0.0858,4.2276,79.3234,91.4259,Approve with Conditions,11604.2,156195.18,0.8714,32864.64,0.0193,70,Gold,Retention,High
229,CUST-C0056,INST-010,Personal Loan,0.163,0.059,Stable,9.6269,0.1624,2.8599,90.3401,65.4318,Deny,30063.8,148586.91,0.2984,410678.88,0.1178,29,Silver,Upsell,Medium
230,CUST-C0179,INST-005,Line of Credit,0.1028,0.1114,Stable,-1.7012,0.0388,2.4096,85.2058,58.3514,Deny,47865.04,352905.15,0.2491,9926.89,0.2539,83,Platinum,Retention,Medium
231,CUST-C0096,INST-017,Personal Loan,0.5704,0.0765,Stable,5.6878,0.033,6.3882,74.187,49.7487,Deny,17673.01,76749.73,0.039,2047318.76,0.2453,84,Silver,Cross-sell,Low
232,CUST-C0246,INST-016,Credit Card,0.0086,0.1722,Stable,-8.3748,0.1481,6.7718,63.2254,96.57,Approve,34507.44,380555.34,0.6055,812915.47,0.2746,104,Silver,Upsell,Medium
233,CUST-C0135,INST-016,Line of Credit,0.0702,0.2715,Improving,2.0301,0.0014,8.0184,68.5809,97.0185,Deny,19013.98,242498.18,0.2257,1455375.08,0.0187,144,Platinum,None,Low
234,CUST-C0209,INST-001,Mortgage,0.838,0.2114,Improving,6.9516,0.0125,1.7174,70.8826,92.9325,Approve with Conditions,44754.44,49927.6,0.3766,3330.33,-0.0186,21,Silver,None,High
235,CUST-C0055,INST-010,Business Loan,0.956,0.0028,Improving,-3.3231,0.1899,14.4668,67.3087,93.1426,Approve with Conditions,8942.95,123007.41,0.2181,4820.82,0.2399,69,Gold,Upsell,Medium
236,CUST-C0012,INST-019,Personal Loan,0.9307,0.049,Worsening,-3.1535,0.0975,12.8657,70.3454,96.3833,Approve,43047.79,402214.88,0.8151,75499.14,-0.0642,24,Platinum,None,Medium
237,CUST-C0247,INST-018,Credit Card,0.0552,0.1005,Worsening,-9.1644,0.0076,6.6395,65.9976,66.7705,Approve with Conditions,20505.91,257907.49,0.4724,91600.62,0.1424,93,Gold,Cross-sell,High
238,CUST-C0010,INST-017,Personal Loan,0.5404,0.284,Worsening,0.2216,0.1538,5.6606,74.6182,66.0789,Approve with Conditions,38221.24,108010.08,0.5742,4834.09,0.1283,142,Platinum,Cross-sell,Low
239,CUST-C0038,INST-010,Line of Credit,0.8042,0.2398,Worsening,-1.568,0.0001,3.7978,89.2496,53.2687,Approve with Conditions,7471.42,122234.87,0.4578,589634.73,-0.0084,125,Silver,Retention,High
240,CUST-C0169,INST-016,Mortgage,0.4818,0.2524,Improving,2.047,0.1528,0.5463,91.0439,58.9363,Approve,25338.18,480548.46,0.227,7864.38,-0.0323,133,Gold,Cross-sell,Low
241,CUST-C0081,INST-003,Personal Loan,0.9103,0.2649,Improving,4.1917,0.1821,1.8889,96.4732,92.4227,Deny,32486.59,57639.69,0.654,1165749.1,0.2018,29,Gold,Cross-sell,Medium
242,CUST-C0009,INST-007,Mortgage,0.8924,0.0942,Stable,5.0963,0.0652,11.9787,73.6501,62.6346,Approve,18565.83,312218.1,0.2336,45236.33,0.0581,99,Bronze,Upsell,High
243,CUST-C0138,INST-014,Credit Card,0.2174,0.0226,Improving,7.2907,0.0793,14.9774,83.6006,95.2684,Approve with Conditions,5753.33,118561.4,0.899,3838500.78,0.2044,46,Bronze,Retention,Medium
244,CUST-C0096,INST-014,Mortgage,0.7536,0.0767,Stable,5.0846,0.0602,8.3175,78.7815,86.8598,Approve with Conditions,30816.36,159022.54,0.8343,72142.99,0.0954,143,Silver,Retention,Low
245,CUST-C0225,INST-015,Credit Card,0.5595,0.1839,Worsening,-2.3395,0.1728,0.7044,94.4445,84.5389,Approve,9127.64,133500.54,0.8569,4484.72,0.2374,35,Silver,Cross-sell,Medium
246,CUST-C0171,INST-015,Mortgage,0.0192,0.2575,Improving,2.0375,0.1877,10.1261,84.2656,58.3852,Approve,3816.84,237524.01,0.5168,95189.96,0.2237,140,Bronze,Retention,Medium
247,CUST-C0062,INST-013,Mortgage,0.1541,0.1675,Improving,6.428,0.0027,1.4401,71.3453,87.3379,Approve with Conditions,2088.58,488017.02,0.8202,526951.24,0.2301,101,Bronze,Upsell,Medium
248,CUST-C0015,INST-001,Mortgage,0.9819,0.13,Improving,-4.3281,0.1061,1.6021,77.0575,60.1966,Approve with Conditions,47289.42,310449.63,0.0544,871039.11,0.0797,96,Platinum,Upsell,Medium
249,CUST-C0204,INST-008,Business Loan,0.0532,0.1825,Improving,6.1327,0.054,10.3238,81.8072,91.5503,Deny,24372.08,196716.74,0.8346,653871.23,-0.069,84,Platinum,Retention,High
250,CUST-C0235,INST-002,Line of Credit,0.9708,0.2193,Stable,2.3582,0.0413,12.7177,98.3335,45.3188,Approve,47540.95,455329.9,0.0349,9871.06,0.069,82,Bronze,None,Low
251,CUST-C0197,INST-003,Personal Loan,0.9657,0.2899,Improving,6.4388,0.0921,2.9649,82.6241,71.6268,Deny,45090.97,44917.01,0.8886,5772.33,0.218,153,Silver,Cross-sell,Low
252,CUST-C0007,INST-017,Credit Card,0.5211,0.1511,Worsening,-9.014,0.1052,2.2897,67.2375,94.2641,Approve with Conditions,42333.07,486280.83,0.1346,4642945.21,-0.0834,127,Bronze,Cross-sell,Low
253,CUST-C0060,INST-020,Line of Credit,0.0865,0.2002,Stable,7.6213,0.1416,2.8817,92.5896,45.6612,Approve,45297.25,337593.1,0.3079,5084.13,0.2331,127,Bronze,None,High
254,CUST-C0126,INST-003,Credit Card,0.462,0.1416,Improving,3.9095,0.1663,11.5287,83.3605,66.7997,Approve,23411.8,499937.22,0.9225,23291.65,0.2971,66,Silver,Upsell,Low
255,CUST-C0099,INST-018,Mortgage,0.8476,0.2176,Worsening,-2.89,0.0786,11.8646,73.6256,54.8724,Deny,31295.67,312311.57,0.2759,7607.76,-0.06,94,Bronze,None,High
256,CUST-C0058,INST-008,Line of Credit,0.2855,0.1692,Stable,6.3643,0.1205,0.8049,60.8894,68.0512,Deny,42303.03,197729.3,0.3624,156820.37,0.0337,32,Platinum,Retention,High
257,CUST-C0106,INST-004,Personal Loan,0.5911,0.2321,Worsening,-5.2052,0.138,3.767,64.1316,61.2461,Deny,12752.82,471524.09,0.3361,146486.72,-0.0999,159,Platinum,Upsell,Low
258,CUST-C0118,INST-018,Line of Credit,0.9235,0.2816,Stable,3.9986,0.1579,5.0658,71.2525,93.5936,Approve with Conditions,18073.76,138702.05,0.8243,898778.77,-0.0401,53,Platinum,Cross-sell,Low
259,CUST-C0238,INST-016,Personal Loan,0.8361,0.1048,Worsening,8.0254,0.0867,9.6044,89.262,65.5645,Deny,49600.06,309722.14,0.8262,937894.38,0.1203,106,Bronze,Upsell,High
260,CUST-C0069,INST-020,Mortgage,0.883,0.2533,Improving,-8.7368,0.0588,5.3604,71.9492,43.7463,Approve,15375.22,437660.84,0.9139,4813071.57,0.0597,160,Bronze,Upsell,High
261,CUST-C0187,INST-002,Credit Card,0.1552,0.0629,Improving,-7.0491,0.07,2.0124,73.8038,74.5949,Approve with Conditions,39328.93,11095.61,0.5273,145999.68,0.1463,141,Platinum,Upsell,High
262,CUST-C0195,INST-019,Personal Loan,0.4446,0.185,Worsening,6.6939,0.0959,8.1697,79.8979,52.3178,Deny,16015.55,286214.06,0.2858,576896.62,0.1984,85,Gold,Retention,Low
263,CUST-C0233,INST-010,Personal Loan,0.0251,0.1251,Improving,7.2473,0.1293,2.4927,85.976,93.8275,Deny,28554.28,15772.63,0.5681,9226.66,0.2485,120,Silver,Upsell,High
264,CUST-C0027,INST-001,Personal Loan,0.9736,0.1245,Worsening,9.5636,0.073,6.3386,79.1454,43.4718,Deny,25333.83,33806.42,0.9397,2564810.5,0.0196,160,Bronze,Retention,Medium
265,CUST-C0155,INST-004,Credit Card,0.14,0.2561,Worsening,-8.5958,0.1782,14.0965,92.6505,77.6147,Approve with Conditions,44419.99,468035.68,0.2988,259179.37,0.2176,67,Platinum,Cross-sell,High
266,CUST-C0222,INST-017,Mortgage,0.8427,0.1223,Worsening,1.7566,0.0072,0.9636,69.0874,50.2401,Approve,41195.01,100774.48,0.6539,1622.12,0.0555,40,Platinum,Cross-sell,Medium
267,CUST-C0171,INST-019,Line of Credit,0.9401,0.0655,Worsening,3.6787,0.1223,10.9633,97.0232,62.3037,Approve with Conditions,2423.4,70178.2,0.3245,55807.45,-0.0562,41,Platinum,Retention,High
268,CUST-C0122,INST-003,Personal Loan,0.3437,0.1351,Worsening,6.8317,0.1472,13.8478,77.1241,40.6312,Approve,5728.01,129189.86,0.0234,80295.73,0.1394,30,Platinum,Upsell,High
269,CUST-C0215,INST-010,Business Loan,0.9507,0.1875,Stable,0.2389,0.1598,5.6296,66.8609,64.3983,Approve,33205.06,175563.31,0.1773,345302.35,-0.0907,102,Gold,Upsell,Medium
270,CUST-C0084,INST-017,Mortgage,0.9116,0.1129,Worsening,-6.8151,0.1875,11.5115,61.7042,60.0356,Approve with Conditions,18402.26,179963.1,0.5316,3379150.89,0.0619,41,Silver,Cross-sell,High
271,CUST-C0218,INST-008,Line of Credit,0.3843,0.0348,Improving,4.5406,0.1539,12.3868,77.382,96.7995,Deny,7965.57,368744.58,0.1097,62657.17,0.0835,121,Gold,None,Medium
272,CUST-C0079,INST-003,Business Loan,0.9357,0.1302,Improving,-3.5954,0.1141,7.2593,88.3489,52.0244,Deny,40405.74,328742.15,0.5089,4904291.45,-0.0458,103,Silver,Cross-sell,Low
273,CUST-C0138,INST-018,Business Loan,0.8784,0.2838,Improving,7.0207,0.029,7.5823,82.6338,73.6708,Approve with Conditions,47576.67,371388.73,0.2313,4171713.59,0.247,45,Bronze,None,Low
274,CUST-C0215,INST-003,Line of Credit,0.4155,0.2185,Stable,-4.2165,0.1886,2.1334,97.8616,47.5765,Approve,26015.91,10184.73,0.0055,6906.0,0.1199,109,Gold,Cross-sell,High
275,CUST-C0009,INST-004,Credit Card,0.7646,0.0297,Improving,0.9094,0.1955,9.9871,77.5062,60.9428,Approve,14202.96,106528.49,0.9804,93863.9,0.2268,39,Bronze,Retention,High
276,CUST-C0010,INST-015,Credit Card,0.2369,0.0557,Worsening,-8.1181,0.0005,2.9924,68.0178,58.5011,Approve,32567.72,273400.53,0.8922,131729.23,-0.0893,134,Gold,Cross-sell,High
277,CUST-C0245,INST-015,Credit Card,0.9251,0.173,Stable,-0.8409,0.0523,0.0123,64.4828,87.6675,Approve,5895.42,448503.01,0.9474,6009.8,0.2603,121,Gold,Upsell,Medium
278,CUST-C0175,INST-017,Business Loan,0.4434,0.0567,Worsening,7.1119,0.1429,14.0207,86.7397,43.5459,Approve with Conditions,28587.37,422297.35,0.3444,74749.06,-0.0358,117,Silver,Retention,Low
279,CUST-C0164,INST-020,Mortgage,0.3639,0.1854,Worsening,-9.0801,0.0468,2.784,60.8812,65.9989,Approve,35712.06,348936.1,0.5016,68106.3,0.0548,66,Bronze,Retention,High
280,CUST-C0008,INST-004,Mortgage,0.1032,0.2338,Stable,5.4231,0.0398,8.0847,92.8629,61.6139,Approve with Conditions,14246.06,109089.83,0.2001,547118.77,-0.0602,91,Bronze,Retention,Medium
281,CUST-C0245,INST-006,Line of Credit,0.4879,0.1823,Stable,-2.2692,0.1333,13.1345,93.5501,80.5607,Approve with Conditions,10782.91,161852.72,0.7171,557070.65,-0.0598,56,Silver,Upsell,Low
282,CUST-C0028,INST-006,Line of Credit,0.6812,0.1431,Stable,2.7904,0.0615,8.2491,66.2817,83.7323,Deny,17410.87,106304.13,0.9702,473435.37,0.2888,74,Bronze,None,Medium
283,CUST-C0126,INST-013,Mortgage,0.0324,0.206,Worsening,-5.7845,0.1461,14.3381,98.9681,52.046,Approve,16981.83,179163.67,0.1153,3078537.19,0.0605,92,Gold,Cross-sell,Low
284,CUST-C0004,INST-018,Credit Card,0.0488,0.1198,Stable,-4.3805,0.1101,12.1878,96.3852,66.2782,Approve,47863.62,260668.2,0.9583,244274.79,-0.0411,19,Platinum,Retention,High
285,CUST-C0205,INST-001,Business Loan,0.469,0.288,Stable,0.166,0.0918,10.0734,77.1077,56.8251,Approve,27870.36,332437.16,0.7227,1324115.93,0.2449,151,Bronze,Retention,Medium
286,CUST-C0244,INST-016,Line of Credit,0.8694,0.2977,Stable,9.8056,0.0803,11.596,91.1937,59.2416,Deny,21103.85,121086.14,0.8389,30628.71,0.0726,85,Bronze,Cross-sell,Low
287,CUST-C0185,INST-001,Line of Credit,0.8887,0.1352,Worsening,-9.8523,0.1001,3.244,61.3581,50.9286,Approve,33918.65,328373.63,0.9864,1661612.31,0.1915,132,Gold,Retention,Medium
288,CUST-C0033,INST-009,Mortgage,0.0904,0.1272,Stable,3.2673,0.085,0.1847,79.529,94.7862,Approve,33154.63,34490.66,0.2452,3760.68,-0.0382,80,Bronze,None,Low
289,CUST-C0210,INST-006,Personal Loan,0.0217,0.1692,Stable,-9.4447,0.0176,0.4658,63.1718,96.6156,Approve,14572.18,29287.01,0.6308,65955.23,0.2906,131,Platinum,None,Medium
290,CUST-C0199,INST-016,Credit Card,0.2899,0.2691,Stable,-0.689,0.0939,11.3361,87.6552,40.9404,Approve with Conditions,1607.74,261136.74,0.7797,54091.24,0.1138,67,Bronze,Cross-sell,High
291,CUST-C0183,INST-011,Business Loan,0.1047,0.2117,Stable,2.2695,0.0714,9.8572,83.7505,69.6225,Approve,2172.84,410476.3,0.8925,2561762.67,0.2529,26,Platinum,Cross-sell,Medium
292,CUST-C0191,INST-017,Business Loan,0.5852,0.1929,Worsening,-9.4752,0.1513,1.8807,63.9177,76.4965,Approve with Conditions,44561.46,391031.81,0.9877,724813.15,0.2493,50,Gold,None,High
293,CUST-C0072,INST-020,Business Loan,0.1562,0.0344,Stable,0.4841,0.11,1.5294,85.704,43.8411,Deny,34205.95,254207.12,0.1796,121881.04,0.0967,89,Platinum,None,High
294,CUST-C0186,INST-002,Personal Loan,0.303,0.0543,Improving,-1.6048,0.1543,6.6741,92.8944,63.1765,Approve with Conditions,45723.2,260362.61,0.6131,7502.59,-0.0129,158,Silver,Cross-sell,Low
295,CUST-C0239,INST-011,Personal Loan,0.7275,0.2668,Improving,0.9899,0.072,9.0379,78.9737,47.3783,Approve,13204.75,464285.13,0.8797,620446.05,-0.0137,65,Silver,None,Low
296,CUST-C0057,INST-005,Credit Card,0.4438,0.202,Worsening,0.4655,0.0725,12.7528,82.2314,68.9653,Approve with Conditions,17833.54,197212.72,0.2856,30502.85,0.0426,147,Platinum,Cross-sell,High
297,CUST-C0048,INST-017,Personal Loan,0.684,0.1723,Worsening,-4.0417,0.075,11.5164,60.6546,59.7139,Deny,1098.02,191959.93,0.5075,329197.94,0.1362,39,Silver,Upsell,Low
298,CUST-C0242,INST-009,Business Loan,0.074,0.1487,Stable,2.9332,0.195,3.2026,91.8825,88.8232,Deny,4428.0,141278.21,0.7895,451007.08,0.0606,18,Gold,None,Low
299,CUST-C0195,INST-008,Credit Card,0.4178,0.2332,Stable,-0.2965,0.0073,9.3216,60.6495,64.8952,Deny,12787.43,195181.76,0.8792,3091147.74,0.0303,92,Platinum,Upsell,High
300,CUST-C0146,INST-005,Credit Card,0.4464,0.2734,Stable,5.287,0.1309,6.4197,90.0014,75.3804,Approve with Conditions,25802.21,456890.12,0.9355,191391.72,0.0601,121,Bronze,Upsell,Medium
301,CUST-C0163,INST-001,Line of Credit,0.042,0.2428,Improving,-0.9525,0.1171,4.5657,83.5435,84.2941,Approve,34223.58,447739.05,0.7513,4526.21,-0.0853,30,Gold,Cross-sell,Medium
302,CUST-C0150,INST-007,Line of Credit,0.7174,0.0495,Improving,-4.8282,0.0235,4.1806,70.0455,89.1296,Approve,15175.82,391878.06,0.5446,1269688.29,0.2867,145,Bronze,None,High
303,CUST-C0169,INST-019,Line of Credit,0.9012,0.2579,Worsening,-5.7841,0.0022,9.1909,93.0519,56.3061,Approve,9419.34,164390.38,0.8477,320561.55,-0.0827,97,Silver,Cross-sell,Medium
304,CUST-C0235,INST-020,Personal Loan,0.3068,0.1816,Improving,-3.6266,0.1227,2.8673,78.9047,85.1971,Approve with Conditions,11155.41,36565.14,0.1755,471690.04,0.1315,96,Silver,Retention,Low
305,CUST-C0242,INST-005,Personal Loan,0.4125,0.0637,Improving,-6.5048,0.177,1.1404,71.1356,59.2414,Approve,43326.99,48429.61,0.1285,79496.28,0.0288,46,Bronze,Retention,Low
306,CUST-C0206,INST-005,Credit Card,0.4926,0.1395,Worsening,-0.2173,0.0882,8.8019,88.056,74.8565,Deny,39381.76,418098.33,0.6495,791233.61,-0.0315,31,Platinum,Retention,High
307,CUST-C0076,INST-010,Credit Card,0.2161,0.1297,Worsening,-9.2147,0.1692,6.3621,86.2097,85.6386,Approve with Conditions,29021.75,56857.97,0.2313,4671.25,0.2186,97,Silver,Upsell,Medium
308,CUST-C0213,INST-018,Credit Card,0.178,0.2979,Stable,4.4067,0.0675,13.2067,84.4924,71.8165,Approve with Conditions,46118.42,473442.16,0.9939,1857696.83,0.1733,139,Gold,Upsell,Medium
309,CUST-C0023,INST-003,Mortgage,0.0088,0.2864,Stable,6.2842,0.0619,7.7121,65.2169,94.7672,Approve with Conditions,13767.06,402522.88,0.3719,65728.3,0.2753,161,Silver,Upsell,Medium
310,CUST-C0147,INST-006,Line of Credit,0.5856,0.1593,Stable,0.1152,0.1589,6.6918,84.0351,69.6708,Approve with Conditions,12703.31,425337.63,0.2702,248338.01,-0.0829,102,Platinum,None,Medium
311,CUST-C0077,INST-008,Business Loan,0.1627,0.0389,Worsening,-7.9799,0.1983,6.4863,80.98,73.8572,Deny,46440.01,398966.47,0.5834,6630.39,0.003,71,Bronze,Upsell,Low
312,CUST-C0136,INST-006,Mortgage,0.3031,0.1182,Stable,-2.801,0.1443,7.4534,60.1434,83.8478,Approve,9554.94,443001.56,0.8869,10384.6,0.0879,133,Silver,Retention,Medium
313,CUST-C0088,INST-015,Mortgage,0.717,0.0081,Improving,0.9885,0.1472,3.903,85.7965,80.9347,Deny,47632.16,174588.35,0.7332,316915.98,0.0341,96,Gold,Cross-sell,Medium
314,CUST-C0241,INST-002,Credit Card,0.8042,0.1374,Stable,-5.2378,0.1948,1.6612,61.3214,46.9007,Approve,7781.1,30450.11,0.2824,9414.56,0.2008,116,Silver,None,Medium
315,CUST-C0215,INST-007,Personal Loan,0.1573,0.2663,Worsening,-3.8838,0.2,12.1347,90.5474,69.844,Approve,46620.29,453837.47,0.7051,8875.94,0.2445,111,Gold,None,Low
316,CUST-C0028,INST-002,Personal Loan,0.1723,0.1957,Stable,-6.7959,0.1089,5.1508,97.9754,48.1699,Approve with Conditions,23582.86,374402.11,0.6281,130686.02,0.0938,37,Silver,Cross-sell,High
317,CUST-C0036,INST-009,Personal Loan,0.3068,0.0254,Stable,0.8269,0.0624,13.9161,63.6498,51.7363,Deny,24307.83,297201.24,0.2918,5772.5,0.2618,76,Gold,Retention,High
318,CUST-C0166,INST-014,Mortgage,0.1002,0.1174,Improving,6.9703,0.1709,13.221,60.221,96.6975,Approve with Conditions,43275.62,16846.71,0.1791,97650.85,0.1481,25,Gold,None,High
319,CUST-C0142,INST-011,Line of Credit,0.405,0.271,Worsening,-7.131,0.1484,12.1534,67.6163,46.285,Approve,11792.51,213591.69,0.5865,306912.97,0.0867,58,Silver,Cross-sell,Medium
320,CUST-C0161,INST-010,Mortgage,0.3665,0.2058,Stable,6.3538,0.1161,1.4504,89.8055,63.9043,Deny,48138.54,64692.23,0.0552,354350.33,0.037,138,Bronze,Cross-sell,High
321,CUST-C0101,INST-008,Line of Credit,0.88,0.1102,Stable,-9.0236,0.191,2.447,79.6008,90.0661,Approve,20156.83,425202.57,0.5091,220962.93,-0.0984,24,Platinum,None,Medium
322,CUST-C0175,INST-012,Personal Loan,0.7603,0.2309,Improving,-0.5024,0.0101,12.4001,87.6234,80.7376,Approve with Conditions,24897.99,90849.98,0.4492,747182.92,-0.0447,138,Silver,Retention,High
323,CUST-C0100,INST-011,Line of Credit,0.306,0.2793,Improving,3.7659,0.0992,6.1918,92.1388,52.2931,Approve,23316.88,430985.25,0.9097,328014.33,0.1109,107,Gold,None,High
324,CUST-C0086,INST-016,Mortgage,0.9292,0.286,Stable,7.9282,0.1706,8.526,81.4983,50.8567,Approve with Conditions,21768.34,49274.09,0.2834,5026.42,0.2621,76,Silver,Retention,Low
325,CUST-C0183,INST-014,Line of Credit,0.5681,0.0952,Improving,9.501,0.1125,0.7819,82.8414,49.001,Deny,12805.83,38761.32,0.2046,5959.99,0.2048,141,Bronze,Retention,Medium
326,CUST-C0007,INST-016,Mortgage,0.7317,0.2086,Improving,-9.1102,0.1473,12.1954,67.6636,66.3864,Deny,45714.04,496159.1,0.0143,861920.18,0.268,19,Bronze,Retention,High
327,CUST-C0018,INST-011,Credit Card,0.8529,0.133,Improving,-8.4555,0.1102,11.849,85.6204,47.5335,Approve,2945.94,308282.13,0.8337,4295.71,-0.0621,108,Platinum,Cross-sell,Low
328,CUST-C0113,INST-002,Business Loan,0.6918,0.1224,Stable,-6.5921,0.1647,12.4406,69.1128,46.2309,Deny,49674.71,429825.3,0.821,4637463.12,0.2335,114,Silver,Retention,Low
329,CUST-C0151,INST-011,Mortgage,0.6413,0.1075,Worsening,0.6093,0.1365,6.7727,95.253,57.3466,Approve with Conditions,16979.95,493760.72,0.3557,791930.41,-0.0801,149,Silver,Retention,Low
330,CUST-C0145,INST-015,Personal Loan,0.0383,0.0947,Worsening,-0.7178,0.018,1.4815,64.0946,89.7321,Approve,20624.69,436099.06,0.8485,644225.09,0.2396,125,Gold,Upsell,Medium
331,CUST-C0088,INST-002,Credit Card,0.3248,0.1684,Improving,-3.3135,0.069,9.8302,77.0194,56.6467,Deny,5887.36,444232.56,0.4399,213807.11,0.0988,120,Bronze,None,Medium
332,CUST-C0090,INST-019,Credit Card,0.4839,0.1199,Stable,-3.9429,0.094,10.112,93.0493,52.2861,Approve with Conditions,8340.72,73293.5,0.4915,2507.99,0.079,138,Gold,Retention,High
333,CUST-C0057,INST-020,Credit Card,0.137,0.0785,Worsening,-1.0728,0.183,0.5011,94.2232,88.1159,Approve,13866.09,114213.22,0.5036,144870.73,-0.0315,33,Platinum,Retention,Medium
334,CUST-C0148,INST-007,Mortgage,0.9926,0.2728,Worsening,8.4484,0.1855,7.4152,76.5245,51.4269,Approve with Conditions,49173.61,216119.03,0.9975,256126.19,0.0568,35,Silver,Retention,Medium
335,CUST-C0211,INST-013,Business Loan,0.1364,0.1467,Improving,7.6239,0.0777,11.2002,86.9702,69.8359,Approve,42094.89,135469.36,0.32,828716.13,0.2486,18,Platinum,Cross-sell,Low
336,CUST-C0083,INST-001,Personal Loan,0.329,0.1635,Stable,0.6087,0.182,5.4826,63.3832,58.3998,Deny,12529.62,109526.71,0.785,7935.45,-0.0505,76,Gold,Cross-sell,High
337,CUST-C0141,INST-018,Business Loan,0.6738,0.2453,Improving,7.1992,0.076,2.8535,93.7801,64.3712,Approve with Conditions,46838.15,406100.95,0.621,988202.18,0.2889,121,Gold,Cross-sell,Medium
338,CUST-C0207,INST-015,Personal Loan,0.6052,0.1287,Worsening,-0.7629,0.1036,5.3986,95.8513,42.535,Deny,29157.33,315611.71,0.0521,2087.77,0.0579,25,Bronze,Cross-sell,High
339,CUST-C0121,INST-014,Line of Credit,0.1768,0.1449,Stable,-5.7099,0.0672,2.7306,82.944,48.9846,Deny,48830.62,57322.88,0.1897,2489228.03,-0.0568,100,Gold,Retention,Low
340,CUST-C0078,INST-005,Line of Credit,0.2393,0.2028,Worsening,0.5364,0.0428,14.2399,69.2915,82.0834,Deny,28987.99,216307.24,0.0665,126739.4,0.2603,35,Bronze,None,Low
341,CUST-C0010,INST-020,Personal Loan,0.3963,0.1936,Improving,3.4188,0.0654,0.5668,70.1819,86.7408,Approve with Conditions,32322.83,101147.42,0.6879,415968.6,-0.0848,36,Gold,None,High
342,CUST-C0185,INST-017,Personal Loan,0.2322,0.0108,Improving,-0.022,0.1118,6.8057,96.9709,75.9819,Approve,20300.19,68652.75,0.2576,7312.74,-0.066,156,Gold,Upsell,Low
343,CUST-C0221,INST-005,Personal Loan,0.8447,0.2846,Stable,-7.4057,0.0772,8.1272,92.7284,49.4152,Approve,29815.12,402228.25,0.2236,6165.23,0.1692,141,Bronze,None,Medium
344,CUST-C0237,INST-005,Mortgage,0.7049,0.2567,Worsening,8.71,0.1357,3.7269,73.0872,85.6759,Approve,48420.32,12107.66,0.087,1079293.31,0.2812,69,Gold,Upsell,Low
345,CUST-C0211,INST-018,Business Loan,0.9369,0.0078,Improving,-2.7952,0.176,0.4979,97.724,69.4742,Deny,25748.07,370446.95,0.2542,9393.63,0.1044,55,Gold,Upsell,Low
346,CUST-C0050,INST-001,Personal Loan,0.0672,0.2057,Worsening,-3.0492,0.1052,3.5219,88.9515,78.939,Approve,17191.88,396712.83,0.441,8225.27,-0.0197,89,Platinum,Upsell,Low
347,CUST-C0010,INST-014,Business Loan,0.1769,0.1742,Improving,9.5904,0.1233,12.5209,92.8507,90.735,Approve with Conditions,42464.4,252429.72,0.9228,570576.42,0.1371,145,Bronze,None,Medium
348,CUST-C0104,INST-011,Personal Loan,0.2907,0.2339,Improving,-7.5544,0.0186,12.5047,77.3925,76.8751,Approve,28585.68,282533.54,0.7462,835205.9,0.2221,132,Silver,Upsell,Low
349,CUST-C0035,INST-003,Line of Credit,0.297,0.0299,Stable,6.1075,0.151,1.5223,67.0207,50.3919,Approve with Conditions,19073.58,474043.81,0.4734,269641.06,-0.0354,114,Gold,Retention,Low
350,CUST-C0174,INST-020,Credit Card,0.9488,0.0537,Worsening,-4.2539,0.0024,2.5041,74.5116,58.5073,Approve with Conditions,10537.53,211455.42,0.6523,7738.96,0.1175,137,Silver,None,Low
351,CUST-C0187,INST-004,Personal Loan,0.799,0.2183,Improving,-9.4051,0.1611,5.876,88.1672,67.5176,Deny,31292.94,96313.84,0.719,522502.76,-0.0214,32,Gold,Retention,High
352,CUST-C0061,INST-001,Business Loan,0.3908,0.0052,Worsening,-5.7397,0.0871,8.024,65.2593,93.7831,Approve,41480.68,314003.07,0.3804,6932.4,-0.0572,108,Gold,Upsell,Low
353,CUST-C0018,INST-013,Credit Card,0.6123,0.2622,Stable,2.0528,0.0993,6.6406,65.91,78.869,Approve with Conditions,34237.29,429642.26,0.574,390322.75,-0.0372,86,Silver,Retention,Low
354,CUST-C0231,INST-011,Personal Loan,0.426,0.0648,Stable,-5.1968,0.1556,2.0233,83.5304,77.0453,Approve with Conditions,37833.69,211290.18,0.1037,1909143.05,0.1916,126,Platinum,Upsell,High
355,CUST-C0145,INST-020,Credit Card,0.3714,0.0795,Worsening,7.1784,0.0759,12.3181,85.1275,98.0429,Approve,16167.93,337781.43,0.9424,88998.12,0.2389,97,Platinum,None,Low
356,CUST-C0148,INST-004,Credit Card,0.0749,0.0281,Improving,4.3446,0.0643,0.7932,84.24,76.7914,Approve with Conditions,22455.58,164681.36,0.3988,51918.42,0.1073,108,Bronze,None,High
357,CUST-C0064,INST-008,Personal Loan,0.0865,0.1011,Stable,3.9624,0.0403,10.7112,81.8413,85.6449,Approve,2517.52,356301.78,0.4536,694039.26,0.1217,139,Platinum,Upsell,Medium
358,CUST-C0169,INST-001,Line of Credit,0.2065,0.2036,Improving,-0.8941,0.0446,1.0506,84.2021,96.9771,Approve,13920.16,273746.11,0.6141,33188.47,-0.0551,18,Silver,Upsell,Low
359,CUST-C0009,INST-019,Personal Loan,0.4368,0.1031,Improving,0.7976,0.0995,13.8149,98.7198,88.8872,Deny,31286.45,189525.98,0.6325,81354.47,-0.0397,18,Platinum,None,Medium
360,CUST-C0004,INST-019,Business Loan,0.0712,0.1792,Worsening,5.7408,0.1525,6.6839,88.3783,48.1069,Approve,36024.19,377737.02,0.1199,341652.54,0.0684,66,Gold,Upsell,High
361,CUST-C0013,INST-006,Business Loan,0.0813,0.2858,Worsening,2.3638,0.0121,8.4594,96.8973,85.6014,Deny,32462.09,54062.92,0.1176,8196.58,0.1467,80,Silver,None,Low
362,CUST-C0100,INST-014,Line of Credit,0.437,0.1659,Improving,-2.0332,0.0938,0.4911,87.3128,71.8468,Approve with Conditions,10166.08,455948.67,0.5888,979114.49,0.0889,40,Bronze,Cross-sell,Low
363,CUST-C0179,INST-012,Business Loan,0.2122,0.0327,Improving,-2.5994,0.0292,9.9175,67.2899,97.2339,Approve with Conditions,9850.27,138777.37,0.0665,2555.78,0.0254,152,Silver,Retention,Low
364,CUST-C0208,INST-003,Line of Credit,0.6656,0.0717,Stable,-8.7972,0.0374,8.0814,92.6613,88.8468,Deny,48785.73,295823.17,0.1801,7205.16,0.0934,59,Silver,Upsell,Low
365,CUST-C0181,INST-013,Credit Card,0.2756,0.1549,Worsening,-0.2064,0.0697,3.757,83.9399,70.5965,Approve,43014.96,247129.29,0.4999,1242944.28,0.0257,147,Bronze,None,Medium
366,CUST-C0170,INST-006,Personal Loan,0.9327,0.1992,Stable,1.3493,0.0679,11.0767,78.3456,69.5622,Deny,42734.36,462507.53,0.6359,10423.99,0.0347,81,Gold,None,High
367,CUST-C0236,INST-005,Mortgage,0.1559,0.0606,Stable,-3.1373,0.1932,9.1,80.6764,73.491,Approve,36172.57,346505.09,0.9642,100739.39,-0.0662,43,Platinum,Retention,Low
368,CUST-C0171,INST-010,Personal Loan,0.926,0.0759,Improving,2.9638,0.0858,10.0967,66.827,98.3008,Approve with Conditions,45549.74,166933.75,0.0169,758440.67,0.2057,83,Platinum,Upsell,Medium
369,CUST-C0064,INST-019,Business Loan,0.5113,0.2468,Worsening,-5.3873,0.1417,3.728,72.1185,69.0201,Deny,30868.55,461514.18,0.6788,5474.68,0.2323,107,Silver,None,High
370,CUST-C0159,INST-019,Mortgage,0.0687,0.2955,Stable,-4.4594,0.0893,13.5314,77.5342,75.1851,Approve with Conditions,47723.07,33397.42,0.7667,1754.42,0.215,38,Platinum,None,High
371,CUST-C0032,INST-013,Personal Loan,0.6,0.0927,Worsening,3.3771,0.0977,3.2583,80.3485,90.3364,Approve with Conditions,28347.99,116863.08,0.428,746356.98,-0.0006,43,Bronze,Cross-sell,Low
372,CUST-C0218,INST-011,Credit Card,0.348,0.0471,Stable,5.6212,0.1793,2.6081,75.7472,79.0445,Approve,36109.45,187289.82,0.9923,9721.66,0.1946,108,Bronze,Upsell,Low
373,CUST-C0126,INST-016,Personal Loan,0.2007,0.0056,Worsening,8.728,0.1307,13.9556,75.5416,97.4694,Deny,14324.95,493798.2,0.2892,1204.88,0.1776,83,Platinum,Retention,High
374,CUST-C0246,INST-015,Mortgage,0.0553,0.2041,Stable,8.2671,0.0963,14.5207,64.1013,45.1777,Approve,30661.67,155168.72,0.3228,8070.13,0.2506,36,Silver,None,High
375,CUST-C0060,INST-007,Line of Credit,0.5302,0.0883,Worsening,-2.8779,0.1075,10.9254,73.7578,73.9589,Approve with Conditions,5630.93,277052.52,0.7955,905299.9,0.2656,57,Platinum,Retention,High
376,CUST-C0013,INST-017,Credit Card,0.982,0.0439,Improving,8.036,0.0931,14.8328,66.1799,91.9164,Approve with Conditions,28113.01,104002.15,0.9115,4352.43,0.2978,28,Silver,Upsell,High
377,CUST-C0137,INST-020,Business Loan,0.5749,0.2272,Stable,-6.4389,0.0496,14.8707,96.1961,97.9065,Deny,47682.61,27615.16,0.719,74835.35,0.2366,28,Platinum,Cross-sell,Low
378,CUST-C0014,INST-001,Credit Card,0.7347,0.0249,Improving,-4.1677,0.1622,9.4725,66.7557,50.2166,Approve,46114.1,196978.22,0.7357,411659.61,0.251,154,Gold,Retention,Low
379,CUST-C0184,INST-018,Credit Card,0.8387,0.069,Stable,-3.6274,0.0668,12.8504,79.6335,98.5654,Deny,49452.97,414557.3,0.9284,82572.33,-0.0185,106,Platinum,None,Low
380,CUST-C0061,INST-010,Credit Card,0.7079,0.0364,Improving,-9.0947,0.0942,9.498,98.3573,49.7838,Approve,8205.19,268556.02,0.6035,588469.21,0.1768,35,Bronze,None,High
381,CUST-C0111,INST-006,Business Loan,0.5278,0.135,Improving,9.6154,0.0473,4.9726,81.392,41.8592,Approve with Conditions,43543.45,487771.55,0.9562,90291.7,0.1605,148,Gold,Cross-sell,High
382,CUST-C0115,INST-004,Line of Credit,0.753,0.0822,Improving,-0.8592,0.0605,5.7275,83.4508,70.6522,Approve,33090.18,390265.94,0.5171,51237.41,0.161,159,Platinum,Cross-sell,High
383,CUST-C0104,INST-003,Personal Loan,0.3621,0.2782,Improving,-1.6644,0.0837,7.9394,67.4963,51.0255,Deny,33567.29,411465.51,0.9077,9840.31,0.0575,52,Gold,None,High
384,CUST-C0140,INST-009,Personal Loan,0.2999,0.1765,Stable,9.5124,0.076,6.3831,80.3649,83.7547,Approve with Conditions,29979.67,246662.41,0.1528,3312673.12,0.0948,148,Platinum,Upsell,Low
385,CUST-C0207,INST-017,Mortgage,0.5865,0.0884,Improving,-1.6319,0.065,9.59,87.8884,96.73,Approve,4868.73,105197.39,0.4753,79126.38,0.1474,86,Silver,None,Low
386,CUST-C0034,INST-017,Mortgage,0.7035,0.201,Improving,0.0744,0.0126,8.5766,67.3194,57.9623,Approve,44853.16,293934.47,0.1358,1030154.85,-0.0586,80,Bronze,None,Medium
387,CUST-C0181,INST-001,Business Loan,0.1254,0.0923,Improving,5.7377,0.1991,7.0947,90.9483,65.4899,Deny,22855.86,165587.75,0.8975,43506.01,0.0787,117,Gold,Upsell,Low
388,CUST-C0191,INST-014,Business Loan,0.2653,0.0592,Worsening,8.97,0.0571,8.7633,72.4908,66.8254,Approve with Conditions,10068.23,286190.14,0.3877,76599.05,0.0372,118,Silver,Retention,Low
389,CUST-C0222,INST-008,Line of Credit,0.8522,0.2358,Improving,-5.325,0.043,4.4979,90.3652,89.8383,Deny,47626.51,129070.48,0.8665,1794.0,0.1578,93,Bronze,Retention,Medium
390,CUST-C0076,INST-018,Credit Card,0.6953,0.107,Stable,2.4836,0.0978,3.0882,78.5008,44.5302,Approve with Conditions,44650.24,111745.86,0.4238,344591.33,-0.0119,90,Platinum,None,Medium
391,CUST-C0026,INST-012,Personal Loan,0.7788,0.039,Stable,-9.15,0.1486,14.3482,89.1076,97.7481,Deny,44141.32,276072.4,0.7743,83417.85,0.0651,154,Platinum,Upsell,Medium
392,CUST-C0145,INST-009,Line of Credit,0.0872,0.078,Improving,6.4168,0.0097,8.3356,70.302,48.3133,Approve,44777.75,78490.52,0.7291,85607.98,0.1678,49,Silver,Upsell,High
393,CUST-C0113,INST-020,Mortgage,0.3432,0.0807,Worsening,5.8906,0.159,7.4359,94.5954,53.8269,Approve with Conditions,38122.66,24034.32,0.4954,47196.36,0.1175,128,Bronze,Cross-sell,Low
394,CUST-C0020,INST-016,Personal Loan,0.465,0.0438,Improving,6.8205,0.0095,13.4803,78.3679,61.5348,Approve,17617.43,346708.04,0.8014,62422.4,0.0727,130,Bronze,Retention,Low
395,CUST-C0172,INST-004,Business Loan,0.5187,0.1307,Worsening,-9.1195,0.1008,3.9331,81.5645,40.2911,Approve,29330.84,388212.3,0.6091,53340.16,0.2718,153,Silver,Retention,High
396,CUST-C0030,INST-006,Business Loan,0.7933,0.0541,Improving,1.6548,0.0112,8.7737,90.6863,71.4931,Approve,32010.6,263861.36,0.7691,28509.91,0.2014,68,Platinum,None,High
397,CUST-C0037,INST-008,Personal Loan,0.4904,0.1859,Improving,-7.8297,0.0483,7.0167,60.3085,54.1352,Deny,38498.39,204477.62,0.9778,3082053.61,-0.0544,116,Bronze,Upsell,High
398,CUST-C0042,INST-015,Personal Loan,0.6633,0.2679,Improving,3.2288,0.0473,5.4638,85.7191,97.1835,Deny,42883.71,458616.13,0.7948,425215.83,-0.0834,55,Gold,Upsell,Medium
399,CUST-C0207,INST-020,Line of Credit,0.1173,0.0592,Worsening,2.312,0.0524,5.1056,98.9745,57.8062,Deny,26150.43,223152.34,0.8776,4114556.36,0.239,18,Silver,Retention,High
400,CUST-C0141,INST-004,Business Loan,0.8417,0.1403,Worsening,-5.4213,0.0547,8.0011,84.9241,95.9486,Deny,34255.41,278486.71,0.9205,2448.0,-0.0008,122,Silver,Retention,High
401,CUST-C0047,INST-005,Personal Loan,0.1303,0.0659,Worsening,1.2747,0.1811,0.8224,89.0241,47.829,Approve with Conditions,20664.21,481806.81,0.0261,2121707.42,0.279,127,Silver,Upsell,Low
402,CUST-C0070,INST-017,Credit Card,0.5176,0.1415,Stable,-8.3528,0.029,11.8446,86.164,93.2852,Approve with Conditions,33625.55,303596.99,0.8785,4398307.38,0.2176,140,Gold,None,High
403,CUST-C0100,INST-013,Mortgage,0.704,0.0259,Improving,-4.6448,0.1532,13.5264,63.4005,78.6349,Approve with Conditions,8456.32,334420.97,0.018,90314.94,0.1801,135,Gold,Upsell,Medium
404,CUST-C0091,INST-001,Personal Loan,0.9384,0.2885,Improving,-7.5419,0.1524,5.8394,94.5523,53.7874,Approve with Conditions,19927.59,450991.13,0.297,5257.75,-0.0686,138,Bronze,Retention,Low
405,CUST-C0153,INST-005,Personal Loan,0.3554,0.0236,Stable,-8.6529,0.0147,10.3443,64.3204,65.8432,Deny,8475.5,270366.52,0.4586,537482.55,0.1661,156,Silver,Retention,Medium
406,CUST-C0151,INST-004,Mortgage,0.1849,0.011,Worsening,9.7464,0.0715,8.6243,79.4552,51.699,Deny,47469.72,357346.42,0.5604,66698.28,0.1291,121,Platinum,None,Medium
407,CUST-C0087,INST-007,Business Loan,0.8866,0.0844,Stable,5.7728,0.0477,3.2096,90.8531,82.4911,Approve,32204.66,192752.89,0.7143,2882901.16,0.2009,75,Silver,Upsell,Medium
408,CUST-C0033,INST-004,Mortgage,0.4371,0.2478,Improving,-7.5293,0.1235,3.8343,63.9715,59.6891,Approve,36589.55,204047.33,0.0007,2710277.17,-0.0655,112,Gold,None,Low
409,CUST-C0013,INST-002,Business Loan,0.0788,0.1271,Worsening,4.8843,0.1422,11.6581,65.0509,84.8398,Deny,13112.55,349611.38,0.8152,179562.3,0.219,95,Bronze,None,Low
410,CUST-C0069,INST-003,Mortgage,0.6156,0.0865,Worsening,-0.8939,0.0601,13.8874,84.1911,73.6125,Approve,30722.9,56745.06,0.6038,339624.39,-0.0108,85,Silver,Cross-sell,Medium
411,CUST-C0113,INST-013,Business Loan,0.4371,0.0584,Worsening,-0.0258,0.1605,4.8165,83.2095,40.6139,Approve with Conditions,10531.36,133496.11,0.552,4950088.12,0.2526,79,Bronze,None,High
412,CUST-C0187,INST-019,Mortgage,0.1169,0.1001,Stable,-6.839,0.1288,0.9648,94.2287,47.9904,Approve with Conditions,10157.24,31038.09,0.2532,2762.63,0.2797,120,Platinum,Upsell,High
413,CUST-C0223,INST-009,Business Loan,0.7321,0.0629,Worsening,-1.2599,0.0315,11.5753,90.3534,43.8118,Approve with Conditions,3164.06,474134.02,0.1348,63416.7,-0.0476,107,Platinum,Cross-sell,Medium
414,CUST-C0042,INST-011,Line of Credit,0.5668,0.1386,Stable,-9.9397,0.1616,10.4081,74.4067,92.0668,Approve with Conditions,36498.09,371536.47,0.2997,183388.94,0.0361,129,Gold,Upsell,High
415,CUST-C0066,INST-006,Business Loan,0.7214,0.1308,Stable,7.1939,0.1508,0.1647,93.1434,78.5629,Deny,5871.46,430662.53,0.5295,3195788.27,-0.0962,88,Bronze,Retention,High
416,CUST-C0116,INST-020,Business Loan,0.4833,0.1563,Stable,4.3108,0.1686,6.4512,71.8737,77.815,Approve,11668.52,110835.52,0.5572,3743880.43,-0.0881,33,Silver,Retention,Low
417,CUST-C0134,INST-001,Line of Credit,0.41,0.0954,Improving,8.3852,0.1249,8.2894,88.2428,75.9744,Approve with Conditions,24101.05,144160.9,0.8544,4034537.25,0.266,93,Gold,Cross-sell,Low
418,CUST-C0175,INST-018,Credit Card,0.778,0.2521,Stable,6.0094,0.086,9.2122,67.4083,47.9119,Deny,12267.26,362943.58,0.2171,4382817.09,0.2164,103,Platinum,Retention,Medium
419,CUST-C0059,INST-011,Business Loan,0.4081,0.1736,Worsening,6.0124,0.1132,3.959,82.5141,73.6319,Approve with Conditions,4337.72,187893.86,0.2627,93956.38,-0.0146,130,Silver,Upsell,Low
420,CUST-C0118,INST-017,Personal Loan,0.0703,0.1915,Improving,-9.5078,0.0586,0.8183,92.2231,95.8863,Deny,18119.14,253350.08,0.6974,827202.06,-0.0806,27,Bronze,Cross-sell,Medium
421,CUST-C0095,INST-007,Business Loan,0.0156,0.1971,Improving,8.9387,0.1187,3.6546,79.2262,91.8046,Approve,10900.86,181203.95,0.3702,4852698.37,-0.0399,70,Bronze,Retention,Low
422,CUST-C0012,INST-020,Personal Loan,0.7538,0.03,Worsening,3.1763,0.0391,0.4682,87.3466,73.6078,Deny,39815.23,436205.45,0.0263,535684.24,0.1062,144,Gold,None,Medium
423,CUST-C0110,INST-011,Business Loan,0.3663,0.2785,Stable,-8.1911,0.0232,1.959,86.6286,76.0401,Approve,12992.27,182485.04,0.4609,2559172.26,0.1711,98,Gold,None,Medium
424,CUST-C0133,INST-015,Mortgage,0.202,0.2283,Improving,-6.824,0.0059,2.6028,75.2851,48.4984,Approve,41909.85,89727.74,0.4354,1293376.18,0.2752,30,Gold,Cross-sell,Medium
425,CUST-C0201,INST-001,Business Loan,0.6901,0.2961,Improving,-7.44,0.1483,5.9276,63.8111,66.2732,Approve,21315.95,250858.42,0.2907,1200.05,0.2379,52,Silver,Cross-sell,Medium
426,CUST-C0138,INST-016,Business Loan,0.3945,0.2366,Improving,-9.0952,0.194,6.2824,75.4969,79.2483,Approve,49008.14,321293.45,0.9237,3408828.55,0.2149,139,Silver,None,Low
427,CUST-C0200,INST-013,Credit Card,0.1544,0.133,Stable,-9.5339,0.0081,1.3007,92.2602,93.7441,Approve,35879.09,479673.34,0.3311,397893.59,0.2004,60,Silver,Cross-sell,High
428,CUST-C0018,INST-005,Mortgage,0.164,0.0747,Worsening,4.6693,0.1785,13.4615,70.8977,66.5172,Approve,31536.14,291641.69,0.2914,3097358.56,0.1544,53,Gold,None,Medium
429,CUST-C0233,INST-012,Credit Card,0.317,0.2401,Stable,-2.9145,0.067,1.7762,64.4637,56.1251,Deny,46195.19,75846.98,0.3482,2667.35,0.2697,124,Gold,Cross-sell,Medium
430,CUST-C0215,INST-019,Business Loan,0.6471,0.2509,Worsening,-4.7777,0.0486,14.275,62.7821,54.2498,Approve with Conditions,48213.55,197908.74,0.2023,34969.0,0.2456,89,Bronze,Upsell,Medium
431,CUST-C0115,INST-006,Business Loan,0.8202,0.1911,Stable,-8.497,0.142,14.8835,74.1768,43.6234,Approve with Conditions,38949.48,404215.62,0.713,1293.02,0.1803,27,Gold,Upsell,Medium
432,CUST-C0187,INST-001,Mortgage,0.7693,0.2832,Worsening,-7.5158,0.119,7.9389,94.8594,57.1136,Approve,37958.44,449920.19,0.8171,54213.24,0.0349,43,Platinum,None,High
433,CUST-C0232,INST-020,Line of Credit,0.6582,0.2568,Stable,3.7025,0.1,5.111,94.0716,44.8041,Approve with Conditions,32072.26,306960.47,0.6546,487202.0,0.1733,18,Bronze,None,Low
434,CUST-C0222,INST-003,Mortgage,0.7024,0.1466,Improving,-3.9958,0.1133,11.8809,89.8318,62.7282,Approve with Conditions,18079.01,368960.61,0.768,2614985.29,0.2327,54,Platinum,None,Medium
435,CUST-C0053,INST-004,Mortgage,0.0756,0.0869,Stable,7.3447,0.0327,12.4424,95.0749,44.243,Approve,36686.43,320481.05,0.4706,65096.21,0.0391,152,Bronze,Upsell,Low
436,CUST-C0190,INST-015,Line of Credit,0.6298,0.0913,Stable,2.8382,0.1686,3.9858,63.8927,58.1112,Approve,35148.44,404866.28,0.3459,524327.89,-0.0386,123,Bronze,Retention,High
437,CUST-C0247,INST-006,Line of Credit,0.6215,0.0087,Worsening,3.5738,0.0992,12.1866,83.7201,77.991,Deny,32277.34,32448.03,0.3658,3330933.3,-0.0053,37,Silver,Retention,High
438,CUST-C0152,INST-009,Mortgage,0.7646,0.0655,Stable,7.1598,0.0893,0.2413,75.3557,87.1978,Approve,23894.93,368977.47,0.4949,570430.92,0.0893,108,Bronze,Cross-sell,High
439,CUST-C0210,INST-018,Credit Card,0.3858,0.104,Improving,8.5107,0.1946,5.4727,70.4905,98.7727,Approve with Conditions,46411.33,440105.71,0.0337,4150.88,-0.0023,75,Gold,None,High
440,CUST-C0233,INST-019,Credit Card,0.4042,0.2353,Stable,3.8592,0.0249,11.2714,75.4861,90.6558,Approve with Conditions,34621.91,109638.92,0.0475,4996.95,-0.0135,23,Platinum,Cross-sell,Low
441,CUST-C0109,INST-008,Mortgage,0.2528,0.1512,Improving,-3.6722,0.1101,8.4908,65.036,47.9537,Approve,12706.61,386372.84,0.5917,32172.5,0.1153,119,Silver,Upsell,Low
442,CUST-C0246,INST-011,Mortgage,0.43,0.2946,Stable,9.6142,0.0301,11.1836,96.052,57.4139,Deny,25752.83,377061.3,0.753,8262.96,0.2393,147,Silver,Upsell,Medium
443,CUST-C0044,INST-011,Personal Loan,0.5595,0.2036,Worsening,-5.7772,0.1634,3.0436,92.4624,95.8198,Approve,9984.77,398595.99,0.0016,18127.93,0.0705,18,Silver,None,High
444,CUST-C0182,INST-014,Mortgage,0.2338,0.09,Improving,-8.3877,0.0036,12.328,64.6969,75.637,Deny,43484.38,233957.3,0.6629,950007.2,0.2906,123,Silver,Retention,Low
445,CUST-C0136,INST-013,Business Loan,0.4642,0.2939,Worsening,3.4126,0.0138,11.2182,86.9155,44.254,Approve,22266.31,79349.36,0.7113,7591.66,0.2621,42,Platinum,None,High
446,CUST-C0027,INST-016,Personal Loan,0.1905,0.0892,Improving,1.6043,0.1673,10.6961,63.2762,88.3098,Approve with Conditions,10212.56,103074.16,0.5727,398508.54,-0.0296,133,Gold,Upsell,Medium
447,CUST-C0203,INST-006,Business Loan,0.7177,0.0915,Worsening,3.7473,0.0812,0.7303,79.7554,80.5884,Approve with Conditions,32664.03,161567.0,0.3758,857787.67,0.0846,37,Gold,Upsell,Low
448,CUST-C0168,INST-018,Line of Credit,0.0746,0.2962,Improving,2.015,0.0925,2.3705,91.959,96.3019,Deny,14054.6,396133.43,0.163,395580.27,0.1544,38,Silver,None,Low
449,CUST-C0218,INST-012,Credit Card,0.6303,0.1621,Stable,2.4086,0.1082,13.751,91.3786,42.4501,Deny,46926.27,433519.21,0.7945,3097522.2,0.1566,47,Bronze,Cross-sell,Low
450,CUST-C0141,INST-020,Mortgage,0.0175,0.0713,Worsening,9.1952,0.1819,6.9677,94.2305,67.911,Approve,6004.51,413039.69,0.6872,4824663.92,-0.0342,103,Gold,None,Low
451,CUST-C0070,INST-002,Credit Card,0.0051,0.0177,Worsening,-9.9068,0.1538,4.558,69.2691,85.987,Approve,44302.8,487418.44,0.108,82539.83,0.1755,45,Bronze,Upsell,High
452,CUST-C0207,INST-006,Credit Card,0.3559,0.2112,Improving,-1.5448,0.1873,13.6374,87.1154,51.5317,Deny,32445.85,106148.44,0.7651,7791.31,0.2543,83,Bronze,Upsell,High
453,CUST-C0099,INST-005,Line of Credit,0.3592,0.2776,Stable,-5.4691,0.1163,12.7384,95.8759,83.0198,Approve with Conditions,40658.32,322445.78,0.0651,2544456.2,0.1335,77,Bronze,Retention,Low
454,CUST-C0062,INST-007,Line of Credit,0.7725,0.1422,Worsening,4.5311,0.1962,12.4506,76.6226,44.5838,Deny,42704.54,226996.87,0.6722,1534455.92,0.0213,33,Platinum,Retention,Low
455,CUST-C0177,INST-010,Personal Loan,0.6344,0.2772,Stable,-7.3832,0.0904,7.4392,84.3963,52.4908,Deny,25337.43,257152.28,0.7927,1085913.87,0.1518,140,Gold,Upsell,High
456,CUST-C0219,INST-015,Mortgage,0.014,0.0795,Improving,-3.5784,0.0863,7.1837,90.202,67.4927,Deny,5473.07,369659.38,0.9435,109741.5,0.1742,75,Bronze,Cross-sell,Medium
457,CUST-C0007,INST-007,Business Loan,0.0776,0.0979,Stable,6.2274,0.1932,1.6172,68.8445,51.1045,Deny,33246.32,75850.31,0.368,32453.76,-0.0325,132,Silver,Retention,Medium
458,CUST-C0140,INST-015,Credit Card,0.7534,0.2013,Worsening,2.7712,0.0475,11.0307,64.235,76.8627,Approve,26100.46,302353.27,0.9768,89357.37,0.0072,57,Platinum,None,Medium
459,CUST-C0213,INST-003,Business Loan,0.616,0.278,Improving,-9.0687,0.1652,8.5919,60.4605,52.9047,Approve with Conditions,8450.93,435873.13,0.4198,205983.86,0.0674,77,Bronze,Retention,High
460,CUST-C0068,INST-006,Line of Credit,0.9925,0.1794,Worsening,-5.5281,0.1013,10.3003,78.9082,72.0681,Approve,39083.76,389396.78,0.3271,2394717.2,0.2687,31,Platinum,Retention,High
461,CUST-C0201,INST-004,Personal Loan,0.6397,0.0604,Worsening,-0.7355,0.1151,10.4858,71.7333,76.4282,Approve,44971.24,101022.58,0.2405,17229.1,0.0717,146,Gold,Upsell,Medium
462,CUST-C0024,INST-008,Business Loan,0.2514,0.1192,Improving,3.4859,0.0491,7.0163,96.6335,90.6319,Deny,46073.85,363790.08,0.9176,5985.3,-0.0184,87,Silver,Retention,High
463,CUST-C0118,INST-008,Personal Loan,0.5137,0.1558,Improving,4.4302,0.1295,9.8142,85.0479,62.1739,Deny,23933.39,267314.36,0.4823,51903.65,0.1998,138,Gold,Cross-sell,Low
464,CUST-C0209,INST-001,Line of Credit,0.1419,0.2073,Improving,3.9175,0.0171,14.0505,78.0031,74.6579,Deny,48241.11,243936.99,0.2628,2292.47,0.2245,63,Gold,Cross-sell,Medium
465,CUST-C0092,INST-002,Mortgage,0.7809,0.1293,Worsening,1.54,0.0039,1.6331,75.4902,88.0775,Approve,22091.67,338557.57,0.9924,3558858.55,0.0439,133,Bronze,None,Low
466,CUST-C0041,INST-002,Personal Loan,0.1426,0.2994,Worsening,8.9112,0.0691,7.6665,92.0404,75.5709,Approve,40211.81,107504.46,0.3018,55526.83,0.0423,49,Bronze,Retention,Low
467,CUST-C0211,INST-009,Line of Credit,0.1879,0.0158,Worsening,-5.3964,0.1875,8.1786,77.7854,55.9546,Approve with Conditions,46546.81,457058.59,0.1416,41437.66,-0.0152,102,Gold,Upsell,High
468,CUST-C0010,INST-010,Personal Loan,0.9995,0.057,Worsening,8.0729,0.0136,3.3719,66.4638,90.4893,Deny,43280.8,244525.43,0.1341,999081.62,-0.0674,39,Bronze,Upsell,Medium
469,CUST-C0167,INST-020,Line of Credit,0.457,0.0831,Stable,-4.0663,0.0705,12.1869,66.2758,62.0492,Deny,19123.84,98808.78,0.4327,43814.86,-0.0118,133,Bronze,Upsell,Medium
470,CUST-C0144,INST-016,Line of Credit,0.0576,0.0376,Stable,-7.9692,0.0163,8.4999,96.7607,84.9325,Approve with Conditions,6012.85,352389.51,0.7762,845194.92,0.2052,146,Silver,Cross-sell,Low
471,CUST-C0109,INST-002,Line of Credit,0.0178,0.0452,Improving,0.311,0.1766,2.7392,76.7838,62.1429,Approve,45086.47,455164.4,0.2769,29986.39,0.0896,129,Gold,Cross-sell,Medium
472,CUST-C0147,INST-019,Personal Loan,0.4135,0.155,Improving,-8.0687,0.1537,4.7338,68.3512,89.7738,Approve with Conditions,4713.98,445836.92,0.6914,2414625.48,-0.0135,79,Silver,Upsell,Medium
473,CUST-C0206,INST-005,Mortgage,0.7419,0.14,Stable,-5.8821,0.1159,11.0335,67.4284,66.5449,Deny,14593.95,450182.72,0.0991,23305.62,0.0524,38,Gold,Upsell,High
474,CUST-C0245,INST-020,Credit Card,0.0032,0.238,Stable,-5.2427,0.0742,10.6001,74.5449,58.6905,Deny,20918.48,85440.33,0.3972,843268.76,0.2933,128,Gold,Retention,Medium
475,CUST-C0108,INST-005,Personal Loan,0.5529,0.1892,Stable,-6.5751,0.1267,5.76,72.8257,50.7482,Approve with Conditions,21020.8,46040.17,0.6994,40431.09,0.0988,41,Silver,Retention,Medium
476,CUST-C0121,INST-006,Business Loan,0.604,0.1609,Improving,-2.6978,0.0028,3.569,84.834,71.3446,Approve with Conditions,46169.63,146761.57,0.2824,144660.04,-0.0552,110,Gold,None,Medium
477,CUST-C0064,INST-005,Line of Credit,0.8823,0.1706,Improving,8.6635,0.0455,5.0356,71.936,93.6961,Deny,9531.61,79779.69,0.9969,1732018.94,-0.0497,141,Silver,Upsell,Medium
478,CUST-C0003,INST-002,Credit Card,0.5599,0.0756,Improving,-6.3268,0.1153,4.2442,90.0798,41.3356,Deny,22539.3,247082.78,0.985,7073.53,0.2521,121,Silver,Cross-sell,High
479,CUST-C0115,INST-020,Business Loan,0.423,0.0685,Improving,-0.286,0.0883,6.1428,84.4842,50.1528,Approve,23037.39,467974.1,0.3172,1553.86,-0.0256,111,Silver,Cross-sell,Low
480,CUST-C0067,INST-014,Mortgage,0.9465,0.2235,Worsening,8.8474,0.1446,13.0354,81.4639,98.9519,Approve with Conditions,13886.01,229097.67,0.2635,1894.36,0.0002,111,Silver,Retention,Low
481,CUST-C0128,INST-009,Business Loan,0.5637,0.08,Improving,-3.2631,0.1222,1.8256,95.3683,94.0461,Approve,42461.13,348086.52,0.497,4722540.27,0.2678,95,Gold,None,Medium
482,CUST-C0096,INST-020,Line of Credit,0.3927,0.0994,Stable,6.2717,0.0029,8.7018,97.9656,84.4674,Approve,37020.77,77379.25,0.2337,621948.42,0.0988,28,Bronze,Cross-sell,High
483,CUST-C0094,INST-010,Personal Loan,0.3983,0.1307,Stable,3.6091,0.1534,12.1544,97.4473,42.7946,Approve,39707.89,418393.63,0.021,61281.24,0.1068,151,Gold,None,Medium
484,CUST-C0064,INST-014,Personal Loan,0.0107,0.1033,Worsening,-6.2237,0.0054,14.6808,64.9206,58.0288,Approve,28311.39,18391.2,0.168,3037753.72,0.0426,49,Bronze,None,Low
485,CUST-C0139,INST-007,Business Loan,0.5439,0.2253,Stable,-5.2163,0.1652,0.4058,96.4976,88.2737,Approve,49165.04,458416.12,0.3007,4625.0,0.1394,121,Platinum,Cross-sell,High
486,CUST-C0021,INST-011,Personal Loan,0.4146,0.204,Stable,-6.6697,0.1321,14.9799,95.9414,86.3996,Approve,10501.33,337752.73,0.8853,111373.74,0.256,84,Silver,None,High
487,CUST-C0063,INST-001,Credit Card,0.2226,0.2352,Improving,3.586,0.1928,1.9089,89.5991,62.6569,Approve,42810.49,326429.33,0.789,95043.22,0.1106,86,Platinum,Cross-sell,High
488,CUST-C0124,INST-004,Credit Card,0.5836,0.0723,Stable,-6.7876,0.179,11.4892,85.0134,76.4483,Approve with Conditions,41866.02,257566.59,0.0553,883062.88,0.0332,63,Silver,Upsell,Low
489,CUST-C0193,INST-006,Business Loan,0.3845,0.0965,Stable,-1.2737,0.0513,0.3816,91.4631,76.7409,Approve,23297.11,371681.67,0.7644,86122.52,0.2399,114,Bronze,Upsell,Medium
490,CUST-C0182,INST-020,Mortgage,0.5403,0.1785,Improving,-7.6417,0.0234,13.8842,73.5769,80.4349,Deny,15438.03,76953.79,0.2121,4277.96,0.2724,50,Bronze,Retention,Medium
491,CUST-C0036,INST-012,Business Loan,0.3508,0.0313,Worsening,0.0783,0.1551,2.0859,63.9636,89.3005,Approve with Conditions,15877.3,144161.38,0.4736,1903655.31,0.1945,80,Gold,Cross-sell,Medium
492,CUST-C0195,INST-009,Business Loan,0.3758,0.1112,Stable,-3.5772,0.0721,4.0697,86.3792,79.7148,Approve with Conditions,5404.9,470447.51,0.9837,1436204.14,0.212,67,Silver,Upsell,High
493,CUST-C0220,INST-003,Business Loan,0.0879,0.2712,Worsening,6.859,0.0275,5.3122,93.0869,60.5157,Approve with Conditions,21642.13,61131.39,0.8074,9281.39,0.007,133,Silver,Upsell,Medium
494,CUST-C0049,INST-012,Credit Card,0.3791,0.1716,Stable,9.3765,0.0117,2.2191,81.9424,75.4472,Deny,9450.47,124252.67,0.9067,833635.11,0.0247,20,Silver,Retention,Medium
495,CUST-C0044,INST-003,Mortgage,0.725,0.1409,Worsening,5.871,0.0715,11.1254,92.5045,96.842,Deny,44552.61,295133.74,0.6141,60956.86,-0.085,115,Platinum,None,Low
496,CUST-C0108,INST-014,Mortgage,0.791,0.2171,Stable,4.6797,0.1009,5.6169,84.4768,98.9646,Approve with Conditions,29730.5,172555.27,0.2803,1187009.94,0.0233,142,Silver,Retention,Low
497,CUST-C0037,INST-004,Mortgage,0.8217,0.253,Stable,7.7422,0.0516,5.9336,92.5915,61.6377,Approve with Conditions,36756.72,449651.29,0.5071,2180.18,0.2704,69,Platinum,None,Low
498,CUST-C0231,INST-008,Business Loan,0.9984,0.236,Improving,2.4383,0.1354,3.1186,60.819,97.8045,Approve with Conditions,31539.55,132795.89,0.0384,1128543.95,0.0716,45,Platinum,Upsell,High
499,CUST-C0197,INST-012,Mortgage,0.4071,0.0938,Worsening,-5.7933,0.1644,10.9003,78.5395,48.2711,Deny,34902.98,276792.43,0.8052,3170670.16,0.0837,116,Gold,Retention,Medium
500,CUST-C0220,INST-012,Line of Credit,0.8111,0.1068,Improving,-7.678,0.1001,2.755,73.5846,78.4432,Approve with Conditions,27053.64,323301.09,0.065,55381.07,0.2582,138,Bronze,Upsell,High
501,CUST-C0117,INST-003,Business Loan,0.0741,0.0526,Stable,-9.7233,0.0426,7.4231,62.5341,65.6942,Deny,40006.81,87332.17,0.5521,3751.74,0.2542,133,Bronze,Retention,Medium
502,CUST-C0209,INST-011,Business Loan,0.068,0.0446,Improving,-4.1104,0.0552,6.952,91.5605,93.274,Approve,32385.31,493530.46,0.306,46563.55,-0.0921,117,Bronze,Retention,High
503,CUST-C0211,INST-011,Credit Card,0.7862,0.1788,Worsening,6.4574,0.151,14.0671,73.7716,60.5671,Deny,6037.29,199352.87,0.1239,3262.93,-0.063,104,Gold,Cross-sell,High
504,CUST-C0130,INST-016,Business Loan,0.3329,0.2595,Worsening,0.7358,0.1837,9.5639,94.8023,69.4556,Approve with Conditions,26178.85,69006.39,0.9548,895871.34,-0.038,51,Platinum,Cross-sell,High
505,CUST-C0106,INST-019,Personal Loan,0.3258,0.261,Worsening,1.283,0.1293,2.4736,86.2048,83.1851,Approve with Conditions,49843.5,205624.42,0.5478,30480.11,0.0188,45,Bronze,Retention,Medium
506,CUST-C0222,INST-010,Personal Loan,0.7659,0.1737,Worsening,3.9268,0.0804,8.6818,96.3883,61.6274,Deny,41506.04,287449.18,0.9619,1082.19,0.2755,83,Bronze,Cross-sell,Medium
507,CUST-C0170,INST-020,Personal Loan,0.7501,0.0796,Stable,5.8825,0.1569,0.4957,80.5046,51.8609,Approve with Conditions,44567.55,252905.37,0.0542,63090.65,-0.0213,47,Silver,Retention,Medium
508,CUST-C0143,INST-012,Personal Loan,0.0477,0.002,Worsening,-1.8735,0.0082,3.6249,93.195,64.52,Deny,49998.05,263172.05,0.7856,3911856.92,0.0151,56,Silver,Upsell,Medium
509,CUST-C0098,INST-017,Credit Card,0.0145,0.1447,Improving,7.1072,0.0782,8.212,73.8016,45.389,Approve,39558.08,368678.37,0.0877,6820.45,0.0239,103,Silver,Cross-sell,Medium
510,CUST-C0185,INST-017,Line of Credit,0.3859,0.2259,Worsening,-3.025,0.0026,8.3335,83.4082,51.0013,Deny,19795.66,87128.37,0.1671,4261.65,0.2742,28,Silver,Cross-sell,Medium
511,CUST-C0153,INST-014,Personal Loan,0.542,0.0263,Stable,0.0757,0.0906,13.25,98.4275,91.519,Approve,17177.19,326905.82,0.7928,2146874.81,0.0816,124,Platinum,Cross-sell,Medium
512,CUST-C0005,INST-020,Personal Loan,0.3577,0.1408,Improving,-2.4115,0.192,6.6587,81.6994,78.1592,Approve,28330.94,162604.1,0.0828,99839.19,0.094,156,Gold,Retention,High
513,CUST-C0073,INST-016,Line of Credit,0.0865,0.2265,Stable,7.0742,0.1905,13.5027,60.7452,52.1185,Deny,15751.36,292910.14,0.4195,26396.24,0.0615,150,Bronze,Retention,Medium
514,CUST-C0192,INST-011,Credit Card,0.4848,0.0901,Worsening,4.7731,0.1665,5.8829,93.004,98.4115,Deny,2376.78,375173.63,0.7567,8543.44,0.2279,142,Silver,Retention,Medium
515,CUST-C0218,INST-001,Mortgage,0.8316,0.2013,Improving,6.4411,0.1141,11.4747,96.5524,53.0858,Deny,38528.47,166387.57,0.1363,3676.32,0.2665,21,Silver,Retention,Low
516,CUST-C0182,INST-013,Mortgage,0.4411,0.0877,Stable,7.5634,0.1259,9.7571,81.2978,94.438,Approve,31392.11,120432.6,0.7111,3368502.66,-0.0115,18,Gold,None,Medium
517,CUST-C0011,INST-017,Business Loan,0.8561,0.0112,Stable,6.2913,0.167,1.0465,61.2207,49.3522,Approve,2026.59,331411.98,0.1194,78557.35,0.2162,41,Gold,None,Low
518,CUST-C0074,INST-003,Personal Loan,0.7518,0.0312,Stable,7.9233,0.0489,12.6923,60.0777,61.2216,Approve with Conditions,6280.53,174802.8,0.3286,23396.44,0.2672,151,Platinum,Cross-sell,High
519,CUST-C0221,INST-015,Line of Credit,0.0775,0.2606,Improving,-8.3485,0.1712,9.6564,70.6359,96.5699,Deny,13433.31,330013.15,0.3804,51290.16,0.1007,75,Bronze,None,Low
520,CUST-C0097,INST-007,Personal Loan,0.298,0.2715,Improving,-1.2868,0.0166,7.5098,68.0519,59.3969,Approve,18976.64,65350.75,0.5746,65745.92,0.29,41,Bronze,Retention,Low
521,CUST-C0001,INST-006,Business Loan,0.7887,0.2504,Stable,-9.2462,0.1811,0.4153,94.3299,80.0207,Approve with Conditions,47940.82,95061.95,0.0227,3009357.24,0.2726,26,Gold,None,Medium
522,CUST-C0087,INST-013,Mortgage,0.0145,0.0157,Worsening,-6.3138,0.0993,4.2144,72.573,48.6703,Approve,3703.95,130262.32,0.9858,240230.25,0.0253,23,Bronze,Cross-sell,High
523,CUST-C0188,INST-006,Line of Credit,0.2485,0.1771,Improving,-5.5616,0.0083,9.0957,90.3896,74.972,Approve,34160.16,348674.43,0.563,21548.3,-0.0813,40,Platinum,Upsell,Low
524,CUST-C0221,INST-004,Mortgage,0.9311,0.0901,Improving,6.2619,0.086,14.497,64.8034,61.7523,Deny,32054.24,489520.32,0.2355,7961.06,0.0719,107,Bronze,Retention,Medium
525,CUST-C0162,INST-008,Personal Loan,0.91,0.1693,Improving,-1.1257,0.061,2.791,79.5541,81.6613,Approve with Conditions,9863.82,267237.86,0.5649,684527.57,0.0716,50,Gold,Cross-sell,Medium
526,CUST-C0242,INST-020,Personal Loan,0.4943,0.2756,Worsening,-4.6579,0.0177,9.412,97.8401,79.7238,Deny,1511.39,467157.67,0.7442,3373.83,-0.0668,128,Silver,Cross-sell,High
527,CUST-C0150,INST-018,Credit Card,0.787,0.1339,Improving,-5.8192,0.0788,7.3064,84.5496,75.0752,Deny,39623.32,390393.98,0.7236,2664.01,0.2485,74,Platinum,Retention,Low
528,CUST-C0152,INST-005,Mortgage,0.1043,0.2877,Improving,-8.6999,0.0621,0.663,68.6016,90.6026,Deny,22320.92,319134.19,0.9508,7882.95,0.0517,35,Platinum,None,Medium
529,CUST-C0123,INST-007,Mortgage,0.9909,0.2006,Improving,-1.5318,0.1948,6.9756,65.4555,67.6529,Approve with Conditions,5920.69,128826.67,0.4251,7824.55,0.1099,139,Bronze,Retention,High
530,CUST-C0010,INST-003,Line of Credit,0.6762,0.1233,Stable,-7.5793,0.1649,8.2852,95.6633,61.2167,Approve,29578.59,143768.99,0.1232,25780.87,-0.0568,100,Silver,Upsell,Low
531,CUST-C0149,INST-016,Personal Loan,0.883,0.235,Worsening,0.8766,0.0043,4.9984,71.7917,79.8517,Approve,4394.91,261774.8,0.6482,3752222.76,-0.0533,69,Bronze,None,Low
532,CUST-C0030,INST-008,Credit Card,0.7598,0.0292,Improving,-7.6017,0.1741,4.5007,95.508,76.0952,Deny,1045.53,226666.4,0.828,44721.94,0.2145,155,Silver,Upsell,Low
533,CUST-C0011,INST-019,Mortgage,0.1023,0.1028,Improving,-0.1446,0.0408,14.8189,61.9416,87.9019,Approve with Conditions,39606.11,96776.07,0.7191,1352.65,0.146,74,Silver,Cross-sell,Medium
534,CUST-C0066,INST-016,Business Loan,0.2254,0.1205,Stable,6.1054,0.1205,6.7213,64.8886,92.2295,Approve,11075.71,45260.33,0.4582,47623.05,-0.0796,150,Silver,Retention,High
535,CUST-C0159,INST-014,Credit Card,0.4908,0.2768,Worsening,-3.5742,0.1953,3.9807,62.022,77.7839,Approve,31359.73,431452.65,0.5731,19178.81,-0.0027,105,Platinum,Cross-sell,Low
536,CUST-C0007,INST-006,Business Loan,0.9368,0.0725,Worsening,-2.8776,0.1561,5.0184,83.3796,62.3451,Approve,45782.39,294508.88,0.4377,4167.98,0.2456,148,Bronze,Cross-sell,Low
537,CUST-C0133,INST-019,Credit Card,0.4675,0.122,Worsening,-1.5568,0.0968,3.9866,66.1612,48.5964,Approve with Conditions,41723.85,382773.78,0.2281,4416129.84,0.2229,90,Platinum,None,Medium
538,CUST-C0092,INST-016,Personal Loan,0.6118,0.2008,Stable,0.119,0.0393,13.0213,94.4247,87.9777,Deny,29721.31,110243.38,0.386,50830.34,0.1828,107,Platinum,None,High
539,CUST-C0024,INST-014,Personal Loan,0.1971,0.2477,Stable,-1.8022,0.0277,7.09,67.2729,93.1762,Approve with Conditions,39106.52,433495.35,0.0577,191412.42,0.1315,57,Bronze,Upsell,High
540,CUST-C0142,INST-008,Credit Card,0.9109,0.1222,Stable,-0.1101,0.0659,10.848,69.844,42.05,Approve,1259.16,319700.17,0.3747,6354.62,0.049,86,Platinum,Upsell,Medium
541,CUST-C0021,INST-013,Credit Card,0.1988,0.1895,Improving,1.8406,0.121,4.1482,60.1918,87.4767,Deny,18368.57,488864.05,0.8872,275355.87,0.0524,84,Bronze,Cross-sell,Low
542,CUST-C0217,INST-008,Business Loan,0.3255,0.1636,Improving,2.6098,0.0816,4.5415,73.6113,61.0667,Deny,7356.81,462123.45,0.5263,84994.63,0.1518,32,Platinum,None,Medium
543,CUST-C0042,INST-009,Personal Loan,0.3536,0.2458,Improving,-5.988,0.1982,1.4051,80.2218,64.6922,Approve,2088.28,187428.9,0.3859,327572.17,0.1545,103,Silver,Retention,Medium
544,CUST-C0066,INST-001,Business Loan,0.1532,0.0605,Stable,-4.5126,0.0247,5.9751,69.1717,66.1244,Approve with Conditions,5308.19,61117.05,0.9111,67061.9,0.113,138,Bronze,None,High
545,CUST-C0139,INST-016,Personal Loan,0.5614,0.0957,Stable,-1.6992,0.1235,14.6303,79.3914,90.0899,Deny,48119.23,64748.4,0.1535,45539.9,0.1619,100,Platinum,Retention,High
546,CUST-C0085,INST-011,Business Loan,0.7313,0.1721,Improving,5.367,0.1265,8.2829,72.8024,88.0708,Approve with Conditions,6617.09,352175.17,0.0024,5762.29,0.2522,153,Gold,Retention,Medium
547,CUST-C0111,INST-020,Personal Loan,0.9515,0.0271,Stable,-6.2477,0.129,3.0911,70.8886,54.7933,Approve,21142.86,254050.79,0.1061,6501.37,0.1096,144,Platinum,Retention,High
548,CUST-C0007,INST-013,Personal Loan,0.6607,0.1198,Stable,7.8583,0.011,8.351,96.7975,56.5813,Approve,7072.2,226036.24,0.2593,6425.84,0.047,86,Bronze,Cross-sell,Low
549,CUST-C0249,INST-020,Personal Loan,0.0771,0.1348,Stable,5.2766,0.1847,4.4281,71.9455,49.2386,Approve,1917.19,17680.6,0.2391,3425.56,0.0448,59,Bronze,Upsell,Medium
550,CUST-C0131,INST-015,Business Loan,0.3879,0.2462,Stable,-7.8137,0.199,0.814,90.4325,75.7802,Deny,34458.77,123225.9,0.6191,2854.08,0.2962,129,Platinum,None,Medium
551,CUST-C0074,INST-017,Credit Card,0.6286,0.2658,Improving,-6.8155,0.0855,14.8626,80.6951,89.26,Approve,37672.78,18936.45,0.0931,843870.82,0.1032,105,Gold,Cross-sell,High
552,CUST-C0234,INST-007,Line of Credit,0.7757,0.0532,Worsening,6.7628,0.0315,11.6411,63.0864,60.9795,Approve with Conditions,45775.97,350931.85,0.3379,4975930.69,0.2116,21,Gold,Upsell,Low
553,CUST-C0105,INST-003,Personal Loan,0.562,0.2011,Stable,-2.3324,0.1796,5.557,72.9517,58.325,Approve with Conditions,24490.34,138065.08,0.9712,1204779.9,0.2719,49,Silver,Retention,High
554,CUST-C0195,INST-019,Mortgage,0.3325,0.0654,Stable,5.0226,0.1894,1.6717,88.8218,65.3346,Deny,9876.38,134580.89,0.9464,7870.39,0.0974,52,Silver,None,Low
555,CUST-C0232,INST-008,Line of Credit,0.9542,0.1874,Improving,6.3344,0.0597,8.4598,86.3464,96.4226,Deny,15570.29,465974.41,0.472,1530.3,0.1746,45,Bronze,None,High
556,CUST-C0135,INST-018,Personal Loan,0.851,0.0778,Stable,7.7133,0.1583,12.0909,66.3617,80.1755,Deny,44595.56,59509.34,0.6201,9115.72,0.1997,146,Gold,Upsell,Low
557,CUST-C0165,INST-016,Credit Card,0.2534,0.268,Worsening,-8.334,0.1408,0.916,82.6827,74.6084,Approve with Conditions,46708.71,198507.13,0.8283,270311.99,0.2131,66,Silver,Cross-sell,Low
558,CUST-C0042,INST-010,Line of Credit,0.3308,0.1792,Improving,-6.3579,0.1143,2.6366,71.506,52.0608,Approve,24182.74,367283.33,0.0718,741285.65,0.2491,67,Bronze,None,Medium
559,CUST-C0192,INST-019,Credit Card,0.1225,0.1993,Worsening,-1.2504,0.1481,1.565,95.1704,42.1484,Approve with Conditions,35055.92,287795.92,0.5485,472278.58,-0.0073,157,Platinum,Upsell,High
560,CUST-C0145,INST-014,Credit Card,0.1582,0.2443,Worsening,8.8619,0.0345,3.0239,89.7398,50.3751,Approve,9977.49,72977.82,0.99,58575.86,0.2249,52,Gold,Cross-sell,Low
561,CUST-C0219,INST-016,Credit Card,0.0746,0.0464,Worsening,-3.9689,0.1516,14.7229,64.1581,43.5548,Approve with Conditions,40541.54,217999.73,0.6185,1043.45,0.2905,37,Gold,Retention,High
562,CUST-C0047,INST-009,Mortgage,0.2146,0.1502,Improving,4.5257,0.0128,11.2679,64.2472,71.1579,Approve with Conditions,3692.62,196293.18,0.9601,160284.39,0.219,133,Bronze,Retention,Low
563,CUST-C0126,INST-017,Credit Card,0.0132,0.2237,Stable,2.2237,0.0783,1.5282,78.5049,65.8344,Approve with Conditions,12701.92,287204.39,0.8083,98418.28,0.1131,108,Bronze,None,Low
564,CUST-C0154,INST-012,Mortgage,0.9718,0.0459,Improving,-1.9436,0.0987,1.3556,82.0309,79.7375,Deny,29480.1,100411.81,0.1926,792989.27,0.101,108,Platinum,Upsell,Low
565,CUST-C0119,INST-009,Credit Card,0.1408,0.1439,Improving,-7.4002,0.0248,9.7196,98.2576,77.3615,Deny,2516.27,174339.64,0.6232,3612.24,0.2524,126,Platinum,None,Medium
566,CUST-C0098,INST-001,Credit Card,0.2915,0.0762,Stable,-1.1731,0.1869,4.029,62.3518,92.4553,Approve with Conditions,49649.15,216300.13,0.057,852247.36,0.1371,123,Platinum,Retention,High
567,CUST-C0145,INST-010,Line of Credit,0.6429,0.0528,Stable,-2.2081,0.0763,8.2986,70.5708,40.1823,Deny,47525.77,53591.86,0.6964,3222.11,-0.0564,126,Gold,None,Medium
568,CUST-C0220,INST-019,Line of Credit,0.2598,0.2659,Improving,7.5352,0.1387,11.8219,65.2848,49.4328,Approve,49234.87,222712.63,0.9547,901445.9,-0.0765,38,Silver,Cross-sell,High
569,CUST-C0050,INST-001,Mortgage,0.1875,0.2975,Improving,-2.1137,0.0762,6.527,80.6906,58.8971,Approve,37896.07,59981.31,0.5297,1603891.76,0.2017,18,Bronze,Upsell,High
570,CUST-C0135,INST-014,Line of Credit,0.1363,0.1366,Worsening,-6.737,0.1823,12.6554,68.3498,78.4792,Approve with Conditions,14510.42,68388.0,0.5253,4775332.01,0.1052,110,Gold,Upsell,Medium
571,CUST-C0085,INST-009,Personal Loan,0.7344,0.2413,Stable,5.8977,0.0037,0.8989,85.6805,66.1651,Approve,37558.43,493781.63,0.2331,33985.78,0.1209,148,Gold,Retention,High
572,CUST-C0015,INST-009,Business Loan,0.4603,0.2954,Worsening,9.3144,0.1983,6.6302,70.0001,70.7791,Deny,16048.96,70539.19,0.8049,8184.57,0.1678,82,Bronze,Upsell,Low
573,CUST-C0144,INST-005,Line of Credit,0.5467,0.2829,Stable,-6.7216,0.1161,14.0353,85.2774,88.5786,Approve,39168.03,311407.7,0.4345,4843585.35,0.071,161,Silver,None,Medium
574,CUST-C0176,INST-004,Mortgage,0.9828,0.1317,Improving,-1.4797,0.116,4.4811,65.5546,49.6735,Deny,42563.27,300245.1,0.2715,2972.71,0.2179,134,Platinum,Upsell,Medium
575,CUST-C0178,INST-002,Business Loan,0.0592,0.1588,Worsening,-5.5011,0.1896,3.9431,77.6614,98.0037,Approve,40180.5,237239.45,0.6245,685411.68,0.1249,95,Bronze,Retention,High
576,CUST-C0212,INST-002,Line of Credit,0.4874,0.2213,Stable,-5.5609,0.1851,1.3236,83.7394,58.1857,Deny,48225.33,327610.46,0.3755,32459.26,0.2823,84,Bronze,Retention,Medium
577,CUST-C0214,INST-016,Line of Credit,0.0037,0.2858,Worsening,9.5926,0.1938,0.1127,71.4393,71.0509,Deny,1299.19,24466.16,0.3349,1676331.26,0.1467,155,Silver,None,Low
578,CUST-C0068,INST-004,Credit Card,0.3402,0.1051,Worsening,8.3149,0.0829,10.4379,81.0001,55.2088,Approve,47087.17,234111.51,0.1424,896458.22,0.0362,140,Bronze,Retention,High
579,CUST-C0070,INST-008,Business Loan,0.0361,0.2176,Worsening,2.1782,0.1564,14.575,68.3442,41.3614,Approve,32165.54,434710.22,0.0726,35517.53,0.1261,85,Platinum,None,High
580,CUST-C0044,INST-001,Mortgage,0.0525,0.021,Stable,-7.7906,0.1991,12.2869,72.7504,60.5419,Approve with Conditions,44847.95,200956.21,0.2854,32086.16,0.2821,39,Silver,Upsell,Low
581,CUST-C0200,INST-017,Mortgage,0.2714,0.1528,Stable,-6.2044,0.1457,8.0514,65.7877,59.3971,Deny,7184.46,390654.98,0.9714,2940634.77,0.0678,134,Silver,Upsell,Low
582,CUST-C0156,INST-010,Business Loan,0.1977,0.0411,Stable,3.9506,0.0854,9.9163,65.9037,92.8452,Deny,23718.95,236299.26,0.6103,3183932.06,-0.0319,56,Bronze,None,Low
583,CUST-C0146,INST-020,Credit Card,0.2077,0.2024,Worsening,-4.2085,0.0316,13.1898,82.2741,73.0002,Approve,23125.55,268004.3,0.7859,3935917.15,0.2342,123,Silver,Retention,Low
584,CUST-C0215,INST-008,Personal Loan,0.3017,0.1497,Improving,-7.3527,0.0028,12.3787,95.3465,48.0759,Approve,33741.56,302791.34,0.0822,5842.0,0.2423,123,Platinum,Retention,High
585,CUST-C0169,INST-009,Credit Card,0.9677,0.1182,Stable,-9.8336,0.081,3.7766,85.1724,74.1099,Deny,12958.87,315983.8,0.1674,864159.18,0.0737,64,Silver,Retention,Low
586,CUST-C0133,INST-006,Business Loan,0.5222,0.0903,Worsening,2.9916,0.128,1.5149,85.2462,63.5962,Approve,25608.7,79695.55,0.9769,909554.19,-0.017,108,Silver,Cross-sell,Low
587,CUST-C0201,INST-006,Personal Loan,0.4034,0.2991,Worsening,4.5701,0.0208,14.3758,92.2376,40.233,Approve,1741.26,223191.5,0.8064,25419.12,0.083,109,Silver,Retention,Medium
588,CUST-C0028,INST-003,Mortgage,0.1602,0.1384,Improving,7.2624,0.0001,0.5467,67.4121,96.9911,Approve,43486.03,152078.99,0.9178,15866.23,0.0321,20,Gold,Cross-sell,High
589,CUST-C0146,INST-008,Line of Credit,0.765,0.0657,Worsening,1.3198,0.1179,6.5752,75.3156,97.2921,Approve with Conditions,27527.59,397874.56,0.481,9481.67,-0.0858,65,Platinum,Upsell,Medium
590,CUST-C0145,INST-001,Mortgage,0.694,0.025,Stable,7.7393,0.1545,14.9806,84.365,77.0132,Deny,1815.77,132269.7,0.0285,3392941.78,0.0325,149,Gold,Retention,High
591,CUST-C0093,INST-002,Credit Card,0.5854,0.1578,Worsening,-4.9371,0.1905,10.5333,89.0185,42.7491,Approve with Conditions,25526.93,343096.84,0.1245,2142.76,0.1123,152,Gold,Retention,Medium
592,CUST-C0049,INST-013,Mortgage,0.3403,0.1061,Stable,6.594,0.0262,10.8895,80.7613,98.549,Approve with Conditions,41137.75,447904.36,0.5004,1856390.38,0.251,96,Platinum,Cross-sell,Low
593,CUST-C0071,INST-013,Mortgage,0.2784,0.1435,Worsening,-0.323,0.1159,6.6505,64.8075,88.519,Deny,21878.99,36536.99,0.1937,679841.33,0.1911,106,Silver,None,High
594,CUST-C0187,INST-012,Mortgage,0.0117,0.209,Improving,6.0786,0.0613,14.6395,61.424,69.3936,Approve with Conditions,10029.72,212278.32,0.7117,941338.62,0.1786,87,Platinum,None,High
595,CUST-C0083,INST-015,Personal Loan,0.2501,0.1531,Worsening,-0.3876,0.1872,1.2834,76.9611,53.4901,Approve,9439.98,423953.78,0.1066,8311.85,0.1235,110,Gold,Retention,Medium
596,CUST-C0044,INST-007,Business Loan,0.0737,0.0051,Worsening,-4.355,0.0598,11.0617,70.9351,41.0812,Approve with Conditions,1962.79,77597.12,0.0655,8843.06,0.1877,64,Gold,Upsell,High
597,CUST-C0195,INST-018,Mortgage,0.7832,0.0645,Stable,-5.4204,0.1495,13.5969,82.1141,81.7078,Deny,23994.78,188345.05,0.647,9946.99,0.1208,147,Bronze,Upsell,Medium
598,CUST-C0034,INST-001,Credit Card,0.6473,0.2487,Worsening,3.0033,0.0286,1.2376,84.7173,57.1943,Deny,7671.71,10503.73,0.3006,6686.24,0.0267,148,Gold,Retention,Medium
599,CUST-C0199,INST-004,Business Loan,0.4711,0.293,Worsening,-6.3925,0.0735,12.8202,63.2771,46.6641,Approve,32460.98,466745.06,0.3855,4264701.21,-0.0097,58,Bronze,Upsell,Medium
600,CUST-C0095,INST-014,Personal Loan,0.3201,0.0198,Stable,-2.2316,0.1405,9.1974,78.8942,75.2544,Approve with Conditions,45857.71,366295.75,0.3088,491132.71,-0.0427,113,Silver,Retention,High
601,CUST-C0089,INST-007,Business Loan,0.0043,0.1333,Improving,-1.1358,0.1198,12.4417,81.4442,54.0149,Approve,13050.14,496700.1,0.3608,57953.85,-0.0021,42,Bronze,Retention,High
602,CUST-C0163,INST-012,Mortgage,0.8731,0.0927,Worsening,-3.2276,0.016,6.7963,67.5344,54.8028,Deny,29431.32,343406.65,0.3547,55109.25,0.0081,125,Bronze,None,Medium
603,CUST-C0003,INST-010,Business Loan,0.9636,0.2323,Worsening,5.4727,0.0672,10.2013,95.8136,49.6292,Approve with Conditions,26090.86,226841.84,0.4712,903102.74,0.0529,64,Platinum,Retention,Low
604,CUST-C0189,INST-016,Credit Card,0.6913,0.1967,Stable,-8.8039,0.106,11.0233,73.4502,93.5898,Approve with Conditions,6809.51,296100.43,0.8811,54704.13,0.0938,122,Silver,None,High
605,CUST-C0193,INST-018,Mortgage,0.8136,0.2705,Stable,-9.4753,0.0101,0.049,90.8141,52.5751,Approve with Conditions,29056.13,402373.29,0.1325,598490.34,0.2612,103,Silver,Upsell,High
606,CUST-C0247,INST-013,Personal Loan,0.5851,0.2253,Stable,9.9814,0.1235,6.9236,76.6848,77.7287,Approve,1243.0,417587.31,0.4422,29120.78,0.1597,158,Bronze,None,Low
607,CUST-C0223,INST-016,Credit Card,0.5357,0.2624,Stable,-7.8689,0.1228,6.7349,70.2822,75.4693,Deny,28401.52,225905.27,0.9341,384112.25,-0.0167,50,Platinum,Retention,Low
608,CUST-C0111,INST-006,Mortgage,0.2775,0.1202,Stable,1.9111,0.0665,4.6,82.0793,44.4066,Approve with Conditions,34196.91,482834.79,0.852,406421.23,-0.0413,135,Silver,Upsell,Low
609,CUST-C0148,INST-014,Line of Credit,0.2659,0.0249,Improving,4.6224,0.1054,9.2976,87.0195,96.5178,Deny,32330.16,307620.08,0.7495,4304701.79,0.1814,27,Gold,Cross-sell,High
610,CUST-C0094,INST-005,Credit Card,0.8719,0.1164,Improving,9.9706,0.0779,5.9991,88.8222,96.4833,Deny,34963.65,208220.75,0.6791,2908988.67,-0.065,118,Silver,Cross-sell,Medium
611,CUST-C0007,INST-009,Mortgage,0.6377,0.0519,Worsening,0.3482,0.1067,12.1925,86.1119,67.6282,Approve,46478.84,49261.57,0.1917,3542.29,0.1915,57,Bronze,Retention,Low
612,CUST-C0011,INST-008,Credit Card,0.2463,0.0832,Stable,2.6783,0.0525,9.6746,78.9087,54.9887,Approve with Conditions,23843.22,181442.14,0.4132,1039843.21,0.1198,41,Platinum,None,Medium
613,CUST-C0117,INST-011,Credit Card,0.041,0.0174,Stable,8.4026,0.0863,2.7773,88.7313,85.312,Approve,26951.77,228405.46,0.8373,567849.66,-0.0517,25,Bronze,Retention,Low
614,CUST-C0201,INST-010,Personal Loan,0.8118,0.2788,Stable,6.4816,0.0386,4.6613,68.0323,45.6806,Approve with Conditions,5478.55,51729.52,0.812,714855.71,0.1147,73,Gold,Upsell,Medium
615,CUST-C0035,INST-008,Business Loan,0.9343,0.2387,Improving,-7.1603,0.1005,8.1112,81.6711,81.9991,Approve,22928.03,235447.94,0.4747,22557.02,-0.0617,80,Gold,Retention,High
616,CUST-C0108,INST-002,Line of Credit,0.8512,0.2698,Worsening,3.6747,0.1367,7.491,75.9688,96.5774,Approve with Conditions,43943.28,422266.73,0.488,840099.2,0.258,144,Bronze,Retention,High
617,CUST-C0095,INST-003,Mortgage,0.9121,0.2909,Improving,-7.6167,0.1683,1.8739,78.0041,71.5447,Approve with Conditions,6206.76,176391.39,0.8698,397059.03,-0.0815,54,Platinum,None,High
618,CUST-C0055,INST-012,Line of Credit,0.5266,0.1417,Improving,6.6238,0.1585,3.4287,66.0499,42.9716,Deny,40690.09,214992.59,0.6,26778.8,-0.0543,42,Bronze,Retention,Medium
619,CUST-C0248,INST-010,Personal Loan,0.7894,0.1453,Improving,7.3006,0.142,8.9665,68.0031,49.4686,Deny,29412.37,138082.9,0.7522,1112583.56,0.2422,80,Gold,Cross-sell,High
620,CUST-C0227,INST-009,Line of Credit,0.5876,0.2945,Improving,3.7962,0.175,5.4311,61.6788,90.9954,Approve with Conditions,12309.39,377162.04,0.6036,36012.97,-0.0865,26,Bronze,None,Medium
621,CUST-C0067,INST-020,Personal Loan,0.4132,0.0869,Improving,4.0335,0.1058,0.3697,80.2998,67.932,Approve with Conditions,27441.51,362898.97,0.9162,1311181.33,0.0977,152,Bronze,None,High
622,CUST-C0013,INST-009,Business Loan,0.5389,0.2768,Worsening,8.9344,0.1949,1.7599,92.2622,59.7344,Approve,5384.43,458898.05,0.5539,2924.39,0.1457,133,Platinum,Cross-sell,High
623,CUST-C0006,INST-013,Business Loan,0.1092,0.1415,Improving,8.0928,0.0019,14.8362,89.0006,69.0606,Approve,10972.14,19077.67,0.8095,83835.89,0.1944,93,Silver,Retention,High
624,CUST-C0128,INST-001,Personal Loan,0.8004,0.2345,Stable,2.4571,0.1678,2.314,65.2635,40.6027,Approve,45165.16,57806.89,0.9218,3417672.38,-0.0374,106,Silver,Cross-sell,Medium
625,CUST-C0028,INST-008,Mortgage,0.1391,0.0255,Worsening,0.486,0.1132,4.1158,75.4572,90.9524,Approve,29482.13,275605.3,0.3123,9758.88,0.2565,139,Bronze,None,Low
626,CUST-C0212,INST-019,Personal Loan,0.8942,0.2832,Improving,-7.6813,0.1752,11.1052,88.9131,69.8442,Approve with Conditions,32790.35,473736.76,0.8813,3398896.45,-0.0115,63,Silver,Retention,High
627,CUST-C0188,INST-015,Line of Credit,0.724,0.2209,Improving,7.5676,0.0868,6.8155,73.8636,72.2925,Approve with Conditions,21137.63,41293.93,0.8558,98782.3,0.2832,85,Bronze,Upsell,High
628,CUST-C0245,INST-014,Mortgage,0.6957,0.1758,Worsening,-0.7147,0.167,14.74,77.6422,43.8176,Approve,28441.22,257438.21,0.849,4837.54,0.1413,123,Gold,Cross-sell,Low
629,CUST-C0223,INST-010,Personal Loan,0.6459,0.1841,Worsening,8.2454,0.1877,9.5134,63.359,84.0901,Approve,31218.31,251298.23,0.5148,94727.44,0.0042,41,Silver,None,High
630,CUST-C0246,INST-015,Credit Card,0.7928,0.1285,Worsening,4.7979,0.0689,7.9475,71.1115,85.8419,Deny,24113.35,206980.28,0.6881,83224.71,0.1086,97,Gold,None,Medium
631,CUST-C0179,INST-015,Line of Credit,0.4026,0.0354,Worsening,-3.1265,0.134,7.0876,73.1554,89.7921,Approve with Conditions,49171.65,256486.18,0.541,16287.39,0.184,137,Platinum,Retention,Low
632,CUST-C0040,INST-009,Mortgage,0.1992,0.2417,Worsening,-7.9677,0.0472,1.7473,79.5922,54.0787,Approve,33985.77,285971.42,0.6743,96646.78,0.2241,135,Gold,None,Low
633,CUST-C0137,INST-013,Line of Credit,0.8369,0.0129,Stable,4.2802,0.0207,9.8502,73.9172,43.4011,Deny,26087.13,221454.28,0.1612,3878.12,-0.0251,153,Gold,None,High
634,CUST-C0171,INST-012,Credit Card,0.5903,0.0879,Worsening,1.8348,0.1685,0.9494,89.35,80.3436,Approve with Conditions,17313.27,82131.99,0.8418,3356372.64,0.1832,112,Platinum,Upsell,Medium
635,CUST-C0109,INST-010,Business Loan,0.2743,0.0938,Improving,-2.9483,0.0737,3.0653,77.7904,95.9547,Deny,47267.43,25179.92,0.3547,2521641.76,0.2343,99,Silver,Retention,Medium
636,CUST-C0123,INST-005,Mortgage,0.9489,0.0277,Improving,6.1583,0.1411,6.8375,66.7852,45.002,Deny,47895.72,340949.39,0.9738,776592.04,0.1456,161,Bronze,None,Low
637,CUST-C0177,INST-003,Personal Loan,0.7031,0.0173,Improving,-5.1806,0.1767,4.362,91.6196,48.9601,Deny,42168.99,421036.56,0.2458,3582408.19,-0.0994,123,Platinum,None,Medium
638,CUST-C0031,INST-002,Line of Credit,0.1507,0.0142,Improving,9.7936,0.0579,11.4072,78.6372,85.9206,Approve with Conditions,23476.75,239800.53,0.7248,869201.09,-0.0112,135,Platinum,Retention,Medium
639,CUST-C0071,INST-003,Line of Credit,0.5456,0.0416,Stable,8.8029,0.069,4.3055,91.0823,49.081,Deny,32004.4,357975.23,0.2206,160468.94,0.0124,116,Platinum,Cross-sell,Low
640,CUST-C0066,INST-016,Personal Loan,0.8895,0.1702,Improving,7.6122,0.0736,14.6623,91.3311,59.2453,Approve with Conditions,38331.16,427133.82,0.9591,3507.7,0.141,120,Gold,None,High
641,CUST-C0043,INST-016,Mortgage,0.8798,0.1548,Worsening,9.2337,0.0713,12.2736,96.4969,78.3176,Deny,47387.17,435181.74,0.3312,3226.93,-0.0351,72,Gold,Cross-sell,High
642,CUST-C0102,INST-015,Mortgage,0.5258,0.1202,Worsening,2.2554,0.1137,6.2123,69.4448,46.2713,Deny,6010.8,413601.13,0.9489,1622.14,-0.0943,73,Gold,Cross-sell,High
643,CUST-C0168,INST-017,Personal Loan,0.6778,0.0706,Stable,-1.8296,0.184,8.2523,67.4242,43.3651,Approve,45587.19,278477.82,0.7548,3223898.05,0.2808,116,Silver,None,Low
644,CUST-C0083,INST-013,Personal Loan,0.4517,0.0614,Improving,0.9113,0.1289,4.576,95.6372,75.4076,Approve with Conditions,49935.01,498900.08,0.926,2194816.45,0.1248,137,Bronze,Upsell,Low
645,CUST-C0038,INST-015,Mortgage,0.3476,0.1965,Improving,0.8894,0.0855,3.4174,86.3625,80.5012,Approve with Conditions,17536.2,115186.43,0.2843,69718.08,0.2401,18,Bronze,Upsell,Low
646,CUST-C0118,INST-017,Mortgage,0.3332,0.0965,Improving,-2.2312,0.1716,3.2092,73.7718,69.9022,Approve with Conditions,12279.58,306783.17,0.3307,3760137.14,0.2742,126,Platinum,Retention,High
647,CUST-C0193,INST-020,Credit Card,0.7246,0.2494,Improving,6.4862,0.1634,6.892,87.1972,95.4117,Approve,14600.62,398762.35,0.4804,4639.94,0.1645,157,Silver,Upsell,Low
648,CUST-C0185,INST-020,Line of Credit,0.2187,0.2738,Worsening,8.7776,0.0779,3.639,85.4791,53.1215,Deny,27306.2,122016.32,0.5569,3777251.15,0.2701,117,Bronze,Upsell,High
649,CUST-C0094,INST-010,Line of Credit,0.03,0.2992,Improving,0.0857,0.1455,12.8932,96.8911,88.3354,Deny,13164.15,109211.37,0.8396,911957.6,-0.0391,53,Silver,None,Low
650,CUST-C0243,INST-004,Credit Card,0.0902,0.2686,Improving,3.1618,0.091,3.2578,73.8171,66.3235,Deny,1515.82,299480.02,0.9455,3241806.0,0.1948,84,Platinum,Upsell,Low
651,CUST-C0103,INST-004,Business Loan,0.8666,0.282,Worsening,8.6313,0.1267,2.6731,97.5859,64.6682,Approve with Conditions,6898.66,268461.92,0.6556,3093980.32,0.1079,141,Gold,Upsell,Medium
652,CUST-C0218,INST-018,Business Loan,0.1432,0.2193,Improving,-6.4597,0.0445,12.0696,60.3066,59.8946,Approve with Conditions,40680.25,267871.59,0.0806,2132191.86,-0.0972,148,Bronze,Upsell,Medium
653,CUST-C0220,INST-012,Business Loan,0.533,0.0572,Stable,-1.2673,0.1069,10.7124,84.7852,72.2379,Approve,31163.55,197793.35,0.661,6919.66,0.0281,78,Silver,None,Medium
654,CUST-C0212,INST-013,Credit Card,0.9353,0.218,Stable,-8.7679,0.1055,12.4668,71.622,56.5161,Approve,20099.93,63992.04,0.0475,7429.31,0.1998,68,Silver,Upsell,Medium
655,CUST-C0016,INST-010,Business Loan,0.9497,0.0414,Stable,1.9289,0.1943,8.3095,70.9189,59.2125,Approve with Conditions,9270.42,150971.94,0.3166,265351.52,0.1081,110,Silver,Cross-sell,Medium
656,CUST-C0158,INST-017,Credit Card,0.5072,0.0755,Stable,7.1655,0.1805,3.5036,80.6686,84.5558,Deny,17920.17,251086.79,0.2217,24692.28,0.094,58,Gold,None,Medium
657,CUST-C0226,INST-012,Credit Card,0.8141,0.1922,Worsening,-8.7363,0.1611,13.8329,65.5667,52.0554,Deny,39900.81,442841.12,0.0956,3184.16,-0.0007,138,Silver,Cross-sell,High
658,CUST-C0193,INST-007,Business Loan,0.209,0.1978,Stable,-6.3344,0.1641,5.753,64.2276,79.0864,Approve with Conditions,24778.6,264418.67,0.4271,1037436.62,0.1071,93,Bronze,Retention,High
659,CUST-C0060,INST-001,Mortgage,0.9028,0.268,Improving,7.1688,0.1108,3.0405,61.3947,89.3213,Deny,5576.17,460843.56,0.1172,1166.85,0.2613,104,Platinum,Retention,Medium
660,CUST-C0174,INST-017,Line of Credit,0.1541,0.2576,Stable,4.9993,0.1343,3.0489,98.6469,51.1871,Approve with Conditions,39245.74,440241.98,0.2307,9165.38,0.2558,31,Bronze,None,Low
661,CUST-C0079,INST-014,Mortgage,0.8085,0.2538,Worsening,2.1815,0.0083,8.4088,75.344,69.2658,Approve with Conditions,36464.71,268136.76,0.4513,1650357.57,0.2034,22,Platinum,None,Low
662,CUST-C0153,INST-011,Mortgage,0.5194,0.0558,Worsening,5.4776,0.1814,0.466,79.7624,71.9611,Deny,44255.39,498801.5,0.7769,417286.67,0.0181,27,Silver,Retention,Medium
663,CUST-C0179,INST-018,Personal Loan,0.7197,0.0312,Worsening,-5.5313,0.1514,13.449,61.7768,83.0355,Approve with Conditions,31292.26,18544.53,0.191,3988759.12,0.0057,89,Gold,Cross-sell,High
664,CUST-C0095,INST-014,Line of Credit,0.2997,0.2478,Improving,9.9242,0.1143,5.5185,91.8949,53.6211,Approve,30815.98,26882.13,0.9558,1872324.32,-0.0569,150,Silver,Upsell,High
665,CUST-C0086,INST-019,Business Loan,0.1625,0.2102,Improving,8.2293,0.1555,10.6934,78.0703,42.645,Deny,32801.73,125542.84,0.9183,4255.74,0.1075,148,Bronze,None,High
666,CUST-C0080,INST-019,Personal Loan,0.4224,0.2263,Worsening,8.4172,0.059,12.2946,77.0823,95.6283,Approve with Conditions,27433.8,296929.63,0.9508,26092.29,0.2148,126,Bronze,Upsell,Low
667,CUST-C0059,INST-020,Personal Loan,0.6092,0.1524,Stable,-0.632,0.09,13.046,79.0755,95.9178,Approve,19494.36,121381.3,0.2574,68075.59,-0.0078,25,Bronze,None,Low
668,CUST-C0038,INST-005,Business Loan,0.0175,0.0621,Worsening,-1.6796,0.1266,4.55,61.101,81.8146,Approve with Conditions,10986.85,88539.31,0.9449,4556884.67,0.1481,47,Platinum,Retention,High
669,CUST-C0183,INST-013,Business Loan,0.6997,0.2712,Stable,3.1108,0.0508,11.0834,97.7239,98.2515,Approve,39639.9,18319.11,0.6275,2232601.14,0.2563,157,Gold,Upsell,Medium
670,CUST-C0204,INST-006,Mortgage,0.0046,0.245,Improving,-7.057,0.0575,13.3786,85.9603,43.5303,Deny,39153.71,390917.37,0.4544,6037.12,0.0383,140,Silver,Cross-sell,Medium
671,CUST-C0174,INST-004,Business Loan,0.2091,0.1351,Stable,-4.528,0.19,8.8046,72.3906,55.8597,Approve with Conditions,35300.05,356383.04,0.8412,3877.1,0.264,133,Bronze,Cross-sell,High
672,CUST-C0131,INST-005,Credit Card,0.2704,0.1603,Worsening,2.9041,0.1357,5.2534,91.4196,70.3198,Approve with Conditions,17426.05,449531.66,0.3093,308735.32,0.0081,157,Silver,Retention,Medium
673,CUST-C0082,INST-011,Line of Credit,0.0625,0.14,Worsening,5.3551,0.0571,6.0297,74.374,77.9225,Deny,31573.2,405641.87,0.5742,1479173.26,0.1776,104,Platinum,Retention,High
674,CUST-C0151,INST-002,Mortgage,0.6678,0.0503,Worsening,-4.1624,0.1142,8.1297,73.4473,81.9059,Deny,17654.9,464082.17,0.5257,5703.8,0.2622,123,Silver,Retention,Medium
675,CUST-C0048,INST-013,Credit Card,0.0634,0.2433,Worsening,9.9692,0.0152,5.0802,73.8388,76.5055,Approve,13879.43,169477.47,0.7539,36260.82,0.2126,129,Bronze,Retention,Medium
676,CUST-C0149,INST-008,Credit Card,0.9262,0.2168,Improving,-9.5654,0.023,0.7892,84.1565,70.0208,Approve with Conditions,25802.85,449017.64,0.0752,3629446.77,-0.0402,93,Bronze,Upsell,High
677,CUST-C0236,INST-013,Business Loan,0.1058,0.0341,Improving,9.7269,0.0091,14.3374,76.9721,86.6061,Approve,39855.33,475857.02,0.1756,735092.71,0.25,39,Platinum,Upsell,Low
678,CUST-C0246,INST-010,Business Loan,0.5559,0.0925,Worsening,-1.6359,0.1218,0.4874,71.8885,81.0716,Deny,2399.92,460492.9,0.9266,4036.4,0.249,97,Silver,Retention,Low
679,CUST-C0247,INST-006,Mortgage,0.3102,0.2754,Worsening,5.9359,0.1366,13.0816,95.7996,66.3132,Approve,4855.57,415337.15,0.3014,73836.96,-0.068,34,Gold,Upsell,High
680,CUST-C0124,INST-001,Credit Card,0.4462,0.2699,Stable,-9.2973,0.0601,8.4042,82.0325,63.8923,Approve,18735.81,241828.97,0.7843,35097.96,0.1261,135,Platinum,None,Low
681,CUST-C0037,INST-017,Personal Loan,0.303,0.0473,Worsening,0.1946,0.0047,11.6996,79.2122,71.393,Approve with Conditions,10785.33,322939.37,0.9907,3956742.99,0.2827,76,Bronze,Upsell,Medium
682,CUST-C0205,INST-009,Mortgage,0.4888,0.0778,Stable,4.9918,0.0719,3.1621,85.4931,80.9783,Approve,13968.0,258628.09,0.0564,7097.84,0.2352,44,Bronze,Upsell,Low
683,CUST-C0040,INST-015,Line of Credit,0.2365,0.1606,Improving,-3.3574,0.0774,13.4184,77.3371,45.9817,Approve with Conditions,31796.19,21693.28,0.9157,3455.87,0.1378,49,Bronze,None,Medium
684,CUST-C0103,INST-016,Credit Card,0.218,0.1191,Improving,-9.4228,0.059,7.3808,93.0882,47.4863,Approve,3180.61,337283.12,0.1802,5600.6,0.075,88,Platinum,Upsell,High
685,CUST-C0234,INST-006,Credit Card,0.3713,0.2122,Stable,-4.6634,0.0494,9.1815,94.2728,80.593,Approve,35448.18,252946.16,0.787,139747.0,0.0122,147,Gold,Cross-sell,Low
686,CUST-C0245,INST-014,Credit Card,0.7187,0.2816,Improving,-3.978,0.1708,4.627,70.3981,90.2477,Deny,17800.67,320722.59,0.4898,19263.13,0.1599,140,Platinum,None,Medium
687,CUST-C0156,INST-014,Business Loan,0.7801,0.2856,Stable,3.8247,0.118,14.1438,72.4764,72.3568,Approve,1120.49,321409.81,0.5123,3488522.74,0.2392,58,Silver,Upsell,Low
688,CUST-C0161,INST-018,Business Loan,0.9188,0.1497,Stable,7.5134,0.1083,6.3313,60.0947,79.4426,Deny,27003.18,303344.77,0.7055,44781.81,-0.0288,128,Bronze,Cross-sell,Low
689,CUST-C0213,INST-006,Line of Credit,0.8875,0.0508,Stable,-9.2173,0.1462,6.1493,85.4528,58.7224,Approve with Conditions,47635.73,424747.42,0.6646,7416.5,0.0985,68,Bronze,Retention,High
690,CUST-C0036,INST-010,Personal Loan,0.4482,0.0607,Stable,-5.1714,0.1344,4.9366,70.7432,58.0888,Approve with Conditions,32562.51,238751.14,0.1639,84222.54,0.1714,106,Platinum,Cross-sell,Low
691,CUST-C0027,INST-012,Mortgage,0.8628,0.0717,Worsening,-7.313,0.0799,6.6706,63.4454,90.7735,Deny,21125.97,177292.47,0.1598,113693.28,0.1555,130,Silver,Retention,High
692,CUST-C0140,INST-013,Line of Credit,0.8094,0.0262,Improving,9.8455,0.1034,4.8272,74.3686,60.8728,Approve with Conditions,19816.63,320768.31,0.5468,3760501.81,0.1854,115,Platinum,Retention,Low
693,CUST-C0116,INST-004,Line of Credit,0.5196,0.0475,Stable,8.2863,0.1961,13.2276,64.7391,86.1839,Approve,14265.15,463908.24,0.3962,630749.28,0.1743,30,Silver,None,Low
694,CUST-C0066,INST-013,Mortgage,0.8866,0.1633,Worsening,0.7976,0.0098,11.6885,86.0804,65.2551,Deny,4456.01,283704.35,0.4747,1525.62,0.1074,149,Platinum,Upsell,Medium
695,CUST-C0220,INST-014,Credit Card,0.0406,0.2117,Worsening,-7.4705,0.0394,7.1635,90.4368,45.8528,Deny,37878.86,287601.0,0.6821,7327.84,0.2759,141,Gold,None,Low
696,CUST-C0068,INST-012,Mortgage,0.3064,0.231,Stable,8.1015,0.199,3.0647,71.9528,71.1988,Deny,37876.87,145105.83,0.8337,47528.7,0.1549,79,Bronze,None,Medium
697,CUST-C0076,INST-001,Mortgage,0.8261,0.2961,Improving,5.6631,0.1504,10.5729,61.4214,51.6375,Approve,7058.37,332957.34,0.7701,5323.57,0.1522,39,Gold,Cross-sell,Low
698,CUST-C0096,INST-005,Business Loan,0.1772,0.2175,Worsening,5.5978,0.0058,10.4065,71.3154,97.024,Deny,34066.18,133139.34,0.6958,5441.51,0.1976,114,Silver,Upsell,Medium
699,CUST-C0119,INST-012,Line of Credit,0.5531,0.2806,Improving,9.0456,0.1135,5.4835,97.7408,76.4086,Approve,45284.94,343488.5,0.7982,9236.17,0.1569,93,Silver,Retention,Medium
700,CUST-C0145,INST-018,Business Loan,0.5925,0.0703,Improving,6.8001,0.0066,12.6919,92.343,88.8516,Deny,16553.12,286006.32,0.5921,1091.56,0.2104,26,Gold,Retention,Medium
