record_id,order_id,customer_id,product_id,order_date,order_total,product_price,inventory_level,customer_segment,order_status,product_category,product_subcategory,customer_ltv,order_frequency,average_order_value,product_rating,product_review_count,price_optimization_flag,price_elasticity,demand_forecast,inventory_turnover,stockout_rate,overstock_rate,revenue_growth_rate,customer_satisfaction_rate,price_optimization_date,price_optimization_result,price_optimization_recommendation
CPG-00001,ORD-00001,CUST-00001,PROD-00001,2024-10-14,699.17,52.26,3113,Medium-Value,Delivered,Beverages,Carbonated Soft Drinks,2294.38,12,81.81,4.45,447,FALSE,0.6028,2188,8.5709,0.102532,0.014281,0.207983,0.76707,2024-09-29,Implemented,Decrease price
CPG-00002,ORD-00002,CUST-00002,PROD-00002,2024-08-24,350.82,34.3,2656,High-Value,Cancelled,Beverages,Carbonated Soft Drinks,1183.79,2,325.92,4.46,337,FALSE,0.7426,1729,11.0011,0.085077,0.143583,-0.129899,0.749616,2024-10-07,Rejected,Bundle with promotion
CPG-00003,ORD-00003,CUST-00003,PROD-00003,2024-06-03,138.57,45.33,3509,Low-Value,Shipped,Beverages,Carbonated Soft Drinks,2027.03,8,398.98,3.61,285,TRUE,1.3229,745,9.1915,0.129165,0.030568,-0.172014,0.840241,2024-05-17,Rejected,Increase price
CPG-00004,ORD-00004,CUST-00004,PROD-00004,2024-08-04,352.73,58.32,94,Low-Value,Cancelled,Beverages,Carbonated Soft Drinks,3617.57,22,356.22,4.49,280,FALSE,1.9446,2787,1.7828,0.065215,0.090745,0.463053,0.937926,2024-08-20,Pending Review,Decrease price
CPG-00005,ORD-00005,CUST-00005,PROD-00005,2024-09-04,822.68,39.06,4988,High-Value,Cancelled,Beverages,Carbonated Soft Drinks,806.55,6,224.96,4.05,162,TRUE,1.5375,4003,0.724,0.139365,0.175744,0.365332,0.653757,2024-07-12,Implemented,Decrease price
CPG-00006,ORD-00006,CUST-00006,PROD-00006,2024-12-08,853.05,6.01,4363,High-Value,Pending,Beverages,Carbonated Soft Drinks,685.54,16,379.8,1.3,258,TRUE,0.7361,4970,5.3661,0.03177,0.107859,0.283945,0.600576,2024-10-16,Pending Review,Bundle with promotion
CPG-00007,ORD-00007,CUST-00007,PROD-00007,2024-10-16,345.48,16.38,524,Medium-Value,Pending,Beverages,Carbonated Soft Drinks,154.12,18,107.44,4.15,241,TRUE,0.1173,483,3.1328,0.135813,0.171927,-0.243314,0.619002,2024-10-08,Rejected,Bundle with promotion
CPG-00008,ORD-00008,CUST-00008,PROD-00008,2024-06-21,132.1,29.41,3874,Medium-Value,Pending,Beverages,Carbonated Soft Drinks,992.53,4,270.41,4.27,302,FALSE,1.1166,3826,10.4341,0.008126,0.130691,0.216944,0.530306,2024-05-15,Rejected,Hold price
CPG-00009,ORD-00009,CUST-00009,PROD-00009,2024-11-18,235.06,26.47,2281,Medium-Value,Delivered,Beverages,Carbonated Soft Drinks,1286.54,3,188.39,1.67,239,TRUE,0.2214,4429,10.1143,0.145349,0.185273,0.378957,0.583156,2024-11-26,Pending Review,Bundle with promotion
CPG-00010,ORD-00010,CUST-00010,PROD-00010,2024-06-21,813.66,17.38,3727,Medium-Value,Shipped,Beverages,Carbonated Soft Drinks,2143.89,24,398.26,1.58,11,FALSE,0.4715,2431,3.0036,0.008772,0.147147,-0.251234,0.656802,2024-07-15,Implemented,Bundle with promotion
CPG-00011,ORD-00011,CUST-00011,PROD-00011,2024-09-03,154.33,12.78,4874,High-Value,Pending,Beverages,Carbonated Soft Drinks,3392.3,8,173.43,4.36,51,TRUE,1.4894,326,7.6229,0.062884,0.116734,0.118226,0.967353,2024-10-27,Implemented,Hold price
CPG-00012,ORD-00012,CUST-00012,PROD-00012,2024-06-28,250.07,28.52,594,High-Value,Cancelled,Beverages,Carbonated Soft Drinks,2318.51,19,398.52,1.46,340,TRUE,1.3903,4145,3.5498,0.139989,0.176173,0.403416,0.684764,2024-07-17,Implemented,Bundle with promotion
CPG-00013,ORD-00013,CUST-00013,PROD-00013,2024-11-27,495.75,32.68,4543,Medium-Value,Cancelled,Beverages,Carbonated Soft Drinks,4662.19,4,376.79,2.06,423,TRUE,0.7347,877,9.0378,0.023317,0.056351,-0.131496,0.67144,2024-10-16,Rejected,Hold price
CPG-00014,ORD-00014,CUST-00014,PROD-00014,2024-09-04,447.35,7.35,3469,Medium-Value,Cancelled,Beverages,Carbonated Soft Drinks,268.23,11,313.03,4.17,443,FALSE,0.4878,3620,6.8443,0.064153,0.001934,-0.239805,0.941553,2024-09-07,Implemented,Increase price
CPG-00015,ORD-00015,CUST-00015,PROD-00015,2024-11-27,341.76,4.43,2987,High-Value,Cancelled,Beverages,Carbonated Soft Drinks,4499.68,7,279.19,2.93,230,TRUE,0.9488,4587,10.6675,0.060957,0.124132,-0.176357,0.964941,2024-12-05,Implemented,Decrease price
CPG-00016,ORD-00016,CUST-00016,PROD-00016,2024-12-09,36.94,55.99,2032,Medium-Value,Shipped,Beverages,Carbonated Soft Drinks,838.03,23,61.08,3.58,180,TRUE,2.1606,1823,2.7951,0.137768,0.069932,0.356429,0.935662,2025-01-28,Implemented,Increase price
CPG-00017,ORD-00017,CUST-00017,PROD-00017,2024-10-13,367.64,18.19,4173,Medium-Value,Delivered,Beverages,Carbonated Soft Drinks,3413.61,18,145.84,1.98,45,TRUE,0.3768,2140,2.5535,0.14438,0.053093,-0.213278,0.717282,2024-08-24,Rejected,Hold price
CPG-00018,ORD-00018,CUST-00018,PROD-00018,2024-08-17,551.49,35.44,2086,High-Value,Cancelled,Beverages,Carbonated Soft Drinks,3558.49,1,217.57,2.79,207,TRUE,0.9741,574,11.4121,0.138116,0.124631,0.23071,0.562313,2024-10-13,Pending Review,Hold price
CPG-00019,ORD-00019,CUST-00019,PROD-00019,2024-10-15,303.67,13.13,3105,Low-Value,Shipped,Beverages,Carbonated Soft Drinks,3753.27,6,253.9,3.44,293,FALSE,1.0746,4,3.9946,0.031527,0.157152,0.185329,0.661125,2024-10-06,Pending Review,Bundle with promotion
CPG-00020,ORD-00020,CUST-00020,PROD-00020,2024-10-17,467.39,11.84,694,Medium-Value,Delivered,Beverages,Carbonated Soft Drinks,2601.49,21,255.32,3.78,417,TRUE,2.0642,1925,8.2372,0.033696,0.039826,-0.28046,0.622421,2024-08-30,Pending Review,Increase price
CPG-00021,ORD-00021,CUST-00021,PROD-00021,2024-08-22,799.23,24.27,3273,High-Value,Shipped,Beverages,Carbonated Soft Drinks,780.48,23,22.11,3.01,377,TRUE,1.9682,1793,2.5227,0.143695,0.103592,-0.259825,0.624599,2024-07-08,Implemented,Bundle with promotion
CPG-00022,ORD-00022,CUST-00022,PROD-00022,2024-06-01,605.81,57.1,3625,Low-Value,Shipped,Beverages,Carbonated Soft Drinks,4084.28,17,182.16,4.46,314,FALSE,2.2533,3889,5.6758,0.112767,0.167973,-0.078151,0.888837,2024-06-21,Pending Review,Decrease price
CPG-00023,ORD-00023,CUST-00023,PROD-00023,2024-07-07,83.57,20.54,4424,High-Value,Shipped,Beverages,Carbonated Soft Drinks,734.95,8,165.55,2.0,149,TRUE,1.7954,527,5.271,0.049632,0.093185,-0.250187,0.916446,2024-06-15,Pending Review,Increase price
CPG-00024,ORD-00024,CUST-00024,PROD-00024,2024-12-03,351.64,45.7,3432,Low-Value,Pending,Beverages,Carbonated Soft Drinks,3750.2,18,323.95,1.02,190,TRUE,1.2718,2236,5.5121,0.004354,0.067226,0.243314,0.702158,2024-11-13,Implemented,Bundle with promotion
CPG-00025,ORD-00025,CUST-00025,PROD-00025,2024-12-19,882.94,36.33,222,High-Value,Delivered,Beverages,Carbonated Soft Drinks,3231.61,5,349.4,2.87,474,TRUE,0.2207,3106,4.2646,0.068205,0.0675,0.403712,0.639128,2024-11-23,Pending Review,Hold price
CPG-00026,ORD-00026,CUST-00026,PROD-00026,2024-11-27,431.22,22.3,562,Low-Value,Delivered,Beverages,Carbonated Soft Drinks,249.28,1,380.85,3.62,36,TRUE,2.1141,1249,3.2433,0.071034,0.022878,0.458206,0.732517,2025-01-26,Pending Review,Hold price
CPG-00027,ORD-00027,CUST-00027,PROD-00027,2024-06-09,552.41,49.52,2548,High-Value,Pending,Beverages,Carbonated Soft Drinks,2914.49,10,238.8,3.62,68,FALSE,1.052,1625,1.374,0.103592,0.125448,-0.218479,0.88624,2024-07-28,Rejected,Increase price
CPG-00028,ORD-00028,CUST-00028,PROD-00028,2024-11-17,707.63,23.49,4144,Low-Value,Pending,Beverages,Carbonated Soft Drinks,1739.09,14,332.49,2.22,229,TRUE,1.1405,2968,7.8092,0.124306,0.141462,0.04839,0.866898,2024-10-05,Rejected,Hold price
CPG-00029,ORD-00029,CUST-00029,PROD-00029,2024-10-02,730.26,27.26,4853,Medium-Value,Cancelled,Beverages,Carbonated Soft Drinks,1645.41,8,335.68,2.88,257,TRUE,0.7694,3693,3.3044,0.069706,0.122066,0.003191,0.51435,2024-09-02,Pending Review,Decrease price
CPG-00030,ORD-00030,CUST-00030,PROD-00030,2024-08-30,329.02,36.58,2263,Low-Value,Delivered,Beverages,Carbonated Soft Drinks,100.25,7,52.53,1.9,153,FALSE,1.2726,1969,8.442,0.096885,0.098164,0.334346,0.546527,2024-07-04,Implemented,Bundle with promotion
CPG-00031,ORD-00031,CUST-00031,PROD-00031,2024-10-22,285.99,32.79,3485,Low-Value,Delivered,Beverages,Carbonated Soft Drinks,2774.42,12,287.08,3.04,252,FALSE,0.8359,1889,1.8875,0.028888,0.023911,0.128691,0.881095,2024-11-26,Implemented,Decrease price
CPG-00032,ORD-00032,CUST-00032,PROD-00032,2024-06-22,668.67,32.43,2318,High-Value,Cancelled,Beverages,Carbonated Soft Drinks,4171.51,10,106.44,1.97,311,TRUE,0.8254,4376,1.9557,0.006827,0.010905,-0.066291,0.972045,2024-08-09,Rejected,Bundle with promotion
CPG-00033,ORD-00033,CUST-00033,PROD-00033,2024-05-24,787.36,27.55,1510,High-Value,Cancelled,Beverages,Carbonated Soft Drinks,1299.77,16,63.35,3.01,250,TRUE,1.0617,607,7.1357,0.102968,0.030345,0.348914,0.974563,2024-06-23,Implemented,Decrease price
CPG-00034,ORD-00034,CUST-00034,PROD-00034,2024-05-28,691.53,15.09,4280,Medium-Value,Pending,Beverages,Carbonated Soft Drinks,2280.05,15,132.99,3.12,414,FALSE,0.8329,494,7.5108,0.111013,0.189518,-0.13377,0.605513,2024-07-06,Rejected,Increase price
CPG-00035,ORD-00035,CUST-00035,PROD-00035,2024-06-07,168.82,28.13,4864,Medium-Value,Delivered,Beverages,Carbonated Soft Drinks,1491.73,8,129.48,1.26,11,FALSE,1.7872,3720,1.3186,0.035014,0.052911,0.332998,0.794895,2024-05-11,Implemented,Bundle with promotion
CPG-00036,ORD-00036,CUST-00036,PROD-00036,2024-05-27,496.94,49.94,584,High-Value,Cancelled,Beverages,Carbonated Soft Drinks,871.32,10,246.12,3.27,475,FALSE,1.154,3840,8.4198,0.10496,0.188535,0.100378,0.746898,2024-05-09,Implemented,Increase price
CPG-00037,ORD-00037,CUST-00037,PROD-00037,2024-12-11,665.06,15.28,4712,Low-Value,Shipped,Beverages,Carbonated Soft Drinks,4756.39,22,332.14,3.11,23,TRUE,1.9315,1436,5.9108,0.097726,0.183215,-0.154809,0.792665,2024-12-05,Rejected,Bundle with promotion
CPG-00038,ORD-00038,CUST-00038,PROD-00038,2024-05-21,322.95,51.75,2701,Medium-Value,Shipped,Beverages,Carbonated Soft Drinks,3483.68,10,271.78,2.17,353,FALSE,2.0526,4507,0.922,0.013209,0.05048,-0.207263,0.886274,2024-05-27,Rejected,Increase price
CPG-00039,ORD-00039,CUST-00039,PROD-00039,2024-10-13,784.39,32.07,4083,Low-Value,Cancelled,Beverages,Carbonated Soft Drinks,2238.1,2,97.35,2.62,37,TRUE,2.3264,3590,10.6297,0.072707,0.005774,0.204018,0.899657,2024-09-30,Rejected,Decrease price
CPG-00040,ORD-00040,CUST-00040,PROD-00040,2024-07-16,27.1,54.95,3780,High-Value,Pending,Beverages,Carbonated Soft Drinks,3256.16,5,209.38,2.43,125,FALSE,1.3213,2240,5.2781,0.072375,0.094444,0.065429,0.572321,2024-05-23,Implemented,Decrease price
CPG-00041,ORD-00041,CUST-00041,PROD-00041,2024-12-05,259.48,56.19,4159,Medium-Value,Delivered,Beverages,Carbonated Soft Drinks,4111.72,10,295.9,3.77,222,FALSE,2.1766,3659,6.6937,0.051769,0.110383,0.134744,0.727672,2024-11-13,Pending Review,Decrease price
CPG-00042,ORD-00042,CUST-00042,PROD-00042,2024-10-23,521.04,4.53,3874,Low-Value,Delivered,Beverages,Carbonated Soft Drinks,4571.48,13,166.71,1.82,407,TRUE,1.2888,304,1.9518,0.144803,0.066399,-0.219708,0.92252,2024-11-18,Implemented,Bundle with promotion
CPG-00043,ORD-00043,CUST-00043,PROD-00043,2024-05-01,142.58,29.23,2171,Medium-Value,Pending,Beverages,Carbonated Soft Drinks,3135.13,13,266.94,4.05,89,FALSE,2.1456,4372,4.8701,0.047499,0.143743,0.307521,0.936192,2024-05-05,Implemented,Increase price
CPG-00044,ORD-00044,CUST-00044,PROD-00044,2024-06-27,620.69,7.24,806,Low-Value,Pending,Beverages,Carbonated Soft Drinks,3534.26,4,188.6,2.01,126,FALSE,2.2682,377,4.2303,0.008418,0.071693,0.044549,0.622099,2024-05-10,Pending Review,Decrease price
CPG-00045,ORD-00045,CUST-00045,PROD-00045,2024-06-10,84.89,15.97,4777,High-Value,Delivered,Beverages,Carbonated Soft Drinks,1199.33,21,116.51,4.05,327,FALSE,1.7004,3812,10.8639,0.101642,0.031595,0.053384,0.672783,2024-07-23,Rejected,Hold price
CPG-00046,ORD-00046,CUST-00046,PROD-00046,2024-10-08,866.4,19.52,3151,Medium-Value,Cancelled,Beverages,Carbonated Soft Drinks,577.93,13,237.33,3.42,243,FALSE,2.4825,2419,0.7523,0.124506,0.079161,-0.293522,0.932534,2024-12-01,Rejected,Increase price
CPG-00047,ORD-00047,CUST-00047,PROD-00047,2024-12-17,674.48,46.99,1885,Low-Value,Pending,Beverages,Carbonated Soft Drinks,4019.56,8,261.91,3.91,472,FALSE,1.7266,1121,7.7249,0.135511,0.129268,-0.052854,0.720412,2024-11-28,Rejected,Hold price
CPG-00048,ORD-00048,CUST-00048,PROD-00048,2024-11-01,94.77,12.19,1082,Low-Value,Delivered,Beverages,Carbonated Soft Drinks,4388.48,12,221.72,2.03,392,FALSE,2.0931,2106,11.0116,0.141628,0.193477,-0.063887,0.935198,2024-11-27,Implemented,Bundle with promotion
CPG-00049,ORD-00049,CUST-00049,PROD-00049,2024-12-30,139.57,44.0,3255,Low-Value,Delivered,Beverages,Carbonated Soft Drinks,1860.59,13,25.29,4.38,450,TRUE,1.1915,2148,7.2224,0.123363,0.188058,-0.213323,0.616911,2025-02-11,Implemented,Hold price
CPG-00050,ORD-00050,CUST-00050,PROD-00050,2024-12-18,210.91,54.74,2475,Low-Value,Pending,Beverages,Carbonated Soft Drinks,2071.06,5,37.23,1.22,431,TRUE,0.8305,4036,1.8354,0.03522,0.107509,0.010917,0.685506,2025-01-16,Rejected,Bundle with promotion
CPG-00051,ORD-00051,CUST-00051,PROD-00051,2024-09-25,658.04,50.35,3343,Medium-Value,Pending,Beverages,Carbonated Soft Drinks,211.95,12,102.56,4.1,345,FALSE,2.3813,2972,1.6426,0.102852,0.108893,0.482274,0.679337,2024-10-01,Pending Review,Hold price
CPG-00052,ORD-00052,CUST-00052,PROD-00052,2024-06-15,854.87,14.3,4891,High-Value,Delivered,Beverages,Carbonated Soft Drinks,300.36,11,112.56,3.88,56,TRUE,1.9887,1682,1.289,0.114774,0.041431,-0.127239,0.934848,2024-05-03,Pending Review,Decrease price
CPG-00053,ORD-00053,CUST-00053,PROD-00053,2024-11-15,17.51,33.33,1429,High-Value,Pending,Beverages,Carbonated Soft Drinks,3322.24,1,70.09,4.0,84,FALSE,1.996,1950,7.2718,0.002367,0.053074,-0.198593,0.71048,2024-11-06,Implemented,Increase price
CPG-00054,ORD-00054,CUST-00054,PROD-00054,2024-08-27,703.55,31.22,355,Low-Value,Shipped,Beverages,Carbonated Soft Drinks,3926.97,22,218.15,2.8,65,FALSE,1.644,256,1.1995,0.071847,0.080323,0.248878,0.745134,2024-07-29,Pending Review,Increase price
CPG-00055,ORD-00055,CUST-00055,PROD-00055,2024-12-14,86.5,17.95,4795,Low-Value,Cancelled,Beverages,Carbonated Soft Drinks,3575.16,13,397.96,3.13,43,FALSE,1.1889,4960,5.4473,0.118964,0.022883,0.22377,0.938853,2024-12-05,Rejected,Decrease price
CPG-00056,ORD-00056,CUST-00056,PROD-00056,2024-08-16,800.96,25.13,778,Medium-Value,Shipped,Beverages,Carbonated Soft Drinks,2162.48,22,116.86,2.45,433,TRUE,1.7484,3886,1.272,0.124766,0.018646,-0.222748,0.869398,2024-09-14,Implemented,Increase price
CPG-00057,ORD-00057,CUST-00057,PROD-00057,2024-09-25,512.09,52.67,3464,Low-Value,Pending,Beverages,Carbonated Soft Drinks,304.66,10,248.16,3.35,220,FALSE,0.3486,4157,2.9465,0.09851,0.044849,-0.213425,0.922687,2024-10-17,Pending Review,Increase price
CPG-00058,ORD-00058,CUST-00058,PROD-00058,2024-11-09,523.08,58.52,4560,High-Value,Shipped,Beverages,Carbonated Soft Drinks,3064.52,22,335.2,3.83,442,FALSE,0.1695,2239,8.581,0.046348,0.067965,-0.295115,0.934931,2024-10-04,Rejected,Bundle with promotion
CPG-00059,ORD-00059,CUST-00059,PROD-00059,2024-05-15,670.76,32.77,3081,Medium-Value,Delivered,Beverages,Carbonated Soft Drinks,2295.55,6,160.62,4.4,56,FALSE,1.9644,4650,7.3566,0.132501,0.031116,0.303549,0.524881,2024-03-28,Implemented,Hold price
CPG-00060,ORD-00060,CUST-00060,PROD-00060,2024-08-19,390.25,14.5,4197,High-Value,Pending,Beverages,Carbonated Soft Drinks,1758.61,4,127.63,3.12,222,FALSE,1.3646,2527,1.0223,0.05929,0.119865,-0.29385,0.65071,2024-09-05,Implemented,Decrease price
CPG-00061,ORD-00061,CUST-00061,PROD-00061,2024-11-09,271.16,26.98,1058,Medium-Value,Shipped,Beverages,Carbonated Soft Drinks,2686.28,8,210.1,1.42,264,FALSE,0.273,347,5.5165,0.068963,0.015573,-0.049551,0.714642,2024-09-22,Pending Review,Bundle with promotion
CPG-00062,ORD-00062,CUST-00062,PROD-00062,2024-07-11,373.45,56.96,3769,Low-Value,Delivered,Beverages,Carbonated Soft Drinks,4602.86,3,185.95,4.38,97,TRUE,0.684,4825,5.1052,0.011797,0.174105,0.296644,0.610786,2024-05-20,Implemented,Increase price
CPG-00063,ORD-00063,CUST-00063,PROD-00063,2024-09-05,115.91,22.26,1209,High-Value,Pending,Beverages,Carbonated Soft Drinks,558.88,9,94.96,2.78,473,TRUE,1.9245,618,2.5372,0.115927,0.098823,0.303557,0.879939,2024-07-17,Pending Review,Hold price
CPG-00064,ORD-00064,CUST-00064,PROD-00064,2024-12-05,294.78,38.62,2250,Low-Value,Pending,Beverages,Carbonated Soft Drinks,328.05,17,48.19,2.54,250,FALSE,1.1846,467,4.7405,0.043062,0.128933,0.481895,0.545148,2025-01-02,Rejected,Bundle with promotion
CPG-00065,ORD-00065,CUST-00065,PROD-00065,2024-08-24,505.57,28.08,4683,Low-Value,Pending,Beverages,Carbonated Soft Drinks,981.79,20,200.74,3.77,468,TRUE,2.3985,3691,1.6903,0.134869,0.068688,0.271452,0.752275,2024-08-26,Implemented,Increase price
CPG-00066,ORD-00066,CUST-00066,PROD-00066,2024-06-30,402.42,11.21,3054,Medium-Value,Pending,Beverages,Carbonated Soft Drinks,1967.71,11,277.98,2.54,277,TRUE,1.9941,2742,1.258,0.014176,0.135676,-0.072682,0.861867,2024-08-08,Rejected,Decrease price
CPG-00067,ORD-00067,CUST-00067,PROD-00067,2024-07-22,530.72,58.13,3210,High-Value,Delivered,Beverages,Carbonated Soft Drinks,2995.45,3,137.64,1.49,189,FALSE,1.6444,2691,9.8516,0.100517,0.165792,0.29102,0.842707,2024-07-02,Rejected,Increase price
CPG-00068,ORD-00068,CUST-00068,PROD-00068,2024-10-10,608.35,19.91,1754,Medium-Value,Cancelled,Beverages,Carbonated Soft Drinks,4740.96,16,92.96,2.78,19,TRUE,0.4719,2424,10.2109,0.015171,0.154175,0.368096,0.941841,2024-09-16,Implemented,Hold price
CPG-00069,ORD-00069,CUST-00069,PROD-00069,2024-12-08,693.18,11.41,1356,Low-Value,Cancelled,Beverages,Carbonated Soft Drinks,2216.48,14,158.43,1.46,202,TRUE,2.427,2335,9.1525,0.11757,0.046801,-0.108665,0.982798,2024-11-28,Pending Review,Decrease price
CPG-00070,ORD-00070,CUST-00070,PROD-00070,2024-07-31,853.21,18.34,3128,Low-Value,Pending,Beverages,Carbonated Soft Drinks,2660.93,6,330.42,4.99,8,TRUE,2.1952,428,7.8736,0.131118,0.110908,-0.217928,0.922946,2024-09-18,Implemented,Hold price
CPG-00071,ORD-00071,CUST-00071,PROD-00071,2024-05-19,256.42,27.37,1818,Medium-Value,Delivered,Beverages,Carbonated Soft Drinks,4428.92,1,177.66,4.17,85,FALSE,1.3048,1932,4.9409,0.012241,0.044908,-0.045052,0.549542,2024-07-11,Rejected,Hold price
CPG-00072,ORD-00072,CUST-00072,PROD-00072,2024-11-16,136.78,42.37,1136,Low-Value,Delivered,Beverages,Carbonated Soft Drinks,2372.1,20,22.0,2.0,434,TRUE,0.1456,1767,10.1021,0.082321,0.145447,0.122217,0.555593,2024-10-16,Pending Review,Decrease price
CPG-00073,ORD-00073,CUST-00073,PROD-00073,2024-07-14,122.84,38.12,514,High-Value,Cancelled,Beverages,Carbonated Soft Drinks,4191.6,16,246.76,1.83,337,TRUE,1.6167,4711,3.2823,0.021537,0.085848,0.191848,0.620282,2024-09-02,Pending Review,Decrease price
CPG-00074,ORD-00074,CUST-00074,PROD-00074,2024-10-15,606.37,57.3,4457,Low-Value,Cancelled,Beverages,Carbonated Soft Drinks,3942.74,17,230.58,2.83,194,FALSE,2.196,357,7.8102,0.147156,0.05073,-0.287006,0.89426,2024-10-19,Pending Review,Decrease price
CPG-00075,ORD-00075,CUST-00075,PROD-00075,2024-11-01,596.54,45.89,1092,High-Value,Cancelled,Beverages,Carbonated Soft Drinks,1793.88,11,329.13,1.36,307,TRUE,2.0929,3807,11.7794,0.07178,0.036456,-0.192118,0.858023,2024-12-18,Pending Review,Increase price
CPG-00076,ORD-00076,CUST-00076,PROD-00076,2024-07-26,52.48,59.89,2249,Low-Value,Shipped,Snacks,Salty Snacks,4901.14,2,48.52,4.05,190,FALSE,0.9719,1311,11.4571,0.021417,0.121515,0.32505,0.517399,2024-09-03,Implemented,Decrease price
CPG-00077,ORD-00077,CUST-00077,PROD-00077,2024-11-13,339.2,37.1,3685,Medium-Value,Pending,Snacks,Salty Snacks,1891.47,3,238.09,2.34,300,FALSE,1.0553,2284,3.3705,0.017017,0.147135,0.099235,0.693494,2024-11-15,Rejected,Increase price
CPG-00078,ORD-00078,CUST-00078,PROD-00078,2024-07-04,638.07,42.25,4023,High-Value,Shipped,Snacks,Salty Snacks,657.06,3,191.78,1.75,323,FALSE,2.4934,2619,8.1802,0.106431,0.109999,-0.06771,0.649978,2024-07-22,Implemented,Decrease price
CPG-00079,ORD-00079,CUST-00079,PROD-00079,2024-11-17,334.92,10.05,4047,High-Value,Cancelled,Snacks,Salty Snacks,1836.44,19,160.19,1.78,112,TRUE,1.5687,707,1.2561,0.059724,0.143387,0.082932,0.705398,2025-01-06,Pending Review,Increase price
CPG-00080,ORD-00080,CUST-00080,PROD-00080,2024-05-30,875.56,41.45,2822,High-Value,Cancelled,Snacks,Salty Snacks,4395.9,18,263.12,3.25,240,TRUE,1.9427,1058,5.4751,0.136607,0.011083,-0.200671,0.576508,2024-06-28,Implemented,Decrease price
CPG-00081,ORD-00081,CUST-00081,PROD-00081,2024-07-19,842.24,53.91,646,Medium-Value,Cancelled,Snacks,Salty Snacks,1021.69,18,124.29,1.79,495,FALSE,1.5746,766,6.2796,0.025295,0.188321,-0.176645,0.829366,2024-06-15,Rejected,Hold price
CPG-00082,ORD-00082,CUST-00082,PROD-00082,2024-11-29,51.46,57.02,4724,Medium-Value,Pending,Snacks,Salty Snacks,3273.09,19,178.3,4.02,51,TRUE,1.2953,4470,3.8312,0.143498,0.096589,0.343751,0.842495,2024-11-26,Pending Review,Bundle with promotion
CPG-00083,ORD-00083,CUST-00083,PROD-00083,2024-05-16,68.02,13.83,4969,High-Value,Pending,Snacks,Salty Snacks,1597.28,23,141.34,2.54,257,FALSE,2.4409,1072,9.2476,0.077247,0.021237,-0.10661,0.561261,2024-06-14,Pending Review,Decrease price
CPG-00084,ORD-00084,CUST-00084,PROD-00084,2024-06-03,59.79,26.25,1308,Medium-Value,Delivered,Snacks,Salty Snacks,4672.07,24,138.83,4.31,452,TRUE,1.2958,4217,5.8684,0.131861,0.099474,-0.227961,0.696621,2024-07-12,Pending Review,Decrease price
CPG-00085,ORD-00085,CUST-00085,PROD-00085,2024-06-22,327.31,53.18,3855,Medium-Value,Pending,Snacks,Salty Snacks,2706.62,4,183.75,1.18,263,FALSE,1.846,3304,4.7083,0.060087,0.114056,-0.144276,0.776611,2024-07-30,Implemented,Bundle with promotion
CPG-00086,ORD-00086,CUST-00086,PROD-00086,2024-09-04,691.5,37.44,1054,High-Value,Shipped,Snacks,Salty Snacks,1999.82,11,231.98,1.98,329,FALSE,1.9119,1631,7.4283,0.060208,0.008051,-0.268869,0.856796,2024-07-22,Pending Review,Bundle with promotion
CPG-00087,ORD-00087,CUST-00087,PROD-00087,2024-06-05,805.42,20.47,3219,Low-Value,Pending,Snacks,Salty Snacks,3709.63,10,245.62,1.49,486,FALSE,1.801,2456,5.9613,0.002496,0.066248,-0.212316,0.70827,2024-04-26,Pending Review,Increase price
CPG-00088,ORD-00088,CUST-00088,PROD-00088,2024-09-27,435.01,35.55,1864,Low-Value,Cancelled,Snacks,Salty Snacks,304.21,16,84.79,4.38,410,FALSE,0.4547,1985,0.8631,0.142231,0.021979,-0.28485,0.656846,2024-11-15,Implemented,Bundle with promotion
CPG-00089,ORD-00089,CUST-00089,PROD-00089,2024-10-21,378.18,52.62,510,Low-Value,Delivered,Snacks,Salty Snacks,733.51,7,233.14,3.71,481,FALSE,1.3611,2571,11.5019,0.06895,0.106625,0.137019,0.837934,2024-11-20,Rejected,Hold price
CPG-00090,ORD-00090,CUST-00090,PROD-00090,2024-10-01,185.15,15.04,2438,Medium-Value,Shipped,Snacks,Salty Snacks,3539.26,23,287.9,1.86,295,FALSE,1.2515,4592,11.2376,0.119311,0.054692,-0.202501,0.838311,2024-10-20,Pending Review,Bundle with promotion
CPG-00091,ORD-00091,CUST-00091,PROD-00091,2024-11-23,859.83,18.68,647,Medium-Value,Shipped,Snacks,Salty Snacks,4623.85,21,117.45,3.82,158,FALSE,0.6136,4413,3.618,0.084303,0.054324,-0.212619,0.870445,2024-11-20,Implemented,Decrease price
CPG-00092,ORD-00092,CUST-00092,PROD-00092,2024-05-10,816.09,7.81,2705,Low-Value,Pending,Snacks,Salty Snacks,2388.4,22,312.89,1.79,129,TRUE,2.4148,1294,5.1794,0.140255,0.17568,0.081959,0.599728,2024-05-13,Pending Review,Hold price
CPG-00093,ORD-00093,CUST-00093,PROD-00093,2024-07-10,67.36,15.47,305,High-Value,Pending,Snacks,Salty Snacks,2118.53,6,374.89,3.69,343,TRUE,2.4932,3253,9.5615,0.027947,0.149801,0.397833,0.644733,2024-06-03,Implemented,Increase price
CPG-00094,ORD-00094,CUST-00094,PROD-00094,2024-07-13,517.65,28.35,4450,Low-Value,Cancelled,Snacks,Salty Snacks,2494.87,5,343.4,1.38,181,FALSE,0.7548,923,4.3029,0.109668,0.129657,0.274879,0.507042,2024-06-24,Pending Review,Hold price
CPG-00095,ORD-00095,CUST-00095,PROD-00095,2024-09-20,685.2,54.03,3503,Low-Value,Pending,Snacks,Salty Snacks,1673.24,13,274.32,1.61,448,TRUE,2.456,3912,4.2214,0.037207,0.052157,-0.111583,0.876878,2024-08-10,Pending Review,Hold price
CPG-00096,ORD-00096,CUST-00096,PROD-00096,2024-09-24,522.0,15.71,968,Medium-Value,Pending,Snacks,Salty Snacks,1568.69,13,280.71,1.92,194,FALSE,1.7567,2417,4.7268,0.033127,0.191472,0.082546,0.727489,2024-08-10,Rejected,Hold price
CPG-00097,ORD-00097,CUST-00097,PROD-00097,2024-08-12,501.07,40.52,1789,High-Value,Pending,Snacks,Salty Snacks,3417.69,20,351.79,2.65,285,TRUE,1.3612,4327,8.5933,0.011715,0.112834,-0.250594,0.773825,2024-10-02,Rejected,Decrease price
CPG-00098,ORD-00098,CUST-00098,PROD-00098,2024-09-21,489.94,27.63,1682,Low-Value,Cancelled,Snacks,Salty Snacks,2936.58,3,361.58,1.58,447,FALSE,2.0409,3715,2.0174,0.062314,0.112782,0.147038,0.836384,2024-10-24,Pending Review,Increase price
CPG-00099,ORD-00099,CUST-00099,PROD-00099,2024-08-07,737.56,4.63,2822,Low-Value,Shipped,Snacks,Salty Snacks,365.61,2,375.14,3.61,306,TRUE,2.4667,3868,0.865,0.06133,0.153794,0.312662,0.989167,2024-08-02,Rejected,Bundle with promotion
CPG-00100,ORD-00100,CUST-00100,PROD-00100,2024-08-01,411.96,6.65,4417,High-Value,Shipped,Snacks,Salty Snacks,3284.99,12,65.08,4.21,203,FALSE,1.3692,1825,10.1004,0.113427,0.195698,0.070403,0.859547,2024-08-25,Pending Review,Bundle with promotion
CPG-00101,ORD-00101,CUST-00101,PROD-00101,2024-11-24,218.25,12.93,924,High-Value,Cancelled,Snacks,Salty Snacks,4056.92,14,253.67,2.61,89,TRUE,0.6776,552,1.6603,0.005036,0.119557,0.262629,0.524338,2024-12-11,Rejected,Increase price
CPG-00102,ORD-00102,CUST-00102,PROD-00102,2024-08-08,222.39,5.27,4127,Medium-Value,Shipped,Snacks,Salty Snacks,1209.1,24,238.92,1.76,452,FALSE,0.6686,1174,11.8355,0.078188,0.082712,-0.079877,0.778359,2024-09-26,Rejected,Decrease price
CPG-00103,ORD-00103,CUST-00103,PROD-00103,2024-10-05,393.07,40.94,4296,Medium-Value,Pending,Snacks,Salty Snacks,3496.73,14,76.7,2.73,186,FALSE,0.5413,4407,5.9455,0.127401,0.060147,0.266061,0.902888,2024-08-24,Implemented,Bundle with promotion
CPG-00104,ORD-00104,CUST-00104,PROD-00104,2024-12-31,508.2,13.79,647,Medium-Value,Shipped,Snacks,Salty Snacks,4243.31,3,223.54,1.47,134,TRUE,0.2237,3090,8.2472,0.090438,0.174724,-0.149469,0.880848,2024-12-14,Rejected,Decrease price
CPG-00105,ORD-00105,CUST-00105,PROD-00105,2024-08-28,784.48,2.89,1556,Low-Value,Delivered,Snacks,Salty Snacks,630.72,16,367.49,2.17,499,TRUE,1.0519,1961,6.8489,0.116327,0.076132,0.12692,0.67963,2024-10-25,Pending Review,Hold price
CPG-00106,ORD-00106,CUST-00106,PROD-00106,2024-09-06,427.41,46.17,2623,High-Value,Shipped,Snacks,Salty Snacks,1884.99,14,37.37,3.81,379,TRUE,1.879,133,3.4989,0.140214,0.115829,0.034062,0.576206,2024-10-06,Pending Review,Decrease price
CPG-00107,ORD-00107,CUST-00107,PROD-00107,2024-08-03,752.53,41.72,2108,Medium-Value,Pending,Snacks,Salty Snacks,4834.22,21,301.05,2.75,345,FALSE,0.5038,2886,2.4466,0.108047,0.097663,0.43352,0.771068,2024-10-02,Rejected,Increase price
CPG-00108,ORD-00108,CUST-00108,PROD-00108,2024-09-09,44.93,40.76,52,Medium-Value,Cancelled,Snacks,Salty Snacks,730.58,21,107.94,3.96,493,TRUE,0.1219,4143,5.7441,0.009068,0.127546,0.447123,0.956376,2024-10-31,Rejected,Bundle with promotion
CPG-00109,ORD-00109,CUST-00109,PROD-00109,2024-05-02,486.01,43.89,4388,Medium-Value,Delivered,Snacks,Salty Snacks,134.86,23,276.13,2.44,18,TRUE,0.3568,790,6.5304,0.036145,0.123956,-0.098065,0.677221,2024-03-29,Pending Review,Increase price
CPG-00110,ORD-00110,CUST-00110,PROD-00110,2024-08-01,421.21,19.4,660,Low-Value,Shipped,Snacks,Salty Snacks,4958.79,21,308.64,1.85,366,TRUE,1.0727,3090,6.8561,0.008417,0.00189,-0.162893,0.749929,2024-07-17,Pending Review,Hold price
CPG-00111,ORD-00111,CUST-00111,PROD-00111,2024-09-19,806.89,54.27,4643,Medium-Value,Delivered,Snacks,Salty Snacks,1391.92,3,280.08,4.22,127,FALSE,2.2583,4617,8.0683,0.026903,0.170086,-0.287474,0.603579,2024-10-02,Implemented,Bundle with promotion
CPG-00112,ORD-00112,CUST-00112,PROD-00112,2024-12-21,279.86,51.27,4428,Medium-Value,Delivered,Snacks,Salty Snacks,1950.04,24,73.18,2.97,300,TRUE,1.3019,2834,1.1175,0.065563,0.167735,-0.027526,0.884503,2025-02-12,Rejected,Bundle with promotion
CPG-00113,ORD-00113,CUST-00113,PROD-00113,2024-11-12,303.84,30.46,2914,Low-Value,Cancelled,Snacks,Salty Snacks,4708.66,14,90.58,3.22,411,FALSE,0.3057,2420,9.6776,0.106966,0.016408,-0.176623,0.855839,2024-12-10,Rejected,Decrease price
CPG-00114,ORD-00114,CUST-00114,PROD-00114,2024-11-03,295.26,27.79,2209,High-Value,Shipped,Snacks,Salty Snacks,705.91,6,183.77,1.37,12,FALSE,0.3479,735,4.57,0.01396,0.119609,-0.040456,0.692619,2024-10-14,Pending Review,Bundle with promotion
CPG-00115,ORD-00115,CUST-00115,PROD-00115,2024-08-05,704.56,59.58,1988,Low-Value,Cancelled,Snacks,Salty Snacks,2629.47,22,164.68,3.54,296,TRUE,0.7454,2199,6.1709,0.00949,0.086935,0.036882,0.742116,2024-10-01,Implemented,Hold price
CPG-00116,ORD-00116,CUST-00116,PROD-00116,2024-07-01,850.64,37.77,3750,High-Value,Cancelled,Snacks,Salty Snacks,720.67,1,380.55,3.52,263,FALSE,2.1199,3113,9.7469,0.049431,0.066947,0.35238,0.929754,2024-08-08,Rejected,Decrease price
CPG-00117,ORD-00117,CUST-00117,PROD-00117,2024-07-13,298.79,20.22,3262,Medium-Value,Cancelled,Snacks,Salty Snacks,1492.67,23,260.5,4.32,112,TRUE,0.8821,2297,9.8897,0.05894,0.022778,0.15108,0.796114,2024-06-12,Rejected,Decrease price
CPG-00118,ORD-00118,CUST-00118,PROD-00118,2024-10-19,38.82,48.27,566,Medium-Value,Pending,Snacks,Salty Snacks,3381.24,5,260.67,4.89,4,TRUE,0.7064,1263,8.7252,0.118362,0.014793,0.49256,0.739617,2024-09-20,Pending Review,Bundle with promotion
CPG-00119,ORD-00119,CUST-00119,PROD-00119,2024-09-14,714.79,33.14,696,High-Value,Delivered,Snacks,Salty Snacks,3856.32,22,272.58,2.26,468,TRUE,1.6528,363,6.977,0.096755,0.129349,0.473449,0.665798,2024-07-24,Pending Review,Increase price
CPG-00120,ORD-00120,CUST-00120,PROD-00120,2024-04-30,243.98,35.67,4712,High-Value,Delivered,Snacks,Salty Snacks,2256.6,13,195.96,2.79,275,TRUE,0.9279,202,6.0519,0.044315,0.18411,-0.231316,0.915659,2024-06-04,Rejected,Decrease price
CPG-00121,ORD-00121,CUST-00121,PROD-00121,2024-07-26,318.61,22.2,799,Medium-Value,Shipped,Snacks,Salty Snacks,3623.87,15,141.19,3.74,276,FALSE,0.2072,943,0.7597,0.051462,0.021873,0.34004,0.964961,2024-08-25,Rejected,Decrease price
CPG-00122,ORD-00122,CUST-00122,PROD-00122,2024-09-07,503.44,15.45,3318,Low-Value,Delivered,Snacks,Salty Snacks,963.04,21,269.78,2.16,228,FALSE,0.1701,1617,5.6701,0.064433,0.00089,-0.128163,0.639172,2024-08-08,Rejected,Increase price
CPG-00123,ORD-00123,CUST-00123,PROD-00123,2024-09-22,722.56,13.43,933,Medium-Value,Delivered,Snacks,Salty Snacks,3369.97,16,220.53,2.88,197,FALSE,1.5327,3216,7.2506,0.052189,0.169104,0.19389,0.906869,2024-09-01,Rejected,Hold price
CPG-00124,ORD-00124,CUST-00124,PROD-00124,2024-12-19,558.82,8.84,2501,High-Value,Cancelled,Snacks,Salty Snacks,956.07,23,73.72,1.3,78,FALSE,1.1038,1130,7.1103,0.063456,0.097334,0.129903,0.95958,2024-11-28,Implemented,Decrease price
CPG-00125,ORD-00125,CUST-00125,PROD-00125,2024-08-31,270.62,37.93,2941,High-Value,Cancelled,Snacks,Salty Snacks,2448.81,7,329.78,1.65,441,FALSE,1.0819,4029,5.2798,0.125984,0.09774,-0.233863,0.51543,2024-08-02,Implemented,Hold price
CPG-00126,ORD-00126,CUST-00126,PROD-00126,2024-05-06,258.24,28.52,4057,Low-Value,Cancelled,Snacks,Salty Snacks,2578.49,19,63.4,2.88,96,FALSE,1.4009,341,9.24,0.066205,0.043708,0.040124,0.867994,2024-06-24,Rejected,Decrease price
CPG-00127,ORD-00127,CUST-00127,PROD-00127,2024-07-13,413.01,27.47,961,High-Value,Delivered,Snacks,Salty Snacks,1088.9,24,243.41,2.22,428,FALSE,2.1665,5000,7.7769,0.024897,0.027847,-0.134704,0.603471,2024-07-07,Implemented,Hold price
CPG-00128,ORD-00128,CUST-00128,PROD-00128,2024-09-11,543.22,18.78,2190,Low-Value,Shipped,Snacks,Salty Snacks,4928.17,22,329.77,1.59,370,TRUE,2.4107,3372,11.0658,0.148873,0.17341,-0.198489,0.933039,2024-08-23,Implemented,Decrease price
CPG-00129,ORD-00129,CUST-00129,PROD-00129,2024-10-27,748.21,30.39,4730,Low-Value,Shipped,Snacks,Salty Snacks,1380.15,14,162.57,3.67,356,TRUE,1.6207,763,5.1328,0.11247,0.138941,0.401854,0.727348,2024-10-01,Pending Review,Hold price
CPG-00130,ORD-00130,CUST-00130,PROD-00130,2024-09-23,783.98,58.38,2934,High-Value,Delivered,Snacks,Salty Snacks,3988.61,13,102.78,3.97,57,FALSE,2.0796,4053,3.5882,0.124252,0.067551,0.162347,0.783071,2024-08-07,Pending Review,Hold price
CPG-00131,ORD-00131,CUST-00131,PROD-00131,2024-12-12,619.06,47.47,3764,High-Value,Cancelled,Snacks,Salty Snacks,664.97,6,187.69,1.17,60,TRUE,2.4804,3505,2.8267,0.103289,0.026383,0.219998,0.579489,2024-11-01,Pending Review,Increase price
CPG-00132,ORD-00132,CUST-00132,PROD-00132,2024-10-12,236.59,11.6,3246,Low-Value,Shipped,Snacks,Salty Snacks,1562.27,23,306.99,2.3,472,FALSE,1.6732,780,0.5125,0.071521,0.02654,-0.119047,0.839991,2024-08-31,Implemented,Increase price
CPG-00133,ORD-00133,CUST-00133,PROD-00133,2024-10-23,738.14,9.67,580,High-Value,Shipped,Snacks,Salty Snacks,1946.2,24,326.26,4.46,226,TRUE,0.852,2452,2.077,0.116019,0.150632,-0.193483,0.99647,2024-09-08,Implemented,Increase price
CPG-00134,ORD-00134,CUST-00134,PROD-00134,2024-09-10,22.5,43.9,1240,Medium-Value,Pending,Snacks,Salty Snacks,3099.58,15,346.79,3.28,235,TRUE,2.2518,1147,9.1531,0.088436,0.076806,0.470599,0.657252,2024-10-02,Implemented,Decrease price
CPG-00135,ORD-00135,CUST-00135,PROD-00135,2024-07-07,89.56,37.24,219,Low-Value,Pending,Snacks,Salty Snacks,4385.34,7,216.74,2.94,317,TRUE,1.8948,2422,7.931,0.11757,0.158756,-0.108527,0.692943,2024-05-21,Implemented,Bundle with promotion
CPG-00136,ORD-00136,CUST-00136,PROD-00136,2024-10-08,540.63,56.17,1081,Medium-Value,Cancelled,Snacks,Salty Snacks,4311.03,19,179.93,2.85,16,TRUE,1.9305,598,0.6919,0.01013,0.052437,-0.268139,0.530234,2024-10-31,Pending Review,Hold price
CPG-00137,ORD-00137,CUST-00137,PROD-00137,2024-10-05,458.43,6.78,4395,Low-Value,Pending,Snacks,Salty Snacks,3099.43,9,51.77,2.45,369,TRUE,1.3271,1665,11.7046,0.023307,0.06535,0.16915,0.881612,2024-09-09,Rejected,Increase price
CPG-00138,ORD-00138,CUST-00138,PROD-00138,2024-07-16,402.18,16.18,3559,High-Value,Pending,Snacks,Salty Snacks,2294.19,20,40.91,4.34,132,TRUE,0.3867,1125,8.5672,0.024575,0.190603,0.118404,0.891494,2024-07-19,Rejected,Hold price
CPG-00139,ORD-00139,CUST-00139,PROD-00139,2024-06-09,127.33,53.41,240,Medium-Value,Shipped,Snacks,Salty Snacks,4045.18,9,219.06,3.73,147,FALSE,1.8096,4724,7.7166,0.074422,0.102156,-0.255649,0.92968,2024-04-23,Implemented,Hold price
CPG-00140,ORD-00140,CUST-00140,PROD-00140,2024-06-07,699.4,8.69,4168,High-Value,Shipped,Snacks,Salty Snacks,267.99,1,112.93,4.13,355,FALSE,0.9735,1230,2.5581,0.144051,0.007073,0.342492,0.85701,2024-07-23,Rejected,Bundle with promotion
CPG-00141,ORD-00141,CUST-00141,PROD-00141,2024-06-24,299.79,17.73,638,Low-Value,Cancelled,Snacks,Salty Snacks,1895.4,17,275.86,2.46,378,TRUE,0.5304,4226,11.7863,0.143112,0.013785,0.072075,0.641153,2024-06-03,Pending Review,Hold price
CPG-00142,ORD-00142,CUST-00142,PROD-00142,2024-05-20,419.22,47.5,1987,Medium-Value,Pending,Snacks,Salty Snacks,1872.95,16,399.16,2.29,159,TRUE,1.8579,4478,9.2455,0.036769,0.001276,0.028029,0.616499,2024-06-25,Pending Review,Increase price
CPG-00143,ORD-00143,CUST-00143,PROD-00143,2024-12-27,16.29,44.18,851,High-Value,Shipped,Snacks,Salty Snacks,2672.58,8,179.53,3.3,444,TRUE,2.4341,1167,8.684,0.013954,0.184255,0.41783,0.75988,2025-02-12,Rejected,Hold price
CPG-00144,ORD-00144,CUST-00144,PROD-00144,2024-08-23,90.14,49.56,613,Low-Value,Pending,Snacks,Salty Snacks,2860.71,14,271.73,1.33,78,TRUE,0.6683,2139,10.2855,0.138906,0.078591,0.36552,0.663126,2024-07-13,Pending Review,Hold price
CPG-00145,ORD-00145,CUST-00145,PROD-00145,2024-06-26,850.05,8.32,865,High-Value,Delivered,Snacks,Salty Snacks,2275.36,11,174.47,1.48,404,FALSE,2.4151,1701,5.697,0.069502,0.170496,-0.227663,0.903798,2024-08-02,Pending Review,Increase price
CPG-00146,ORD-00146,CUST-00146,PROD-00146,2024-06-22,146.27,31.78,2448,Medium-Value,Shipped,Snacks,Salty Snacks,4109.44,6,31.81,3.49,192,FALSE,2.151,4555,9.1029,0.037478,0.092409,0.343117,0.569897,2024-05-27,Implemented,Increase price
CPG-00147,ORD-00147,CUST-00147,PROD-00147,2024-11-26,130.68,38.56,688,Low-Value,Delivered,Snacks,Salty Snacks,2951.29,3,28.28,3.88,200,TRUE,0.5746,3633,9.8069,0.013797,0.169455,0.34711,0.561264,2024-10-13,Pending Review,Increase price
CPG-00148,ORD-00148,CUST-00148,PROD-00148,2024-06-10,832.86,30.78,3135,Low-Value,Cancelled,Snacks,Salty Snacks,2161.99,12,101.59,2.52,380,TRUE,0.76,3654,10.6594,0.005197,0.123835,-0.103372,0.647553,2024-05-15,Pending Review,Bundle with promotion
CPG-00149,ORD-00149,CUST-00149,PROD-00149,2024-05-13,92.63,39.27,4307,High-Value,Cancelled,Snacks,Salty Snacks,3172.23,18,322.04,2.34,224,FALSE,1.9766,2942,6.0164,0.117215,0.068807,0.152521,0.660802,2024-05-25,Pending Review,Decrease price
CPG-00150,ORD-00150,CUST-00150,PROD-00150,2024-05-04,543.45,18.29,3864,Low-Value,Shipped,Snacks,Salty Snacks,1819.29,19,399.85,1.1,425,TRUE,0.3403,1976,3.5651,0.122443,0.183452,-0.255273,0.998196,2024-03-15,Implemented,Bundle with promotion
CPG-00151,ORD-00151,CUST-00151,PROD-00151,2024-10-26,628.8,14.95,4824,High-Value,Pending,Personal Care,Oral Care,1923.0,24,281.63,4.25,412,TRUE,0.5265,15,11.4111,0.142305,0.07832,0.495427,0.982592,2024-10-03,Implemented,Decrease price
CPG-00152,ORD-00152,CUST-00152,PROD-00152,2024-09-29,830.12,34.8,4064,High-Value,Shipped,Personal Care,Oral Care,1689.28,3,110.44,4.39,123,FALSE,0.5029,727,9.9491,0.100504,0.145857,-0.0314,0.505698,2024-11-08,Implemented,Decrease price
CPG-00153,ORD-00153,CUST-00153,PROD-00153,2024-10-22,75.0,2.07,3161,Medium-Value,Cancelled,Personal Care,Oral Care,3676.29,6,356.13,1.9,65,FALSE,2.2162,2878,6.7793,0.015214,0.095898,0.391241,0.825485,2024-09-05,Rejected,Decrease price
CPG-00154,ORD-00154,CUST-00154,PROD-00154,2024-06-08,414.39,3.16,2139,High-Value,Cancelled,Personal Care,Oral Care,417.29,6,357.41,3.8,27,TRUE,1.8568,4482,11.3311,0.146706,0.06759,0.488221,0.946613,2024-06-26,Rejected,Increase price
CPG-00155,ORD-00155,CUST-00155,PROD-00155,2024-08-16,161.02,7.87,1683,High-Value,Pending,Personal Care,Oral Care,2075.94,18,294.37,4.11,90,FALSE,1.6854,2437,3.2318,0.007445,0.114354,0.371884,0.576795,2024-08-12,Pending Review,Increase price
CPG-00156,ORD-00156,CUST-00156,PROD-00156,2024-08-15,92.55,29.86,794,High-Value,Cancelled,Personal Care,Oral Care,1074.42,21,130.89,3.88,330,TRUE,1.2366,947,4.0461,0.05962,0.097819,0.228832,0.545568,2024-09-22,Rejected,Bundle with promotion
CPG-00157,ORD-00157,CUST-00157,PROD-00157,2024-06-14,798.66,17.27,3809,Medium-Value,Shipped,Personal Care,Oral Care,1169.9,9,234.41,2.29,238,TRUE,1.9054,793,1.4856,0.051569,0.10829,0.476564,0.794863,2024-06-11,Rejected,Increase price
CPG-00158,ORD-00158,CUST-00158,PROD-00158,2024-11-29,739.29,52.28,3889,Low-Value,Shipped,Personal Care,Oral Care,4414.19,16,133.56,2.47,284,FALSE,2.2667,285,6.2742,0.135068,0.16009,0.242028,0.810137,2024-10-16,Implemented,Bundle with promotion
CPG-00159,ORD-00159,CUST-00159,PROD-00159,2024-06-11,875.37,26.56,3566,High-Value,Delivered,Personal Care,Oral Care,4986.48,21,76.19,3.83,74,FALSE,0.8674,549,1.5008,0.083455,0.110411,0.385299,0.759844,2024-06-08,Implemented,Bundle with promotion
CPG-00160,ORD-00160,CUST-00160,PROD-00160,2024-05-26,147.43,57.96,820,High-Value,Shipped,Personal Care,Oral Care,2835.28,4,318.58,2.98,308,FALSE,2.2069,2164,4.905,0.072838,0.121792,-0.270027,0.637707,2024-04-07,Implemented,Bundle with promotion
CPG-00161,ORD-00161,CUST-00161,PROD-00161,2024-05-07,802.27,45.25,2200,Medium-Value,Shipped,Personal Care,Oral Care,150.15,10,138.16,2.16,131,FALSE,2.1598,805,11.6837,0.034194,0.060096,0.294979,0.887015,2024-05-03,Pending Review,Hold price
CPG-00162,ORD-00162,CUST-00162,PROD-00162,2024-10-31,383.84,14.26,3335,Low-Value,Cancelled,Personal Care,Oral Care,2448.08,17,349.53,3.26,106,TRUE,1.3366,1303,1.2546,0.106435,0.080677,0.324413,0.762143,2024-10-02,Rejected,Increase price
CPG-00163,ORD-00163,CUST-00163,PROD-00163,2024-06-11,789.53,3.92,414,Medium-Value,Delivered,Personal Care,Oral Care,3537.94,9,159.97,1.7,39,FALSE,1.3123,1015,8.3335,0.036291,0.097757,0.056883,0.98026,2024-06-26,Pending Review,Hold price
CPG-00164,ORD-00164,CUST-00164,PROD-00164,2024-07-25,756.32,7.24,224,Medium-Value,Delivered,Personal Care,Oral Care,295.77,19,316.34,1.91,435,TRUE,2.1571,1845,8.2935,0.040363,0.081901,-0.283958,0.890152,2024-09-07,Rejected,Increase price
CPG-00165,ORD-00165,CUST-00165,PROD-00165,2024-08-27,821.69,2.49,2067,Low-Value,Cancelled,Personal Care,Oral Care,4035.17,10,290.84,3.27,317,FALSE,1.1171,3085,10.2932,0.06885,0.043642,-0.058284,0.760319,2024-10-17,Rejected,Bundle with promotion
CPG-00166,ORD-00166,CUST-00166,PROD-00166,2024-09-24,21.5,23.71,4864,Low-Value,Delivered,Personal Care,Oral Care,1449.25,22,61.08,4.5,441,TRUE,0.9071,2265,7.8668,0.129224,0.052229,0.268875,0.946187,2024-11-16,Pending Review,Decrease price
CPG-00167,ORD-00167,CUST-00167,PROD-00167,2024-06-05,692.44,48.54,4915,Medium-Value,Pending,Personal Care,Oral Care,3319.63,22,73.17,4.15,422,TRUE,1.673,2422,3.4834,0.062785,0.077655,-0.271745,0.854034,2024-04-11,Rejected,Decrease price
CPG-00168,ORD-00168,CUST-00168,PROD-00168,2024-07-24,646.33,29.59,2936,Low-Value,Pending,Personal Care,Oral Care,1535.96,6,339.44,3.4,336,TRUE,0.8051,3857,1.9714,0.038798,0.161669,0.310335,0.591534,2024-09-12,Rejected,Hold price
CPG-00169,ORD-00169,CUST-00169,PROD-00169,2024-10-12,94.03,19.81,2714,Medium-Value,Cancelled,Personal Care,Oral Care,1339.77,10,196.23,2.24,391,TRUE,1.2293,4781,7.1736,0.093098,0.094444,-0.144365,0.559908,2024-12-06,Rejected,Bundle with promotion
CPG-00170,ORD-00170,CUST-00170,PROD-00170,2024-09-10,380.6,59.56,2807,Medium-Value,Shipped,Personal Care,Oral Care,4936.6,15,74.43,4.05,87,TRUE,1.9695,3995,4.3252,0.147996,0.062683,-0.253589,0.726027,2024-09-01,Implemented,Decrease price
CPG-00171,ORD-00171,CUST-00171,PROD-00171,2024-09-22,448.28,37.64,3517,Medium-Value,Delivered,Personal Care,Oral Care,2173.68,16,165.66,3.67,55,TRUE,1.3811,3057,11.4258,0.133801,0.15137,0.124827,0.508958,2024-09-13,Implemented,Decrease price
CPG-00172,ORD-00172,CUST-00172,PROD-00172,2024-06-24,791.13,31.19,2507,High-Value,Pending,Personal Care,Oral Care,373.17,2,133.32,2.09,62,FALSE,1.1942,4263,7.3583,0.050675,0.177595,0.496378,0.671366,2024-05-30,Pending Review,Hold price
CPG-00173,ORD-00173,CUST-00173,PROD-00173,2024-11-06,181.76,25.4,1871,High-Value,Cancelled,Personal Care,Oral Care,3649.49,5,100.25,4.32,480,TRUE,1.5153,1385,1.9164,0.106667,0.158425,0.000154,0.820161,2024-09-15,Rejected,Increase price
CPG-00174,ORD-00174,CUST-00174,PROD-00174,2024-09-27,600.84,42.01,3414,Medium-Value,Delivered,Personal Care,Oral Care,1932.26,18,116.04,3.29,20,TRUE,0.5932,77,3.9628,0.09925,0.132497,-0.084018,0.802817,2024-09-23,Implemented,Bundle with promotion
CPG-00175,ORD-00175,CUST-00175,PROD-00175,2024-11-26,810.28,18.4,870,Medium-Value,Cancelled,Personal Care,Oral Care,1033.3,7,315.62,2.79,326,TRUE,0.959,3357,3.8965,0.005911,0.099271,-0.133845,0.966562,2024-12-03,Pending Review,Decrease price
CPG-00176,ORD-00176,CUST-00176,PROD-00176,2024-04-28,609.4,40.8,1221,High-Value,Delivered,Personal Care,Oral Care,3908.65,3,294.95,4.17,437,TRUE,2.2715,1894,5.7526,0.146594,0.052825,-0.259936,0.906589,2024-03-22,Implemented,Hold price
CPG-00177,ORD-00177,CUST-00177,PROD-00177,2024-07-29,291.75,45.98,375,High-Value,Pending,Personal Care,Oral Care,4267.39,22,265.94,3.58,58,FALSE,0.9581,3586,11.4835,0.040246,0.146614,-0.001902,0.671361,2024-09-21,Implemented,Bundle with promotion
CPG-00178,ORD-00178,CUST-00178,PROD-00178,2024-08-08,255.57,48.39,1366,High-Value,Shipped,Personal Care,Oral Care,705.93,24,42.29,2.35,445,TRUE,0.3489,4840,6.0508,0.085342,0.087633,0.189059,0.889582,2024-07-08,Rejected,Increase price
CPG-00179,ORD-00179,CUST-00179,PROD-00179,2024-12-04,793.76,55.38,925,Medium-Value,Pending,Personal Care,Oral Care,2231.41,3,119.41,4.89,3,FALSE,0.1297,4300,9.3266,0.086497,0.113002,0.482316,0.834922,2025-01-03,Pending Review,Increase price
CPG-00180,ORD-00180,CUST-00180,PROD-00180,2024-08-16,658.09,39.2,1217,Low-Value,Pending,Personal Care,Oral Care,4465.71,20,40.74,2.69,349,TRUE,1.3134,3845,10.2965,0.130412,0.014973,0.093318,0.620446,2024-09-28,Pending Review,Increase price
CPG-00181,ORD-00181,CUST-00181,PROD-00181,2024-09-04,212.1,15.63,3760,Medium-Value,Cancelled,Personal Care,Oral Care,4016.24,15,53.45,3.25,216,FALSE,1.173,973,11.7777,0.111786,0.003554,0.022752,0.517916,2024-10-26,Rejected,Increase price
CPG-00182,ORD-00182,CUST-00182,PROD-00182,2024-11-25,95.44,19.67,4164,Low-Value,Cancelled,Personal Care,Oral Care,1073.91,22,193.36,3.11,326,FALSE,0.972,445,9.8908,0.126648,0.066395,0.313933,0.799976,2024-10-15,Rejected,Hold price
CPG-00183,ORD-00183,CUST-00183,PROD-00183,2024-10-28,115.91,21.8,2391,Low-Value,Shipped,Personal Care,Oral Care,2633.83,23,60.4,3.66,123,TRUE,1.2818,3353,1.7301,0.091628,0.037509,0.444173,0.696448,2024-10-28,Pending Review,Decrease price
CPG-00184,ORD-00184,CUST-00184,PROD-00184,2024-10-28,110.37,50.57,4823,High-Value,Shipped,Personal Care,Oral Care,3872.12,15,193.81,2.45,484,TRUE,2.4133,36,6.5992,0.007286,0.187062,0.371053,0.741466,2024-09-17,Rejected,Decrease price
CPG-00185,ORD-00185,CUST-00185,PROD-00185,2024-10-22,168.68,40.14,4965,Medium-Value,Pending,Personal Care,Oral Care,2545.35,13,179.09,3.85,63,TRUE,0.7566,2809,11.6607,0.067927,0.026674,0.030196,0.850007,2024-11-15,Rejected,Hold price
CPG-00186,ORD-00186,CUST-00186,PROD-00186,2024-11-29,499.81,34.11,1780,High-Value,Pending,Personal Care,Oral Care,1088.08,23,130.42,2.1,387,FALSE,2.3109,1087,11.7854,0.097513,0.191665,0.103115,0.847156,2025-01-27,Pending Review,Increase price
CPG-00187,ORD-00187,CUST-00187,PROD-00187,2024-11-08,512.62,43.19,4373,Medium-Value,Shipped,Personal Care,Oral Care,4393.51,14,327.16,3.04,492,TRUE,0.1607,1191,1.1102,0.008491,0.053396,0.328426,0.991766,2024-12-20,Rejected,Hold price
CPG-00188,ORD-00188,CUST-00188,PROD-00188,2024-06-04,626.18,3.87,3707,High-Value,Delivered,Personal Care,Oral Care,3099.74,22,301.01,2.03,395,TRUE,1.8818,4598,4.9722,0.076638,0.159367,0.256903,0.846468,2024-04-30,Implemented,Bundle with promotion
CPG-00189,ORD-00189,CUST-00189,PROD-00189,2024-08-05,383.66,58.02,440,High-Value,Cancelled,Personal Care,Oral Care,3731.17,7,255.81,3.76,360,FALSE,2.092,3013,9.1837,0.081992,0.120677,0.320917,0.982145,2024-08-25,Pending Review,Bundle with promotion
CPG-00190,ORD-00190,CUST-00190,PROD-00190,2024-06-12,885.36,31.8,3090,High-Value,Cancelled,Personal Care,Oral Care,2171.11,18,120.41,1.26,98,TRUE,1.5016,2090,0.5649,0.06995,0.187499,-0.268048,0.964314,2024-07-29,Rejected,Increase price
CPG-00191,ORD-00191,CUST-00191,PROD-00191,2024-11-12,840.16,30.45,4691,Low-Value,Cancelled,Personal Care,Oral Care,1822.52,23,140.79,3.15,348,TRUE,2.3968,4265,1.284,0.075771,0.083186,0.129629,0.545973,2024-12-01,Implemented,Decrease price
CPG-00192,ORD-00192,CUST-00192,PROD-00192,2024-10-14,307.99,37.86,3890,Low-Value,Shipped,Personal Care,Oral Care,4127.26,21,23.35,2.03,496,FALSE,1.1696,1998,11.5273,0.102383,0.064187,0.432746,0.972494,2024-08-26,Pending Review,Hold price
CPG-00193,ORD-00193,CUST-00193,PROD-00193,2024-09-13,265.3,23.75,4167,Medium-Value,Pending,Personal Care,Oral Care,2459.68,10,361.35,4.19,430,TRUE,0.8688,675,11.4044,0.025109,0.191255,0.13038,0.503665,2024-07-25,Implemented,Decrease price
CPG-00194,ORD-00194,CUST-00194,PROD-00194,2024-10-16,699.62,8.03,4405,Low-Value,Pending,Personal Care,Oral Care,4399.25,24,314.58,4.03,227,TRUE,1.8925,1260,0.7732,0.10753,0.007577,-0.241402,0.588996,2024-08-23,Pending Review,Increase price
CPG-00195,ORD-00195,CUST-00195,PROD-00195,2024-09-22,821.22,25.46,2591,High-Value,Delivered,Personal Care,Oral Care,1978.03,4,223.24,2.43,240,TRUE,1.9143,4798,1.0234,0.127238,0.07154,0.10227,0.644918,2024-11-01,Rejected,Hold price
CPG-00196,ORD-00196,CUST-00196,PROD-00196,2024-09-30,91.56,24.92,252,Medium-Value,Cancelled,Personal Care,Oral Care,823.8,8,71.82,3.68,234,FALSE,2.0122,4471,3.8923,0.095107,0.059611,0.409582,0.982683,2024-09-05,Rejected,Hold price
CPG-00197,ORD-00197,CUST-00197,PROD-00197,2024-12-29,504.87,2.29,4887,Medium-Value,Delivered,Personal Care,Oral Care,2708.9,3,135.78,2.94,73,FALSE,0.6082,4199,2.1382,0.027599,0.123377,-0.097807,0.557311,2024-12-31,Rejected,Increase price
CPG-00198,ORD-00198,CUST-00198,PROD-00198,2024-12-01,423.22,5.91,804,High-Value,Pending,Personal Care,Oral Care,3641.67,16,381.59,2.92,158,FALSE,0.4077,1922,1.6505,0.092927,0.180024,-0.045771,0.725323,2025-01-12,Rejected,Hold price
CPG-00199,ORD-00199,CUST-00199,PROD-00199,2024-10-22,149.87,57.6,1381,High-Value,Pending,Personal Care,Oral Care,1600.41,8,290.64,2.98,423,FALSE,0.764,2945,2.0445,0.109946,0.175577,0.070279,0.679371,2024-11-11,Pending Review,Bundle with promotion
CPG-00200,ORD-00200,CUST-00200,PROD-00200,2024-09-16,170.56,51.81,1146,Low-Value,Delivered,Personal Care,Oral Care,1022.34,24,356.81,3.12,440,TRUE,1.8458,153,10.2703,0.094744,0.162528,0.163121,0.8846,2024-08-29,Implemented,Increase price
CPG-00201,ORD-00201,CUST-00201,PROD-00001,2024-09-16,495.97,46.96,2996,Medium-Value,Shipped,Personal Care,Oral Care,1155.37,19,298.63,4.5,251,FALSE,0.4213,4106,6.3697,0.059518,0.100433,0.230143,0.923991,2024-10-27,Rejected,Decrease price
CPG-00202,ORD-00202,CUST-00202,PROD-00002,2024-11-07,139.23,34.82,1197,Low-Value,Pending,Personal Care,Oral Care,3673.42,12,35.36,1.56,299,FALSE,0.6562,2166,4.7485,0.006421,0.041355,0.426181,0.680626,2025-01-06,Pending Review,Bundle with promotion
CPG-00203,ORD-00203,CUST-00203,PROD-00003,2024-12-09,50.32,58.17,2240,Low-Value,Delivered,Personal Care,Oral Care,1353.41,18,236.66,3.27,62,FALSE,1.6688,2993,7.2583,0.134734,0.015567,-0.098731,0.986337,2025-01-23,Implemented,Bundle with promotion
CPG-00204,ORD-00204,CUST-00204,PROD-00004,2024-07-27,445.87,31.11,1138,Medium-Value,Shipped,Personal Care,Oral Care,869.75,3,215.53,2.69,319,FALSE,0.6076,1532,2.3096,0.090303,0.163391,0.228888,0.707307,2024-07-26,Pending Review,Increase price
CPG-00205,ORD-00205,CUST-00205,PROD-00005,2024-08-29,438.75,50.34,183,High-Value,Pending,Personal Care,Oral Care,263.56,19,245.09,1.74,92,TRUE,1.6109,322,10.7442,0.02203,0.033268,0.437957,0.75832,2024-07-18,Pending Review,Increase price
CPG-00206,ORD-00206,CUST-00206,PROD-00006,2024-12-08,659.26,14.56,4968,Medium-Value,Pending,Personal Care,Oral Care,4343.15,6,103.36,3.87,494,FALSE,1.542,4774,9.9352,0.027283,0.13193,-0.088383,0.862093,2024-12-13,Pending Review,Bundle with promotion
CPG-00207,ORD-00207,CUST-00207,PROD-00007,2024-09-27,75.93,2.96,4282,Low-Value,Pending,Personal Care,Oral Care,3437.62,5,250.09,2.32,77,TRUE,1.2421,4914,0.9489,0.11758,0.100666,-0.205987,0.74112,2024-10-03,Implemented,Increase price
CPG-00208,ORD-00208,CUST-00208,PROD-00008,2024-12-13,589.57,4.52,4340,Medium-Value,Pending,Personal Care,Oral Care,1185.96,16,320.03,2.83,199,FALSE,0.9412,4720,1.6237,0.020082,0.095428,-0.11399,0.929527,2025-02-06,Pending Review,Bundle with promotion
CPG-00209,ORD-00209,CUST-00209,PROD-00009,2024-07-02,19.84,32.31,4257,High-Value,Delivered,Personal Care,Oral Care,1906.4,7,281.35,3.6,13,FALSE,1.0812,874,2.28,0.097736,0.050727,0.383982,0.711781,2024-05-26,Pending Review,Hold price
CPG-00210,ORD-00210,CUST-00210,PROD-00010,2024-10-19,683.15,29.98,3032,Low-Value,Shipped,Personal Care,Oral Care,2796.81,9,395.63,2.45,411,FALSE,1.9581,3262,8.9615,0.12825,0.131857,0.298251,0.723297,2024-11-23,Rejected,Decrease price
CPG-00211,ORD-00211,CUST-00211,PROD-00011,2024-05-23,464.88,37.61,426,High-Value,Delivered,Personal Care,Oral Care,1976.06,21,22.01,3.75,420,TRUE,2.0758,3864,11.1474,0.065307,0.012816,-0.122584,0.54002,2024-04-17,Implemented,Bundle with promotion
CPG-00212,ORD-00212,CUST-00212,PROD-00012,2024-12-22,558.36,5.33,1435,Low-Value,Shipped,Personal Care,Oral Care,2497.12,1,96.65,2.82,374,FALSE,0.5674,4912,6.3713,0.104767,0.123038,0.23922,0.67987,2024-11-13,Rejected,Increase price
CPG-00213,ORD-00213,CUST-00213,PROD-00013,2024-06-07,897.18,24.92,4801,High-Value,Delivered,Personal Care,Oral Care,2612.83,24,287.38,3.73,190,TRUE,1.419,4581,11.0226,0.052214,0.192658,-0.078794,0.803182,2024-04-25,Implemented,Bundle with promotion
CPG-00214,ORD-00214,CUST-00214,PROD-00014,2024-12-22,372.5,31.36,4576,High-Value,Cancelled,Personal Care,Oral Care,2540.69,11,379.87,1.02,99,FALSE,2.2027,4710,3.3766,0.066415,0.075416,0.086904,0.621637,2025-01-17,Pending Review,Bundle with promotion
CPG-00215,ORD-00215,CUST-00215,PROD-00015,2024-10-19,808.42,16.95,3134,Low-Value,Shipped,Personal Care,Oral Care,3953.85,8,277.23,4.02,256,TRUE,2.0204,3379,11.4876,0.077476,0.001945,0.365742,0.624129,2024-10-11,Implemented,Bundle with promotion
CPG-00216,ORD-00216,CUST-00216,PROD-00016,2024-10-17,741.65,29.64,2896,High-Value,Pending,Personal Care,Oral Care,4476.87,9,89.46,1.27,486,TRUE,1.2976,1636,3.2009,0.036308,0.053081,-0.116634,0.91747,2024-10-28,Rejected,Hold price
CPG-00217,ORD-00217,CUST-00217,PROD-00017,2024-06-06,121.09,30.57,54,Low-Value,Delivered,Personal Care,Oral Care,4792.07,16,161.05,1.27,499,FALSE,1.2816,4707,10.4908,0.073621,0.196879,0.432805,0.640133,2024-07-18,Implemented,Decrease price
CPG-00218,ORD-00218,CUST-00218,PROD-00018,2024-05-11,722.35,31.14,3225,Low-Value,Pending,Personal Care,Oral Care,3890.72,15,391.07,2.67,286,FALSE,0.8576,69,0.6359,0.031613,0.116202,-0.039651,0.806389,2024-05-08,Pending Review,Decrease price
CPG-00219,ORD-00219,CUST-00219,PROD-00019,2024-09-15,247.62,21.9,1506,Medium-Value,Cancelled,Personal Care,Oral Care,2148.52,14,286.27,1.94,500,FALSE,0.9762,3282,3.7157,0.026983,0.026228,0.160714,0.614283,2024-10-24,Implemented,Hold price
CPG-00220,ORD-00220,CUST-00220,PROD-00020,2024-11-19,223.69,10.46,1225,Medium-Value,Cancelled,Personal Care,Oral Care,4038.06,6,180.18,2.51,205,TRUE,2.4893,4236,6.6408,0.047359,0.097324,-0.099221,0.929251,2024-11-06,Implemented,Bundle with promotion
CPG-00221,ORD-00221,CUST-00221,PROD-00021,2024-05-23,159.56,50.66,788,Medium-Value,Pending,Personal Care,Oral Care,3735.74,9,157.17,1.75,140,FALSE,0.9259,3374,1.8942,0.130105,0.192623,-0.140834,0.787947,2024-04-22,Rejected,Decrease price
CPG-00222,ORD-00222,CUST-00222,PROD-00022,2024-11-13,329.27,44.72,642,Medium-Value,Shipped,Personal Care,Oral Care,3087.64,15,260.05,3.36,259,TRUE,2.1838,2764,5.3509,0.091847,0.080955,0.425658,0.539556,2025-01-01,Pending Review,Decrease price
CPG-00223,ORD-00223,CUST-00223,PROD-00023,2024-07-17,592.92,24.94,3644,Medium-Value,Shipped,Personal Care,Oral Care,3752.08,17,386.9,3.49,319,FALSE,0.5016,190,1.938,0.035194,0.050329,0.2951,0.87487,2024-06-05,Implemented,Decrease price
CPG-00224,ORD-00224,CUST-00224,PROD-00024,2024-08-07,106.16,33.81,215,Medium-Value,Cancelled,Personal Care,Oral Care,2643.71,3,59.49,1.22,459,TRUE,0.3023,3194,4.0578,0.037109,0.056835,0.201185,0.565639,2024-07-07,Implemented,Increase price
CPG-00225,ORD-00225,CUST-00225,PROD-00025,2024-05-06,602.24,29.62,4428,Medium-Value,Cancelled,Personal Care,Oral Care,2765.3,5,388.43,4.01,176,TRUE,1.518,3741,7.757,0.095378,0.112797,0.118768,0.819764,2024-03-11,Pending Review,Hold price
CPG-00226,ORD-00226,CUST-00226,PROD-00026,2024-08-11,181.38,8.4,3730,Low-Value,Cancelled,Household,Laundry Care,2291.2,23,256.65,1.24,79,TRUE,0.8695,1247,1.0708,0.080246,0.037188,-0.218181,0.634598,2024-07-23,Rejected,Bundle with promotion
CPG-00227,ORD-00227,CUST-00227,PROD-00027,2024-10-31,22.26,14.6,3442,Medium-Value,Cancelled,Household,Laundry Care,3939.34,16,399.23,1.32,17,FALSE,1.7726,260,4.2979,0.126532,0.190329,-0.255169,0.887826,2024-09-29,Implemented,Bundle with promotion
CPG-00228,ORD-00228,CUST-00228,PROD-00028,2024-06-13,807.69,2.73,2039,Medium-Value,Delivered,Household,Laundry Care,3867.57,15,113.92,1.88,205,TRUE,0.578,770,6.4931,0.147317,0.094565,0.245154,0.656055,2024-08-05,Pending Review,Decrease price
CPG-00229,ORD-00229,CUST-00229,PROD-00029,2024-10-06,52.33,16.69,2447,High-Value,Pending,Household,Laundry Care,1834.11,2,348.19,4.28,276,TRUE,2.4359,1934,7.7785,0.048677,0.033472,-0.07912,0.559825,2024-10-13,Implemented,Increase price
CPG-00230,ORD-00230,CUST-00230,PROD-00030,2024-05-08,708.38,23.54,733,High-Value,Pending,Household,Laundry Care,830.61,3,280.66,2.66,315,FALSE,2.334,492,1.1874,0.096686,0.140266,0.333173,0.562914,2024-05-17,Implemented,Hold price
CPG-00231,ORD-00231,CUST-00231,PROD-00031,2024-09-17,684.68,13.19,3094,Medium-Value,Pending,Household,Laundry Care,3635.78,9,361.49,3.82,234,FALSE,1.7959,4580,3.8892,0.104556,0.037955,-0.150699,0.673832,2024-08-01,Rejected,Bundle with promotion
CPG-00232,ORD-00232,CUST-00232,PROD-00032,2024-07-07,824.31,10.99,2422,Medium-Value,Pending,Household,Laundry Care,2730.95,15,20.27,2.94,45,FALSE,1.8608,154,7.6269,0.054611,0.124039,-0.043445,0.531671,2024-08-09,Rejected,Bundle with promotion
CPG-00233,ORD-00233,CUST-00233,PROD-00033,2024-06-15,619.65,18.42,3357,Low-Value,Pending,Household,Laundry Care,1644.02,4,218.82,3.68,88,TRUE,0.2051,1064,2.5543,0.004691,0.021411,-0.146707,0.515909,2024-07-24,Rejected,Bundle with promotion
CPG-00234,ORD-00234,CUST-00234,PROD-00034,2024-10-13,448.57,4.85,1808,Low-Value,Cancelled,Household,Laundry Care,3603.33,1,373.48,3.18,312,TRUE,1.6738,656,5.8827,0.095838,0.072185,0.294782,0.945215,2024-10-29,Pending Review,Increase price
CPG-00235,ORD-00235,CUST-00235,PROD-00035,2024-11-24,250.25,19.63,1768,Low-Value,Pending,Household,Laundry Care,530.74,24,107.79,1.14,46,FALSE,0.5547,4311,8.0541,0.085504,0.189501,0.146739,0.779071,2025-01-16,Rejected,Increase price
CPG-00236,ORD-00236,CUST-00236,PROD-00036,2024-11-10,525.26,26.77,852,High-Value,Pending,Household,Laundry Care,3972.68,18,172.59,3.36,369,FALSE,1.6781,4374,11.982,0.066452,0.070465,-0.047876,0.995731,2024-09-28,Pending Review,Hold price
CPG-00237,ORD-00237,CUST-00237,PROD-00037,2024-08-11,691.3,37.29,4613,Low-Value,Cancelled,Household,Laundry Care,1108.94,18,371.94,2.51,381,FALSE,0.964,3707,5.6462,0.059564,0.145263,0.486365,0.797881,2024-08-31,Rejected,Decrease price
CPG-00238,ORD-00238,CUST-00238,PROD-00038,2024-12-11,20.81,20.26,2260,Low-Value,Shipped,Household,Laundry Care,2580.79,19,371.85,4.45,119,TRUE,0.3263,3772,4.59,0.020761,0.073417,0.165725,0.616497,2024-10-17,Pending Review,Increase price
CPG-00239,ORD-00239,CUST-00239,PROD-00039,2024-09-21,518.62,20.83,3952,High-Value,Shipped,Household,Laundry Care,2466.97,23,287.08,1.76,49,TRUE,1.5286,2461,0.9298,0.121251,0.076309,0.324098,0.960936,2024-11-06,Pending Review,Hold price
CPG-00240,ORD-00240,CUST-00240,PROD-00040,2024-12-09,383.62,15.15,4934,High-Value,Shipped,Household,Laundry Care,3187.74,21,165.35,4.04,455,FALSE,1.3585,2616,6.7092,0.022437,0.10048,-0.123362,0.52526,2024-10-20,Rejected,Bundle with promotion
CPG-00241,ORD-00241,CUST-00241,PROD-00041,2024-08-20,524.1,47.61,1212,High-Value,Pending,Household,Laundry Care,1714.03,16,237.15,1.32,231,TRUE,1.4156,2151,1.4784,0.075273,0.154765,-0.1957,0.567435,2024-08-01,Rejected,Decrease price
CPG-00242,ORD-00242,CUST-00242,PROD-00042,2024-08-30,592.24,32.41,1985,High-Value,Shipped,Household,Laundry Care,1367.97,14,142.9,1.69,325,TRUE,0.3701,3389,5.3707,0.052246,0.064148,0.175102,0.512103,2024-07-13,Pending Review,Decrease price
CPG-00243,ORD-00243,CUST-00243,PROD-00043,2024-07-26,742.1,27.55,1912,High-Value,Pending,Household,Laundry Care,3442.53,5,307.94,3.81,329,TRUE,0.3697,447,3.2951,0.09315,0.029535,0.365956,0.643843,2024-07-16,Pending Review,Increase price
CPG-00244,ORD-00244,CUST-00244,PROD-00044,2024-07-15,432.0,14.29,4476,Low-Value,Shipped,Household,Laundry Care,3764.26,18,203.55,2.16,388,TRUE,1.7682,151,4.831,0.135906,0.10536,-0.095635,0.530055,2024-06-10,Implemented,Hold price
CPG-00245,ORD-00245,CUST-00245,PROD-00045,2024-05-11,426.49,40.3,2950,High-Value,Cancelled,Household,Laundry Care,144.44,21,166.88,4.31,44,FALSE,1.3205,816,10.8945,0.072699,0.119421,-0.229583,0.599438,2024-06-04,Pending Review,Increase price
CPG-00246,ORD-00246,CUST-00246,PROD-00046,2024-05-08,831.21,45.17,150,Medium-Value,Delivered,Household,Laundry Care,3437.34,12,257.59,2.07,260,TRUE,2.4904,4107,3.6726,0.009301,0.051536,0.009736,0.999976,2024-06-02,Implemented,Hold price
CPG-00247,ORD-00247,CUST-00247,PROD-00047,2024-06-24,317.48,44.33,4265,Low-Value,Delivered,Household,Laundry Care,3081.62,21,280.88,2.37,80,FALSE,0.6769,1252,5.4043,0.046857,0.121074,0.059335,0.565886,2024-06-29,Rejected,Decrease price
CPG-00248,ORD-00248,CUST-00248,PROD-00048,2024-09-23,494.1,19.92,4291,High-Value,Cancelled,Household,Laundry Care,2178.82,5,269.37,3.8,451,TRUE,0.862,4566,6.6291,0.107916,0.036827,0.371618,0.572761,2024-10-01,Implemented,Hold price
CPG-00249,ORD-00249,CUST-00249,PROD-00049,2024-12-09,865.66,49.66,2242,High-Value,Shipped,Household,Laundry Care,3906.58,4,69.99,2.06,391,TRUE,1.9299,2187,7.4645,0.091854,0.119272,-0.11527,0.513042,2025-02-06,Implemented,Bundle with promotion
CPG-00250,ORD-00250,CUST-00250,PROD-00050,2024-06-01,763.83,12.67,3174,Medium-Value,Pending,Household,Laundry Care,2395.54,6,93.44,2.64,342,TRUE,1.0806,123,11.1425,0.14253,0.044511,0.237071,0.601417,2024-05-08,Implemented,Increase price
CPG-00251,ORD-00251,CUST-00251,PROD-00051,2024-06-12,782.41,28.54,2021,Medium-Value,Shipped,Household,Laundry Care,2054.09,2,251.01,2.71,176,FALSE,1.8285,3229,7.5323,0.11137,0.118761,0.120184,0.937891,2024-04-17,Implemented,Increase price
CPG-00252,ORD-00252,CUST-00252,PROD-00052,2024-08-21,746.9,33.2,321,Low-Value,Shipped,Household,Laundry Care,1967.62,21,385.79,1.15,135,TRUE,0.7988,3261,10.6706,0.116052,0.057183,-0.166811,0.64721,2024-07-18,Implemented,Decrease price
CPG-00253,ORD-00253,CUST-00253,PROD-00053,2024-08-24,414.75,47.17,4476,High-Value,Pending,Household,Laundry Care,1995.68,11,191.34,3.53,67,TRUE,1.1888,1655,10.6493,0.013527,0.064815,0.218861,0.855735,2024-08-12,Implemented,Increase price
CPG-00254,ORD-00254,CUST-00254,PROD-00054,2024-05-21,640.01,43.02,4191,Low-Value,Delivered,Household,Laundry Care,4751.28,13,229.13,3.22,53,TRUE,1.9438,2746,7.0032,0.09893,0.030018,0.395055,0.589433,2024-06-23,Rejected,Increase price
CPG-00255,ORD-00255,CUST-00255,PROD-00055,2024-08-13,287.64,38.33,963,High-Value,Cancelled,Household,Laundry Care,4804.15,1,256.57,3.56,238,FALSE,0.1293,4077,10.3372,0.081525,0.00115,0.406162,0.618939,2024-07-25,Rejected,Bundle with promotion
CPG-00256,ORD-00256,CUST-00256,PROD-00056,2024-08-22,406.06,53.17,2278,Low-Value,Shipped,Household,Laundry Care,3161.75,7,38.59,3.1,13,TRUE,0.2322,2860,0.9223,0.128074,0.133399,0.370412,0.649221,2024-09-06,Implemented,Increase price
CPG-00257,ORD-00257,CUST-00257,PROD-00057,2024-05-25,894.46,40.33,4873,Low-Value,Shipped,Household,Laundry Care,3947.17,6,387.19,1.56,155,FALSE,2.3356,763,9.3379,0.048423,0.179506,0.356212,0.879221,2024-07-03,Rejected,Increase price
CPG-00258,ORD-00258,CUST-00258,PROD-00058,2024-07-11,134.07,32.57,4297,High-Value,Shipped,Household,Laundry Care,3494.36,20,42.11,3.43,150,TRUE,1.2608,4955,11.2398,0.147942,0.057437,0.187076,0.658244,2024-08-01,Rejected,Hold price
CPG-00259,ORD-00259,CUST-00259,PROD-00059,2024-12-21,129.8,38.65,4034,High-Value,Cancelled,Household,Laundry Care,4424.14,8,289.26,2.97,276,TRUE,0.1038,197,5.8462,0.11951,0.147494,-0.134135,0.807654,2024-11-04,Pending Review,Bundle with promotion
CPG-00260,ORD-00260,CUST-00260,PROD-00060,2024-05-09,324.44,39.16,2307,Medium-Value,Shipped,Household,Laundry Care,3961.47,10,134.11,3.82,118,FALSE,1.9409,933,8.3871,0.051204,0.144879,0.192795,0.514559,2024-05-08,Implemented,Decrease price
CPG-00261,ORD-00261,CUST-00261,PROD-00061,2024-07-21,831.22,4.06,1112,Medium-Value,Shipped,Household,Laundry Care,819.16,15,358.98,2.68,252,FALSE,1.2099,3392,11.1696,0.008403,0.104215,0.151954,0.839099,2024-05-30,Rejected,Increase price
CPG-00262,ORD-00262,CUST-00262,PROD-00062,2024-06-20,621.66,58.24,2297,High-Value,Pending,Household,Laundry Care,1728.8,13,258.07,4.92,6,TRUE,1.4704,3192,2.6549,0.017527,0.156469,-0.053375,0.92891,2024-06-24,Rejected,Increase price
CPG-00263,ORD-00263,CUST-00263,PROD-00063,2024-07-06,91.82,50.11,2479,High-Value,Shipped,Household,Laundry Care,2649.25,6,62.65,4.07,200,TRUE,1.9667,759,5.6034,0.00374,0.096533,0.100043,0.595106,2024-06-07,Pending Review,Hold price
CPG-00264,ORD-00264,CUST-00264,PROD-00064,2024-11-12,304.69,58.97,4228,Low-Value,Cancelled,Household,Laundry Care,4963.97,7,295.34,3.69,60,FALSE,1.0302,4280,1.8321,0.046647,0.008806,0.378499,0.935938,2024-09-20,Pending Review,Bundle with promotion
CPG-00265,ORD-00265,CUST-00265,PROD-00065,2024-12-11,55.83,20.12,4731,Medium-Value,Cancelled,Household,Laundry Care,3212.31,7,141.93,2.82,347,TRUE,0.7878,4361,4.1702,0.066167,0.02353,-0.180543,0.636818,2024-10-24,Implemented,Increase price
CPG-00266,ORD-00266,CUST-00266,PROD-00066,2024-06-19,325.03,48.63,4702,High-Value,Pending,Household,Laundry Care,897.81,10,253.04,2.11,82,FALSE,1.3974,416,1.9959,0.07061,0.135099,-0.215258,0.5269,2024-05-04,Pending Review,Bundle with promotion
CPG-00267,ORD-00267,CUST-00267,PROD-00067,2024-06-12,542.57,42.56,2913,Medium-Value,Pending,Household,Laundry Care,1695.04,7,290.9,3.07,438,TRUE,2.4368,3815,7.0296,0.013937,0.16047,0.25888,0.548631,2024-04-28,Pending Review,Bundle with promotion
CPG-00268,ORD-00268,CUST-00268,PROD-00068,2024-08-26,853.49,16.97,2977,Medium-Value,Delivered,Household,Laundry Care,957.6,22,145.52,1.5,468,FALSE,1.1879,248,1.2517,0.016933,0.09573,0.376613,0.641129,2024-10-04,Pending Review,Decrease price
CPG-00269,ORD-00269,CUST-00269,PROD-00069,2024-09-05,374.03,34.26,581,Medium-Value,Delivered,Household,Laundry Care,2687.09,13,244.4,3.5,64,TRUE,1.5901,4489,2.3287,0.072356,0.013212,-0.133409,0.84703,2024-09-25,Pending Review,Bundle with promotion
CPG-00270,ORD-00270,CUST-00270,PROD-00070,2024-09-20,496.91,6.52,4703,Medium-Value,Shipped,Household,Laundry Care,615.9,20,195.91,1.83,349,TRUE,2.0729,1444,4.0424,0.060869,0.119652,0.248407,0.798203,2024-11-01,Pending Review,Hold price
CPG-00271,ORD-00271,CUST-00271,PROD-00071,2024-09-01,599.25,53.46,1,High-Value,Pending,Household,Laundry Care,3321.36,15,221.88,1.32,428,FALSE,1.5774,3664,2.7502,0.102228,0.06332,0.156221,0.956602,2024-08-23,Pending Review,Bundle with promotion
CPG-00272,ORD-00272,CUST-00272,PROD-00072,2024-10-28,884.58,2.47,4181,Medium-Value,Cancelled,Household,Laundry Care,4245.8,10,43.72,2.2,55,TRUE,0.102,4588,9.9387,0.053887,0.17225,0.392544,0.617621,2024-12-04,Rejected,Bundle with promotion
CPG-00273,ORD-00273,CUST-00273,PROD-00073,2024-10-05,644.92,14.25,1420,Medium-Value,Shipped,Household,Laundry Care,738.39,18,166.15,2.42,232,FALSE,2.1159,1264,3.8174,0.13091,0.02511,-0.290718,0.824195,2024-08-31,Implemented,Bundle with promotion
CPG-00274,ORD-00274,CUST-00274,PROD-00074,2024-10-13,401.51,39.25,3406,Medium-Value,Cancelled,Household,Laundry Care,4473.23,23,249.68,4.47,53,FALSE,1.5958,3723,6.3583,0.082808,0.090009,-0.015754,0.592896,2024-10-21,Rejected,Increase price
CPG-00275,ORD-00275,CUST-00275,PROD-00075,2024-09-22,764.42,25.83,4474,Low-Value,Shipped,Household,Laundry Care,1866.5,2,235.9,1.83,266,FALSE,0.3716,3945,11.56,0.012009,0.146037,0.121126,0.929675,2024-10-09,Pending Review,Bundle with promotion
CPG-00276,ORD-00276,CUST-00276,PROD-00076,2024-09-07,478.17,38.58,639,Low-Value,Delivered,Household,Laundry Care,3186.75,19,138.75,3.14,135,TRUE,2.2686,4383,9.4531,0.07033,0.102533,0.075386,0.866907,2024-10-07,Pending Review,Hold price
CPG-00277,ORD-00277,CUST-00277,PROD-00077,2024-12-29,270.95,45.47,4617,Medium-Value,Shipped,Household,Laundry Care,354.02,16,239.69,1.12,482,TRUE,1.6752,2391,9.8023,0.093648,0.057363,-0.233992,0.752798,2024-11-20,Pending Review,Hold price
CPG-00278,ORD-00278,CUST-00278,PROD-00078,2024-05-31,559.98,45.0,4946,High-Value,Cancelled,Household,Laundry Care,4555.15,24,77.43,1.96,141,FALSE,0.9874,1437,3.5044,0.105116,0.096984,0.339498,0.931007,2024-05-30,Pending Review,Increase price
CPG-00279,ORD-00279,CUST-00279,PROD-00079,2024-12-31,542.06,45.66,3382,Medium-Value,Delivered,Household,Laundry Care,1227.84,15,295.88,3.88,438,TRUE,0.6061,2827,1.1247,0.039659,0.163906,-0.257981,0.732007,2025-01-31,Pending Review,Hold price
CPG-00280,ORD-00280,CUST-00280,PROD-00080,2024-08-27,675.34,24.03,3195,Medium-Value,Cancelled,Household,Laundry Care,1349.99,17,350.71,3.63,282,TRUE,0.7931,3677,4.893,0.047353,0.106051,0.464697,0.548682,2024-09-10,Rejected,Hold price
CPG-00281,ORD-00281,CUST-00281,PROD-00081,2024-12-28,555.28,17.68,805,Medium-Value,Shipped,Household,Laundry Care,3289.0,13,195.22,3.28,149,TRUE,1.8624,4823,9.3607,0.077993,0.135544,0.494572,0.656635,2024-12-06,Implemented,Increase price
CPG-00282,ORD-00282,CUST-00282,PROD-00082,2024-11-26,75.14,41.76,2879,High-Value,Cancelled,Household,Laundry Care,3639.99,9,93.37,2.44,278,TRUE,1.5866,466,11.2928,0.098491,0.167092,0.460391,0.819041,2024-11-19,Rejected,Increase price
CPG-00283,ORD-00283,CUST-00283,PROD-00083,2024-05-20,129.97,34.83,1513,High-Value,Pending,Household,Laundry Care,3493.49,9,131.94,3.3,470,TRUE,1.6331,2265,9.3476,0.103833,0.133516,0.316096,0.628668,2024-06-30,Implemented,Hold price
CPG-00284,ORD-00284,CUST-00284,PROD-00084,2024-11-12,353.78,57.43,2168,High-Value,Delivered,Household,Laundry Care,2230.85,16,392.18,2.16,40,TRUE,1.5647,1462,7.9231,0.016265,0.108126,0.045003,0.806983,2024-10-26,Implemented,Bundle with promotion
CPG-00285,ORD-00285,CUST-00285,PROD-00085,2024-10-28,106.41,16.53,3652,High-Value,Shipped,Household,Laundry Care,4487.74,5,268.09,1.26,302,TRUE,2.3389,3199,3.564,0.105008,0.180924,0.159712,0.757692,2024-12-13,Pending Review,Bundle with promotion
CPG-00286,ORD-00286,CUST-00286,PROD-00086,2024-08-17,761.98,33.33,27,Medium-Value,Shipped,Household,Laundry Care,4773.07,16,66.06,3.73,412,FALSE,0.9003,2481,5.1071,0.094841,0.191765,-0.227466,0.767313,2024-08-12,Pending Review,Increase price
CPG-00287,ORD-00287,CUST-00287,PROD-00087,2024-11-29,421.78,12.24,322,Medium-Value,Cancelled,Household,Laundry Care,3320.63,10,284.44,3.68,341,TRUE,1.6135,2944,6.0948,0.132782,0.087597,-0.148428,0.517849,2024-11-16,Implemented,Decrease price
CPG-00288,ORD-00288,CUST-00288,PROD-00088,2024-08-31,70.75,32.97,3680,High-Value,Shipped,Household,Laundry Care,233.36,2,148.33,2.89,167,TRUE,1.0732,1735,9.7817,0.100097,0.091674,0.242462,0.937128,2024-07-30,Implemented,Decrease price
CPG-00289,ORD-00289,CUST-00289,PROD-00089,2024-12-20,47.64,29.33,375,High-Value,Delivered,Household,Laundry Care,3521.42,5,25.46,1.5,344,TRUE,2.2712,798,5.7461,0.025603,0.118208,0.35424,0.553166,2024-12-18,Pending Review,Decrease price
CPG-00290,ORD-00290,CUST-00290,PROD-00090,2024-05-14,392.2,25.32,989,Low-Value,Delivered,Household,Laundry Care,2901.04,5,142.2,3.84,387,TRUE,1.9341,4859,2.4946,0.009483,0.054779,0.30604,0.584025,2024-06-26,Pending Review,Decrease price
CPG-00291,ORD-00291,CUST-00291,PROD-00091,2024-08-18,834.22,51.15,3081,High-Value,Delivered,Household,Laundry Care,127.37,16,50.67,1.14,61,TRUE,0.5306,731,8.6275,0.08906,0.056746,0.254803,0.89612,2024-10-07,Pending Review,Decrease price
CPG-00292,ORD-00292,CUST-00292,PROD-00092,2024-06-19,141.63,15.88,1429,Low-Value,Cancelled,Household,Laundry Care,3473.78,20,88.4,1.95,240,FALSE,1.5689,722,7.7127,0.117387,0.069571,-0.296344,0.61782,2024-07-15,Implemented,Increase price
CPG-00293,ORD-00293,CUST-00293,PROD-00093,2024-10-03,335.28,14.72,1704,Medium-Value,Cancelled,Household,Laundry Care,312.69,4,322.71,3.66,286,FALSE,1.294,1309,8.2066,0.006467,0.128972,-0.071948,0.717336,2024-11-04,Pending Review,Bundle with promotion
CPG-00294,ORD-00294,CUST-00294,PROD-00094,2024-05-09,670.27,47.56,3973,Low-Value,Delivered,Household,Laundry Care,624.52,8,294.13,4.24,100,FALSE,1.1058,2669,3.1457,0.01652,0.045556,-0.110305,0.706298,2024-04-28,Implemented,Bundle with promotion
CPG-00295,ORD-00295,CUST-00295,PROD-00095,2024-12-12,210.29,53.65,1187,High-Value,Cancelled,Household,Laundry Care,4643.04,15,87.66,2.65,258,FALSE,0.4274,1591,7.7682,0.146333,0.040442,-0.198231,0.846105,2024-12-15,Implemented,Hold price
CPG-00296,ORD-00296,CUST-00296,PROD-00096,2024-06-01,768.71,21.93,2417,Low-Value,Delivered,Household,Laundry Care,826.1,21,382.05,2.61,97,TRUE,1.4875,4529,10.3325,0.012971,0.171395,0.091371,0.997832,2024-07-19,Rejected,Bundle with promotion
CPG-00297,ORD-00297,CUST-00297,PROD-00097,2024-11-28,262.07,16.31,2681,Medium-Value,Shipped,Household,Laundry Care,2918.36,19,379.58,3.56,386,TRUE,1.1027,363,0.9607,0.070598,0.153721,-0.273104,0.765561,2025-01-22,Pending Review,Increase price
CPG-00298,ORD-00298,CUST-00298,PROD-00098,2024-08-21,227.85,44.44,1785,High-Value,Shipped,Household,Laundry Care,1824.11,8,266.1,2.95,16,TRUE,0.1382,2498,2.3607,0.068892,0.114076,0.166928,0.98821,2024-07-07,Pending Review,Decrease price
CPG-00299,ORD-00299,CUST-00299,PROD-00099,2024-12-07,373.74,28.93,11,Low-Value,Pending,Household,Laundry Care,399.96,23,146.5,3.76,199,TRUE,0.8118,2211,8.5276,0.091875,0.115046,-0.134283,0.842333,2025-01-16,Rejected,Hold price
CPG-00300,ORD-00300,CUST-00300,PROD-00100,2024-11-02,470.54,4.99,3137,Medium-Value,Delivered,Household,Laundry Care,2353.5,2,158.92,4.19,196,TRUE,1.6556,549,6.9487,0.116036,0.027681,-0.032056,0.769817,2024-09-06,Rejected,Bundle with promotion
CPG-00301,ORD-00301,CUST-00301,PROD-00101,2024-07-11,70.71,56.95,2751,Medium-Value,Delivered,Baby Care,Diapers,2914.59,21,265.5,4.05,128,FALSE,1.2668,4344,10.1819,0.066788,0.060816,-0.194437,0.894674,2024-09-02,Implemented,Hold price
CPG-00302,ORD-00302,CUST-00302,PROD-00102,2024-06-25,344.13,10.6,2329,Medium-Value,Shipped,Baby Care,Diapers,4783.26,20,371.17,2.01,442,FALSE,0.5375,1437,10.1523,0.103929,0.133271,-0.177212,0.618953,2024-06-21,Implemented,Hold price
CPG-00303,ORD-00303,CUST-00303,PROD-00103,2024-09-22,405.19,43.01,2596,Medium-Value,Delivered,Baby Care,Diapers,782.32,15,225.15,2.29,115,TRUE,1.3807,996,11.085,0.060684,0.099883,-0.183693,0.72902,2024-10-27,Pending Review,Decrease price
CPG-00304,ORD-00304,CUST-00304,PROD-00104,2024-04-29,498.34,19.14,2374,Low-Value,Pending,Baby Care,Diapers,3351.09,19,296.85,2.78,341,FALSE,0.9128,921,8.9139,0.135026,0.027885,0.140768,0.654041,2024-06-13,Pending Review,Decrease price
CPG-00305,ORD-00305,CUST-00305,PROD-00105,2024-08-20,96.85,35.84,1819,Medium-Value,Shipped,Baby Care,Diapers,1018.79,3,224.6,1.19,338,FALSE,1.725,716,11.7222,0.059164,0.098093,0.182537,0.755778,2024-08-07,Implemented,Hold price
CPG-00306,ORD-00306,CUST-00306,PROD-00106,2024-08-07,648.63,2.71,2825,Medium-Value,Delivered,Baby Care,Diapers,1575.02,15,352.23,2.5,207,TRUE,0.6177,3640,9.0276,0.062341,0.088501,-0.168968,0.864,2024-08-30,Pending Review,Bundle with promotion
CPG-00307,ORD-00307,CUST-00307,PROD-00107,2024-06-02,754.43,19.59,4303,Medium-Value,Cancelled,Baby Care,Diapers,377.27,19,307.32,3.09,83,TRUE,0.1159,2240,5.2669,0.083372,0.142049,0.304195,0.568464,2024-05-19,Implemented,Bundle with promotion
CPG-00308,ORD-00308,CUST-00308,PROD-00108,2024-07-11,505.17,50.41,2489,Medium-Value,Cancelled,Baby Care,Diapers,2818.44,15,105.32,1.15,433,TRUE,0.4697,2459,11.4943,0.125136,0.094508,0.22305,0.946343,2024-06-21,Pending Review,Decrease price
CPG-00309,ORD-00309,CUST-00309,PROD-00109,2024-08-31,817.51,46.35,4039,High-Value,Cancelled,Baby Care,Diapers,3014.51,12,240.8,3.26,24,FALSE,2.184,3900,11.704,0.122742,0.07464,0.286366,0.508773,2024-08-23,Pending Review,Decrease price
CPG-00310,ORD-00310,CUST-00310,PROD-00110,2024-09-23,144.33,22.73,433,Medium-Value,Delivered,Baby Care,Diapers,1837.76,21,366.6,2.61,364,FALSE,0.2169,2390,6.5905,0.140448,0.102773,0.313154,0.591624,2024-09-14,Implemented,Decrease price
CPG-00311,ORD-00311,CUST-00311,PROD-00111,2024-09-14,787.11,19.46,2969,High-Value,Shipped,Baby Care,Diapers,2695.38,12,332.86,3.89,360,TRUE,0.4287,2306,4.7897,0.072735,0.068063,0.42863,0.551209,2024-07-24,Implemented,Decrease price
CPG-00312,ORD-00312,CUST-00312,PROD-00112,2024-11-26,718.67,57.24,4358,Low-Value,Delivered,Baby Care,Diapers,2778.01,4,178.59,2.96,363,TRUE,0.3798,1076,11.1192,0.071928,0.062315,-0.009945,0.908519,2024-10-03,Rejected,Hold price
CPG-00313,ORD-00313,CUST-00313,PROD-00113,2024-06-11,284.65,9.47,1166,Low-Value,Pending,Baby Care,Diapers,1171.54,5,99.74,3.61,70,TRUE,1.1195,916,1.394,0.116204,0.151467,-0.265986,0.553909,2024-06-25,Rejected,Increase price
CPG-00314,ORD-00314,CUST-00314,PROD-00114,2024-08-26,819.05,2.6,790,High-Value,Delivered,Baby Care,Diapers,4604.49,7,243.29,1.15,164,TRUE,0.5435,2880,0.8365,0.021834,0.14924,-0.078099,0.789876,2024-07-14,Pending Review,Decrease price
CPG-00315,ORD-00315,CUST-00315,PROD-00115,2024-12-02,706.01,5.96,4736,High-Value,Pending,Baby Care,Diapers,2667.75,23,92.79,3.15,268,FALSE,0.5123,4401,0.5498,0.108802,0.184846,0.436382,0.925648,2025-01-07,Pending Review,Hold price
CPG-00316,ORD-00316,CUST-00316,PROD-00116,2024-10-23,178.84,50.42,3109,Medium-Value,Pending,Baby Care,Diapers,1110.66,8,174.88,3.36,64,FALSE,0.3967,904,6.4769,0.074372,0.07225,-0.069383,0.861068,2024-11-03,Implemented,Hold price
CPG-00317,ORD-00317,CUST-00317,PROD-00117,2024-09-01,355.53,41.85,3636,High-Value,Delivered,Baby Care,Diapers,2791.88,10,394.29,2.6,386,FALSE,0.5531,571,10.7897,0.120365,0.187816,-0.006047,0.506393,2024-09-20,Rejected,Bundle with promotion
CPG-00318,ORD-00318,CUST-00318,PROD-00118,2024-10-17,365.79,8.91,3234,Medium-Value,Delivered,Baby Care,Diapers,3490.43,4,301.74,2.83,356,TRUE,0.2553,1631,4.3943,0.089244,0.198132,-0.20179,0.919055,2024-10-11,Rejected,Bundle with promotion
CPG-00319,ORD-00319,CUST-00319,PROD-00119,2024-07-08,692.89,48.46,3278,Medium-Value,Pending,Baby Care,Diapers,2405.34,20,381.05,3.08,397,FALSE,1.3274,1208,9.332,0.016206,0.050138,0.097819,0.814186,2024-05-18,Implemented,Increase price
CPG-00320,ORD-00320,CUST-00320,PROD-00120,2024-05-23,61.77,58.38,3134,Low-Value,Pending,Baby Care,Diapers,3412.06,5,135.05,1.24,357,TRUE,1.9244,4260,9.3271,0.11891,0.040386,0.229675,0.745125,2024-05-24,Pending Review,Hold price
CPG-00321,ORD-00321,CUST-00321,PROD-00121,2024-11-21,498.76,53.05,975,Medium-Value,Pending,Baby Care,Diapers,2278.07,13,188.17,4.33,26,TRUE,0.1789,4561,8.0832,0.116907,0.17694,-0.168685,0.715341,2024-12-18,Pending Review,Bundle with promotion
CPG-00322,ORD-00322,CUST-00322,PROD-00122,2024-08-30,518.44,33.28,3848,Medium-Value,Delivered,Baby Care,Diapers,2833.16,6,212.54,2.72,293,FALSE,0.7321,4842,11.665,0.092541,0.070553,0.482226,0.660241,2024-10-12,Implemented,Increase price
CPG-00323,ORD-00323,CUST-00323,PROD-00123,2024-05-30,755.69,3.56,2795,Medium-Value,Cancelled,Baby Care,Diapers,531.88,12,396.94,2.22,389,FALSE,0.943,2001,3.3476,0.097212,0.118506,0.428311,0.53275,2024-04-22,Pending Review,Increase price
CPG-00324,ORD-00324,CUST-00324,PROD-00124,2024-07-23,32.45,52.08,4653,Low-Value,Delivered,Baby Care,Diapers,4511.98,9,27.75,2.14,245,FALSE,1.5112,2593,4.844,0.058545,0.114508,0.346661,0.550028,2024-09-03,Rejected,Decrease price
CPG-00325,ORD-00325,CUST-00325,PROD-00125,2024-07-23,459.95,37.66,2976,Medium-Value,Shipped,Baby Care,Diapers,1048.71,21,341.99,3.68,183,TRUE,2.1169,4390,2.9619,0.039773,0.059464,0.158817,0.902302,2024-07-12,Rejected,Increase price
CPG-00326,ORD-00326,CUST-00326,PROD-00126,2024-10-28,98.84,48.47,3893,Medium-Value,Pending,Baby Care,Diapers,1088.21,3,267.58,2.18,44,FALSE,1.3111,2457,5.4785,0.080992,0.040015,0.021841,0.812482,2024-12-03,Pending Review,Decrease price
CPG-00327,ORD-00327,CUST-00327,PROD-00127,2024-12-09,31.46,35.46,1744,Low-Value,Cancelled,Baby Care,Diapers,4812.48,24,376.48,3.46,451,FALSE,2.3492,4365,9.8027,0.127916,0.181367,0.447709,0.863308,2024-11-27,Implemented,Decrease price
CPG-00328,ORD-00328,CUST-00328,PROD-00128,2024-07-30,145.75,19.42,3566,Medium-Value,Shipped,Baby Care,Diapers,1627.33,3,260.89,1.53,360,FALSE,0.7406,2352,7.9295,0.038467,0.120246,0.024693,0.556779,2024-09-16,Implemented,Increase price
CPG-00329,ORD-00329,CUST-00329,PROD-00129,2024-06-29,720.38,59.5,3457,Low-Value,Cancelled,Baby Care,Diapers,4533.0,7,80.56,2.09,258,TRUE,0.1699,2276,8.0747,0.026398,0.170504,0.47103,0.742921,2024-05-24,Implemented,Increase price
CPG-00330,ORD-00330,CUST-00330,PROD-00130,2024-12-04,292.81,57.4,2977,Low-Value,Delivered,Baby Care,Diapers,3304.28,3,170.82,2.04,42,TRUE,0.6665,4678,8.9465,0.13994,0.104392,0.363185,0.974837,2025-01-30,Rejected,Hold price
CPG-00331,ORD-00331,CUST-00331,PROD-00131,2024-09-02,225.7,21.1,4786,Low-Value,Delivered,Baby Care,Diapers,1980.26,24,302.7,1.43,423,FALSE,0.6232,876,2.5143,0.145489,0.087895,-0.096555,0.79474,2024-08-12,Pending Review,Hold price
CPG-00332,ORD-00332,CUST-00332,PROD-00132,2024-10-24,854.61,41.6,2275,High-Value,Cancelled,Baby Care,Diapers,1846.84,23,159.74,2.11,226,FALSE,0.1506,4963,0.9003,0.110917,0.159788,-0.256262,0.958729,2024-09-23,Rejected,Decrease price
CPG-00333,ORD-00333,CUST-00333,PROD-00133,2024-07-01,504.16,23.05,999,Low-Value,Cancelled,Baby Care,Diapers,4341.42,15,167.62,2.08,500,FALSE,2.326,2094,3.9602,0.140448,0.151334,-0.062062,0.929708,2024-08-14,Implemented,Bundle with promotion
CPG-00334,ORD-00334,CUST-00334,PROD-00134,2024-10-06,295.71,47.78,2244,High-Value,Cancelled,Baby Care,Diapers,4124.83,16,199.01,3.84,339,FALSE,2.3236,2726,8.7499,0.131514,0.164048,0.359521,0.849241,2024-09-09,Rejected,Increase price
CPG-00335,ORD-00335,CUST-00335,PROD-00135,2024-07-27,387.47,20.95,224,High-Value,Cancelled,Baby Care,Diapers,3224.8,6,259.46,3.55,290,TRUE,0.1074,1640,7.7254,0.047058,0.016446,-0.173742,0.758183,2024-06-09,Rejected,Decrease price
CPG-00336,ORD-00336,CUST-00336,PROD-00136,2024-11-30,540.7,28.19,1093,Medium-Value,Cancelled,Baby Care,Diapers,908.72,19,334.17,2.44,490,FALSE,0.5768,3396,4.7274,0.059024,0.075464,0.367743,0.785195,2024-12-20,Implemented,Increase price
CPG-00337,ORD-00337,CUST-00337,PROD-00137,2024-12-20,587.69,58.5,1624,Medium-Value,Pending,Baby Care,Diapers,3521.24,6,38.92,3.19,474,FALSE,1.5409,1223,1.5242,0.055188,0.189449,-0.20612,0.859292,2024-12-25,Pending Review,Bundle with promotion
CPG-00338,ORD-00338,CUST-00338,PROD-00138,2024-11-25,452.32,56.87,2180,Medium-Value,Pending,Baby Care,Diapers,3744.89,13,69.48,1.79,114,TRUE,1.5402,2319,8.8571,0.028404,0.036074,0.333971,0.514387,2024-11-12,Pending Review,Decrease price
CPG-00339,ORD-00339,CUST-00339,PROD-00139,2024-10-03,817.99,28.57,84,Medium-Value,Shipped,Baby Care,Diapers,709.36,11,390.27,2.29,360,FALSE,1.7484,3142,8.6472,0.110416,0.051245,-0.223776,0.529376,2024-11-13,Pending Review,Decrease price
CPG-00340,ORD-00340,CUST-00340,PROD-00140,2024-08-26,897.11,43.15,372,High-Value,Shipped,Baby Care,Diapers,1305.6,20,164.76,4.29,420,FALSE,1.711,1084,11.6327,0.083934,0.116097,-0.091767,0.751873,2024-10-03,Pending Review,Bundle with promotion
CPG-00341,ORD-00341,CUST-00341,PROD-00141,2024-05-31,295.83,8.78,361,High-Value,Delivered,Baby Care,Diapers,2521.09,9,304.17,2.86,82,FALSE,0.779,2157,7.5487,0.114235,0.052752,-0.049592,0.946336,2024-05-14,Pending Review,Bundle with promotion
CPG-00342,ORD-00342,CUST-00342,PROD-00142,2024-11-09,855.79,38.93,3604,High-Value,Cancelled,Baby Care,Diapers,985.15,2,107.35,2.94,482,TRUE,1.2286,1340,8.6186,0.065464,0.19904,0.441765,0.520396,2024-12-21,Pending Review,Bundle with promotion
CPG-00343,ORD-00343,CUST-00343,PROD-00143,2024-08-23,114.55,22.28,1668,Medium-Value,Shipped,Baby Care,Diapers,944.24,6,304.98,3.52,85,FALSE,1.4518,4798,2.9426,0.149701,0.000825,0.313478,0.590284,2024-08-30,Implemented,Decrease price
CPG-00344,ORD-00344,CUST-00344,PROD-00144,2024-11-10,614.06,41.52,999,Medium-Value,Shipped,Baby Care,Diapers,1899.11,4,338.05,4.11,23,TRUE,0.1693,3771,10.053,0.098931,0.090811,0.464161,0.797102,2024-10-22,Implemented,Hold price
CPG-00345,ORD-00345,CUST-00345,PROD-00145,2024-05-09,565.79,59.99,4662,High-Value,Pending,Baby Care,Diapers,1096.27,2,324.59,2.59,495,FALSE,0.8756,455,9.0537,0.082073,0.120458,-0.225959,0.627582,2024-03-23,Implemented,Bundle with promotion
CPG-00346,ORD-00346,CUST-00346,PROD-00146,2024-05-20,33.15,25.34,1262,High-Value,Cancelled,Baby Care,Diapers,1527.81,14,299.64,1.73,208,FALSE,2.269,4944,2.0098,0.099828,0.166411,0.110123,0.744812,2024-07-08,Pending Review,Bundle with promotion
CPG-00347,ORD-00347,CUST-00347,PROD-00147,2024-07-05,546.3,23.36,1526,Medium-Value,Pending,Baby Care,Diapers,3171.9,3,35.37,1.32,226,FALSE,2.4359,1837,7.9475,0.107045,0.186134,0.121823,0.823613,2024-05-14,Implemented,Hold price
CPG-00348,ORD-00348,CUST-00348,PROD-00148,2024-08-25,402.06,10.62,1046,Low-Value,Cancelled,Baby Care,Diapers,4519.37,8,218.77,4.18,254,FALSE,1.4645,4514,1.3801,0.006764,0.021526,0.039931,0.547242,2024-08-05,Rejected,Hold price
CPG-00349,ORD-00349,CUST-00349,PROD-00149,2024-07-27,533.23,44.95,3791,High-Value,Shipped,Baby Care,Diapers,3941.58,13,37.2,3.69,18,FALSE,2.2042,2439,4.1104,0.108614,0.151471,0.059958,0.903917,2024-07-19,Pending Review,Decrease price
CPG-00350,ORD-00350,CUST-00350,PROD-00150,2024-06-21,84.23,41.06,3553,Low-Value,Delivered,Baby Care,Diapers,138.68,13,64.34,4.44,142,TRUE,1.6739,3770,8.4558,0.130317,0.193161,0.18151,0.743361,2024-08-15,Rejected,Hold price
CPG-00351,ORD-00351,CUST-00351,PROD-00151,2024-10-21,867.38,7.08,1106,High-Value,Pending,Baby Care,Diapers,994.47,1,284.49,3.36,421,TRUE,2.1616,1715,6.0328,0.021773,0.048356,0.373672,0.929095,2024-10-01,Rejected,Decrease price
CPG-00352,ORD-00352,CUST-00352,PROD-00152,2024-05-20,696.2,8.75,1248,Low-Value,Shipped,Baby Care,Diapers,3527.86,16,199.17,1.52,226,FALSE,1.5045,1650,3.8906,0.124418,0.078347,-0.03292,0.551332,2024-05-21,Rejected,Bundle with promotion
CPG-00353,ORD-00353,CUST-00353,PROD-00153,2024-08-12,667.31,4.15,3274,Medium-Value,Shipped,Baby Care,Diapers,2591.11,24,252.37,3.09,293,FALSE,0.6566,498,6.5756,0.063301,0.06317,-0.249192,0.946439,2024-08-30,Pending Review,Bundle with promotion
CPG-00354,ORD-00354,CUST-00354,PROD-00154,2024-05-27,452.89,42.46,170,High-Value,Cancelled,Baby Care,Diapers,1475.65,7,198.31,4.29,187,FALSE,0.657,1800,7.2581,0.102746,0.184347,0.382763,0.8576,2024-06-24,Pending Review,Decrease price
CPG-00355,ORD-00355,CUST-00355,PROD-00155,2024-12-10,274.65,56.59,2951,Medium-Value,Cancelled,Baby Care,Diapers,4008.79,6,256.3,3.49,223,FALSE,1.7577,707,8.1711,0.019364,0.039897,0.184599,0.550452,2024-10-17,Pending Review,Bundle with promotion
CPG-00356,ORD-00356,CUST-00356,PROD-00156,2024-07-14,200.35,53.09,2924,Low-Value,Delivered,Baby Care,Diapers,835.1,17,32.15,1.16,19,TRUE,0.9106,934,7.602,0.018103,0.044819,-0.093742,0.670162,2024-08-05,Pending Review,Increase price
CPG-00357,ORD-00357,CUST-00357,PROD-00157,2024-11-11,251.73,31.89,853,Low-Value,Pending,Baby Care,Diapers,299.59,15,323.62,1.53,363,TRUE,2.4392,4995,9.4948,0.142108,0.164722,-0.266424,0.552706,2025-01-05,Rejected,Increase price
CPG-00358,ORD-00358,CUST-00358,PROD-00158,2024-12-06,821.22,27.61,4144,Medium-Value,Delivered,Baby Care,Diapers,3676.13,4,78.63,1.55,159,FALSE,0.9031,1129,1.9143,0.030284,0.193927,0.315375,0.503294,2024-10-21,Pending Review,Hold price
CPG-00359,ORD-00359,CUST-00359,PROD-00159,2024-07-10,166.57,26.07,2010,High-Value,Pending,Baby Care,Diapers,3778.37,17,180.25,1.93,376,TRUE,0.4312,3513,5.2542,0.061396,0.091751,0.381912,0.897304,2024-05-22,Pending Review,Increase price
CPG-00360,ORD-00360,CUST-00360,PROD-00160,2024-08-19,696.58,6.04,2771,Medium-Value,Delivered,Baby Care,Diapers,2038.17,6,184.95,3.51,274,FALSE,1.9221,1237,10.8789,0.008671,0.126322,0.270696,0.830181,2024-10-18,Rejected,Hold price
CPG-00361,ORD-00361,CUST-00361,PROD-00161,2024-08-13,798.92,45.08,2819,High-Value,Shipped,Baby Care,Diapers,4143.67,17,251.95,4.88,5,TRUE,1.7807,3656,7.9046,0.133137,0.124872,0.19455,0.721072,2024-09-28,Pending Review,Bundle with promotion
CPG-00362,ORD-00362,CUST-00362,PROD-00162,2024-11-12,794.66,24.62,1032,Low-Value,Delivered,Baby Care,Diapers,4960.02,10,101.22,1.29,285,FALSE,1.3512,1311,0.7694,0.133548,0.107987,-0.093048,0.916114,2024-10-21,Pending Review,Bundle with promotion
CPG-00363,ORD-00363,CUST-00363,PROD-00163,2024-09-04,662.81,31.43,1014,High-Value,Delivered,Baby Care,Diapers,3794.97,4,190.52,3.95,142,TRUE,1.1876,1935,9.762,0.14835,0.113119,0.415471,0.813872,2024-07-25,Rejected,Decrease price
CPG-00364,ORD-00364,CUST-00364,PROD-00164,2024-07-26,266.81,41.0,3093,Low-Value,Shipped,Baby Care,Diapers,3700.69,4,144.58,3.75,376,TRUE,2.0748,2960,5.7246,0.021983,0.085138,0.029642,0.546124,2024-06-19,Pending Review,Decrease price
CPG-00365,ORD-00365,CUST-00365,PROD-00165,2024-08-27,205.08,25.36,4579,Low-Value,Cancelled,Baby Care,Diapers,3905.18,9,242.04,1.27,356,FALSE,2.4916,4011,8.9147,0.062538,0.032569,0.104629,0.742382,2024-09-29,Pending Review,Decrease price
CPG-00366,ORD-00366,CUST-00366,PROD-00166,2024-12-31,469.17,28.42,267,Low-Value,Pending,Baby Care,Diapers,826.36,18,160.35,2.85,365,TRUE,1.5438,3348,1.7689,0.055438,0.057918,0.118222,0.558871,2024-12-17,Pending Review,Hold price
CPG-00367,ORD-00367,CUST-00367,PROD-00167,2024-07-14,445.04,36.2,398,Medium-Value,Shipped,Baby Care,Diapers,4450.83,7,89.57,3.77,82,FALSE,0.105,4486,4.5095,0.130564,0.083515,0.158447,0.782882,2024-09-02,Pending Review,Bundle with promotion
CPG-00368,ORD-00368,CUST-00368,PROD-00168,2024-08-27,752.81,38.91,3685,Low-Value,Pending,Baby Care,Diapers,2272.92,24,143.58,1.46,80,FALSE,1.0294,3240,4.3985,0.006873,0.134089,0.054477,0.638688,2024-09-28,Implemented,Decrease price
CPG-00369,ORD-00369,CUST-00369,PROD-00169,2024-10-26,521.22,34.54,1014,Low-Value,Delivered,Baby Care,Diapers,2818.8,7,382.96,3.79,372,TRUE,2.3975,4275,2.6781,0.071375,0.179373,-0.203773,0.968091,2024-10-06,Implemented,Increase price
CPG-00370,ORD-00370,CUST-00370,PROD-00170,2024-07-07,232.08,27.77,4370,Low-Value,Delivered,Baby Care,Diapers,1636.13,19,37.09,3.47,464,TRUE,0.9159,1479,5.2718,0.128947,0.063476,-0.094258,0.557322,2024-05-30,Implemented,Decrease price
CPG-00371,ORD-00371,CUST-00371,PROD-00171,2024-07-10,176.66,57.23,1386,High-Value,Delivered,Baby Care,Diapers,3091.65,11,88.95,3.69,88,TRUE,0.8153,809,4.1805,0.061923,0.064844,0.000411,0.913871,2024-07-29,Implemented,Increase price
CPG-00372,ORD-00372,CUST-00372,PROD-00172,2024-06-18,680.64,45.64,3154,High-Value,Delivered,Baby Care,Diapers,1382.97,11,196.63,3.05,262,FALSE,0.2571,237,5.1862,0.035061,0.177231,-0.084672,0.981737,2024-07-20,Rejected,Increase price
CPG-00373,ORD-00373,CUST-00373,PROD-00173,2024-06-30,690.24,34.96,3653,High-Value,Cancelled,Baby Care,Diapers,4239.08,17,97.31,3.28,74,TRUE,0.9959,1378,9.4933,0.08063,0.08475,0.429194,0.725871,2024-07-19,Implemented,Bundle with promotion
CPG-00374,ORD-00374,CUST-00374,PROD-00174,2024-12-30,270.99,56.14,3950,Medium-Value,Pending,Baby Care,Diapers,3009.45,22,164.46,4.4,10,FALSE,2.1219,1743,7.2293,0.076549,0.009097,0.291346,0.781541,2025-01-02,Pending Review,Increase price
CPG-00375,ORD-00375,CUST-00375,PROD-00175,2024-08-07,633.11,59.93,3538,High-Value,Cancelled,Baby Care,Diapers,3071.7,11,355.89,3.91,381,FALSE,1.6244,3709,3.6397,0.099342,0.064328,-0.131501,0.979496,2024-07-02,Pending Review,Increase price
CPG-00376,ORD-00376,CUST-00376,PROD-00176,2024-11-24,580.02,31.02,1396,Low-Value,Cancelled,Pet Care,Dry Food,1009.16,24,234.97,1.39,152,TRUE,0.2569,1051,9.0787,0.019115,0.186713,0.384383,0.940502,2024-10-18,Rejected,Hold price
CPG-00377,ORD-00377,CUST-00377,PROD-00177,2024-06-16,765.19,32.91,2071,Low-Value,Cancelled,Pet Care,Dry Food,2822.57,15,20.74,1.08,364,FALSE,1.6383,425,10.3194,0.04845,0.168868,0.025501,0.560859,2024-05-03,Rejected,Bundle with promotion
CPG-00378,ORD-00378,CUST-00378,PROD-00178,2024-09-01,472.77,4.72,3441,Low-Value,Shipped,Pet Care,Dry Food,2271.86,1,168.91,1.15,379,FALSE,0.2963,4685,9.7882,0.14854,0.045126,0.251639,0.978888,2024-08-17,Implemented,Decrease price
CPG-00379,ORD-00379,CUST-00379,PROD-00179,2024-06-09,306.36,3.62,3538,High-Value,Cancelled,Pet Care,Dry Food,2983.03,21,375.32,1.22,330,FALSE,0.6932,3880,3.2411,0.05112,0.010887,-0.033129,0.897056,2024-06-15,Implemented,Bundle with promotion
CPG-00380,ORD-00380,CUST-00380,PROD-00180,2024-11-09,568.43,55.17,3091,Medium-Value,Delivered,Pet Care,Dry Food,4455.91,23,44.71,3.03,53,TRUE,0.2488,3621,1.1301,0.091611,0.086368,-0.218538,0.527895,2024-11-12,Implemented,Hold price
CPG-00381,ORD-00381,CUST-00381,PROD-00181,2024-12-01,370.49,52.15,86,Medium-Value,Shipped,Pet Care,Dry Food,1950.4,14,354.38,3.16,220,TRUE,0.9151,213,5.7219,0.049229,0.038496,-0.217848,0.797588,2024-11-16,Implemented,Decrease price
CPG-00382,ORD-00382,CUST-00382,PROD-00182,2024-12-15,126.49,29.92,3642,High-Value,Pending,Pet Care,Dry Food,1253.6,2,42.99,2.78,191,FALSE,1.5029,4204,11.537,0.113156,0.062238,0.408178,0.887748,2025-01-10,Implemented,Bundle with promotion
CPG-00383,ORD-00383,CUST-00383,PROD-00183,2024-07-16,548.95,36.01,1184,High-Value,Cancelled,Pet Care,Dry Food,1225.07,18,346.31,2.02,14,FALSE,0.9252,1642,7.8664,0.030189,0.013681,-0.148516,0.737863,2024-08-18,Rejected,Bundle with promotion
CPG-00384,ORD-00384,CUST-00384,PROD-00184,2024-09-28,308.06,19.38,2692,High-Value,Pending,Pet Care,Dry Food,569.0,2,208.45,3.02,181,TRUE,1.633,1887,5.8652,0.031971,0.096149,0.314679,0.907326,2024-11-06,Rejected,Bundle with promotion
CPG-00385,ORD-00385,CUST-00385,PROD-00185,2024-06-19,369.28,2.57,2931,High-Value,Cancelled,Pet Care,Dry Food,2795.72,5,130.42,3.89,13,TRUE,1.6152,2949,1.0049,0.004453,0.039565,-0.160683,0.942691,2024-07-12,Rejected,Decrease price
CPG-00386,ORD-00386,CUST-00386,PROD-00186,2024-07-23,765.07,12.21,2144,High-Value,Cancelled,Pet Care,Dry Food,153.92,22,72.15,1.86,110,TRUE,0.9121,1723,4.0083,0.036022,0.161898,0.228727,0.970581,2024-07-24,Rejected,Bundle with promotion
CPG-00387,ORD-00387,CUST-00387,PROD-00187,2024-12-08,72.86,48.1,1570,Low-Value,Pending,Pet Care,Dry Food,1922.07,12,140.82,1.51,483,FALSE,2.4448,2004,11.0917,0.114462,0.117465,0.383548,0.647091,2024-12-16,Implemented,Hold price
CPG-00388,ORD-00388,CUST-00388,PROD-00188,2024-06-30,572.07,31.48,4784,Medium-Value,Delivered,Pet Care,Dry Food,1085.73,3,318.17,1.98,74,TRUE,0.5018,3180,9.14,0.096761,0.101832,0.09887,0.732134,2024-05-06,Pending Review,Hold price
CPG-00389,ORD-00389,CUST-00389,PROD-00189,2024-09-09,442.72,35.71,4783,Low-Value,Pending,Pet Care,Dry Food,231.19,8,360.06,4.35,252,FALSE,2.1716,3244,3.0138,0.063753,0.075417,-0.174233,0.921216,2024-08-22,Pending Review,Increase price
CPG-00390,ORD-00390,CUST-00390,PROD-00190,2024-06-01,276.12,4.39,4196,Low-Value,Delivered,Pet Care,Dry Food,1715.05,15,197.67,2.82,127,FALSE,0.982,4076,4.1457,0.057356,0.035913,-0.112968,0.822677,2024-04-24,Pending Review,Increase price
CPG-00391,ORD-00391,CUST-00391,PROD-00191,2024-07-12,468.82,55.74,806,High-Value,Pending,Pet Care,Dry Food,403.18,2,227.49,3.25,412,FALSE,0.572,2698,3.3753,0.111782,0.153697,0.376359,0.595321,2024-06-24,Rejected,Decrease price
CPG-00392,ORD-00392,CUST-00392,PROD-00192,2024-12-02,669.74,19.37,2839,Medium-Value,Pending,Pet Care,Dry Food,4731.78,19,307.97,4.19,14,TRUE,1.2328,4200,11.8767,0.142723,0.173093,-0.117937,0.861668,2025-01-20,Implemented,Bundle with promotion
CPG-00393,ORD-00393,CUST-00393,PROD-00193,2024-06-26,471.51,43.91,3779,Medium-Value,Cancelled,Pet Care,Dry Food,3969.98,11,341.4,3.75,397,FALSE,1.9483,3422,2.9102,0.067496,0.111689,-0.00024,0.788754,2024-05-27,Implemented,Hold price
CPG-00394,ORD-00394,CUST-00394,PROD-00194,2024-12-25,23.57,21.71,3433,Medium-Value,Pending,Pet Care,Dry Food,3444.53,13,309.88,3.84,437,FALSE,0.8826,191,7.0271,0.004831,0.027827,0.481795,0.997129,2025-01-16,Rejected,Bundle with promotion
CPG-00395,ORD-00395,CUST-00395,PROD-00195,2024-08-03,854.59,29.54,2693,Low-Value,Delivered,Pet Care,Dry Food,4811.59,21,360.0,1.22,207,TRUE,0.5114,4530,2.5428,0.123971,0.120673,-0.278529,0.599499,2024-07-21,Pending Review,Hold price
CPG-00396,ORD-00396,CUST-00396,PROD-00196,2024-06-19,272.63,23.38,90,High-Value,Delivered,Pet Care,Dry Food,1667.52,14,168.62,2.84,242,TRUE,0.4099,3428,5.9999,0.010314,0.191019,0.39256,0.564966,2024-06-22,Implemented,Hold price
CPG-00397,ORD-00397,CUST-00397,PROD-00197,2024-08-16,603.34,20.0,1662,Low-Value,Pending,Pet Care,Dry Food,3598.02,15,124.67,1.56,304,TRUE,2.4786,3652,1.2357,0.059886,0.161513,0.120685,0.955151,2024-10-15,Pending Review,Bundle with promotion
CPG-00398,ORD-00398,CUST-00398,PROD-00198,2024-08-24,524.88,53.1,3738,Medium-Value,Cancelled,Pet Care,Dry Food,3516.57,23,321.09,3.58,157,FALSE,1.5713,1435,5.2731,0.026937,0.123547,0.045661,0.692332,2024-07-13,Rejected,Decrease price
CPG-00399,ORD-00399,CUST-00399,PROD-00199,2024-10-23,99.55,53.36,1293,Medium-Value,Pending,Pet Care,Dry Food,4418.65,18,130.92,3.45,32,TRUE,1.7753,1780,10.9505,0.061692,0.152372,-0.203016,0.684366,2024-10-07,Implemented,Hold price
CPG-00400,ORD-00400,CUST-00400,PROD-00200,2024-08-10,160.88,3.55,3783,Medium-Value,Shipped,Pet Care,Dry Food,1751.11,13,345.19,1.73,32,FALSE,0.1907,2053,1.8189,0.137571,0.065422,0.298941,0.74238,2024-07-11,Implemented,Increase price
CPG-00401,ORD-00401,CUST-00401,PROD-00001,2024-09-15,229.43,49.58,1321,High-Value,Pending,Pet Care,Dry Food,4200.55,20,58.2,4.33,81,FALSE,0.398,3202,2.4372,0.100709,0.002242,-0.081398,0.720329,2024-10-15,Implemented,Decrease price
CPG-00402,ORD-00402,CUST-00402,PROD-00002,2024-10-27,805.03,4.77,4283,Low-Value,Delivered,Pet Care,Dry Food,3329.57,22,360.86,2.86,236,FALSE,1.7568,3638,1.1028,0.0007,0.154482,0.313691,0.96441,2024-12-10,Pending Review,Decrease price
CPG-00403,ORD-00403,CUST-00403,PROD-00003,2024-06-18,29.19,49.59,517,High-Value,Delivered,Pet Care,Dry Food,4795.79,4,322.83,1.1,17,TRUE,1.8376,361,5.2803,0.016153,0.065428,0.149643,0.594774,2024-07-09,Implemented,Bundle with promotion
CPG-00404,ORD-00404,CUST-00404,PROD-00004,2024-12-24,393.67,20.76,122,Medium-Value,Cancelled,Pet Care,Dry Food,3287.26,1,167.89,1.81,64,FALSE,0.6282,2282,7.9744,0.055347,0.013466,-0.125151,0.650767,2024-12-01,Rejected,Bundle with promotion
CPG-00405,ORD-00405,CUST-00405,PROD-00005,2024-05-24,489.52,11.94,776,Low-Value,Pending,Pet Care,Dry Food,1655.55,21,284.6,4.47,445,TRUE,0.8969,2605,11.7472,0.099956,0.013503,-0.285881,0.956052,2024-06-29,Pending Review,Bundle with promotion
CPG-00406,ORD-00406,CUST-00406,PROD-00006,2024-09-05,671.51,15.49,1016,Medium-Value,Pending,Pet Care,Dry Food,1220.16,14,307.75,2.76,370,TRUE,0.2438,3069,6.2354,0.030302,0.07515,0.213631,0.619032,2024-09-05,Rejected,Bundle with promotion
CPG-00407,ORD-00407,CUST-00407,PROD-00007,2024-11-03,133.83,4.3,3398,Low-Value,Shipped,Pet Care,Dry Food,4072.92,1,107.02,2.11,412,FALSE,0.9225,1687,6.7021,0.135995,0.133001,-0.10133,0.843675,2024-09-15,Rejected,Decrease price
CPG-00408,ORD-00408,CUST-00408,PROD-00008,2024-09-30,476.5,5.75,4027,High-Value,Shipped,Pet Care,Dry Food,4770.62,2,261.06,1.64,332,TRUE,2.3519,1029,1.5552,0.088895,0.166244,0.44545,0.618155,2024-09-30,Implemented,Bundle with promotion
CPG-00409,ORD-00409,CUST-00409,PROD-00009,2024-10-30,290.64,12.23,2039,Medium-Value,Shipped,Pet Care,Dry Food,1462.5,15,387.74,3.53,135,TRUE,0.7525,3942,1.4202,0.145883,0.079649,-0.165787,0.720688,2024-11-26,Rejected,Bundle with promotion
CPG-00410,ORD-00410,CUST-00410,PROD-00010,2024-11-08,740.35,24.12,681,Medium-Value,Delivered,Pet Care,Dry Food,2996.16,5,230.08,3.78,20,TRUE,0.7175,3799,4.0172,0.042484,0.112428,0.084675,0.666617,2024-12-26,Rejected,Bundle with promotion
CPG-00411,ORD-00411,CUST-00411,PROD-00011,2024-06-17,825.78,44.36,3065,Medium-Value,Delivered,Pet Care,Dry Food,2052.55,14,377.31,1.01,451,FALSE,1.0217,2522,7.8721,0.088246,0.081758,-0.268938,0.960802,2024-07-19,Pending Review,Decrease price
CPG-00412,ORD-00412,CUST-00412,PROD-00012,2024-06-16,862.03,22.22,4002,Low-Value,Shipped,Pet Care,Dry Food,3458.02,23,41.93,3.7,394,FALSE,2.3236,2022,3.2871,0.005176,0.162625,0.204762,0.838213,2024-08-01,Rejected,Decrease price
CPG-00413,ORD-00413,CUST-00413,PROD-00013,2024-07-03,418.09,36.92,1322,High-Value,Pending,Pet Care,Dry Food,627.82,3,264.87,3.38,140,FALSE,1.0544,4802,11.7027,0.012052,0.18199,0.400805,0.582912,2024-07-18,Pending Review,Hold price
CPG-00414,ORD-00414,CUST-00414,PROD-00014,2024-10-22,458.07,35.99,3371,Low-Value,Shipped,Pet Care,Dry Food,4353.62,4,261.75,2.87,463,FALSE,2.0541,2204,9.1104,0.139503,0.079594,-0.05352,0.993513,2024-09-27,Pending Review,Increase price
CPG-00415,ORD-00415,CUST-00415,PROD-00015,2024-05-22,699.76,18.72,3530,High-Value,Delivered,Pet Care,Dry Food,923.19,6,287.54,2.46,223,TRUE,1.2675,4118,11.4076,0.067599,0.162874,-0.15149,0.529491,2024-04-10,Implemented,Decrease price
CPG-00416,ORD-00416,CUST-00416,PROD-00016,2024-07-03,405.05,38.91,653,Medium-Value,Shipped,Pet Care,Dry Food,474.25,4,125.17,4.2,65,FALSE,0.1712,1924,5.9958,0.100921,0.020162,-0.251155,0.875899,2024-05-08,Implemented,Increase price
CPG-00417,ORD-00417,CUST-00417,PROD-00017,2024-05-22,477.27,59.24,2177,Medium-Value,Delivered,Pet Care,Dry Food,2392.5,11,249.66,1.03,318,FALSE,0.9899,2811,11.9936,0.122527,0.188198,0.232063,0.689218,2024-06-24,Implemented,Hold price
CPG-00418,ORD-00418,CUST-00418,PROD-00018,2024-12-07,307.28,42.5,1137,High-Value,Cancelled,Pet Care,Dry Food,3029.45,17,126.2,1.35,243,TRUE,0.9842,3893,6.4215,0.099034,0.000626,0.210459,0.970969,2025-01-31,Pending Review,Increase price
CPG-00419,ORD-00419,CUST-00419,PROD-00019,2024-10-07,333.78,20.88,3639,High-Value,Cancelled,Pet Care,Dry Food,3053.48,13,300.9,1.16,423,TRUE,0.936,3901,11.849,0.128565,0.181041,0.287422,0.646931,2024-08-20,Implemented,Decrease price
CPG-00420,ORD-00420,CUST-00420,PROD-00020,2024-12-06,790.47,3.84,4079,High-Value,Pending,Pet Care,Dry Food,1541.67,22,398.6,3.75,376,FALSE,0.5033,3656,11.4831,0.072325,0.108134,-0.105315,0.585217,2025-01-07,Rejected,Increase price
CPG-00421,ORD-00421,CUST-00421,PROD-00021,2024-05-25,894.12,24.24,2296,High-Value,Shipped,Pet Care,Dry Food,3609.92,22,200.99,4.61,6,TRUE,1.6971,4379,7.7858,0.073794,0.159108,-0.033759,0.611903,2024-03-28,Rejected,Increase price
CPG-00422,ORD-00422,CUST-00422,PROD-00022,2024-10-09,348.65,24.14,4603,Medium-Value,Shipped,Pet Care,Dry Food,4051.82,8,118.46,3.51,386,FALSE,0.3104,731,4.4127,0.08883,0.037631,0.453606,0.78642,2024-08-23,Implemented,Hold price
CPG-00423,ORD-00423,CUST-00423,PROD-00023,2024-12-28,525.57,33.06,3179,Medium-Value,Shipped,Pet Care,Dry Food,1632.23,12,323.06,1.01,41,TRUE,1.3474,4929,7.2939,0.015988,0.001838,0.38189,0.657963,2024-11-20,Pending Review,Decrease price
CPG-00424,ORD-00424,CUST-00424,PROD-00024,2024-09-02,418.37,40.59,281,Low-Value,Pending,Pet Care,Dry Food,1634.69,17,396.33,3.11,84,TRUE,0.7563,4702,6.0003,0.124303,0.099005,0.263312,0.688354,2024-07-16,Pending Review,Decrease price
CPG-00425,ORD-00425,CUST-00425,PROD-00025,2024-11-25,201.39,42.62,430,High-Value,Pending,Pet Care,Dry Food,4291.06,24,168.89,3.56,424,TRUE,2.4786,4489,5.0113,0.063366,0.094684,-0.021354,0.695681,2024-11-10,Implemented,Hold price
CPG-00426,ORD-00426,CUST-00426,PROD-00026,2024-07-09,631.29,24.84,1072,Medium-Value,Cancelled,Pet Care,Dry Food,3773.72,19,349.03,1.68,448,TRUE,2.1395,2491,5.7616,0.024554,0.027512,0.256764,0.645541,2024-08-13,Implemented,Decrease price
CPG-00427,ORD-00427,CUST-00427,PROD-00027,2024-06-22,188.15,51.66,835,Low-Value,Pending,Pet Care,Dry Food,3938.22,5,163.09,3.28,195,FALSE,1.7307,1379,11.1488,0.014407,0.194832,-0.156294,0.526236,2024-08-07,Rejected,Hold price
CPG-00428,ORD-00428,CUST-00428,PROD-00028,2024-09-26,398.93,16.21,973,High-Value,Cancelled,Pet Care,Dry Food,2013.39,10,281.43,1.52,379,TRUE,1.6667,3076,9.4223,0.148675,0.134147,-0.228311,0.731837,2024-08-31,Rejected,Bundle with promotion
CPG-00429,ORD-00429,CUST-00429,PROD-00029,2024-07-07,574.62,8.76,999,Medium-Value,Cancelled,Pet Care,Dry Food,3224.98,17,105.48,2.56,15,FALSE,0.7569,775,9.635,0.027164,0.096838,0.215677,0.716828,2024-07-14,Rejected,Decrease price
CPG-00430,ORD-00430,CUST-00430,PROD-00030,2024-05-23,71.2,12.72,161,Medium-Value,Shipped,Pet Care,Dry Food,2802.5,18,317.72,4.18,417,FALSE,0.2534,4791,6.6983,0.122824,0.13034,0.302807,0.603732,2024-06-26,Rejected,Increase price
CPG-00431,ORD-00431,CUST-00431,PROD-00031,2024-06-13,630.27,20.23,320,High-Value,Pending,Pet Care,Dry Food,2896.65,21,81.26,1.02,238,FALSE,2.1435,287,1.473,0.018708,0.059716,0.473021,0.585802,2024-04-22,Rejected,Increase price
CPG-00432,ORD-00432,CUST-00432,PROD-00032,2024-06-30,55.86,19.02,4375,Medium-Value,Shipped,Pet Care,Dry Food,742.28,16,284.14,4.31,473,FALSE,1.5548,4183,2.9132,0.014851,0.163953,-0.11032,0.594037,2024-05-10,Pending Review,Decrease price
CPG-00433,ORD-00433,CUST-00433,PROD-00033,2024-12-29,133.77,18.09,3457,High-Value,Cancelled,Pet Care,Dry Food,2771.75,9,165.08,2.93,312,TRUE,1.0601,683,11.3645,0.101479,0.18804,-0.185405,0.601881,2024-12-06,Rejected,Hold price
CPG-00434,ORD-00434,CUST-00434,PROD-00034,2024-10-07,586.33,39.57,4189,Low-Value,Pending,Pet Care,Dry Food,862.01,5,140.22,3.5,298,FALSE,1.0095,4945,3.3462,0.040519,0.106294,0.247183,0.703391,2024-11-18,Pending Review,Increase price
CPG-00435,ORD-00435,CUST-00435,PROD-00035,2024-07-29,703.59,17.87,802,Medium-Value,Shipped,Pet Care,Dry Food,4898.45,8,163.88,1.51,418,TRUE,1.9786,1012,2.5209,0.109249,0.06131,0.357075,0.744809,2024-07-14,Rejected,Hold price
CPG-00436,ORD-00436,CUST-00436,PROD-00036,2024-10-24,521.36,7.75,392,High-Value,Cancelled,Pet Care,Dry Food,1624.08,13,88.66,1.99,148,FALSE,1.2445,1046,3.4792,0.102999,0.142645,0.22605,0.571335,2024-09-15,Rejected,Hold price
CPG-00437,ORD-00437,CUST-00437,PROD-00037,2024-05-11,580.69,41.34,3426,Low-Value,Pending,Pet Care,Dry Food,2316.04,15,394.77,2.3,408,FALSE,1.3054,2260,11.4551,0.078089,0.143693,0.43905,0.614382,2024-05-26,Rejected,Increase price
CPG-00438,ORD-00438,CUST-00438,PROD-00038,2024-12-26,285.51,38.81,628,Low-Value,Cancelled,Pet Care,Dry Food,1238.18,3,82.74,3.7,442,TRUE,0.303,2342,6.8728,0.073928,0.174871,0.469733,0.711992,2024-12-31,Rejected,Decrease price
CPG-00439,ORD-00439,CUST-00439,PROD-00039,2024-08-28,470.79,42.48,3321,High-Value,Shipped,Pet Care,Dry Food,3100.62,24,22.77,4.49,464,FALSE,1.7862,2827,3.3086,0.110847,0.190174,0.358691,0.940166,2024-10-01,Rejected,Increase price
CPG-00440,ORD-00440,CUST-00440,PROD-00040,2024-09-30,868.71,32.36,1843,High-Value,Shipped,Pet Care,Dry Food,421.86,5,215.2,3.36,461,TRUE,1.1145,3106,2.4606,0.145459,0.067592,0.243251,0.915863,2024-08-12,Implemented,Hold price
CPG-00441,ORD-00441,CUST-00441,PROD-00041,2024-07-13,274.79,34.99,1781,Medium-Value,Shipped,Pet Care,Dry Food,4649.09,21,215.9,1.75,387,TRUE,2.345,4000,1.1612,0.000884,0.092071,-0.061319,0.553582,2024-08-22,Pending Review,Decrease price
CPG-00442,ORD-00442,CUST-00442,PROD-00042,2024-08-08,22.84,32.69,1259,Medium-Value,Shipped,Pet Care,Dry Food,663.02,16,22.63,2.51,111,FALSE,0.6426,3239,4.8046,0.054674,0.178439,0.129142,0.634741,2024-08-13,Pending Review,Bundle with promotion
CPG-00443,ORD-00443,CUST-00443,PROD-00043,2024-06-08,328.06,52.49,1625,High-Value,Delivered,Pet Care,Dry Food,988.36,2,70.8,2.52,193,FALSE,1.8854,259,2.3436,0.029849,0.095859,0.232194,0.6329,2024-04-12,Pending Review,Bundle with promotion
CPG-00444,ORD-00444,CUST-00444,PROD-00044,2024-09-15,453.58,45.56,3275,Low-Value,Cancelled,Pet Care,Dry Food,3643.67,24,340.36,3.39,75,FALSE,0.4154,884,9.6162,0.018919,0.068824,-0.289081,0.842219,2024-08-25,Implemented,Hold price
CPG-00445,ORD-00445,CUST-00445,PROD-00045,2024-08-15,667.63,30.18,3513,High-Value,Pending,Pet Care,Dry Food,3107.19,24,214.27,2.52,158,TRUE,0.7747,943,10.4379,0.149139,0.049471,0.356488,0.599206,2024-09-02,Rejected,Increase price
CPG-00446,ORD-00446,CUST-00446,PROD-00046,2024-10-24,459.57,38.48,1218,High-Value,Pending,Pet Care,Dry Food,646.28,13,34.58,1.63,447,TRUE,2.3298,3493,0.7031,0.029947,0.17287,0.004282,0.762486,2024-09-16,Rejected,Decrease price
CPG-00447,ORD-00447,CUST-00447,PROD-00047,2024-06-23,392.08,5.0,901,Medium-Value,Shipped,Pet Care,Dry Food,1849.7,12,290.4,1.21,228,TRUE,0.8676,390,2.5901,8e-05,0.132086,-0.042688,0.642658,2024-05-12,Pending Review,Increase price
CPG-00448,ORD-00448,CUST-00448,PROD-00048,2024-08-16,238.25,8.47,111,Low-Value,Delivered,Pet Care,Dry Food,2781.25,5,145.86,2.72,181,FALSE,1.883,4825,6.5819,0.055739,0.13005,-0.131973,0.692025,2024-09-04,Implemented,Decrease price
CPG-00449,ORD-00449,CUST-00449,PROD-00049,2024-10-06,672.19,53.27,1560,High-Value,Cancelled,Pet Care,Dry Food,3538.07,4,48.45,1.42,310,FALSE,0.8235,3885,11.8809,0.0303,0.144154,-0.264951,0.595853,2024-08-08,Rejected,Hold price
CPG-00450,ORD-00450,CUST-00450,PROD-00050,2024-12-12,877.99,43.6,3572,High-Value,Pending,Pet Care,Dry Food,2439.96,17,373.91,4.13,239,TRUE,0.5006,2246,8.5121,0.01934,0.009089,0.15294,0.897195,2024-11-01,Rejected,Decrease price
CPG-00451,ORD-00451,CUST-00451,PROD-00051,2024-12-26,639.33,25.68,2415,Medium-Value,Cancelled,Health & Wellness,Vitamins,4927.04,21,330.05,2.92,379,FALSE,0.6263,2292,2.5325,0.145741,0.107478,0.48301,0.889093,2024-12-17,Rejected,Increase price
CPG-00452,ORD-00452,CUST-00452,PROD-00052,2024-10-29,623.98,38.32,4950,Low-Value,Pending,Health & Wellness,Vitamins,1070.49,15,103.84,4.98,5,FALSE,0.5894,3240,2.2899,0.034758,0.145257,-0.005088,0.951084,2024-12-23,Implemented,Bundle with promotion
CPG-00453,ORD-00453,CUST-00453,PROD-00053,2024-06-13,178.75,30.45,1477,Low-Value,Shipped,Health & Wellness,Vitamins,1446.12,10,81.91,4.02,106,TRUE,2.062,4980,2.6603,0.021528,0.085279,0.064019,0.822559,2024-05-07,Pending Review,Increase price
CPG-00454,ORD-00454,CUST-00454,PROD-00054,2024-10-30,136.5,7.78,3145,High-Value,Pending,Health & Wellness,Vitamins,594.68,1,310.11,3.63,16,TRUE,0.4172,685,3.578,0.14079,0.119927,0.33392,0.504698,2024-09-21,Implemented,Hold price
CPG-00455,ORD-00455,CUST-00455,PROD-00055,2024-12-02,90.19,53.76,1336,Medium-Value,Pending,Health & Wellness,Vitamins,1692.19,5,112.65,1.49,398,FALSE,1.606,1009,0.7439,0.006679,0.108928,-0.217947,0.943228,2025-01-07,Pending Review,Decrease price
CPG-00456,ORD-00456,CUST-00456,PROD-00056,2024-04-28,36.24,40.01,1850,Low-Value,Delivered,Health & Wellness,Vitamins,1954.48,23,332.66,2.49,85,TRUE,1.2804,903,3.082,0.14347,0.056363,-0.238968,0.666862,2024-04-05,Pending Review,Increase price
CPG-00457,ORD-00457,CUST-00457,PROD-00057,2024-12-13,549.99,36.78,3483,High-Value,Delivered,Health & Wellness,Vitamins,4470.93,22,134.59,1.62,281,FALSE,0.9361,852,3.6176,0.074888,0.073822,-0.087679,0.953492,2025-01-03,Implemented,Increase price
CPG-00458,ORD-00458,CUST-00458,PROD-00058,2024-12-04,703.34,27.91,3919,High-Value,Delivered,Health & Wellness,Vitamins,610.16,14,384.64,1.51,85,FALSE,0.4472,2647,11.9399,0.027281,0.077003,-0.044547,0.711916,2024-11-09,Rejected,Bundle with promotion
CPG-00459,ORD-00459,CUST-00459,PROD-00059,2024-09-29,310.12,16.26,3429,Low-Value,Pending,Health & Wellness,Vitamins,2510.66,18,207.19,3.81,344,TRUE,1.0231,4760,8.7216,0.079042,0.155319,0.349034,0.609667,2024-08-01,Implemented,Decrease price
CPG-00460,ORD-00460,CUST-00460,PROD-00060,2024-07-29,17.54,34.39,1094,High-Value,Cancelled,Health & Wellness,Vitamins,344.91,12,157.13,4.48,18,TRUE,0.8073,1181,10.1054,0.082725,0.186268,0.036862,0.605369,2024-07-05,Implemented,Increase price
CPG-00461,ORD-00461,CUST-00461,PROD-00061,2024-11-05,136.95,23.89,215,Low-Value,Cancelled,Health & Wellness,Vitamins,4826.32,12,40.55,4.37,370,TRUE,1.6906,605,5.9835,0.089089,0.031635,-0.182491,0.570639,2024-11-14,Implemented,Increase price
CPG-00462,ORD-00462,CUST-00462,PROD-00062,2024-05-01,518.73,12.58,1147,Low-Value,Cancelled,Health & Wellness,Vitamins,2660.88,10,198.67,3.85,86,FALSE,1.1655,109,3.7978,0.023383,0.176231,-0.274305,0.875566,2024-06-18,Rejected,Decrease price
CPG-00463,ORD-00463,CUST-00463,PROD-00063,2024-04-30,751.92,34.14,2113,Low-Value,Shipped,Health & Wellness,Vitamins,2534.27,23,106.38,3.38,458,TRUE,0.7524,754,6.4973,0.146689,0.025027,-0.130509,0.809522,2024-05-29,Implemented,Bundle with promotion
CPG-00464,ORD-00464,CUST-00464,PROD-00064,2024-06-14,742.92,6.48,3837,Medium-Value,Cancelled,Health & Wellness,Vitamins,1600.29,21,173.94,4.42,319,FALSE,0.4956,3044,7.9364,0.02921,0.02168,-0.237753,0.801595,2024-04-21,Pending Review,Increase price
CPG-00465,ORD-00465,CUST-00465,PROD-00065,2024-06-28,159.04,2.64,2532,High-Value,Shipped,Health & Wellness,Vitamins,2780.87,21,373.1,1.37,118,TRUE,0.746,4671,6.9952,0.084561,0.158045,-0.263456,0.65729,2024-08-05,Pending Review,Increase price
CPG-00466,ORD-00466,CUST-00466,PROD-00066,2024-07-28,863.48,24.66,2915,High-Value,Shipped,Health & Wellness,Vitamins,3528.15,4,145.9,2.75,171,TRUE,1.3052,1231,0.7724,0.11941,0.095391,0.39505,0.518704,2024-06-09,Implemented,Decrease price
CPG-00467,ORD-00467,CUST-00467,PROD-00067,2024-10-19,84.7,15.43,1766,Low-Value,Shipped,Health & Wellness,Vitamins,3288.39,23,81.2,3.19,497,FALSE,1.174,1075,4.3987,0.054047,0.171191,0.044721,0.94534,2024-12-03,Rejected,Bundle with promotion
CPG-00468,ORD-00468,CUST-00468,PROD-00068,2024-06-28,897.35,34.88,4075,High-Value,Delivered,Health & Wellness,Vitamins,4033.4,5,311.2,3.12,500,FALSE,1.4131,715,6.2375,0.068221,0.033944,-0.063513,0.534081,2024-06-18,Rejected,Hold price
CPG-00469,ORD-00469,CUST-00469,PROD-00069,2024-07-27,77.95,59.2,2097,Medium-Value,Delivered,Health & Wellness,Vitamins,3268.95,5,377.14,3.49,245,FALSE,0.195,2349,5.1108,0.12855,0.183428,-0.196813,0.683366,2024-07-10,Rejected,Hold price
CPG-00470,ORD-00470,CUST-00470,PROD-00070,2024-08-01,618.75,52.78,349,Low-Value,Delivered,Health & Wellness,Vitamins,4888.29,2,301.6,2.77,144,TRUE,1.7794,4595,0.5913,0.127959,0.058132,-0.173435,0.69964,2024-09-26,Implemented,Decrease price
CPG-00471,ORD-00471,CUST-00471,PROD-00071,2024-08-05,607.2,33.04,3808,High-Value,Shipped,Health & Wellness,Vitamins,474.82,24,61.17,2.22,249,FALSE,1.9437,1635,5.1175,0.009671,0.068485,0.183496,0.606318,2024-06-24,Rejected,Bundle with promotion
CPG-00472,ORD-00472,CUST-00472,PROD-00072,2024-05-27,261.36,10.44,1748,Medium-Value,Cancelled,Health & Wellness,Vitamins,2862.62,20,314.2,1.13,89,TRUE,2.3475,2962,9.5799,0.146784,0.042684,-0.130806,0.511471,2024-04-26,Rejected,Bundle with promotion
CPG-00473,ORD-00473,CUST-00473,PROD-00073,2024-07-06,577.58,25.49,2443,Low-Value,Shipped,Health & Wellness,Vitamins,2284.53,14,219.42,1.29,45,FALSE,0.5418,441,1.5631,0.135246,0.068404,0.302541,0.582267,2024-06-18,Pending Review,Bundle with promotion
CPG-00474,ORD-00474,CUST-00474,PROD-00074,2024-08-29,488.92,22.57,4672,Medium-Value,Shipped,Health & Wellness,Vitamins,4123.93,18,317.57,3.74,366,TRUE,0.2867,4739,7.5899,0.04856,0.197274,0.451175,0.871418,2024-08-01,Rejected,Hold price
CPG-00475,ORD-00475,CUST-00475,PROD-00075,2024-05-01,808.4,20.35,3329,Medium-Value,Delivered,Health & Wellness,Vitamins,2627.42,1,395.53,4.27,265,TRUE,1.6223,4739,1.6206,0.032793,0.195806,0.036141,0.773043,2024-06-25,Implemented,Bundle with promotion
CPG-00476,ORD-00476,CUST-00476,PROD-00076,2024-06-22,200.64,57.4,3033,Medium-Value,Shipped,Health & Wellness,Vitamins,130.15,10,210.79,1.67,357,TRUE,1.7784,3736,5.2616,0.052759,0.165637,0.040679,0.987035,2024-07-28,Pending Review,Increase price
CPG-00477,ORD-00477,CUST-00477,PROD-00077,2024-12-21,421.06,11.43,3570,Medium-Value,Delivered,Health & Wellness,Vitamins,1460.89,22,281.65,2.31,293,FALSE,1.6219,813,11.9467,0.120891,0.020762,0.2197,0.80813,2025-01-28,Pending Review,Increase price
CPG-00478,ORD-00478,CUST-00478,PROD-00078,2024-09-02,680.28,27.76,4761,High-Value,Pending,Health & Wellness,Vitamins,3355.17,14,100.51,4.25,61,FALSE,1.4238,938,2.7489,0.070436,0.024888,0.474093,0.957015,2024-10-12,Pending Review,Bundle with promotion
CPG-00479,ORD-00479,CUST-00479,PROD-00079,2024-04-29,707.24,40.2,2518,Medium-Value,Shipped,Health & Wellness,Vitamins,3382.84,1,362.07,2.78,147,FALSE,0.1784,216,2.2638,0.056161,0.163341,0.356028,0.799973,2024-03-03,Pending Review,Decrease price
CPG-00480,ORD-00480,CUST-00480,PROD-00080,2024-12-29,893.65,37.74,3222,High-Value,Pending,Health & Wellness,Vitamins,4016.59,19,183.06,1.85,210,FALSE,2.4457,1424,5.1359,0.047719,0.031689,-0.115224,0.855012,2025-01-10,Implemented,Increase price
CPG-00481,ORD-00481,CUST-00481,PROD-00081,2024-10-06,709.09,17.09,4529,High-Value,Pending,Health & Wellness,Vitamins,4746.07,7,55.44,3.95,331,TRUE,1.1498,4861,2.2601,0.092715,0.108734,0.47792,0.785897,2024-12-03,Implemented,Decrease price
CPG-00482,ORD-00482,CUST-00482,PROD-00082,2024-08-22,573.88,54.08,2432,High-Value,Pending,Health & Wellness,Vitamins,2700.32,8,296.0,2.25,132,FALSE,1.9489,424,3.6621,0.140246,0.125488,0.210709,0.789677,2024-10-02,Implemented,Increase price
CPG-00483,ORD-00483,CUST-00483,PROD-00083,2024-08-23,123.58,12.48,633,Medium-Value,Pending,Health & Wellness,Vitamins,4230.89,7,168.5,1.5,144,FALSE,2.0091,3390,1.3461,0.143883,0.015263,0.249869,0.687627,2024-10-19,Pending Review,Bundle with promotion
CPG-00484,ORD-00484,CUST-00484,PROD-00084,2024-11-20,174.13,34.9,4969,High-Value,Delivered,Health & Wellness,Vitamins,630.18,11,397.62,1.04,101,FALSE,2.4878,4916,6.7846,0.023758,0.148339,0.441267,0.596423,2024-10-08,Implemented,Increase price
CPG-00485,ORD-00485,CUST-00485,PROD-00085,2024-09-07,467.89,8.66,1777,High-Value,Cancelled,Health & Wellness,Vitamins,1671.32,8,51.71,1.53,453,TRUE,0.7422,3946,2.7912,0.013795,0.141617,0.22154,0.733522,2024-08-14,Pending Review,Bundle with promotion
CPG-00486,ORD-00486,CUST-00486,PROD-00086,2024-09-06,831.28,51.07,2302,Medium-Value,Shipped,Health & Wellness,Vitamins,559.33,19,138.4,1.88,111,TRUE,2.389,3997,5.4849,0.066924,0.119266,-0.082661,0.659374,2024-10-19,Implemented,Bundle with promotion
CPG-00487,ORD-00487,CUST-00487,PROD-00087,2024-08-15,191.75,49.52,3681,High-Value,Cancelled,Health & Wellness,Vitamins,4452.78,17,116.16,2.24,469,FALSE,0.8043,4346,4.5509,0.004491,0.035981,-0.041855,0.895448,2024-09-24,Pending Review,Decrease price
CPG-00488,ORD-00488,CUST-00488,PROD-00088,2024-05-16,205.44,20.24,78,Medium-Value,Cancelled,Health & Wellness,Vitamins,3457.05,23,144.97,2.3,84,FALSE,1.4619,2635,10.8356,0.084246,0.077118,0.181442,0.763631,2024-03-27,Implemented,Hold price
CPG-00489,ORD-00489,CUST-00489,PROD-00089,2024-10-28,852.45,35.29,3454,Low-Value,Pending,Health & Wellness,Vitamins,3793.2,11,329.09,3.83,353,TRUE,0.5731,4047,6.2345,0.148539,0.084247,-0.200726,0.58557,2024-10-23,Pending Review,Bundle with promotion
CPG-00490,ORD-00490,CUST-00490,PROD-00090,2024-06-27,33.82,35.39,38,Medium-Value,Pending,Health & Wellness,Vitamins,1457.61,13,34.06,1.06,411,TRUE,0.9097,134,1.2987,0.014268,0.160503,0.278603,0.637337,2024-08-20,Pending Review,Bundle with promotion
CPG-00491,ORD-00491,CUST-00491,PROD-00091,2024-05-18,700.53,19.31,3723,Medium-Value,Pending,Health & Wellness,Vitamins,4250.93,4,340.37,2.73,34,TRUE,0.1703,392,9.9928,0.02081,0.198708,0.389111,0.862127,2024-04-22,Implemented,Decrease price
CPG-00492,ORD-00492,CUST-00492,PROD-00092,2024-05-20,655.84,33.18,40,Low-Value,Delivered,Health & Wellness,Vitamins,4346.67,9,355.66,3.84,427,TRUE,0.3659,2493,1.363,0.049399,0.12255,0.349988,0.634956,2024-03-23,Implemented,Decrease price
CPG-00493,ORD-00493,CUST-00493,PROD-00093,2024-09-24,121.11,35.88,3385,Low-Value,Shipped,Health & Wellness,Vitamins,2261.56,4,218.27,2.12,85,TRUE,1.4869,4015,11.728,0.048287,0.146173,-0.119336,0.631906,2024-11-11,Pending Review,Increase price
CPG-00494,ORD-00494,CUST-00494,PROD-00094,2024-07-27,754.45,51.64,639,High-Value,Pending,Health & Wellness,Vitamins,4860.24,2,100.74,1.85,341,TRUE,1.2236,3155,2.6611,0.01568,0.041732,0.172418,0.763822,2024-09-12,Pending Review,Hold price
CPG-00495,ORD-00495,CUST-00495,PROD-00095,2024-10-26,594.93,9.54,2978,Medium-Value,Shipped,Health & Wellness,Vitamins,4876.57,20,215.12,3.97,64,FALSE,0.5511,2277,5.3656,0.10294,0.190299,0.161794,0.551032,2024-12-23,Pending Review,Increase price
CPG-00496,ORD-00496,CUST-00496,PROD-00096,2024-11-04,227.9,3.66,4349,Medium-Value,Delivered,Health & Wellness,Vitamins,1792.19,4,372.23,4.13,105,TRUE,0.9506,1738,2.2321,0.075329,0.101585,-0.257474,0.636294,2024-11-21,Implemented,Increase price
CPG-00497,ORD-00497,CUST-00497,PROD-00097,2024-10-11,662.82,25.36,4866,Medium-Value,Shipped,Health & Wellness,Vitamins,2671.34,16,217.08,2.48,160,TRUE,1.7348,2040,11.5282,0.032937,0.010628,-0.27145,0.633089,2024-10-23,Implemented,Increase price
CPG-00498,ORD-00498,CUST-00498,PROD-00098,2024-07-07,796.1,24.79,1801,Low-Value,Delivered,Health & Wellness,Vitamins,4129.14,23,121.94,3.45,217,TRUE,0.5105,1668,4.4978,0.043199,0.119263,0.287106,0.547121,2024-08-01,Rejected,Bundle with promotion
CPG-00499,ORD-00499,CUST-00499,PROD-00099,2024-11-03,769.52,41.52,1365,High-Value,Shipped,Health & Wellness,Vitamins,1694.17,15,73.9,3.41,97,TRUE,1.6985,3506,4.3416,0.026627,0.052766,-0.238418,0.839601,2024-11-23,Implemented,Hold price
CPG-00500,ORD-00500,CUST-00500,PROD-00100,2024-08-27,531.1,8.34,142,Low-Value,Cancelled,Health & Wellness,Vitamins,3416.23,10,337.44,2.71,136,TRUE,1.912,770,1.6499,0.120584,0.067135,0.092529,0.675391,2024-09-26,Rejected,Hold price
CPG-00501,ORD-00501,CUST-00001,PROD-00101,2024-10-14,445.55,22.45,2733,Low-Value,Cancelled,Health & Wellness,Vitamins,3883.91,20,204.05,2.28,16,FALSE,1.7459,170,2.2009,0.061548,0.044051,0.49527,0.678597,2024-08-22,Implemented,Decrease price
CPG-00502,ORD-00502,CUST-00002,PROD-00102,2024-09-22,670.8,45.17,1587,Medium-Value,Cancelled,Health & Wellness,Vitamins,3211.73,9,353.31,4.41,194,FALSE,2.4696,4317,2.512,0.136549,0.069769,-0.035043,0.794574,2024-10-05,Pending Review,Hold price
CPG-00503,ORD-00503,CUST-00003,PROD-00103,2024-06-15,527.87,9.13,3727,Low-Value,Delivered,Health & Wellness,Vitamins,4842.36,12,129.6,3.46,437,TRUE,1.2974,1206,5.8627,0.022534,0.193334,0.199036,0.83216,2024-05-06,Pending Review,Bundle with promotion
CPG-00504,ORD-00504,CUST-00004,PROD-00104,2024-07-10,722.81,18.42,4858,High-Value,Delivered,Health & Wellness,Vitamins,313.31,10,21.93,1.05,30,FALSE,1.6846,6,1.0739,0.020658,0.175744,0.328211,0.750997,2024-07-23,Rejected,Decrease price
CPG-00505,ORD-00505,CUST-00005,PROD-00105,2024-12-28,646.18,27.06,661,Medium-Value,Delivered,Health & Wellness,Vitamins,1133.35,16,374.52,1.5,385,TRUE,2.0481,3165,5.3595,0.145036,0.019628,-0.090991,0.651011,2025-01-09,Pending Review,Decrease price
CPG-00506,ORD-00506,CUST-00006,PROD-00106,2024-09-19,615.85,41.63,1634,Medium-Value,Shipped,Health & Wellness,Vitamins,721.67,18,95.82,2.13,306,FALSE,0.3054,4643,11.1619,0.069173,0.036674,0.325925,0.916926,2024-09-10,Implemented,Decrease price
CPG-00507,ORD-00507,CUST-00007,PROD-00107,2024-09-09,406.08,43.33,3836,Medium-Value,Cancelled,Health & Wellness,Vitamins,2166.96,14,385.35,2.1,488,FALSE,0.1664,4579,0.8039,0.115015,0.017686,-0.187532,0.953424,2024-10-22,Implemented,Hold price
CPG-00508,ORD-00508,CUST-00008,PROD-00108,2024-05-30,495.79,45.81,3216,High-Value,Pending,Health & Wellness,Vitamins,2044.56,1,195.87,2.98,160,FALSE,2.1141,694,1.129,0.124484,0.129976,-0.033213,0.5487,2024-05-26,Pending Review,Bundle with promotion
CPG-00509,ORD-00509,CUST-00009,PROD-00109,2024-10-21,779.92,31.63,434,Low-Value,Shipped,Health & Wellness,Vitamins,1065.07,5,233.58,1.43,309,FALSE,0.4274,1268,3.9603,0.046634,0.197832,-0.294839,0.742478,2024-09-07,Rejected,Decrease price
CPG-00510,ORD-00510,CUST-00010,PROD-00110,2024-05-27,15.03,7.62,1673,High-Value,Delivered,Health & Wellness,Vitamins,2395.02,17,188.65,3.11,71,TRUE,2.3225,2457,5.1524,0.147404,0.164054,0.373377,0.77336,2024-06-29,Rejected,Bundle with promotion
CPG-00511,ORD-00511,CUST-00011,PROD-00111,2024-12-03,561.19,12.72,1971,High-Value,Pending,Health & Wellness,Vitamins,2582.0,23,227.74,2.51,335,FALSE,1.2531,2372,8.1767,0.143864,0.098593,0.23416,0.695595,2024-12-01,Rejected,Increase price
CPG-00512,ORD-00512,CUST-00012,PROD-00112,2024-08-24,734.94,8.97,3190,High-Value,Shipped,Health & Wellness,Vitamins,2923.66,2,265.14,1.52,155,FALSE,0.2023,2906,11.5722,0.070186,0.144613,-0.078477,0.990877,2024-07-25,Pending Review,Decrease price
CPG-00513,ORD-00513,CUST-00013,PROD-00113,2024-07-26,813.76,12.12,1240,Medium-Value,Cancelled,Health & Wellness,Vitamins,3296.87,19,148.93,2.84,272,TRUE,0.768,2482,11.12,0.010232,0.167865,0.086996,0.981278,2024-07-21,Rejected,Decrease price
CPG-00514,ORD-00514,CUST-00014,PROD-00114,2024-09-22,642.02,17.04,2654,Low-Value,Cancelled,Health & Wellness,Vitamins,4778.21,12,242.11,2.77,347,FALSE,0.2622,242,10.2984,0.023877,0.019308,-0.215024,0.967117,2024-10-25,Pending Review,Hold price
CPG-00515,ORD-00515,CUST-00015,PROD-00115,2024-11-08,883.48,15.72,1425,Low-Value,Delivered,Health & Wellness,Vitamins,4467.74,14,370.5,3.83,385,TRUE,1.5686,938,0.9303,0.11249,0.088306,-0.000542,0.815647,2024-09-18,Implemented,Decrease price
CPG-00516,ORD-00516,CUST-00016,PROD-00116,2024-07-19,110.28,35.28,1636,High-Value,Cancelled,Health & Wellness,Vitamins,1299.85,15,277.96,2.57,78,TRUE,0.5829,1328,5.4917,0.079279,0.158001,-0.231185,0.512122,2024-06-08,Rejected,Increase price
CPG-00517,ORD-00517,CUST-00017,PROD-00117,2024-06-19,44.42,46.91,4655,Low-Value,Cancelled,Health & Wellness,Vitamins,4329.23,11,90.42,1.49,12,FALSE,0.5563,1700,7.0593,0.07106,0.070421,0.194783,0.779349,2024-05-26,Implemented,Increase price
CPG-00518,ORD-00518,CUST-00018,PROD-00118,2024-08-18,568.54,9.38,4237,Medium-Value,Shipped,Health & Wellness,Vitamins,549.52,16,107.62,4.06,301,FALSE,0.1541,2375,11.1061,0.037707,0.140655,-0.245638,0.935737,2024-08-12,Pending Review,Increase price
CPG-00519,ORD-00519,CUST-00019,PROD-00119,2024-09-11,524.19,31.0,3270,Low-Value,Cancelled,Health & Wellness,Vitamins,330.41,23,358.89,3.99,487,FALSE,2.3486,2155,8.0122,0.004841,0.084281,-0.139591,0.944014,2024-08-02,Implemented,Decrease price
CPG-00520,ORD-00520,CUST-00020,PROD-00120,2024-06-19,737.83,54.91,510,High-Value,Pending,Health & Wellness,Vitamins,2493.1,19,363.64,2.15,397,TRUE,0.93,580,11.4239,0.089722,0.122487,-0.235525,0.775713,2024-05-07,Implemented,Hold price
CPG-00521,ORD-00521,CUST-00021,PROD-00121,2024-10-30,107.09,22.31,3912,Medium-Value,Delivered,Health & Wellness,Vitamins,3918.63,8,28.15,2.74,125,TRUE,0.1632,1608,6.6431,0.129044,0.136388,0.290339,0.776248,2024-12-10,Implemented,Bundle with promotion
CPG-00522,ORD-00522,CUST-00022,PROD-00122,2024-11-10,348.85,33.87,946,Medium-Value,Cancelled,Health & Wellness,Vitamins,634.06,20,393.36,1.44,369,FALSE,0.9443,2811,5.52,0.008688,0.046407,0.170894,0.613563,2024-12-07,Rejected,Increase price
CPG-00523,ORD-00523,CUST-00023,PROD-00123,2024-11-19,787.83,5.29,3592,High-Value,Delivered,Health & Wellness,Vitamins,1448.85,11,152.87,1.87,39,TRUE,2.4954,1063,7.4704,0.071805,0.024475,-0.238557,0.625099,2024-11-23,Rejected,Decrease price
CPG-00524,ORD-00524,CUST-00024,PROD-00124,2024-09-01,665.67,14.78,2479,Medium-Value,Pending,Health & Wellness,Vitamins,3912.03,10,350.21,2.25,478,TRUE,1.3644,2192,4.1669,0.081213,0.020876,-0.022692,0.705417,2024-10-25,Rejected,Bundle with promotion
CPG-00525,ORD-00525,CUST-00025,PROD-00125,2024-07-08,195.15,19.69,4529,High-Value,Delivered,Health & Wellness,Vitamins,657.6,24,330.22,1.48,276,TRUE,0.1861,1926,8.5309,0.097486,0.090753,-0.208609,0.749454,2024-06-23,Implemented,Hold price
CPG-00526,ORD-00526,CUST-00026,PROD-00126,2024-05-31,263.42,59.93,4446,Medium-Value,Delivered,Frozen Foods,Frozen Meals,1720.79,13,34.67,3.39,150,FALSE,0.9681,2053,9.4979,0.121539,0.1216,-0.200555,0.784221,2024-06-05,Pending Review,Hold price
CPG-00527,ORD-00527,CUST-00027,PROD-00127,2024-11-30,407.77,4.15,2938,Medium-Value,Delivered,Frozen Foods,Frozen Meals,3206.83,18,102.78,1.06,14,TRUE,1.491,652,3.6791,0.091549,0.062805,-0.248765,0.589902,2024-12-29,Pending Review,Hold price
CPG-00528,ORD-00528,CUST-00028,PROD-00128,2024-12-06,453.01,52.53,406,High-Value,Cancelled,Frozen Foods,Frozen Meals,616.51,2,90.02,1.8,99,FALSE,1.4917,344,6.8642,0.034193,0.190341,0.493577,0.987641,2024-12-15,Implemented,Hold price
CPG-00529,ORD-00529,CUST-00029,PROD-00129,2024-09-13,54.59,31.4,927,Low-Value,Pending,Frozen Foods,Frozen Meals,433.38,7,143.8,1.82,65,FALSE,2.0899,3408,1.321,0.063971,0.056617,-0.280244,0.803483,2024-09-08,Pending Review,Hold price
CPG-00530,ORD-00530,CUST-00030,PROD-00130,2024-08-10,346.62,3.81,3017,High-Value,Pending,Frozen Foods,Frozen Meals,1489.82,5,366.51,4.3,160,TRUE,0.355,1733,9.7924,0.076619,0.156175,0.106546,0.790743,2024-07-01,Pending Review,Decrease price
CPG-00531,ORD-00531,CUST-00031,PROD-00131,2024-08-02,43.85,59.87,642,High-Value,Pending,Frozen Foods,Frozen Meals,4795.19,8,234.85,3.54,205,FALSE,1.3935,994,10.2473,0.079163,0.010286,0.077863,0.762224,2024-09-19,Pending Review,Hold price
CPG-00532,ORD-00532,CUST-00032,PROD-00132,2024-07-05,754.87,16.1,2965,High-Value,Delivered,Frozen Foods,Frozen Meals,2306.31,24,389.51,2.03,134,TRUE,1.168,3359,4.6616,0.052798,0.101129,0.431708,0.826665,2024-06-13,Rejected,Decrease price
CPG-00533,ORD-00533,CUST-00033,PROD-00133,2024-08-20,710.88,59.23,4404,High-Value,Cancelled,Frozen Foods,Frozen Meals,3893.42,14,276.16,1.8,433,TRUE,1.5533,2351,4.4281,0.017695,0.081701,0.104021,0.574199,2024-10-11,Pending Review,Decrease price
CPG-00534,ORD-00534,CUST-00034,PROD-00134,2024-12-14,790.62,17.28,4543,Low-Value,Delivered,Frozen Foods,Frozen Meals,4654.12,24,58.38,1.05,71,TRUE,2.1013,197,8.4355,0.14849,0.026476,0.393504,0.959312,2025-01-09,Pending Review,Hold price
CPG-00535,ORD-00535,CUST-00035,PROD-00135,2024-05-30,631.78,21.53,2757,Low-Value,Shipped,Frozen Foods,Frozen Meals,3063.35,4,397.77,1.85,160,TRUE,0.277,2908,11.4241,0.136601,0.126166,0.292558,0.717845,2024-06-06,Pending Review,Decrease price
CPG-00536,ORD-00536,CUST-00036,PROD-00136,2024-11-01,177.35,56.32,686,High-Value,Cancelled,Frozen Foods,Frozen Meals,4483.22,19,245.36,3.68,479,FALSE,1.0105,3593,2.5323,0.10838,0.05586,0.318405,0.616132,2024-09-09,Pending Review,Hold price
CPG-00537,ORD-00537,CUST-00037,PROD-00137,2024-05-10,514.26,50.96,3495,Medium-Value,Cancelled,Frozen Foods,Frozen Meals,1647.86,11,307.77,4.14,306,TRUE,0.2006,1726,5.4512,0.041738,0.175917,-0.048506,0.673673,2024-06-11,Implemented,Increase price
CPG-00538,ORD-00538,CUST-00038,PROD-00138,2024-07-10,445.67,56.47,2125,Low-Value,Shipped,Frozen Foods,Frozen Meals,3779.67,8,273.24,1.78,96,TRUE,0.3303,4524,10.1461,0.11323,0.00547,0.422033,0.979928,2024-07-28,Rejected,Decrease price
CPG-00539,ORD-00539,CUST-00039,PROD-00139,2024-04-29,447.2,18.35,4678,Medium-Value,Cancelled,Frozen Foods,Frozen Meals,3673.84,17,67.95,3.88,199,FALSE,0.8079,898,8.7369,0.137878,0.023988,0.411104,0.746628,2024-05-12,Implemented,Decrease price
CPG-00540,ORD-00540,CUST-00040,PROD-00140,2024-07-08,662.5,6.59,1822,Low-Value,Cancelled,Frozen Foods,Frozen Meals,418.03,6,212.68,1.41,191,FALSE,1.1883,4202,8.2289,0.011113,0.137588,0.413818,0.519178,2024-08-28,Implemented,Hold price
CPG-00541,ORD-00541,CUST-00041,PROD-00141,2024-06-15,600.1,38.38,2014,High-Value,Pending,Frozen Foods,Frozen Meals,2952.4,8,275.87,4.07,28,FALSE,1.2283,3970,9.8595,0.110034,0.05652,-0.141142,0.937932,2024-05-05,Rejected,Decrease price
CPG-00542,ORD-00542,CUST-00042,PROD-00142,2024-04-28,74.53,12.33,3425,Low-Value,Shipped,Frozen Foods,Frozen Meals,1352.22,13,259.79,2.95,116,TRUE,1.6305,3967,6.6003,0.14315,0.175578,0.372553,0.93752,2024-03-13,Rejected,Bundle with promotion
CPG-00543,ORD-00543,CUST-00043,PROD-00143,2024-08-31,362.11,7.6,920,Medium-Value,Pending,Frozen Foods,Frozen Meals,2126.99,15,143.65,2.25,256,FALSE,0.378,3808,11.4976,0.099092,0.069516,0.018471,0.564029,2024-09-18,Pending Review,Bundle with promotion
CPG-00544,ORD-00544,CUST-00044,PROD-00144,2024-09-28,623.19,14.48,3350,High-Value,Shipped,Frozen Foods,Frozen Meals,2833.17,11,119.41,1.1,147,FALSE,1.0869,3621,5.3898,0.039105,0.010927,0.088404,0.609474,2024-08-26,Rejected,Increase price
CPG-00545,ORD-00545,CUST-00045,PROD-00145,2024-07-15,377.68,13.96,903,Low-Value,Shipped,Frozen Foods,Frozen Meals,3073.22,5,249.89,3.0,95,TRUE,2.3807,173,9.7277,0.013538,0.140946,0.429783,0.883421,2024-08-18,Rejected,Increase price
CPG-00546,ORD-00546,CUST-00046,PROD-00146,2024-10-12,474.0,50.61,3240,Low-Value,Delivered,Frozen Foods,Frozen Meals,1185.21,6,366.05,2.27,111,FALSE,1.0921,4530,8.9333,0.141002,0.007215,-0.283977,0.970178,2024-10-22,Implemented,Bundle with promotion
CPG-00547,ORD-00547,CUST-00047,PROD-00147,2024-11-16,52.42,38.63,2025,High-Value,Shipped,Frozen Foods,Frozen Meals,1398.67,4,328.94,1.99,22,FALSE,1.6727,1075,9.9104,0.131493,0.172397,-0.238778,0.752255,2024-11-30,Rejected,Bundle with promotion
CPG-00548,ORD-00548,CUST-00048,PROD-00148,2024-05-03,672.25,7.54,4818,Medium-Value,Delivered,Frozen Foods,Frozen Meals,1011.71,20,346.54,2.9,480,FALSE,1.1204,192,3.9748,0.068836,0.019936,0.47541,0.788101,2024-05-12,Pending Review,Hold price
CPG-00549,ORD-00549,CUST-00049,PROD-00149,2024-08-15,211.69,18.5,4368,Low-Value,Delivered,Frozen Foods,Frozen Meals,1260.84,1,397.4,2.42,152,FALSE,2.3835,4478,8.7177,0.067841,0.115576,-0.280087,0.885603,2024-09-14,Pending Review,Hold price
CPG-00550,ORD-00550,CUST-00050,PROD-00150,2024-08-28,513.39,48.96,685,High-Value,Cancelled,Frozen Foods,Frozen Meals,2826.38,7,348.63,3.25,180,FALSE,1.5242,688,2.1253,0.092473,0.094703,0.278426,0.78332,2024-08-18,Implemented,Increase price
CPG-00551,ORD-00551,CUST-00051,PROD-00151,2024-11-10,238.04,10.74,2633,Low-Value,Shipped,Frozen Foods,Frozen Meals,2848.3,14,351.14,2.09,182,FALSE,1.757,4608,9.639,0.081838,0.062603,0.221607,0.660919,2025-01-02,Rejected,Bundle with promotion
CPG-00552,ORD-00552,CUST-00052,PROD-00152,2024-09-06,774.91,8.09,634,Medium-Value,Pending,Frozen Foods,Frozen Meals,680.05,1,81.6,4.47,51,TRUE,0.4989,3585,10.5021,0.01705,0.177101,0.096148,0.813082,2024-11-03,Rejected,Bundle with promotion
CPG-00553,ORD-00553,CUST-00053,PROD-00153,2024-06-02,677.86,19.21,3567,Medium-Value,Cancelled,Frozen Foods,Frozen Meals,3613.72,22,123.02,2.91,214,FALSE,1.5762,3045,6.9838,0.024892,0.058039,0.248019,0.901407,2024-06-01,Rejected,Hold price
CPG-00554,ORD-00554,CUST-00054,PROD-00154,2024-09-07,237.35,55.77,1108,High-Value,Pending,Frozen Foods,Frozen Meals,2645.67,16,23.73,2.62,489,FALSE,0.5301,3855,1.2711,0.146546,0.062368,-0.14986,0.847023,2024-09-28,Rejected,Bundle with promotion
CPG-00555,ORD-00555,CUST-00055,PROD-00155,2024-07-21,69.08,22.33,4580,High-Value,Delivered,Frozen Foods,Frozen Meals,1757.54,1,372.59,2.64,90,FALSE,0.7821,3492,7.2214,0.045863,0.1249,0.022615,0.627375,2024-07-16,Rejected,Decrease price
CPG-00556,ORD-00556,CUST-00056,PROD-00156,2024-05-17,149.89,17.25,838,High-Value,Pending,Frozen Foods,Frozen Meals,3994.58,19,265.04,3.56,153,FALSE,0.8924,4852,7.4549,0.144999,0.147453,0.19271,0.954615,2024-05-28,Implemented,Decrease price
CPG-00557,ORD-00557,CUST-00057,PROD-00157,2024-04-28,890.34,10.5,1350,Medium-Value,Delivered,Frozen Foods,Frozen Meals,4379.34,11,49.56,1.32,421,TRUE,0.4287,3602,5.3922,0.070753,0.060512,0.308006,0.620386,2024-06-06,Pending Review,Bundle with promotion
CPG-00558,ORD-00558,CUST-00058,PROD-00158,2024-11-12,640.03,20.38,640,Low-Value,Shipped,Frozen Foods,Frozen Meals,4218.85,6,379.29,2.24,439,FALSE,1.8072,3582,6.9456,0.073514,0.157793,0.248294,0.778953,2024-12-15,Pending Review,Hold price
CPG-00559,ORD-00559,CUST-00059,PROD-00159,2024-06-12,781.53,22.07,3474,High-Value,Delivered,Frozen Foods,Frozen Meals,3104.02,7,165.33,3.99,404,TRUE,2.3397,88,2.7521,0.054149,0.038978,0.168951,0.664226,2024-04-30,Pending Review,Hold price
CPG-00560,ORD-00560,CUST-00060,PROD-00160,2024-09-03,552.0,29.77,359,Low-Value,Delivered,Frozen Foods,Frozen Meals,3536.11,9,257.6,1.12,150,TRUE,2.1716,3857,11.9682,0.094836,0.09806,0.078759,0.937468,2024-07-23,Rejected,Increase price
CPG-00561,ORD-00561,CUST-00061,PROD-00161,2024-05-07,342.04,42.93,1449,High-Value,Cancelled,Frozen Foods,Frozen Meals,459.98,4,41.3,3.15,375,TRUE,0.8542,4458,3.691,0.127886,0.131021,0.289963,0.666332,2024-04-27,Rejected,Hold price
CPG-00562,ORD-00562,CUST-00062,PROD-00162,2024-12-13,164.75,31.95,3302,Medium-Value,Pending,Frozen Foods,Frozen Meals,4196.7,22,43.36,4.45,379,TRUE,2.0801,4109,2.1964,0.039995,0.034517,-0.264393,0.804265,2024-11-19,Rejected,Bundle with promotion
CPG-00563,ORD-00563,CUST-00063,PROD-00163,2024-06-11,675.94,17.88,2872,High-Value,Pending,Frozen Foods,Frozen Meals,1740.19,19,337.72,3.93,11,TRUE,1.4589,3793,1.5139,0.137702,0.0365,-0.230866,0.658751,2024-06-30,Rejected,Increase price
CPG-00564,ORD-00564,CUST-00064,PROD-00164,2024-11-10,164.86,28.7,2021,Medium-Value,Cancelled,Frozen Foods,Frozen Meals,4194.68,21,378.21,1.04,336,TRUE,1.8938,1088,4.0706,0.056897,0.057415,-0.076829,0.78252,2024-12-03,Pending Review,Decrease price
CPG-00565,ORD-00565,CUST-00065,PROD-00165,2024-11-27,256.43,42.46,2167,High-Value,Delivered,Frozen Foods,Frozen Meals,2474.93,19,158.17,1.7,161,FALSE,2.0908,1397,0.9224,0.125209,0.077136,0.130359,0.605331,2024-11-10,Rejected,Bundle with promotion
CPG-00566,ORD-00566,CUST-00066,PROD-00166,2024-07-25,732.65,42.58,4126,Low-Value,Pending,Frozen Foods,Frozen Meals,4157.8,9,54.49,3.79,116,TRUE,0.7197,3832,3.4997,0.138288,0.103406,0.204891,0.737605,2024-08-15,Pending Review,Hold price
CPG-00567,ORD-00567,CUST-00067,PROD-00167,2024-08-01,349.45,42.67,2939,High-Value,Pending,Frozen Foods,Frozen Meals,835.81,16,147.19,3.06,27,TRUE,0.5491,2933,4.0222,0.070026,0.037232,-0.2826,0.904611,2024-08-21,Pending Review,Bundle with promotion
CPG-00568,ORD-00568,CUST-00068,PROD-00168,2024-11-01,368.41,23.65,2767,Medium-Value,Cancelled,Frozen Foods,Frozen Meals,3408.85,10,35.25,3.92,139,TRUE,1.9316,4154,1.7403,0.063884,0.053872,0.16199,0.796538,2024-12-17,Implemented,Decrease price
CPG-00569,ORD-00569,CUST-00069,PROD-00169,2024-12-20,799.64,13.51,4652,High-Value,Shipped,Frozen Foods,Frozen Meals,692.96,11,319.66,4.38,492,TRUE,2.4288,2534,9.6179,0.021219,0.06922,0.016795,0.730294,2024-11-16,Rejected,Decrease price
CPG-00570,ORD-00570,CUST-00070,PROD-00170,2024-06-18,281.63,13.79,738,Low-Value,Delivered,Frozen Foods,Frozen Meals,1261.43,22,231.03,1.28,130,FALSE,0.1119,1306,4.4642,0.07062,0.137357,0.259024,0.956417,2024-04-24,Rejected,Bundle with promotion
CPG-00571,ORD-00571,CUST-00071,PROD-00171,2024-11-26,640.01,9.45,1093,Medium-Value,Shipped,Frozen Foods,Frozen Meals,3877.64,10,331.52,3.67,59,FALSE,1.5327,4376,1.3241,0.073246,0.148086,0.169143,0.610847,2024-11-01,Rejected,Decrease price
CPG-00572,ORD-00572,CUST-00072,PROD-00172,2024-11-10,341.68,37.41,3261,High-Value,Delivered,Frozen Foods,Frozen Meals,3245.61,5,209.98,2.19,431,TRUE,0.607,3567,1.5678,0.05761,0.035975,-0.179402,0.655546,2024-11-09,Rejected,Bundle with promotion
CPG-00573,ORD-00573,CUST-00073,PROD-00173,2024-05-06,863.28,41.58,871,Medium-Value,Shipped,Frozen Foods,Frozen Meals,4040.83,12,280.7,2.48,93,TRUE,1.6741,3314,9.7408,0.001834,0.063805,0.159746,0.691995,2024-04-10,Pending Review,Increase price
CPG-00574,ORD-00574,CUST-00074,PROD-00174,2024-08-30,593.63,5.16,3481,Medium-Value,Cancelled,Frozen Foods,Frozen Meals,3723.22,4,249.38,3.35,226,FALSE,1.3049,3880,8.6883,0.126625,0.194354,-0.210662,0.58942,2024-07-11,Pending Review,Bundle with promotion
CPG-00575,ORD-00575,CUST-00075,PROD-00175,2024-12-06,612.13,56.18,4834,Medium-Value,Cancelled,Frozen Foods,Frozen Meals,1028.18,20,296.5,1.53,182,FALSE,1.1437,3808,3.7397,0.018233,0.097924,-0.006317,0.944583,2025-02-04,Rejected,Hold price
CPG-00576,ORD-00576,CUST-00076,PROD-00176,2024-07-01,313.65,33.48,1464,Medium-Value,Shipped,Frozen Foods,Frozen Meals,1816.58,1,189.77,2.04,429,FALSE,1.6264,4881,1.7844,0.109786,0.106254,0.016972,0.587617,2024-06-29,Rejected,Increase price
CPG-00577,ORD-00577,CUST-00077,PROD-00177,2024-05-30,143.01,22.03,3752,Low-Value,Pending,Frozen Foods,Frozen Meals,3105.34,24,331.78,2.73,467,FALSE,0.1975,2676,4.7871,0.022013,0.195369,0.210252,0.941018,2024-05-12,Pending Review,Increase price
CPG-00578,ORD-00578,CUST-00078,PROD-00178,2024-07-23,678.1,57.12,2104,Low-Value,Pending,Frozen Foods,Frozen Meals,3281.83,3,338.0,2.48,21,FALSE,2.4164,1570,7.0653,0.149238,0.123116,0.131326,0.896862,2024-07-11,Rejected,Increase price
CPG-00579,ORD-00579,CUST-00079,PROD-00179,2024-08-01,433.53,45.32,1521,Medium-Value,Pending,Frozen Foods,Frozen Meals,2532.74,2,249.76,3.66,233,TRUE,1.7277,2234,0.5581,0.03107,0.15641,0.22577,0.637384,2024-08-18,Pending Review,Hold price
CPG-00580,ORD-00580,CUST-00080,PROD-00180,2024-05-22,213.97,37.46,4991,Medium-Value,Delivered,Frozen Foods,Frozen Meals,2960.18,21,246.19,3.48,123,FALSE,1.2414,4569,0.6445,0.051089,0.069273,0.055506,0.730974,2024-05-26,Rejected,Bundle with promotion
CPG-00581,ORD-00581,CUST-00081,PROD-00181,2024-06-20,632.49,3.87,4680,High-Value,Pending,Frozen Foods,Frozen Meals,3175.35,18,394.28,3.36,140,TRUE,0.5981,4339,4.7457,0.043773,0.063068,0.239601,0.514782,2024-05-25,Rejected,Decrease price
CPG-00582,ORD-00582,CUST-00082,PROD-00182,2024-10-04,326.19,45.58,2325,Low-Value,Cancelled,Frozen Foods,Frozen Meals,3733.06,8,162.61,2.51,401,TRUE,1.0082,1012,1.6153,0.032746,0.198426,0.156596,0.589311,2024-10-05,Implemented,Bundle with promotion
CPG-00583,ORD-00583,CUST-00083,PROD-00183,2024-09-15,326.54,18.18,2975,Low-Value,Shipped,Frozen Foods,Frozen Meals,572.91,22,384.89,1.76,471,FALSE,1.3055,4363,5.01,0.128858,0.098967,0.071131,0.913069,2024-10-23,Pending Review,Decrease price
CPG-00584,ORD-00584,CUST-00084,PROD-00184,2024-12-20,369.05,46.25,1411,Low-Value,Delivered,Frozen Foods,Frozen Meals,4541.04,13,240.46,1.01,434,FALSE,2.4382,3362,2.6721,0.004356,0.044839,0.187765,0.751681,2024-11-28,Implemented,Bundle with promotion
CPG-00585,ORD-00585,CUST-00085,PROD-00185,2024-12-26,302.64,29.37,745,Medium-Value,Delivered,Frozen Foods,Frozen Meals,162.46,20,355.73,1.87,301,FALSE,1.4249,1582,10.2786,0.024207,0.073813,0.39972,0.587605,2024-11-15,Rejected,Decrease price
CPG-00586,ORD-00586,CUST-00086,PROD-00186,2024-07-19,274.29,28.75,2007,Low-Value,Delivered,Frozen Foods,Frozen Meals,3036.08,8,322.77,4.13,115,FALSE,1.3005,911,9.7424,0.125681,0.174417,0.427103,0.622432,2024-08-24,Rejected,Increase price
CPG-00587,ORD-00587,CUST-00087,PROD-00187,2024-04-29,43.61,59.74,3156,High-Value,Pending,Frozen Foods,Frozen Meals,3926.06,9,355.68,3.37,453,TRUE,1.8179,4973,7.9415,0.080126,0.004744,0.084646,0.863016,2024-03-26,Pending Review,Bundle with promotion
CPG-00588,ORD-00588,CUST-00088,PROD-00188,2024-11-26,695.35,31.67,3604,Medium-Value,Pending,Frozen Foods,Frozen Meals,3947.75,4,75.47,2.27,376,FALSE,1.9191,4750,9.1661,0.016768,0.033791,0.030314,0.669917,2025-01-24,Implemented,Bundle with promotion
CPG-00589,ORD-00589,CUST-00089,PROD-00189,2024-06-20,249.09,28.58,4026,High-Value,Cancelled,Frozen Foods,Frozen Meals,3797.05,11,132.21,2.16,365,FALSE,0.8936,3690,8.545,0.085235,0.118886,0.309058,0.574012,2024-06-15,Pending Review,Increase price
CPG-00590,ORD-00590,CUST-00090,PROD-00190,2024-06-23,513.73,11.18,2496,Medium-Value,Shipped,Frozen Foods,Frozen Meals,3579.74,22,132.05,3.5,167,TRUE,0.4517,2395,10.3802,0.038596,0.045584,0.380735,0.791615,2024-05-08,Implemented,Increase price
CPG-00591,ORD-00591,CUST-00091,PROD-00191,2024-07-03,653.21,29.66,1395,Medium-Value,Shipped,Frozen Foods,Frozen Meals,3237.07,19,343.99,3.61,274,FALSE,1.356,3097,10.4522,0.072787,0.033824,0.120189,0.587694,2024-06-07,Pending Review,Increase price
CPG-00592,ORD-00592,CUST-00092,PROD-00192,2024-10-16,853.05,15.01,2279,Low-Value,Cancelled,Frozen Foods,Frozen Meals,3901.17,4,267.0,2.2,168,FALSE,1.2971,4665,10.9961,0.135945,0.167995,0.376597,0.891544,2024-10-02,Rejected,Decrease price
CPG-00593,ORD-00593,CUST-00093,PROD-00193,2024-11-03,336.75,57.22,4156,High-Value,Delivered,Frozen Foods,Frozen Meals,1393.79,18,341.71,1.11,330,TRUE,2.429,459,5.6363,0.078442,0.048938,0.337816,0.591342,2024-10-27,Rejected,Decrease price
CPG-00594,ORD-00594,CUST-00094,PROD-00194,2024-06-25,625.33,17.41,2273,High-Value,Cancelled,Frozen Foods,Frozen Meals,3728.4,24,335.66,4.78,1,TRUE,2.2747,1086,6.5094,0.00913,0.045517,0.168542,0.790635,2024-05-17,Pending Review,Increase price
CPG-00595,ORD-00595,CUST-00095,PROD-00195,2024-09-12,297.19,8.75,683,Medium-Value,Delivered,Frozen Foods,Frozen Meals,1027.11,18,243.96,3.22,110,FALSE,0.8199,79,7.1897,0.129171,0.022305,0.409214,0.888698,2024-08-12,Implemented,Bundle with promotion
CPG-00596,ORD-00596,CUST-00096,PROD-00196,2024-04-28,682.79,12.24,4155,Medium-Value,Shipped,Frozen Foods,Frozen Meals,2595.29,21,133.86,3.1,262,TRUE,0.9187,4598,6.2852,0.093888,0.022294,0.30529,0.59109,2024-06-07,Implemented,Hold price
CPG-00597,ORD-00597,CUST-00097,PROD-00197,2024-12-12,431.4,27.06,2495,High-Value,Pending,Frozen Foods,Frozen Meals,4630.21,15,150.12,1.57,43,TRUE,0.5646,891,9.2728,0.031982,0.100356,-0.043987,0.7652,2024-10-24,Implemented,Hold price
CPG-00598,ORD-00598,CUST-00098,PROD-00198,2024-12-21,201.11,13.13,3245,High-Value,Pending,Frozen Foods,Frozen Meals,4269.17,20,271.78,3.35,175,FALSE,2.3961,3882,8.0151,0.118312,0.155951,-0.084493,0.966422,2024-12-31,Pending Review,Hold price
CPG-00599,ORD-00599,CUST-00099,PROD-00199,2024-07-31,143.31,45.22,3684,Medium-Value,Cancelled,Frozen Foods,Frozen Meals,2155.22,13,309.82,2.17,191,TRUE,1.9293,3311,1.136,0.061318,0.129159,-0.188056,0.728445,2024-09-22,Pending Review,Increase price
CPG-00600,ORD-00600,CUST-00100,PROD-00200,2024-11-23,638.34,19.1,3059,High-Value,Cancelled,Frozen Foods,Frozen Meals,1643.14,13,143.76,1.73,376,TRUE,2.0139,4121,5.5612,0.041094,0.014885,-0.171666,0.861425,2024-11-06,Rejected,Bundle with promotion
CPG-00601,ORD-00601,CUST-00101,PROD-00001,2024-06-17,874.72,56.1,1149,High-Value,Pending,Dairy,Yogurt,3229.09,14,170.6,1.91,319,FALSE,2.0154,4329,1.1933,0.148446,0.074695,0.152572,0.997827,2024-08-03,Rejected,Hold price
CPG-00602,ORD-00602,CUST-00102,PROD-00002,2024-11-16,450.43,44.6,4630,High-Value,Pending,Dairy,Yogurt,4872.43,4,222.07,3.01,334,TRUE,1.4774,3838,7.5154,0.148942,0.150381,0.313692,0.715473,2024-11-11,Pending Review,Bundle with promotion
CPG-00603,ORD-00603,CUST-00103,PROD-00003,2024-08-21,149.7,35.36,3719,Low-Value,Pending,Dairy,Yogurt,3916.51,24,331.68,2.16,103,FALSE,2.2346,3289,7.1095,0.000953,0.165645,-0.284903,0.612615,2024-10-01,Pending Review,Decrease price
CPG-00604,ORD-00604,CUST-00104,PROD-00004,2024-07-03,532.17,39.91,1641,Low-Value,Delivered,Dairy,Yogurt,4630.51,23,349.55,3.69,282,TRUE,0.5532,1215,2.8707,0.027238,0.005245,0.181537,0.922349,2024-08-01,Implemented,Hold price
CPG-00605,ORD-00605,CUST-00105,PROD-00005,2024-12-28,304.8,14.11,2481,High-Value,Delivered,Dairy,Yogurt,2150.2,9,108.53,2.1,127,TRUE,1.9536,224,2.0791,0.134832,0.087928,0.367326,0.687557,2024-11-15,Pending Review,Decrease price
CPG-00606,ORD-00606,CUST-00106,PROD-00006,2024-08-03,58.55,46.72,4835,High-Value,Cancelled,Dairy,Yogurt,509.62,6,212.55,2.53,111,TRUE,0.4909,1718,1.8841,0.073366,0.12097,0.299746,0.65844,2024-08-16,Implemented,Decrease price
CPG-00607,ORD-00607,CUST-00107,PROD-00007,2024-05-21,333.47,28.5,59,Medium-Value,Pending,Dairy,Yogurt,4026.89,13,385.4,1.89,67,TRUE,0.9512,2540,10.1201,0.065122,0.169562,-0.059444,0.999853,2024-07-20,Implemented,Bundle with promotion
CPG-00608,ORD-00608,CUST-00108,PROD-00008,2024-12-08,432.15,39.55,2648,High-Value,Cancelled,Dairy,Yogurt,746.64,8,87.4,4.33,150,TRUE,0.4071,1276,2.1125,0.070472,0.007798,0.176964,0.604913,2025-01-23,Rejected,Hold price
CPG-00609,ORD-00609,CUST-00109,PROD-00009,2024-08-01,561.54,12.13,4248,High-Value,Cancelled,Dairy,Yogurt,3722.74,22,89.01,3.88,224,TRUE,1.9877,246,6.2219,0.04591,0.125062,0.427185,0.632591,2024-07-20,Pending Review,Increase price
CPG-00610,ORD-00610,CUST-00110,PROD-00010,2024-11-14,308.45,52.58,3339,High-Value,Delivered,Dairy,Yogurt,2720.4,20,294.56,4.11,27,TRUE,0.4796,123,4.5097,0.033405,0.083977,-0.246939,0.984365,2024-09-27,Pending Review,Bundle with promotion
CPG-00611,ORD-00611,CUST-00111,PROD-00011,2024-12-03,404.77,2.04,3901,Medium-Value,Pending,Dairy,Yogurt,4502.77,9,68.72,4.0,424,FALSE,2.3966,790,5.9946,0.112308,0.170394,-0.14297,0.609656,2025-01-12,Implemented,Decrease price
CPG-00612,ORD-00612,CUST-00112,PROD-00012,2024-06-24,87.74,53.44,862,High-Value,Pending,Dairy,Yogurt,1169.81,6,297.41,1.33,216,FALSE,0.8887,3786,8.1861,0.077988,0.115433,0.406866,0.879947,2024-06-05,Implemented,Hold price
CPG-00613,ORD-00613,CUST-00113,PROD-00013,2024-08-14,346.67,51.34,3154,Low-Value,Cancelled,Dairy,Yogurt,287.69,7,392.22,1.51,387,TRUE,0.4431,280,10.1069,0.035674,0.079353,-0.29063,0.740388,2024-10-12,Pending Review,Decrease price
CPG-00614,ORD-00614,CUST-00114,PROD-00014,2024-10-05,374.01,17.24,3603,High-Value,Pending,Dairy,Yogurt,3737.55,21,312.03,4.47,242,FALSE,0.9094,1527,3.4358,0.121048,0.097471,0.139121,0.831624,2024-08-26,Rejected,Hold price
CPG-00615,ORD-00615,CUST-00115,PROD-00015,2024-11-09,247.63,3.47,4450,High-Value,Pending,Dairy,Yogurt,518.19,15,335.43,3.74,228,TRUE,1.4211,2423,1.9524,0.052144,0.090513,0.142639,0.969774,2024-09-28,Rejected,Decrease price
CPG-00616,ORD-00616,CUST-00116,PROD-00016,2024-08-07,187.47,2.97,2899,Low-Value,Pending,Dairy,Yogurt,3024.63,5,233.9,3.94,123,TRUE,2.0206,2971,6.7038,0.104054,0.199435,-0.166597,0.579375,2024-09-25,Rejected,Decrease price
CPG-00617,ORD-00617,CUST-00117,PROD-00017,2024-10-07,775.16,43.53,4430,Low-Value,Pending,Dairy,Yogurt,2148.88,7,125.8,1.79,486,FALSE,0.8116,4275,11.6781,0.134062,0.093601,-0.191104,0.969072,2024-11-24,Implemented,Increase price
CPG-00618,ORD-00618,CUST-00118,PROD-00018,2024-07-01,506.85,37.56,547,High-Value,Pending,Dairy,Yogurt,3788.09,5,74.64,2.09,482,TRUE,1.935,1987,4.9992,0.023916,0.083802,0.173133,0.624287,2024-08-16,Pending Review,Increase price
CPG-00619,ORD-00619,CUST-00119,PROD-00019,2024-06-24,867.57,9.16,4799,Low-Value,Cancelled,Dairy,Yogurt,801.64,15,74.12,1.97,467,FALSE,1.9254,89,7.8227,0.078093,0.104848,0.317326,0.799223,2024-05-29,Implemented,Bundle with promotion
CPG-00620,ORD-00620,CUST-00120,PROD-00020,2024-07-13,494.01,53.05,2796,Medium-Value,Delivered,Dairy,Yogurt,4749.97,2,164.97,3.14,88,FALSE,0.3708,3822,5.398,0.025268,0.141952,0.392405,0.743652,2024-07-08,Pending Review,Decrease price
CPG-00621,ORD-00621,CUST-00121,PROD-00021,2024-09-08,93.39,23.03,4051,Low-Value,Delivered,Dairy,Yogurt,4818.06,14,41.53,3.56,316,TRUE,2.1764,2296,10.1867,0.109866,0.180946,0.212212,0.664415,2024-07-14,Rejected,Hold price
CPG-00622,ORD-00622,CUST-00122,PROD-00022,2024-07-28,26.44,35.98,1813,Low-Value,Delivered,Dairy,Yogurt,2197.15,9,59.51,3.5,258,FALSE,1.4456,4634,4.822,0.077845,0.185049,0.00607,0.800831,2024-07-12,Rejected,Increase price
CPG-00623,ORD-00623,CUST-00123,PROD-00023,2024-09-22,118.96,41.01,4946,Medium-Value,Delivered,Dairy,Yogurt,4085.65,23,302.84,3.67,194,FALSE,1.653,3607,10.3007,0.086002,0.104553,0.452158,0.90658,2024-10-29,Rejected,Bundle with promotion
CPG-00624,ORD-00624,CUST-00124,PROD-00024,2024-10-16,206.19,7.73,3376,High-Value,Delivered,Dairy,Yogurt,3658.83,9,156.26,1.63,332,FALSE,0.9457,2038,3.6813,0.117556,0.064902,0.259284,0.817404,2024-09-24,Implemented,Decrease price
CPG-00625,ORD-00625,CUST-00125,PROD-00025,2024-09-17,588.73,47.3,1409,Medium-Value,Pending,Dairy,Yogurt,4290.4,11,153.69,3.59,395,TRUE,0.8597,2506,1.6649,0.108291,0.12789,-0.049661,0.748596,2024-10-09,Implemented,Bundle with promotion
CPG-00626,ORD-00626,CUST-00126,PROD-00026,2024-06-18,772.54,27.39,2961,High-Value,Shipped,Dairy,Yogurt,4798.58,11,26.05,2.7,182,TRUE,1.4964,4147,8.5526,0.084073,0.151354,0.130603,0.698986,2024-04-27,Rejected,Increase price
CPG-00627,ORD-00627,CUST-00127,PROD-00027,2024-06-17,95.13,25.47,2157,High-Value,Delivered,Dairy,Yogurt,3593.65,18,154.44,3.09,458,TRUE,2.311,849,10.2176,0.110442,0.175293,0.33879,0.80671,2024-07-29,Implemented,Hold price
CPG-00628,ORD-00628,CUST-00128,PROD-00028,2024-06-24,746.13,59.58,215,Medium-Value,Shipped,Dairy,Yogurt,1161.12,23,393.64,1.86,89,TRUE,2.2003,3608,7.9508,0.032395,0.002484,-0.105056,0.510387,2024-08-05,Rejected,Bundle with promotion
CPG-00629,ORD-00629,CUST-00129,PROD-00029,2024-11-28,403.47,25.91,4248,Low-Value,Cancelled,Dairy,Yogurt,2028.1,19,357.67,2.95,300,FALSE,1.8923,2982,9.7394,0.039534,0.074046,0.420042,0.968461,2024-11-15,Pending Review,Hold price
CPG-00630,ORD-00630,CUST-00130,PROD-00030,2024-05-17,134.03,48.14,4742,High-Value,Pending,Dairy,Yogurt,528.28,17,289.17,4.01,369,FALSE,0.3515,4949,3.12,0.052251,0.140429,0.481194,0.910539,2024-05-01,Implemented,Bundle with promotion
CPG-00631,ORD-00631,CUST-00131,PROD-00031,2024-07-05,523.22,30.83,3573,High-Value,Cancelled,Dairy,Yogurt,4768.16,6,28.4,1.19,326,FALSE,1.4416,472,10.8022,0.071494,0.141262,-0.248979,0.677206,2024-08-02,Rejected,Hold price
CPG-00632,ORD-00632,CUST-00132,PROD-00032,2024-09-20,238.03,36.67,3529,Low-Value,Cancelled,Dairy,Yogurt,3833.61,5,394.76,4.14,24,TRUE,1.6883,2539,6.6916,0.1012,0.066107,0.155886,0.937984,2024-08-05,Pending Review,Decrease price
CPG-00633,ORD-00633,CUST-00133,PROD-00033,2024-11-10,882.46,58.31,433,Low-Value,Pending,Dairy,Yogurt,3784.61,19,65.48,3.05,451,TRUE,1.5732,4340,5.2577,0.024181,0.038924,0.483826,0.886867,2024-11-10,Implemented,Decrease price
CPG-00634,ORD-00634,CUST-00134,PROD-00034,2024-05-05,837.01,7.46,3305,Low-Value,Pending,Dairy,Yogurt,3519.6,22,167.23,3.55,179,FALSE,1.0151,3887,2.0929,0.051494,0.019173,-0.015874,0.853631,2024-04-29,Pending Review,Bundle with promotion
CPG-00635,ORD-00635,CUST-00135,PROD-00035,2024-05-21,245.55,38.71,2782,Medium-Value,Delivered,Dairy,Yogurt,3771.49,17,117.95,1.7,189,TRUE,2.4568,485,8.3512,0.014324,0.000346,0.488103,0.506289,2024-07-01,Pending Review,Bundle with promotion
CPG-00636,ORD-00636,CUST-00136,PROD-00036,2024-07-15,39.47,51.84,1412,High-Value,Cancelled,Dairy,Yogurt,3200.58,16,89.08,4.17,298,TRUE,2.4419,795,10.5291,0.136892,0.119944,0.159188,0.945718,2024-06-21,Rejected,Decrease price
CPG-00637,ORD-00637,CUST-00137,PROD-00037,2024-09-04,735.71,56.25,985,Medium-Value,Delivered,Dairy,Yogurt,4678.41,4,152.64,2.56,328,TRUE,1.5163,1372,10.8527,0.074648,0.120701,0.497874,0.96,2024-09-06,Pending Review,Bundle with promotion
CPG-00638,ORD-00638,CUST-00138,PROD-00038,2024-11-14,850.45,16.28,1158,High-Value,Shipped,Dairy,Yogurt,4803.92,16,91.57,3.34,43,FALSE,0.1998,481,11.041,0.138169,0.162181,0.427734,0.853819,2024-12-05,Rejected,Increase price
CPG-00639,ORD-00639,CUST-00139,PROD-00039,2024-12-01,95.49,34.65,4357,Low-Value,Pending,Dairy,Yogurt,2001.22,18,264.42,3.29,476,FALSE,0.8688,3670,9.2805,0.043944,0.125268,0.02339,0.688533,2024-10-28,Pending Review,Increase price
CPG-00640,ORD-00640,CUST-00140,PROD-00040,2024-08-31,299.54,30.86,2352,Low-Value,Delivered,Dairy,Yogurt,3509.56,17,335.88,2.69,209,TRUE,2.3723,2516,10.7591,0.112178,0.114255,-0.161313,0.656827,2024-09-19,Implemented,Increase price
CPG-00641,ORD-00641,CUST-00141,PROD-00041,2024-05-10,355.64,49.78,3553,Low-Value,Shipped,Dairy,Yogurt,2566.46,6,213.32,2.23,285,TRUE,2.2856,809,5.7582,0.027856,0.044313,-0.043752,0.857017,2024-05-13,Pending Review,Decrease price
CPG-00642,ORD-00642,CUST-00142,PROD-00042,2024-09-21,557.52,54.22,952,Medium-Value,Pending,Dairy,Yogurt,73.46,8,270.65,1.16,205,FALSE,2.4626,3195,10.0056,0.055768,0.167557,-0.264195,0.570835,2024-09-07,Implemented,Hold price
CPG-00643,ORD-00643,CUST-00143,PROD-00043,2024-12-09,617.15,19.96,2233,Medium-Value,Shipped,Dairy,Yogurt,3466.89,14,332.95,3.49,471,FALSE,0.7674,1553,9.8923,0.073232,0.120026,0.20123,0.697734,2024-10-29,Rejected,Bundle with promotion
CPG-00644,ORD-00644,CUST-00144,PROD-00044,2024-05-30,601.72,8.69,4002,High-Value,Cancelled,Dairy,Yogurt,957.62,11,83.6,1.78,336,FALSE,2.3928,3263,3.7753,0.042966,0.171102,-0.090801,0.880495,2024-06-06,Pending Review,Decrease price
CPG-00645,ORD-00645,CUST-00145,PROD-00045,2024-12-27,505.95,59.74,3841,Medium-Value,Delivered,Dairy,Yogurt,591.25,8,34.45,2.74,75,FALSE,0.5427,553,3.2801,0.092298,0.087622,-0.185793,0.798501,2024-11-23,Implemented,Decrease price
CPG-00646,ORD-00646,CUST-00146,PROD-00046,2024-11-10,656.55,21.8,2054,High-Value,Delivered,Dairy,Yogurt,1783.08,7,362.59,1.15,17,TRUE,1.0391,1255,11.3884,0.075839,0.045047,0.201771,0.667944,2024-10-31,Rejected,Bundle with promotion
CPG-00647,ORD-00647,CUST-00147,PROD-00047,2024-05-04,76.4,34.3,1174,Low-Value,Shipped,Dairy,Yogurt,4822.67,2,62.32,1.86,280,TRUE,1.0838,4377,0.7008,0.108072,0.144816,-0.042675,0.519215,2024-05-22,Implemented,Decrease price
CPG-00648,ORD-00648,CUST-00148,PROD-00048,2024-04-29,352.37,46.58,980,High-Value,Cancelled,Dairy,Yogurt,3822.77,2,234.18,2.97,426,TRUE,0.1475,3903,11.2779,0.096719,0.056494,0.192839,0.724836,2024-04-04,Rejected,Decrease price
CPG-00649,ORD-00649,CUST-00149,PROD-00049,2024-10-19,449.15,29.79,1254,Medium-Value,Cancelled,Dairy,Yogurt,2705.45,12,105.06,1.88,335,FALSE,1.629,1429,11.575,0.058268,0.051442,-0.171747,0.870003,2024-09-19,Pending Review,Hold price
CPG-00650,ORD-00650,CUST-00150,PROD-00050,2024-06-03,52.66,51.4,3295,High-Value,Cancelled,Dairy,Yogurt,4208.67,12,99.08,2.44,460,FALSE,1.1107,3423,5.7967,0.067847,0.190475,0.070814,0.668901,2024-04-29,Rejected,Bundle with promotion
CPG-00651,ORD-00651,CUST-00151,PROD-00051,2024-06-01,483.99,34.97,2977,Medium-Value,Pending,Dairy,Yogurt,2763.62,14,162.43,1.86,374,FALSE,0.6124,1158,5.9077,0.081424,0.090464,0.423741,0.977866,2024-05-19,Rejected,Bundle with promotion
CPG-00652,ORD-00652,CUST-00152,PROD-00052,2024-05-11,207.2,24.29,4239,Medium-Value,Delivered,Dairy,Yogurt,942.56,15,29.06,2.93,90,TRUE,1.0263,1412,3.6432,0.111896,0.112673,-0.175315,0.700938,2024-06-22,Implemented,Decrease price
CPG-00653,ORD-00653,CUST-00153,PROD-00053,2024-08-11,429.69,56.01,2590,Low-Value,Shipped,Dairy,Yogurt,4668.45,20,221.62,4.04,76,TRUE,1.7229,536,1.4861,0.0013,0.17245,-0.257798,0.9263,2024-06-23,Pending Review,Hold price
CPG-00654,ORD-00654,CUST-00154,PROD-00054,2024-06-18,148.28,23.05,2584,Low-Value,Pending,Dairy,Yogurt,4527.35,15,200.53,1.75,440,TRUE,0.7954,832,9.7269,0.023972,0.176112,-0.169395,0.55922,2024-06-22,Rejected,Bundle with promotion
CPG-00655,ORD-00655,CUST-00155,PROD-00055,2024-06-07,503.8,51.18,2043,High-Value,Pending,Dairy,Yogurt,3336.15,5,365.49,2.64,153,TRUE,1.9136,1111,10.6227,0.070922,0.095376,0.31371,0.793088,2024-04-23,Pending Review,Bundle with promotion
CPG-00656,ORD-00656,CUST-00156,PROD-00056,2024-09-24,175.92,34.87,2783,High-Value,Pending,Dairy,Yogurt,4438.13,3,87.35,4.13,261,FALSE,1.7257,1225,1.7762,0.140254,0.192083,-0.142295,0.817111,2024-08-12,Pending Review,Increase price
CPG-00657,ORD-00657,CUST-00157,PROD-00057,2024-07-27,548.49,53.68,3422,High-Value,Cancelled,Dairy,Yogurt,1857.82,9,92.97,3.8,18,FALSE,2.4569,193,6.1305,0.135872,0.010402,-0.108957,0.653318,2024-06-17,Pending Review,Bundle with promotion
CPG-00658,ORD-00658,CUST-00158,PROD-00058,2024-07-23,256.46,40.25,2727,Low-Value,Delivered,Dairy,Yogurt,205.3,20,24.06,4.48,346,TRUE,0.8265,1636,10.9022,0.057003,0.007197,0.237523,0.848428,2024-08-21,Pending Review,Hold price
CPG-00659,ORD-00659,CUST-00159,PROD-00059,2024-11-19,770.46,21.84,2836,Low-Value,Pending,Dairy,Yogurt,1344.86,7,205.76,3.74,218,FALSE,0.2999,3686,11.0659,0.012719,0.133245,-0.045109,0.754396,2024-10-04,Implemented,Increase price
CPG-00660,ORD-00660,CUST-00160,PROD-00060,2024-11-21,128.75,12.27,532,High-Value,Cancelled,Dairy,Yogurt,2880.95,8,315.97,3.67,134,TRUE,0.1231,111,8.9698,0.05117,0.181782,-0.243694,0.791377,2024-11-25,Pending Review,Hold price
CPG-00661,ORD-00661,CUST-00161,PROD-00061,2024-11-15,108.66,13.57,664,High-Value,Pending,Dairy,Yogurt,503.93,3,21.46,1.43,370,TRUE,0.6045,651,4.9494,0.093818,0.038528,0.354041,0.854119,2024-11-23,Pending Review,Decrease price
CPG-00662,ORD-00662,CUST-00162,PROD-00062,2024-08-26,662.43,27.67,4158,High-Value,Shipped,Dairy,Yogurt,443.81,7,120.04,3.07,450,TRUE,1.7799,621,2.6643,0.127292,0.151257,-0.117828,0.697334,2024-08-29,Rejected,Hold price
CPG-00663,ORD-00663,CUST-00163,PROD-00063,2024-09-28,379.87,16.56,2824,Low-Value,Cancelled,Dairy,Yogurt,1241.81,1,268.84,3.24,121,FALSE,0.7755,1322,1.2435,0.009417,0.068845,0.286331,0.809923,2024-10-25,Pending Review,Increase price
CPG-00664,ORD-00664,CUST-00164,PROD-00064,2024-10-17,409.65,20.47,2961,Low-Value,Pending,Dairy,Yogurt,3421.35,22,384.53,4.42,355,FALSE,1.8452,2614,5.684,0.111329,0.09609,0.099756,0.881706,2024-10-11,Pending Review,Decrease price
CPG-00665,ORD-00665,CUST-00165,PROD-00065,2024-06-25,165.94,53.04,2657,Medium-Value,Pending,Dairy,Yogurt,2344.94,15,191.83,3.42,219,TRUE,1.8709,3159,5.3254,0.003672,0.027886,-0.046621,0.994881,2024-07-24,Rejected,Decrease price
CPG-00666,ORD-00666,CUST-00166,PROD-00066,2024-08-08,27.35,12.02,4857,High-Value,Shipped,Dairy,Yogurt,1124.12,1,168.69,3.77,348,TRUE,0.7501,1621,0.7493,0.058835,0.060704,0.464157,0.774664,2024-10-04,Implemented,Decrease price
CPG-00667,ORD-00667,CUST-00167,PROD-00067,2024-08-30,552.04,51.39,3992,Low-Value,Cancelled,Dairy,Yogurt,345.81,4,45.42,2.75,232,FALSE,1.7945,4980,3.8272,0.035273,0.188668,0.342898,0.708173,2024-10-29,Implemented,Hold price
CPG-00668,ORD-00668,CUST-00168,PROD-00068,2024-10-06,314.64,37.47,4907,High-Value,Delivered,Dairy,Yogurt,2671.7,11,295.41,2.09,326,TRUE,0.987,3880,1.2259,0.067062,0.0834,-0.132435,0.6631,2024-09-08,Implemented,Hold price
CPG-00669,ORD-00669,CUST-00169,PROD-00069,2024-10-07,825.43,34.19,4728,Medium-Value,Cancelled,Dairy,Yogurt,3506.73,5,386.88,4.4,412,TRUE,1.7995,4993,3.2257,0.122949,0.097718,0.075802,0.509699,2024-10-24,Rejected,Increase price
CPG-00670,ORD-00670,CUST-00170,PROD-00070,2024-08-04,566.89,36.95,2179,High-Value,Delivered,Dairy,Yogurt,2274.95,7,320.69,1.28,261,FALSE,1.8086,2981,10.2494,0.008853,0.049317,0.206456,0.663607,2024-09-02,Rejected,Bundle with promotion
CPG-00671,ORD-00671,CUST-00171,PROD-00071,2024-09-18,144.32,59.15,4954,Low-Value,Cancelled,Dairy,Yogurt,1040.29,21,91.51,1.95,173,TRUE,0.8095,497,8.9582,0.029241,0.15977,-0.074035,0.895355,2024-10-19,Pending Review,Increase price
CPG-00672,ORD-00672,CUST-00172,PROD-00072,2024-07-13,195.75,39.35,3452,High-Value,Shipped,Dairy,Yogurt,1874.73,5,189.74,2.04,24,FALSE,1.4326,4865,5.6076,0.047113,0.187381,0.064755,0.59889,2024-06-01,Rejected,Bundle with promotion
CPG-00673,ORD-00673,CUST-00173,PROD-00073,2024-07-09,534.04,5.04,2674,Low-Value,Delivered,Dairy,Yogurt,2411.65,5,139.8,2.13,18,FALSE,1.4203,3558,7.9328,0.059331,0.065322,0.368859,0.517267,2024-07-01,Pending Review,Hold price
CPG-00674,ORD-00674,CUST-00174,PROD-00074,2024-09-19,49.85,43.39,4068,High-Value,Pending,Dairy,Yogurt,4638.4,5,77.6,2.79,380,TRUE,2.3563,1926,1.5564,0.054048,0.071416,-0.235073,0.671787,2024-08-04,Implemented,Bundle with promotion
CPG-00675,ORD-00675,CUST-00175,PROD-00075,2024-08-08,70.0,42.29,4490,High-Value,Pending,Dairy,Yogurt,4081.1,15,80.44,2.46,414,FALSE,0.6458,463,7.9147,0.083653,0.010497,0.374315,0.61276,2024-09-02,Implemented,Increase price
CPG-00676,ORD-00676,CUST-00176,PROD-00076,2024-08-21,409.31,46.66,1676,High-Value,Delivered,Cleaning Supplies,Surface Cleaners,607.83,13,325.76,4.39,353,TRUE,0.5803,4672,8.9606,0.044791,0.13795,-0.128526,0.796629,2024-07-19,Pending Review,Hold price
CPG-00677,ORD-00677,CUST-00177,PROD-00077,2024-08-24,63.12,53.29,2067,High-Value,Cancelled,Cleaning Supplies,Surface Cleaners,2579.94,10,24.7,3.19,300,TRUE,2.1649,1691,6.2453,0.107991,0.143994,0.066307,0.695377,2024-10-19,Implemented,Bundle with promotion
CPG-00678,ORD-00678,CUST-00178,PROD-00078,2024-08-28,511.33,56.39,636,Low-Value,Cancelled,Cleaning Supplies,Surface Cleaners,580.94,1,344.02,2.0,351,TRUE,2.1572,2247,11.1968,0.045517,0.076284,0.154489,0.579744,2024-10-21,Implemented,Hold price
CPG-00679,ORD-00679,CUST-00179,PROD-00079,2024-06-22,183.85,6.41,3420,Low-Value,Pending,Cleaning Supplies,Surface Cleaners,160.85,2,361.44,2.48,458,FALSE,0.4404,3744,11.1964,0.133104,0.160111,-0.136267,0.959703,2024-07-15,Rejected,Increase price
CPG-00680,ORD-00680,CUST-00180,PROD-00080,2024-12-09,838.97,6.99,1923,Medium-Value,Cancelled,Cleaning Supplies,Surface Cleaners,4355.47,19,284.07,2.67,17,FALSE,0.7482,4614,6.0168,0.109715,0.030659,-0.247874,0.83901,2024-12-01,Implemented,Increase price
CPG-00681,ORD-00681,CUST-00181,PROD-00081,2024-09-02,749.95,54.05,516,Medium-Value,Shipped,Cleaning Supplies,Surface Cleaners,3564.01,24,202.09,2.44,16,FALSE,0.1586,2228,11.5767,0.02821,0.137935,0.348283,0.997919,2024-07-27,Implemented,Bundle with promotion
CPG-00682,ORD-00682,CUST-00182,PROD-00082,2024-09-18,447.35,4.74,2982,High-Value,Pending,Cleaning Supplies,Surface Cleaners,3010.34,15,331.87,1.81,444,TRUE,0.9958,3042,8.8513,0.081115,0.064142,0.211451,0.703501,2024-11-04,Rejected,Bundle with promotion
CPG-00683,ORD-00683,CUST-00183,PROD-00083,2024-08-01,885.41,41.01,4051,Low-Value,Shipped,Cleaning Supplies,Surface Cleaners,2734.23,12,385.33,3.69,85,TRUE,1.5452,1128,4.3272,0.0538,0.093311,0.302963,0.9309,2024-06-09,Implemented,Increase price
CPG-00684,ORD-00684,CUST-00184,PROD-00084,2024-07-24,827.69,21.82,1306,Low-Value,Pending,Cleaning Supplies,Surface Cleaners,740.63,7,333.38,4.44,84,FALSE,0.2962,3433,10.6283,0.148576,0.108799,0.115655,0.787732,2024-08-31,Pending Review,Decrease price
CPG-00685,ORD-00685,CUST-00185,PROD-00085,2024-11-03,620.35,20.88,3058,Low-Value,Delivered,Cleaning Supplies,Surface Cleaners,4687.79,17,269.62,3.76,260,FALSE,0.6258,2877,9.123,0.10317,0.19759,-0.119348,0.821951,2024-10-26,Implemented,Decrease price
CPG-00686,ORD-00686,CUST-00186,PROD-00086,2024-10-28,805.47,30.72,591,Low-Value,Delivered,Cleaning Supplies,Surface Cleaners,4753.05,8,307.2,4.39,419,FALSE,2.0806,4440,7.8399,0.142733,0.038201,-0.287024,0.647892,2024-10-21,Implemented,Decrease price
CPG-00687,ORD-00687,CUST-00187,PROD-00087,2024-11-25,78.13,26.47,2928,Low-Value,Pending,Cleaning Supplies,Surface Cleaners,2044.85,23,247.07,1.89,496,FALSE,1.0306,1708,3.9935,0.092889,0.183911,0.208176,0.796668,2024-12-02,Rejected,Bundle with promotion
CPG-00688,ORD-00688,CUST-00188,PROD-00088,2024-05-06,297.87,51.95,3143,Low-Value,Shipped,Cleaning Supplies,Surface Cleaners,3860.45,14,281.66,1.11,368,FALSE,2.3779,4017,11.9383,0.056995,0.192554,0.30724,0.543414,2024-04-05,Pending Review,Increase price
CPG-00689,ORD-00689,CUST-00189,PROD-00089,2024-05-19,655.99,28.37,2763,High-Value,Delivered,Cleaning Supplies,Surface Cleaners,3037.86,16,33.05,3.5,482,FALSE,1.4263,3697,2.9904,0.061591,0.002059,-0.197293,0.931358,2024-05-12,Implemented,Bundle with promotion
CPG-00690,ORD-00690,CUST-00190,PROD-00090,2024-05-15,175.39,48.48,4388,Low-Value,Pending,Cleaning Supplies,Surface Cleaners,3635.44,9,242.55,1.96,299,FALSE,0.5174,3701,3.874,0.024412,0.058057,-0.034868,0.554837,2024-06-08,Implemented,Increase price
CPG-00691,ORD-00691,CUST-00191,PROD-00091,2024-06-17,445.33,48.79,1446,Medium-Value,Shipped,Cleaning Supplies,Surface Cleaners,267.18,6,104.9,1.02,407,FALSE,0.649,3643,9.7968,0.142206,0.023218,-0.168453,0.566,2024-08-03,Rejected,Increase price
CPG-00692,ORD-00692,CUST-00192,PROD-00092,2024-08-18,339.51,32.46,3017,Low-Value,Shipped,Cleaning Supplies,Surface Cleaners,2740.25,14,199.99,3.45,20,FALSE,1.1471,3460,1.2698,0.013086,0.175556,0.231762,0.737313,2024-07-03,Rejected,Decrease price
CPG-00693,ORD-00693,CUST-00193,PROD-00093,2024-12-16,836.16,7.01,1530,Low-Value,Cancelled,Cleaning Supplies,Surface Cleaners,1022.76,22,398.68,1.48,22,FALSE,1.4377,3915,1.2684,0.1185,0.037102,0.030605,0.779833,2024-12-05,Implemented,Decrease price
CPG-00694,ORD-00694,CUST-00194,PROD-00094,2024-06-04,132.9,5.48,99,High-Value,Shipped,Cleaning Supplies,Surface Cleaners,2646.59,9,242.52,3.46,15,TRUE,0.828,1123,4.1746,0.036551,0.096078,-0.129151,0.832018,2024-05-11,Pending Review,Bundle with promotion
CPG-00695,ORD-00695,CUST-00195,PROD-00095,2024-06-21,102.66,33.4,580,High-Value,Cancelled,Cleaning Supplies,Surface Cleaners,3352.06,17,75.25,2.36,334,TRUE,1.2465,595,7.0108,0.03706,0.150683,0.371817,0.680861,2024-07-31,Implemented,Hold price
CPG-00696,ORD-00696,CUST-00196,PROD-00096,2024-08-10,680.85,24.89,1577,Low-Value,Delivered,Cleaning Supplies,Surface Cleaners,3646.15,12,168.49,1.15,174,TRUE,1.8967,1044,6.0127,0.142408,0.101909,0.025225,0.935936,2024-06-21,Rejected,Decrease price
CPG-00697,ORD-00697,CUST-00197,PROD-00097,2024-06-28,476.31,36.79,3418,High-Value,Pending,Cleaning Supplies,Surface Cleaners,2830.35,23,358.83,2.74,48,TRUE,1.955,328,4.7495,0.05899,0.092901,0.345449,0.958555,2024-05-31,Pending Review,Hold price
CPG-00698,ORD-00698,CUST-00198,PROD-00098,2024-12-19,772.01,45.93,4829,Low-Value,Shipped,Cleaning Supplies,Surface Cleaners,2822.93,22,249.98,2.64,259,TRUE,1.2264,746,8.4514,0.146284,0.106548,0.193093,0.531467,2025-01-12,Rejected,Hold price
CPG-00699,ORD-00699,CUST-00199,PROD-00099,2024-12-23,789.16,55.76,2655,High-Value,Shipped,Cleaning Supplies,Surface Cleaners,2851.77,12,389.49,3.08,126,TRUE,2.0818,4241,8.2752,0.041778,0.119552,0.235748,0.594176,2024-12-02,Rejected,Decrease price
CPG-00700,ORD-00700,CUST-00200,PROD-00100,2024-11-19,276.09,33.48,2630,High-Value,Pending,Cleaning Supplies,Surface Cleaners,4000.25,19,217.64,3.4,195,TRUE,1.839,2388,7.8438,0.03086,0.157989,0.364311,0.591539,2024-10-04,Rejected,Bundle with promotion
CPG-00701,ORD-00701,CUST-00201,PROD-00101,2024-08-01,361.59,28.63,2796,High-Value,Delivered,Cleaning Supplies,Surface Cleaners,1310.89,3,115.96,3.51,487,FALSE,2.0515,3221,0.5376,0.028339,0.186824,0.442245,0.72738,2024-06-25,Rejected,Hold price
CPG-00702,ORD-00702,CUST-00202,PROD-00102,2024-09-05,517.2,38.43,4010,Low-Value,Cancelled,Cleaning Supplies,Surface Cleaners,584.99,14,167.02,1.7,36,TRUE,0.4353,1007,4.6554,0.120195,0.0109,0.37774,0.638678,2024-08-08,Rejected,Hold price
CPG-00703,ORD-00703,CUST-00203,PROD-00103,2024-05-30,834.29,53.7,4641,High-Value,Delivered,Cleaning Supplies,Surface Cleaners,98.79,11,391.2,3.4,114,FALSE,0.7821,1972,3.1506,0.092747,0.114123,-0.086611,0.776308,2024-06-01,Implemented,Decrease price
CPG-00704,ORD-00704,CUST-00204,PROD-00104,2024-05-03,505.03,48.73,3139,High-Value,Cancelled,Cleaning Supplies,Surface Cleaners,2731.47,1,382.7,2.11,122,TRUE,1.471,2210,9.8098,0.018684,0.049239,0.025122,0.621012,2024-05-13,Rejected,Decrease price
CPG-00705,ORD-00705,CUST-00205,PROD-00105,2024-12-12,168.59,15.85,2527,Medium-Value,Cancelled,Cleaning Supplies,Surface Cleaners,2919.21,20,342.84,1.77,64,FALSE,0.6121,823,10.2437,0.06128,0.088827,-0.179692,0.944059,2024-12-11,Rejected,Bundle with promotion
CPG-00706,ORD-00706,CUST-00206,PROD-00106,2024-05-03,692.07,27.33,4292,Medium-Value,Pending,Cleaning Supplies,Surface Cleaners,1644.3,16,212.87,1.72,354,FALSE,2.1117,4969,2.8629,0.021677,0.015471,0.369552,0.841639,2024-06-03,Implemented,Bundle with promotion
CPG-00707,ORD-00707,CUST-00207,PROD-00107,2024-06-20,293.08,18.86,1891,Medium-Value,Delivered,Cleaning Supplies,Surface Cleaners,3022.16,16,385.05,2.42,137,TRUE,1.6491,530,5.7008,0.120015,0.077774,-0.023853,0.690485,2024-08-04,Pending Review,Bundle with promotion
CPG-00708,ORD-00708,CUST-00208,PROD-00108,2024-10-30,819.63,15.26,3003,Medium-Value,Shipped,Cleaning Supplies,Surface Cleaners,2418.73,6,103.27,1.31,140,TRUE,2.1302,3125,4.6926,0.114107,0.017995,0.43268,0.546188,2024-10-07,Rejected,Increase price
CPG-00709,ORD-00709,CUST-00209,PROD-00109,2024-07-01,479.85,10.21,3570,Medium-Value,Delivered,Cleaning Supplies,Surface Cleaners,4361.49,6,107.05,1.89,86,FALSE,0.4999,548,3.1659,0.013841,0.010429,0.223698,0.892131,2024-07-19,Rejected,Decrease price
CPG-00710,ORD-00710,CUST-00210,PROD-00110,2024-07-10,431.17,3.0,1600,Low-Value,Pending,Cleaning Supplies,Surface Cleaners,3577.02,3,313.68,2.48,95,FALSE,2.0615,1465,6.6405,0.116859,0.110688,-0.004856,0.589462,2024-06-24,Rejected,Decrease price
CPG-00711,ORD-00711,CUST-00211,PROD-00111,2024-06-29,711.41,17.8,169,Low-Value,Cancelled,Cleaning Supplies,Surface Cleaners,2547.32,2,169.65,2.14,97,TRUE,0.216,1278,10.2352,0.036289,0.121794,-0.006247,0.891579,2024-05-10,Pending Review,Decrease price
CPG-00712,ORD-00712,CUST-00212,PROD-00112,2024-08-22,643.54,37.15,346,High-Value,Delivered,Cleaning Supplies,Surface Cleaners,4915.14,5,20.22,3.5,92,FALSE,1.3693,4014,8.2915,0.059253,0.108294,0.023119,0.762525,2024-10-01,Rejected,Hold price
CPG-00713,ORD-00713,CUST-00213,PROD-00113,2024-11-15,550.88,45.59,4288,Medium-Value,Cancelled,Cleaning Supplies,Surface Cleaners,876.13,16,67.97,3.51,393,TRUE,0.5965,4914,11.9392,0.126292,0.023107,0.423332,0.691286,2024-12-10,Pending Review,Hold price
CPG-00714,ORD-00714,CUST-00214,PROD-00114,2024-05-04,446.19,46.95,1205,Medium-Value,Shipped,Cleaning Supplies,Surface Cleaners,4332.73,24,73.14,3.63,120,FALSE,1.0513,1166,0.6883,0.034061,0.087805,0.089421,0.733175,2024-04-06,Pending Review,Hold price
CPG-00715,ORD-00715,CUST-00215,PROD-00115,2024-12-09,425.02,56.97,829,Medium-Value,Delivered,Cleaning Supplies,Surface Cleaners,1901.48,12,196.73,2.46,36,FALSE,2.2289,3551,1.3984,0.044093,0.164219,0.141285,0.520262,2024-11-23,Pending Review,Increase price
CPG-00716,ORD-00716,CUST-00216,PROD-00116,2024-07-27,308.34,2.64,829,High-Value,Cancelled,Cleaning Supplies,Surface Cleaners,3734.47,18,122.45,2.09,269,TRUE,1.3228,4269,4.7696,0.067254,0.066808,0.190341,0.673463,2024-07-16,Pending Review,Hold price
CPG-00717,ORD-00717,CUST-00217,PROD-00117,2024-07-31,60.06,27.43,3993,Medium-Value,Cancelled,Cleaning Supplies,Surface Cleaners,3830.02,2,273.2,2.81,73,TRUE,2.4967,1257,11.2289,0.056689,0.132123,0.051889,0.861272,2024-09-25,Pending Review,Decrease price
CPG-00718,ORD-00718,CUST-00218,PROD-00118,2024-06-03,689.47,17.99,1804,High-Value,Cancelled,Cleaning Supplies,Surface Cleaners,267.87,1,382.35,1.69,325,TRUE,1.1041,1587,5.3023,0.123888,0.030329,0.137645,0.627574,2024-06-27,Implemented,Increase price
CPG-00719,ORD-00719,CUST-00219,PROD-00119,2024-05-14,775.07,5.83,3836,High-Value,Delivered,Cleaning Supplies,Surface Cleaners,4627.87,16,63.41,1.93,257,FALSE,2.0481,2808,7.5932,0.146919,0.170119,0.464535,0.629042,2024-07-03,Rejected,Hold price
CPG-00720,ORD-00720,CUST-00220,PROD-00120,2024-10-06,603.47,50.45,4831,Low-Value,Cancelled,Cleaning Supplies,Surface Cleaners,3428.88,20,315.75,2.84,351,TRUE,0.6429,183,5.4895,0.040828,0.187988,-0.059545,0.986381,2024-08-23,Pending Review,Increase price
CPG-00721,ORD-00721,CUST-00221,PROD-00121,2024-12-27,538.65,49.8,4546,High-Value,Cancelled,Cleaning Supplies,Surface Cleaners,4230.22,8,354.68,3.81,141,TRUE,1.2144,1256,11.1496,0.104607,0.101169,0.030116,0.699925,2024-12-20,Rejected,Hold price
CPG-00722,ORD-00722,CUST-00222,PROD-00122,2024-07-13,229.61,40.45,2571,High-Value,Delivered,Cleaning Supplies,Surface Cleaners,2206.34,14,78.54,3.18,495,FALSE,2.4481,2735,11.2823,0.017734,0.047136,0.403285,0.74593,2024-09-10,Pending Review,Decrease price
CPG-00723,ORD-00723,CUST-00223,PROD-00123,2024-08-09,766.76,11.56,1304,Low-Value,Shipped,Cleaning Supplies,Surface Cleaners,1669.36,13,344.22,2.0,322,TRUE,0.297,70,2.2255,0.064281,0.179316,0.447499,0.896795,2024-06-18,Rejected,Decrease price
CPG-00724,ORD-00724,CUST-00224,PROD-00124,2024-05-11,432.02,23.27,2926,Low-Value,Delivered,Cleaning Supplies,Surface Cleaners,2881.39,2,82.78,1.11,159,FALSE,0.8923,320,11.9576,0.012352,0.007903,-0.29983,0.961276,2024-07-03,Implemented,Bundle with promotion
CPG-00725,ORD-00725,CUST-00225,PROD-00125,2024-11-24,894.23,37.7,4309,High-Value,Cancelled,Cleaning Supplies,Surface Cleaners,4167.42,10,72.67,1.38,313,FALSE,1.5548,2130,2.31,0.116411,0.102978,0.097132,0.611896,2024-12-12,Pending Review,Increase price
CPG-00726,ORD-00726,CUST-00226,PROD-00126,2024-08-06,769.16,49.0,2938,Low-Value,Cancelled,Cleaning Supplies,Surface Cleaners,1566.67,21,288.15,3.33,365,FALSE,1.1031,1927,9.634,0.127068,0.133251,-0.131562,0.730643,2024-07-06,Rejected,Decrease price
CPG-00727,ORD-00727,CUST-00227,PROD-00127,2024-05-07,66.99,59.9,1033,High-Value,Delivered,Cleaning Supplies,Surface Cleaners,3627.71,10,312.74,4.06,85,FALSE,1.4902,3946,5.5064,0.018393,0.128862,0.454063,0.77606,2024-05-13,Rejected,Hold price
CPG-00728,ORD-00728,CUST-00228,PROD-00128,2024-12-23,200.65,11.08,1568,Medium-Value,Pending,Cleaning Supplies,Surface Cleaners,376.97,2,339.63,2.66,27,FALSE,1.0349,4077,5.8303,0.144983,0.156745,0.39006,0.724806,2025-01-15,Pending Review,Bundle with promotion
CPG-00729,ORD-00729,CUST-00229,PROD-00129,2024-10-13,862.89,12.67,1344,Medium-Value,Shipped,Cleaning Supplies,Surface Cleaners,2108.22,16,352.7,3.63,454,FALSE,0.4556,1150,3.2603,0.090588,0.191413,0.425846,0.860392,2024-11-26,Pending Review,Increase price
CPG-00730,ORD-00730,CUST-00230,PROD-00130,2024-11-11,573.91,23.64,22,High-Value,Delivered,Cleaning Supplies,Surface Cleaners,2439.85,17,96.65,3.49,419,TRUE,0.898,4137,3.6446,0.058604,0.105747,0.17239,0.963289,2024-10-02,Implemented,Bundle with promotion
CPG-00731,ORD-00731,CUST-00231,PROD-00131,2024-11-11,723.25,33.73,4413,Medium-Value,Pending,Cleaning Supplies,Surface Cleaners,270.34,11,26.81,2.59,378,TRUE,1.2388,3419,11.1841,0.137116,0.121752,-0.115244,0.65759,2024-12-18,Rejected,Decrease price
CPG-00732,ORD-00732,CUST-00232,PROD-00132,2024-08-21,280.75,15.31,4747,Medium-Value,Shipped,Cleaning Supplies,Surface Cleaners,2004.32,1,221.68,3.28,29,TRUE,0.6323,3681,3.2483,0.000338,0.009553,-0.239115,0.901642,2024-06-29,Rejected,Bundle with promotion
CPG-00733,ORD-00733,CUST-00233,PROD-00133,2024-05-02,783.66,47.7,4917,Low-Value,Pending,Cleaning Supplies,Surface Cleaners,303.42,19,101.1,3.56,402,FALSE,1.9712,1924,11.1447,0.058354,0.145144,-0.158211,0.828051,2024-06-11,Implemented,Bundle with promotion
CPG-00734,ORD-00734,CUST-00234,PROD-00134,2024-05-18,587.46,9.53,2115,High-Value,Shipped,Cleaning Supplies,Surface Cleaners,3304.41,22,117.7,4.31,20,TRUE,2.2743,1672,8.8854,0.054214,0.153019,-0.068977,0.998943,2024-05-11,Rejected,Increase price
CPG-00735,ORD-00735,CUST-00235,PROD-00135,2024-05-17,787.8,5.83,2212,High-Value,Delivered,Cleaning Supplies,Surface Cleaners,611.19,15,148.26,3.99,11,FALSE,1.3259,3943,8.182,0.041745,0.016654,0.3312,0.67662,2024-06-01,Pending Review,Decrease price
CPG-00736,ORD-00736,CUST-00236,PROD-00136,2024-09-14,656.9,58.23,707,High-Value,Shipped,Cleaning Supplies,Surface Cleaners,853.35,11,80.93,4.19,327,TRUE,1.2489,2879,0.8426,0.128026,0.158533,0.045921,0.903638,2024-11-04,Pending Review,Decrease price
CPG-00737,ORD-00737,CUST-00237,PROD-00137,2024-06-09,564.65,42.45,1857,Low-Value,Delivered,Cleaning Supplies,Surface Cleaners,4672.29,16,231.83,2.69,310,FALSE,1.0295,3022,2.7898,0.006295,0.090582,-0.297023,0.677711,2024-07-26,Rejected,Hold price
CPG-00738,ORD-00738,CUST-00238,PROD-00138,2024-10-11,382.75,28.88,1098,High-Value,Shipped,Cleaning Supplies,Surface Cleaners,2993.51,18,311.13,3.93,171,TRUE,1.2362,4535,11.9556,0.108886,0.068141,0.199957,0.51624,2024-08-16,Rejected,Hold price
CPG-00739,ORD-00739,CUST-00239,PROD-00139,2024-06-29,291.17,51.8,449,Medium-Value,Cancelled,Cleaning Supplies,Surface Cleaners,3340.88,5,284.44,3.88,160,FALSE,2.4983,2300,4.4093,0.061804,0.014879,0.12477,0.537556,2024-07-01,Pending Review,Hold price
CPG-00740,ORD-00740,CUST-00240,PROD-00140,2024-08-10,35.12,43.28,1125,Low-Value,Cancelled,Cleaning Supplies,Surface Cleaners,3034.39,4,157.76,4.43,177,TRUE,2.4391,2735,4.1606,0.018559,0.115282,0.165783,0.539419,2024-07-29,Implemented,Hold price
CPG-00741,ORD-00741,CUST-00241,PROD-00141,2024-07-16,683.03,43.34,4729,Low-Value,Pending,Cleaning Supplies,Surface Cleaners,2753.02,18,270.0,4.2,50,TRUE,2.2488,334,4.0868,0.131695,0.018593,-0.033387,0.870547,2024-05-25,Implemented,Increase price
CPG-00742,ORD-00742,CUST-00242,PROD-00142,2024-05-22,18.55,48.95,3325,Low-Value,Pending,Cleaning Supplies,Surface Cleaners,579.11,6,244.52,4.12,31,TRUE,0.2968,1380,2.629,0.137724,0.140139,-0.216901,0.906124,2024-04-21,Pending Review,Decrease price
CPG-00743,ORD-00743,CUST-00243,PROD-00143,2024-10-31,127.1,41.58,1954,Medium-Value,Pending,Cleaning Supplies,Surface Cleaners,76.17,17,352.53,3.58,430,TRUE,1.2824,1949,1.1828,0.031651,0.133376,-0.146023,0.763891,2024-12-25,Pending Review,Decrease price
CPG-00744,ORD-00744,CUST-00244,PROD-00144,2024-08-09,379.22,37.75,1021,Low-Value,Pending,Cleaning Supplies,Surface Cleaners,2130.11,21,250.0,3.02,147,TRUE,2.4468,3323,7.2935,0.112018,0.13826,0.161293,0.907223,2024-07-24,Rejected,Increase price
CPG-00745,ORD-00745,CUST-00245,PROD-00145,2024-12-31,235.17,45.2,591,Low-Value,Pending,Cleaning Supplies,Surface Cleaners,2003.86,7,125.09,3.49,128,TRUE,1.479,1722,8.7482,0.124496,0.002752,-0.214437,0.603167,2025-01-15,Implemented,Decrease price
CPG-00746,ORD-00746,CUST-00246,PROD-00146,2024-10-30,710.25,23.97,4250,Low-Value,Pending,Cleaning Supplies,Surface Cleaners,1411.57,22,96.59,4.04,176,TRUE,0.5963,2894,2.662,0.099879,0.189353,-0.105785,0.744457,2024-11-25,Pending Review,Bundle with promotion
CPG-00747,ORD-00747,CUST-00247,PROD-00147,2024-05-10,17.71,53.56,488,Low-Value,Shipped,Cleaning Supplies,Surface Cleaners,2320.8,10,97.46,2.62,41,TRUE,2.2151,1153,3.7596,0.026559,0.153811,0.078587,0.881317,2024-06-29,Implemented,Bundle with promotion
CPG-00748,ORD-00748,CUST-00248,PROD-00148,2024-07-26,585.16,17.99,3906,Medium-Value,Shipped,Cleaning Supplies,Surface Cleaners,1384.72,16,103.81,2.57,362,TRUE,0.1411,1921,7.92,0.057687,0.197299,0.141397,0.820944,2024-09-19,Implemented,Increase price
CPG-00749,ORD-00749,CUST-00249,PROD-00149,2024-07-05,343.19,52.0,4231,Medium-Value,Pending,Cleaning Supplies,Surface Cleaners,3744.69,1,43.93,1.89,60,TRUE,0.6789,2317,3.3991,0.036644,0.191536,0.445097,0.927925,2024-06-17,Rejected,Decrease price
CPG-00750,ORD-00750,CUST-00250,PROD-00150,2024-10-05,880.04,20.99,4537,Medium-Value,Shipped,Cleaning Supplies,Surface Cleaners,2861.36,1,202.79,1.01,500,TRUE,0.3603,2510,8.7901,0.063727,0.139205,-0.082447,0.599733,2024-10-06,Pending Review,Hold price
